mtllib model.mtl
o container-shell
v 0.4760798 0.4933101 0.4970451
v 0.4768842 0.4762323 0.4706102
v 0.4759515 0.4304351 0.4789960
v 0.4771198 0.4997642 0.4949786
v 0.4761343 0.4934346 0.4446278
v 0.4760798 0.4933101 0.4970451
v 0.4761343 0.4934346 0.4446278
v 0.4764761 0.4282527 0.4205475
v 0.4771554 0.4380983 0.4510444
v 0.4764761 0.4282527 0.4205475
v 0.4771791 0.4229074 0.4296085
v 0.4764761 0.4282527 0.4205475
v 0.4771554 0.4380983 0.4510444
v 0.4766562 0.4464877 0.4441023
v 0.4761343 0.4934346 0.4446278
v 0.4764987 0.4955147 0.4168782
v 0.4767284 0.4790572 0.4514503
v 0.4764987 0.4955147 0.4168782
v 0.4771705 0.4738234 0.4465822
v 0.4766562 0.4464877 0.4441023
v 0.4771705 0.4738234 0.4465822
v 0.4761343 0.4934346 0.4446278
v 0.4777755 0.4181174 0.4969179
v 0.4772034 0.4985477 0.4168146
v 0.4777317 0.3918664 0.4276485
v 0.4764987 0.4955147 0.4168782
v 0.4772034 0.4985477 0.4168146
v 0.4798501 0.4826344 0.4127002
v 0.4783146 0.4755080 0.4113443
v 0.4766562 0.4464877 0.4441023
v 0.4828520 0.4410458 0.4454657
v 0.4771705 0.4738234 0.4465822
v 0.4771554 0.4380983 0.4510444
v 0.4767414 0.4375188 0.4680237
v 0.4824212 0.4390752 0.4693871
v 0.4831022 0.4767078 0.4708308
v 0.4768842 0.4762323 0.4706102
v 0.4767284 0.4790572 0.4514503
v 0.4845637 0.4336315 0.4454357
v 0.4771554 0.4380983 0.4510444
v 0.4828520 0.4410458 0.4454657
v 0.4766562 0.4464877 0.4441023
v 0.4767284 0.4790572 0.4514503
v 0.4771705 0.4738234 0.4465822
v 0.4832520 0.4808439 0.4475977
v 0.4832520 0.4808439 0.4475977
v 0.4828385 0.4808217 0.4532456
v 0.4832520 0.4808439 0.4475977
v 0.4845637 0.4336315 0.4454357
v 0.4772034 0.4985477 0.4168146
v 0.4832607 0.4976023 0.4679040
v 0.4830644 0.4972717 0.4481755
v 0.4842786 0.4346548 0.4686147
v 0.4828385 0.4808217 0.4532456
v 0.4836731 0.4845752 0.4676628
v 0.4831022 0.4767078 0.4708308
v 0.4832607 0.4976023 0.4679040
v 0.4832520 0.4808439 0.4475977
v 0.4830644 0.4972717 0.4481755
v 0.4836731 0.4845752 0.4676628
v 0.4836731 0.4845752 0.4676628
v 0.4842354 0.4768099 0.4283798
v 0.4832520 0.4808439 0.4475977
v 0.4842268 0.4345415 0.4267751
v 0.4828520 0.4410458 0.4454657
v 0.4828520 0.4410458 0.4454657
v 0.4845637 0.4336315 0.4454357
v 0.4842268 0.4345415 0.4267751
v 0.4842786 0.4346548 0.4686147
v 0.4908863 0.4845864 0.4157261
v 0.4872401 0.4991179 0.4424154
v 0.4830644 0.4972717 0.4481755
v 0.4914023 0.4826362 0.4436329
v 0.4872401 0.4991179 0.4424154
v 0.4832520 0.4808439 0.4475977
v 0.4842268 0.4345415 0.4267751
v 0.4913796 0.4338525 0.4264310
v 0.4842354 0.4768099 0.4283798
v 0.4771198 0.4997642 0.4949786
v 0.4872401 0.4991179 0.4424154
v 0.4914023 0.4826362 0.4436329
v 0.4911839 0.4924223 0.4451964
v 0.4832520 0.4808439 0.4475977
v 0.4842354 0.4768099 0.4283798
v 0.4914023 0.4826362 0.4436329
v 0.4913985 0.4344468 0.4710422
v 0.4975701 0.4823335 0.4137456
v 0.4798501 0.4826344 0.4127002
v 0.4908863 0.4845864 0.4157261
v 0.4929518 0.4996528 0.4452319
v 0.4913796 0.4338525 0.4264310
v 0.4842268 0.4345415 0.4267751
v 0.4921193 0.4350040 0.4454320
v 0.4916740 0.4765295 0.4268200
v 0.4845637 0.4336315 0.4454357
v 0.4986457 0.4986926 0.4170839
v 0.4992926 0.4986164 0.4989415
v 0.4916740 0.4765295 0.4268200
v 0.4993552 0.4936908 0.4154699
v 0.4910766 0.4905575 0.4706550
v 0.4916287 0.4814327 0.4708271
v 0.4929518 0.4996528 0.4452319
v 0.4911839 0.4924223 0.4451964
v 0.4921463 0.4937689 0.4534476
v 0.4914023 0.4826362 0.4436329
v 0.4924671 0.4809480 0.4478707
v 0.4911839 0.4924223 0.4451964
v 0.4924515 0.4992163 0.4716145
v 0.4913796 0.4338525 0.4264310
v 0.4921193 0.4350040 0.4454320
v 0.4929264 0.4448681 0.4435450
v 0.4921463 0.4937689 0.4534476
v 0.4921463 0.4937689 0.4534476
v 0.4934548 0.4381725 0.4679545
v 0.4986457 0.4986926 0.4170839
v 0.4914023 0.4826362 0.4436329
v 0.4916740 0.4765295 0.4268200
v 0.4921927 0.4628114 0.4395616
v 0.4929518 0.4996528 0.4452319
v 0.4924515 0.4992163 0.4716145
v 0.4936343 0.4732662 0.4450505
v 0.4914023 0.4826362 0.4436329
v 0.4929518 0.4996528 0.4452319
v 0.4924671 0.4809480 0.4478707
v 0.4924671 0.4809480 0.4478707
v 0.4936236 0.4786003 0.4676572
v 0.4916287 0.4814327 0.4708271
v 0.4921193 0.4350040 0.4454320
v 0.4940586 0.4380573 0.4484355
v 0.4929264 0.4448681 0.4435450
v 0.4936343 0.4732662 0.4450505
v 0.4940586 0.4380573 0.4484355
v 0.4996840 0.4391792 0.4460716
v 0.4996646 0.4772222 0.4718314
v 0.4940586 0.4380573 0.4484355
v 0.4996840 0.4391792 0.4460716
v 0.4929264 0.4448681 0.4435450
v 0.4936343 0.4732662 0.4450505
v 0.4929264 0.4448681 0.4435450
v 0.4996840 0.4391792 0.4460716
v 0.4975701 0.4823335 0.4137456
v 0.4924671 0.4809480 0.4478707
v 0.4996743 0.4755080 0.4457200
v 0.4924671 0.4809480 0.4478707
v 0.4996743 0.4755080 0.4457200
v 0.4993439 0.4785502 0.4497521
v 0.4996964 0.4375207 0.4697668
v 0.4993439 0.4785502 0.4497521
v 0.4994582 0.4715036 0.4155036
v 0.4995768 0.4273556 0.5000000
v 0.4991864 0.4229074 0.4935292
v 0.4999309 0.4283307 0.4226589
v 0.4982510 0.4230244 0.4256549
v 0.4999309 0.4283307 0.4226589
v 0.4991805 0.4208978 0.4443866
v 0.4991805 0.4208978 0.4443866
v 0.4993552 0.4936908 0.4154699
v 0.4986457 0.4986926 0.4170839
v 0.4992926 0.4986164 0.4989415
v 0.4993439 0.4785502 0.4497521
v 0.4996743 0.4755080 0.4457200
v 0.4999752 0.4846997 0.4504871
v 0.4999752 0.4846997 0.4504871
v 0.4993439 0.4785502 0.4497521
v 0.4996646 0.4772222 0.4718314
v 0.4994582 0.4715036 0.4155036
v 0.4996840 0.4391792 0.4460716
v 0.4996743 0.4755080 0.4457200
v 0.4996964 0.4375207 0.4697668
v 0.4767414 0.4375188 0.4680237
v 0.4986457 0.4986926 0.4170839
v 0.4929518 0.4996528 0.4452319
v 0.4999309 0.4283307 0.4226589
v 0.4996840 0.4391792 0.4460716
v 0.4764987 0.4955147 0.4168782
v 0.4783146 0.4755080 0.4113443
v 0.4779231 0.4299837 0.4144600
v 0.4764761 0.4282527 0.4205475
v 0.4783717 0.4279982 0.3238593
v 0.4784704 0.4277290 0.3937815
v 0.4779231 0.4299837 0.4144600
v 0.4783717 0.4279982 0.3238593
v 0.4779231 0.4299837 0.4144600
v 0.4783146 0.4755080 0.4113443
v 0.4783717 0.4279982 0.3238593
v 0.4783146 0.4755080 0.4113443
v 0.4798501 0.4826344 0.4127002
v 0.4764761 0.4282527 0.4205475
v 0.4779231 0.4299837 0.4144600
v 0.4825814 0.4194621 0.4168389
v 0.4825814 0.4194621 0.4168389
v 0.4771791 0.4229074 0.4296085
v 0.4817840 0.4223595 0.3352618
v 0.4832537 0.4183867 0.4250938
v 0.4777317 0.3918664 0.4276485
v 0.4771791 0.4229074 0.4296085
v 0.4832537 0.4183867 0.4250938
v 0.4874903 0.4221793 0.3498959
v 0.4874827 0.4221533 0.3704772
v 0.4825814 0.4194621 0.4168389
v 0.4777317 0.3918664 0.4276485
v 0.4832537 0.4183867 0.4250938
v 0.4874903 0.4221793 0.3498959
v 0.4817840 0.4223595 0.3352618
v 0.4783717 0.4279982 0.3238593
v 0.4908955 0.4217912 0.4238745
v 0.4916670 0.4219750 0.4122925
v 0.4910869 0.4240905 0.4252510
v 0.4916670 0.4219750 0.4122925
v 0.4985567 0.4260054 0.3946811
v 0.4910869 0.4240905 0.4252510
v 0.4982510 0.4230244 0.4256549
v 0.4982510 0.4230244 0.4256549
v 0.4908955 0.4217912 0.4238745
v 0.4910869 0.4240905 0.4252510
v 0.4982510 0.4230244 0.4256549
v 0.4985567 0.4260054 0.3946811
v 0.4989649 0.4287078 0.4117258
v 0.4990090 0.4277661 0.3366420
v 0.4990090 0.4277661 0.3366420
v 0.4981340 0.4254593 0.2743146
v 0.4975701 0.4823335 0.4137456
v 0.4994582 0.4715036 0.4155036
v 0.4994582 0.4715036 0.4155036
v 0.4999309 0.4283307 0.4226589
v 0.4999309 0.4283307 0.4226589
v 0.4777317 0.3918664 0.4276485
v 0.4773603 0.0261368 0.4283274
v 0.4777755 0.4181174 0.4969179
v 0.4773603 0.0261368 0.4283274
v 0.4777317 0.3918664 0.4276485
v 0.4825814 0.4194621 0.4168389
v 0.4784704 0.4277290 0.3937815
v 0.4874827 0.4221533 0.3704772
v 0.4869074 0.2804286 0.3737370
v 0.4874903 0.4221793 0.3498959
v 0.4784704 0.4277290 0.3937815
v 0.4869074 0.2804286 0.3737370
v 0.4874827 0.4221533 0.3704772
v 0.4874903 0.4221793 0.3498959
v 0.4869074 0.2804286 0.3737370
v 0.4916670 0.4219750 0.4122925
v 0.4908955 0.4217912 0.4238745
v 0.4906610 0.2020711 0.4221147
v 0.4906610 0.2020711 0.4221147
v 0.4908955 0.4217912 0.4238745
v 0.4982510 0.4230244 0.4256549
v 0.4928784 0.2466834 0.4068185
v 0.4985567 0.4260054 0.3946811
v 0.4990862 0.2958590 0.4294719
v 0.4976968 0.2464958 0.4261112
v 0.4990942 0.2377758 0.4295374
v 0.4990942 0.2377758 0.4295374
v 0.4990862 0.2958590 0.4294719
v 0.4991864 0.4229074 0.4935292
v 0.4991805 0.4208978 0.4443866
v 0.4990565 0.2156609 0.4286902
v 0.4982510 0.4230244 0.4256549
v 0.4991864 0.4229074 0.4935292
v 0.4976968 0.2464958 0.4261112
v 0.4990565 0.2156609 0.4286902
v 0.4798501 0.4826344 0.4127002
v 0.4784381 0.4284681 -0.0325345
v 0.4781598 0.4302790 0.1535405
v 0.4783717 0.4279982 0.3238593
v 0.4801859 0.4241295 0.2127428
v 0.4783717 0.4279982 0.3238593
v 0.4781598 0.4302790 0.1535405
v 0.4827604 0.4221051 0.2644476
v 0.4874283 0.4210538 0.2531518
v 0.4784618 0.2982791 0.2067807
v 0.4801859 0.4241295 0.2127428
v 0.4781598 0.4302790 0.1535405
v 0.4859639 0.4221812 0.2257630
v 0.4870012 0.4222313 0.2292191
v 0.4859639 0.4221812 0.2257630
v 0.4801859 0.4241295 0.2127428
v 0.4784618 0.2982791 0.2067807
v 0.4870012 0.4222313 0.2292191
v 0.4903240 0.4226139 0.3107737
v 0.4985696 0.2155477 0.2699796
v 0.4981340 0.4254593 0.2743146
v 0.4798501 0.4826344 0.4127002
v 0.4975701 0.4823335 0.4137456
v 0.4996296 0.4755170 -0.4147181
v 0.4904583 0.4210946 0.1703964
v 0.4954787 0.4235519 0.2036855
v 0.4900285 0.4223893 0.1916398
v 0.4904583 0.4210946 0.1703964
v 0.4990338 0.4285201 0.1526503
v 0.4974433 0.4238453 0.1547244
v 0.4974433 0.4238453 0.1547244
v 0.4903240 0.4226139 0.3107737
v 0.4981340 0.4254593 0.2743146
v 0.4990090 0.4277661 0.3366420
v 0.4981723 0.4261019 0.2070425
v 0.4954787 0.4235519 0.2036855
v 0.4981340 0.4254593 0.2743146
v 0.4985696 0.2155477 0.2699796
v 0.4975701 0.4823335 0.4137456
v 0.4990338 0.4285201 0.1526503
v 0.4975701 0.4823335 0.4137456
v 0.4989875 0.4271754 0.0218745
v 0.4975701 0.4823335 0.4137456
v 0.4990338 0.4285201 0.1526503
v 0.4954787 0.4235519 0.2036855
v 0.4777755 0.4181174 0.4969179
v 0.4773603 0.0261368 0.4283274
v 0.4774121 -0.4785334 0.4303603
v 0.4784704 0.4277290 0.3937815
v 0.4787087 -0.4585192 0.3909987
v 0.4825814 0.4194621 0.4168389
v 0.4784704 0.4277290 0.3937815
v 0.4874903 0.4221793 0.3498959
v 0.4787087 -0.4585192 0.3909987
v 0.4831269 -0.3370594 0.4241289
v 0.4773603 0.0261368 0.4283274
v 0.4825814 0.4194621 0.4168389
v 0.4874827 -0.4541025 0.3516577
v 0.4874903 0.4221793 0.3498959
v 0.4783717 0.4279982 0.3238593
v 0.4917640 -0.2066066 0.4106861
v 0.4928784 0.2466834 0.4068185
v 0.4906610 0.2020711 0.4221147
v 0.4988220 -0.1685859 0.3912512
v 0.4985567 0.4260054 0.3946811
v 0.4985572 0.0833601 0.4267939
v 0.4917640 -0.2066066 0.4106861
v 0.4906610 0.2020711 0.4221147
v 0.4976968 0.2464958 0.4261112
v 0.4990565 0.2156609 0.4286902
v 0.4990942 0.2377758 0.4295374
v 0.4985567 0.4260054 0.3946811
v 0.4988220 -0.1685859 0.3912512
v 0.4990090 0.4277661 0.3366420
v 0.4991864 0.4229074 0.4935292
v 0.4985572 0.0833601 0.4267939
v 0.4976968 0.2464958 0.4261112
v 0.4990490 -0.2069985 0.4285406
v 0.4985540 -0.0317198 0.4267789
v 0.4928784 0.2466834 0.4068185
v 0.4976968 0.2464958 0.4261112
v 0.4782289 0.1215406 0.1592427
v 0.4784375 -0.1948109 0.2065806
v 0.4781598 0.4302790 0.1535405
v 0.4784618 0.2982791 0.2067807
v 0.4784381 0.4284681 -0.0325345
v 0.4798501 0.4826344 0.4127002
v 0.4787551 0.4265978 -0.3869029
v 0.4790920 0.4257843 0.0883986
v 0.4784725 -0.0544959 0.0856532
v 0.4870395 0.4222852 0.1100010
v 0.4790920 0.4257843 0.0883986
v 0.4784467 -0.2870480 0.0357644
v 0.4784725 -0.0544959 0.0856532
v 0.4781598 0.4302790 0.1535405
v 0.4784381 0.4284681 -0.0325345
v 0.4790920 0.4257843 0.0883986
v 0.4784381 0.4284681 -0.0325345
v 0.4782289 0.1215406 0.1592427
v 0.4873954 0.4040707 0.1342628
v 0.4870708 -0.2517965 0.1079925
v 0.4870012 0.4222313 0.2292191
v 0.4784618 0.2982791 0.2067807
v 0.4875258 -0.4542845 0.2506252
v 0.4870708 -0.2517965 0.1079925
v 0.4784849 0.2600299 -0.0355492
v 0.4856070 0.4222740 -0.0173225
v 0.4798150 0.4245214 -0.0306438
v 0.4784467 -0.2870480 0.0357644
v 0.4784381 0.4284681 -0.0325345
v 0.4874498 0.4220586 -0.0114296
v 0.4784381 0.4284681 -0.0325345
v 0.4781598 0.4302790 0.1535405
v 0.4790920 0.4257843 0.0883986
v 0.4822956 0.4224951 0.0959372
v 0.4783717 0.4279982 0.3238593
v 0.4874283 0.4210538 0.2531518
v 0.4782903 -0.4531404 0.2761942
v 0.4869899 -0.4524848 -0.0135185
v 0.4874498 0.4220586 -0.0114296
v 0.4874498 0.4220586 -0.0114296
v 0.4790920 0.4257843 0.0883986
v 0.4870395 0.4222852 0.1100010
v 0.4822956 0.4224951 0.0959372
v 0.4781598 0.4302790 0.1535405
v 0.4784812 0.4275859 0.1472156
v 0.4790920 0.4257843 0.0883986
v 0.4875032 0.4222332 0.1331201
v 0.4856070 0.4222740 -0.0173225
v 0.4874498 0.4220586 -0.0114296
v 0.4798150 0.4245214 -0.0306438
v 0.4874498 0.4220586 -0.0114296
v 0.4871635 0.4223669 0.0130510
v 0.4784381 0.4284681 -0.0325345
v 0.4870395 0.4222852 0.1100010
v 0.4781598 0.4302790 0.1535405
v 0.4875032 0.4222332 0.1331201
v 0.4870012 0.4222313 0.2292191
v 0.4875258 -0.4542845 0.2506252
v 0.4874283 0.4210538 0.2531518
v 0.4870708 -0.2517965 0.1079925
v 0.4873954 0.4040707 0.1342628
v 0.4870395 0.4222852 0.1100010
v 0.4875032 0.4222332 0.1331201
v 0.4905602 0.4185297 0.0490706
v 0.4911360 0.4219862 0.0469910
v 0.4906027 0.4220308 0.0725806
v 0.4908227 0.2449895 0.1688124
v 0.4900285 0.4223893 0.1916398
v 0.4899914 0.0733846 0.1891637
v 0.4901822 0.0558647 0.1722031
v 0.4908227 0.2449895 0.1688124
v 0.4901822 0.0558647 0.1722031
v 0.4990338 0.4285201 0.1526503
v 0.4904938 0.2126837 0.0495868
v 0.4900285 0.4223893 0.1916398
v 0.4985718 -0.3081654 0.2125933
v 0.4899914 0.0733846 0.1891637
v 0.4989956 -0.4864158 0.1471857
v 0.4904583 0.4210946 0.1703964
v 0.4905251 -0.4797741 0.0716437
v 0.4904583 0.4210946 0.1703964
v 0.4904938 0.2126837 0.0495868
v 0.4989875 0.4271754 0.0218745
v 0.4905602 0.4185297 0.0490706
v 0.4900587 -0.4782269 0.2914474
v 0.4903240 0.4226139 0.3107737
v 0.4990090 0.4277661 0.3366420
v 0.4990996 -0.4858791 0.0216521
v 0.4906027 0.4220308 0.0725806
v 0.4911360 0.4219862 0.0469910
v 0.4962610 0.4240125 0.0844282
v 0.4906027 0.4220308 0.0725806
v 0.4990338 0.4285201 0.1526503
v 0.4989061 -0.4848798 0.0954286
v 0.4911360 0.4219862 0.0469910
v 0.4990338 0.4285201 0.1526503
v 0.4989875 0.4271754 0.0218745
v 0.4954787 0.4235519 0.2036855
v 0.4986047 0.2562818 -0.0295927
v 0.4904458 0.4227161 -0.0708095
v 0.4976806 0.4245455 -0.0341728
v 0.4903240 0.4226139 0.3107737
v 0.4900587 -0.4782269 0.2914474
v 0.4985696 0.2155477 0.2699796
v 0.4976806 0.4245455 -0.0341728
v 0.4992743 0.4312781 -0.1378254
v 0.4989875 0.4271754 0.0218745
v 0.4985696 0.2155477 0.2699796
v 0.4954787 0.4235519 0.2036855
v 0.4989875 0.4271754 0.0218745
v 0.4990996 -0.4858791 0.0216521
v 0.4992743 0.4312781 -0.1378254
v 0.4996296 0.4755170 -0.4147181
v 0.4975701 0.4823335 0.4137456
v 0.4989875 0.4271754 0.0218745
v 0.4985718 -0.3081654 0.2125933
v 0.4787551 0.4265978 -0.3869029
v 0.4798501 0.4826344 0.4127002
v 0.4777539 0.4717245 -0.4119876
v 0.4787551 0.4265978 -0.3869029
v 0.4871964 0.4224839 -0.3448202
v 0.4875108 0.0962776 -0.3464192
v 0.4788499 0.4184666 -0.0865134
v 0.4784381 0.4284681 -0.0325345
v 0.4784849 0.2600299 -0.0355492
v 0.4788499 0.4184666 -0.0865134
v 0.4787551 0.4265978 -0.3869029
v 0.4869753 0.4222610 -0.1062344
v 0.4784569 0.3150690 -0.2048114
v 0.4787551 0.4265978 -0.3869029
v 0.4870482 0.4223817 -0.2265409
v 0.4870482 0.4223817 -0.2265409
v 0.4787551 0.4265978 -0.3869029
v 0.4869317 0.4221106 -0.2525569
v 0.4875334 0.4223148 -0.3679824
v 0.4874482 0.1502692 -0.3694074
v 0.4871964 0.4224839 -0.3448202
v 0.4904491 0.3557995 -0.3080900
v 0.4904280 0.4210946 -0.3081237
v 0.4905348 0.4222443 -0.2867961
v 0.4905148 0.2624481 -0.1680549
v 0.4900431 0.3588566 -0.1852718
v 0.4905380 0.4223167 -0.1681653
v 0.4907354 0.4237859 -0.1898687
v 0.4900636 0.2516906 -0.1886381
v 0.4905380 0.4223167 -0.1681653
v 0.4988236 0.2621899 -0.1476064
v 0.4905148 0.2624481 -0.1680549
v 0.4907073 0.4237895 -0.3063675
v 0.4991972 0.4298686 -0.2133151
v 0.4900431 0.3588566 -0.1852718
v 0.4900636 0.2516906 -0.1886381
v 0.4989222 0.4272088 -0.3320637
v 0.4904491 0.3557995 -0.3080900
v 0.4905348 0.4222443 -0.2867961
v 0.4904976 0.2149700 -0.1909795
v 0.4989222 0.4272088 -0.3320637
v 0.4904280 0.4210946 -0.3081237
v 0.4904491 0.3557995 -0.3080900
v 0.4931497 0.4238657 -0.1960683
v 0.4907354 0.4237859 -0.1898687
v 0.4904976 0.2149700 -0.1909795
v 0.4991972 0.4298686 -0.2133151
v 0.4958831 0.1663330 -0.2053518
v 0.4905380 0.4223167 -0.1681653
v 0.4907354 0.4237859 -0.1898687
v 0.4984877 0.4257342 -0.1500863
v 0.4985740 0.4246513 -0.0926420
v 0.4976806 0.4245455 -0.0341728
v 0.4904458 0.4227161 -0.0708095
v 0.4777539 0.4717245 -0.4119876
v 0.4798501 0.4826344 0.4127002
v 0.4996296 0.4755170 -0.4147181
v 0.4907073 0.4237895 -0.3063675
v 0.4904280 0.4210946 -0.3081237
v 0.4989222 0.4272088 -0.3320637
v 0.4931497 0.4238657 -0.1960683
v 0.4907073 0.4237895 -0.3063675
v 0.4989222 0.4272088 -0.3320637
v 0.4905348 0.4222443 -0.2867961
v 0.4984877 0.4257342 -0.1500863
v 0.4986586 0.4270602 -0.2026925
v 0.4991972 0.4298686 -0.2133151
v 0.4976806 0.4245455 -0.0341728
v 0.4985740 0.4246513 -0.0926420
v 0.4992743 0.4312781 -0.1378254
v 0.4991972 0.4298686 -0.2133151
v 0.4988236 0.2621899 -0.1476064
v 0.4984877 0.4257342 -0.1500863
v 0.4986586 0.4270602 -0.2026925
v 0.4991972 0.4298686 -0.2133151
v 0.4996296 0.4755170 -0.4147181
v 0.4989222 0.4272088 -0.3320637
v 0.4787551 0.4265978 -0.3869029
v 0.4758663 0.4809479 -0.4260065
v 0.4759424 0.4962798 -0.4202201
v 0.4757067 0.4825581 -0.4616482
v 0.4750371 0.4282043 -0.4952030
v 0.4750894 0.4755227 -0.4950048
v 0.4766562 0.4283492 -0.4997625
v 0.4761062 0.4972716 -0.4945223
v 0.4761062 0.4972716 -0.4945223
v 0.4768751 0.4965306 -0.4991771
v 0.4750894 0.4755227 -0.4950048
v 0.4760664 0.4804055 -0.4159748
v 0.4769495 0.4981464 -0.4151108
v 0.4761062 0.4972716 -0.4945223
v 0.4759424 0.4962798 -0.4202201
v 0.4769495 0.4981464 -0.4151108
v 0.4758787 0.4524179 -0.4242990
v 0.4772185 0.4995208 -0.4963082
v 0.4768751 0.4965306 -0.4991771
v 0.4766562 0.4283492 -0.4997625
v 0.4768751 0.4965306 -0.4991771
v 0.4831944 0.4794861 -0.5000000
v 0.4850679 0.4375131 -0.4979185
v 0.4777539 0.4717245 -0.4119876
v 0.4900733 0.4982170 -0.4990930
v 0.4785674 0.4782176 -0.4581585
v 0.4790694 0.4387686 -0.4653007
v 0.4794392 0.4783941 -0.4682425
v 0.4789966 0.4727330 -0.4460173
v 0.4792635 0.4391178 -0.4456133
v 0.4790694 0.4387686 -0.4653007
v 0.4803418 0.4367219 -0.4678872
v 0.4794392 0.4783941 -0.4682425
v 0.4769495 0.4981464 -0.4151108
v 0.4834914 0.4985902 -0.4429577
v 0.4772185 0.4995208 -0.4963082
v 0.4789966 0.4727330 -0.4460173
v 0.4837518 0.4594478 -0.4390491
v 0.4792635 0.4391178 -0.4456133
v 0.4789966 0.4727330 -0.4460173
v 0.4785674 0.4782176 -0.4581585
v 0.4827738 0.4832787 -0.4676740
v 0.4785674 0.4782176 -0.4581585
v 0.4794392 0.4783941 -0.4682425
v 0.4827738 0.4832787 -0.4676740
v 0.4900733 0.4982170 -0.4990930
v 0.4768751 0.4965306 -0.4991771
v 0.4824174 0.4777273 -0.4469431
v 0.4820471 0.4999907 -0.4704456
v 0.4845271 0.4391735 -0.4726767
v 0.4824174 0.4777273 -0.4469431
v 0.4845536 0.4355555 -0.4433841
v 0.4803418 0.4367219 -0.4678872
v 0.4792635 0.4391178 -0.4456133
v 0.4987697 0.4993797 -0.4963494
v 0.4845536 0.4355555 -0.4433841
v 0.4834914 0.4985902 -0.4429577
v 0.4833615 0.4851304 -0.4446558
v 0.4820471 0.4999907 -0.4704456
v 0.4827738 0.4832787 -0.4676740
v 0.4833615 0.4851304 -0.4446558
v 0.4824174 0.4777273 -0.4469431
v 0.4845536 0.4795493 -0.4713395
v 0.4827738 0.4832787 -0.4676740
v 0.4827738 0.4832787 -0.4676740
v 0.4845536 0.4795493 -0.4713395
v 0.4845271 0.4391735 -0.4726767
v 0.4837119 0.4645869 -0.4744758
v 0.4824174 0.4777273 -0.4469431
v 0.4841670 0.4787822 -0.4397317
v 0.4837518 0.4594478 -0.4390491
v 0.4837119 0.4645869 -0.4744758
v 0.4845271 0.4391735 -0.4726767
v 0.4847207 0.4768265 -0.4945223
v 0.4820471 0.4999907 -0.4704456
v 0.4827738 0.4832787 -0.4676740
v 0.4877129 0.4805114 -0.4721063
v 0.4877129 0.4805114 -0.4721063
v 0.4845336 0.4772333 -0.4244636
v 0.4845536 0.4341254 -0.4238670
v 0.4845536 0.4355555 -0.4433841
v 0.4831944 0.4794861 -0.5000000
v 0.4847207 0.4768265 -0.4945223
v 0.4843562 0.4428417 -0.4959623
v 0.4831944 0.4794861 -0.5000000
v 0.4843562 0.4428417 -0.4959623
v 0.4850679 0.4375131 -0.4979185
v 0.4992559 0.4972215 -0.4147255
v 0.4929750 0.4999350 -0.4430101
v 0.4845536 0.4795493 -0.4713395
v 0.4843562 0.4428417 -0.4959623
v 0.4903601 0.4374518 -0.4979372
v 0.4850679 0.4375131 -0.4979185
v 0.4993131 0.4283585 -0.4979222
v 0.4918358 0.4979049 -0.4701202
v 0.4912427 0.4356038 -0.4238632
v 0.4845536 0.4341254 -0.4238670
v 0.4918358 0.4979049 -0.4701202
v 0.4913672 0.4772722 -0.4711937
v 0.4777296 0.4229463 -0.4959772
v 0.4766562 0.4283492 -0.4997625
v 0.4993131 0.4283585 -0.4979222
v 0.4996296 0.4755170 -0.4147181
v 0.4992559 0.4972215 -0.4147255
v 0.4777539 0.4717245 -0.4119876
v 0.4845271 0.4391735 -0.4726767
v 0.4900447 0.4383043 -0.4778478
v 0.4850679 0.4375131 -0.4979185
v 0.4834914 0.4985902 -0.4429577
v 0.4929750 0.4999350 -0.4430101
v 0.4908658 0.4844359 -0.4422190
v 0.4911958 0.4346881 -0.4674421
v 0.4903601 0.4374518 -0.4979372
v 0.4845536 0.4341254 -0.4238670
v 0.4845336 0.4772333 -0.4244636
v 0.4918174 0.4737508 -0.4250003
v 0.4847207 0.4768265 -0.4945223
v 0.4907860 0.4795734 -0.4991865
v 0.4845536 0.4795493 -0.4713395
v 0.4907860 0.4795734 -0.4991865
v 0.4841670 0.4787822 -0.4397317
v 0.4803418 0.4367219 -0.4678872
v 0.4911958 0.4346881 -0.4674421
v 0.4877129 0.4805114 -0.4721063
v 0.4912427 0.4356038 -0.4238632
v 0.4841670 0.4787822 -0.4397317
v 0.4913920 0.4778350 -0.4268686
v 0.4845336 0.4772333 -0.4244636
v 0.4908658 0.4844359 -0.4422190
v 0.4847207 0.4768265 -0.4945223
v 0.4831944 0.4794861 -0.5000000
v 0.4907860 0.4795734 -0.4991865
v 0.4913672 0.4772722 -0.4711937
v 0.4900447 0.4383043 -0.4778478
v 0.4912691 0.4434750 -0.4744833
v 0.4903601 0.4374518 -0.4979372
v 0.4907860 0.4795734 -0.4991865
v 0.4921862 0.4599492 -0.4990930
v 0.4912691 0.4434750 -0.4744833
v 0.4913920 0.4778350 -0.4268686
v 0.4921862 0.4599492 -0.4990930
v 0.4913672 0.4772722 -0.4711937
v 0.4910071 0.4241870 -0.4210000
v 0.4906631 0.3195228 -0.4196422
v 0.4986672 0.4210222 -0.4249610
v 0.4913920 0.4778350 -0.4268686
v 0.4908658 0.4844359 -0.4422190
v 0.4926962 0.4704559 -0.4407360
v 0.4911958 0.4346881 -0.4674421
v 0.4908658 0.4844359 -0.4422190
v 0.4929750 0.4999350 -0.4430101
v 0.4926655 0.4951153 -0.4570346
v 0.4900447 0.4383043 -0.4778478
v 0.4911958 0.4346881 -0.4674421
v 0.4912691 0.4434750 -0.4744833
v 0.4926655 0.4951153 -0.4570346
v 0.4932456 0.4800508 -0.4533877
v 0.4931308 0.4778721 -0.4678461
v 0.4918174 0.4737508 -0.4250003
v 0.4912427 0.4356038 -0.4238632
v 0.4930370 0.4392979 -0.4430288
v 0.4918358 0.4979049 -0.4701202
v 0.4931308 0.4778721 -0.4678461
v 0.4932456 0.4800508 -0.4533877
v 0.4919948 0.4211373 -0.4049427
v 0.4910071 0.4241870 -0.4210000
v 0.4950620 0.4231116 -0.3994761
v 0.4926655 0.4951153 -0.4570346
v 0.4926655 0.4951153 -0.4570346
v 0.4947056 0.5000000 -0.4652334
v 0.4996878 0.4944225 -0.4977857
v 0.4769495 0.4981464 -0.4151108
v 0.4912427 0.4356038 -0.4238632
v 0.4930370 0.4392979 -0.4430288
v 0.4911958 0.4346881 -0.4674421
v 0.4921862 0.4599492 -0.4990930
v 0.4947056 0.5000000 -0.4652334
v 0.4930370 0.4392979 -0.4430288
v 0.4992986 0.4738010 -0.4438629
v 0.4993093 0.4392199 -0.4450748
v 0.4987697 0.4993797 -0.4963494
v 0.4926962 0.4704559 -0.4407360
v 0.4911958 0.4346881 -0.4674421
v 0.4930370 0.4392979 -0.4430288
v 0.4993093 0.4392199 -0.4450748
v 0.4931308 0.4778721 -0.4678461
v 0.5000000 0.4833549 -0.4703109
v 0.4987681 0.4797555 -0.4609713
v 0.4984014 0.4247572 -0.3903871
v 0.4913672 0.4772722 -0.4711937
v 0.4911958 0.4346881 -0.4674421
v 0.4996932 0.4435753 -0.4708253
v 0.4986672 0.4210222 -0.4249610
v 0.5000000 0.4833549 -0.4703109
v 0.4926962 0.4704559 -0.4407360
v 0.4932456 0.4800508 -0.4533877
v 0.4987740 0.4765702 -0.4459949
v 0.4996932 0.4435753 -0.4708253
v 0.4911958 0.4346881 -0.4674421
v 0.4982888 0.4387556 -0.4650202
v 0.4992986 0.4738010 -0.4438629
v 0.4996490 0.4350893 -0.4532811
v 0.4996490 0.4350893 -0.4532811
v 0.4913672 0.4772722 -0.4711937
v 0.4984014 0.4247572 -0.3903871
v 0.4986672 0.4210222 -0.4249610
v 0.4991719 0.4314453 -0.4104653
v 0.4996490 0.4350893 -0.4532811
v 0.4997924 0.4355964 -0.4666940
v 0.4982888 0.4387556 -0.4650202
v 0.4982888 0.4387556 -0.4650202
v 0.4997924 0.4355964 -0.4666940
v 0.4996932 0.4435753 -0.4708253
v 0.5000000 0.4833549 -0.4703109
v 0.4992986 0.4738010 -0.4438629
v 0.4987740 0.4765702 -0.4459949
v 0.4989222 0.4272088 -0.3320637
v 0.4996296 0.4755170 -0.4147181
v 0.4999396 0.4300951 -0.4254286
v 0.4997924 0.4355964 -0.4666940
v 0.4996932 0.4435753 -0.4708253
v 0.4996878 0.4944225 -0.4977857
v 0.5000000 0.4833549 -0.4703109
v 0.4993131 0.4283585 -0.4979222
v 0.4987697 0.4993797 -0.4963494
v 0.5000000 0.4833549 -0.4703109
v 0.4996878 0.4944225 -0.4977857
v 0.4992559 0.4972215 -0.4147255
v 0.4993093 0.4392199 -0.4450748
v 0.4996490 0.4350893 -0.4532811
v 0.4992986 0.4738010 -0.4438629
v 0.4997924 0.4355964 -0.4666940
v 0.4772185 0.4995208 -0.4963082
v 0.4820471 0.4999907 -0.4704456
v 0.4907860 0.4795734 -0.4991865
v 0.4900733 0.4982170 -0.4990930
v 0.4986672 0.4210222 -0.4249610
v 0.4999396 0.4300951 -0.4254286
v 0.4490871 0.4240533 -0.4878738
v 0.4504301 0.4324483 -0.4956930
v 0.4519133 0.4274911 -0.4948757
v 0.4471602 0.4302102 -0.4260794
v 0.4677069 0.4247572 -0.4305641
v 0.4753967 0.4295675 -0.4261093
v 0.4497696 0.4253942 -0.4319985
v 0.4544047 0.3849869 -0.4555926
v 0.4545427 0.4224504 -0.4556581
v 0.4497696 0.4253942 -0.4319985
v 0.4497696 0.4253942 -0.4319985
v 0.4545427 0.4224504 -0.4556581
v 0.4624406 0.4232844 -0.4525162
v 0.4519133 0.4274911 -0.4948757
v 0.4504301 0.4324483 -0.4956930
v 0.4750371 0.4282043 -0.4952030
v 0.4545427 0.4224504 -0.4556581
v 0.4544047 0.3849869 -0.4555926
v 0.4608609 0.4222443 -0.4573487
v 0.4608609 0.4222443 -0.4573487
v 0.4677069 0.4247572 -0.4305641
v 0.4750894 0.4755227 -0.4950048
v 0.4750371 0.4282043 -0.4952030
v 0.4698047 0.4242706 -0.4853546
v 0.4729674 0.4211522 -0.4719062
v 0.4718718 0.4247925 -0.4294045
v 0.4718718 0.4247925 -0.4294045
v 0.4732251 0.3498617 -0.4425182
v 0.4732014 0.4222053 -0.4426117
v 0.4750371 0.4282043 -0.4952030
v 0.4729674 0.4211522 -0.4719062
v 0.4769295 0.2568873 -0.4733593
v 0.4758663 0.4809479 -0.4260065
v 0.4471602 0.4302102 -0.4260794
v 0.4753967 0.4295675 -0.4261093
v 0.4729674 0.4211522 -0.4719062
v 0.4698047 0.4242706 -0.4853546
v 0.4756032 0.4235407 -0.4762581
v 0.4771684 0.4247943 -0.4251312
v 0.4750371 0.4282043 -0.4952030
v 0.4758787 0.4524179 -0.4242990
v 0.4758663 0.4809479 -0.4260065
v 0.4753967 0.4295675 -0.4261093
v 0.4732014 0.4222053 -0.4426117
v 0.4732251 0.3498617 -0.4425182
v 0.4769586 0.4229259 -0.4430774
v 0.4769586 0.4229259 -0.4430774
v 0.4718718 0.4247925 -0.4294045
v 0.4732014 0.4222053 -0.4426117
v 0.4771684 0.4247943 -0.4251312
v 0.4765257 0.4207789 -0.4730340
v 0.4753967 0.4295675 -0.4261093
v 0.4760664 0.4804055 -0.4159748
v 0.4753967 0.4295675 -0.4261093
v 0.4764335 0.4323981 -0.4152473
v 0.4760664 0.4804055 -0.4159748
v 0.4756032 0.4235407 -0.4762581
v 0.4750371 0.4282043 -0.4952030
v 0.4765257 0.4207789 -0.4730340
v 0.4764335 0.4323981 -0.4152473
v 0.4780272 0.4354478 -0.4106785
v 0.4753967 0.4295675 -0.4261093
v 0.4792942 0.4223613 -0.4226401
v 0.4764335 0.4323981 -0.4152473
v 0.4777296 0.4229463 -0.4959772
v 0.4769295 0.2568873 -0.4733593
v 0.4729674 0.4211522 -0.4719062
v 0.4765257 0.4207789 -0.4730340
v 0.4777539 0.4717245 -0.4119876
v 0.4766562 0.4283492 -0.4997625
v 0.4777296 0.4229463 -0.4959772
v 0.4769295 0.2568873 -0.4733593
v 0.4765257 0.4207789 -0.4730340
v 0.4792942 0.4223613 -0.4226401
v 0.4780272 0.4354478 -0.4106785
v 0.4764335 0.4323981 -0.4152473
v 0.4787551 0.4265978 -0.3869029
v 0.4787551 0.4265978 -0.3869029
v 0.4777539 0.4717245 -0.4119876
v 0.4780272 0.4354478 -0.4106785
v 0.4823905 0.4209999 -0.4143496
v 0.4787551 0.4265978 -0.3869029
v 0.4823905 0.4209999 -0.4143496
v 0.4824536 0.3320465 -0.4227954
v 0.4787551 0.4265978 -0.3869029
v 0.4764335 0.4323981 -0.4152473
v 0.4784515 0.4264176 -0.3997099
v 0.4827539 0.4195475 -0.4224606
v 0.4823905 0.4209999 -0.4143496
v 0.4803418 0.4367219 -0.4678872
v 0.4790694 0.4387686 -0.4653007
v 0.4792635 0.4391178 -0.4456133
v 0.4827539 0.4195475 -0.4224606
v 0.4827221 0.3875500 -0.4223970
v 0.4827221 0.3875500 -0.4223970
v 0.4827539 0.4195475 -0.4224606
v 0.4875334 0.4223148 -0.3679824
v 0.4823943 0.4227996 -0.3793231
v 0.4787551 0.4265978 -0.3869029
v 0.4871964 0.4224839 -0.3448202
v 0.4787551 0.4265978 -0.3869029
v 0.4823943 0.4227996 -0.3793231
v 0.4875334 0.4223148 -0.3679824
v 0.4910071 0.4241870 -0.4210000
v 0.4919948 0.4211373 -0.4049427
v 0.4918692 0.3145749 -0.4058815
v 0.4918692 0.3145749 -0.4058815
v 0.4919948 0.4211373 -0.4049427
v 0.4984014 0.4247572 -0.3903871
v 0.4758787 0.4524179 -0.4242990
v 0.4760664 0.4804055 -0.4159748
v 0.4792942 0.4223613 -0.4226401
v 0.4624406 0.4232844 -0.4525162
v 0.4608609 0.4222443 -0.4573487
v 0.4617338 0.2209467 -0.4571767
v 0.4677069 0.4247572 -0.4305641
v 0.4718718 0.4247925 -0.4294045
v 0.4677069 0.4247572 -0.4305641
v 0.4682876 0.0622463 -0.4298066
v 0.4732251 0.3498617 -0.4425182
v 0.4718718 0.4247925 -0.4294045
v 0.4732493 0.2342691 -0.4422733
v 0.4732251 0.3498617 -0.4425182
v 0.4768508 0.2609121 -0.4440854
v 0.4769258 0.3147440 -0.4443510
v 0.4766767 0.1908456 -0.4444744
v 0.4768621 0.2338364 -0.4441285
v 0.4769586 0.4229259 -0.4430774
v 0.4766767 0.1908456 -0.4444744
v 0.4769651 0.1836355 -0.4434627
v 0.4768621 0.2338364 -0.4441285
v 0.4773791 0.2415312 -0.4257764
v 0.4768508 0.2609121 -0.4440854
v 0.4769085 0.2072232 -0.4286060
v 0.4769258 0.3147440 -0.4443510
v 0.4768621 0.2338364 -0.4441285
v 0.4769651 0.1836355 -0.4434627
v 0.4769586 0.4229259 -0.4430774
v 0.4771684 0.4247943 -0.4251312
v 0.4773791 0.2415312 -0.4257764
v 0.4792942 0.4223613 -0.4226401
v 0.4771684 0.4247943 -0.4251312
v 0.4777075 0.1730359 -0.4248544
v 0.4827221 0.3875500 -0.4223970
v 0.4787551 0.4265978 -0.3869029
v 0.4824536 0.3320465 -0.4227954
v 0.4821673 0.2881512 -0.4137381
v 0.4824536 0.3320465 -0.4227954
v 0.4824482 0.2159748 -0.4228234
v 0.4821484 0.2044001 -0.4137156
v 0.4824482 0.2159748 -0.4228234
v 0.4875334 0.4223148 -0.3679824
v 0.4787551 0.4265978 -0.3869029
v 0.4874482 0.1502692 -0.3694074
v 0.4910071 0.4241870 -0.4210000
v 0.4918692 0.3145749 -0.4058815
v 0.4906631 0.3195228 -0.4196422
v 0.4986672 0.4210222 -0.4249610
v 0.4906631 0.3195228 -0.4196422
v 0.4984829 0.1687790 -0.4243252
v 0.4984829 0.1687790 -0.4243252
v 0.4993131 0.4283585 -0.4979222
v 0.4986672 0.4210222 -0.4249610
v 0.4984829 0.1687790 -0.4243252
v 0.4732493 0.2342691 -0.4422733
v 0.4008198 0.4245306 -0.4270668
v 0.3928065 0.4220660 -0.4571318
v 0.3970339 0.4210928 -0.4413232
v 0.4758663 0.4809479 -0.4260065
v 0.3778603 0.4304090 -0.4262196
v 0.4008198 0.4245306 -0.4270668
v 0.3937343 0.3890581 -0.4554430
v 0.4044881 0.2342264 -0.4657757
v 0.4011486 0.4236837 -0.4810196
v 0.4044854 0.3286068 -0.4657926
v 0.4008855 0.3050842 -0.4264814
v 0.4042449 0.4215367 -0.4661779
v 0.4145582 0.4265569 -0.4274091
v 0.4008855 0.3050842 -0.4264814
v 0.4044854 0.3286068 -0.4657926
v 0.4042449 0.4215367 -0.4661779
v 0.4108575 0.4226584 -0.4670363
v 0.4044881 0.2342264 -0.4657757
v 0.4108160 0.3500382 -0.4660152
v 0.4042449 0.4215367 -0.4661779
v 0.4011486 0.4236837 -0.4810196
v 0.4123558 0.4228108 -0.4727908
v 0.4108575 0.4226584 -0.4670363
v 0.4173121 0.4267780 -0.4936807
v 0.3824075 0.4306058 -0.4952946
v 0.4123558 0.4228108 -0.4727908
v 0.4108575 0.4226584 -0.4670363
v 0.4173121 0.4267780 -0.4936807
v 0.4290185 0.4220697 -0.4552841
v 0.4210241 0.4222963 -0.4554935
v 0.4145582 0.4265569 -0.4274091
v 0.4210241 0.4222963 -0.4554935
v 0.4471602 0.4302102 -0.4260794
v 0.4145582 0.4265569 -0.4274091
v 0.4290185 0.4220697 -0.4552841
v 0.4173121 0.4267780 -0.4936807
v 0.3273885 0.4715666 -0.4958707
v 0.4504301 0.4324483 -0.4956930
v 0.4490871 0.4240533 -0.4878738
v 0.4448651 0.4222945 -0.4677919
v 0.4504301 0.4324483 -0.4956930
v 0.4471602 0.4302102 -0.4260794
v 0.4544047 0.3849869 -0.4555926
v 0.4497696 0.4253942 -0.4319985
v 0.4471602 0.4302102 -0.4260794
v 0.4471602 0.4302102 -0.4260794
v 0.4552026 0.2153006 -0.4570065
v 0.4544047 0.3849869 -0.4555926
v 0.4490871 0.4240533 -0.4878738
v 0.4519133 0.4274911 -0.4948757
v 0.4448651 0.4222945 -0.4677919
v 0.4608609 0.4222443 -0.4573487
v 0.4544047 0.3849869 -0.4555926
v 0.4617338 0.2209467 -0.4571767
v 0.4552026 0.2153006 -0.4570065
v 0.4617338 0.2209467 -0.4571767
v 0.4682876 0.0622463 -0.4298066
v 0.4677069 0.4247572 -0.4305641
v 0.3273885 0.4715666 -0.4958707
v 0.4758663 0.4809479 -0.4260065
v 0.4757067 0.4825581 -0.4616482
v 0.4750894 0.4755227 -0.4950048
v 0.4718718 0.4247925 -0.4294045
v 0.4682876 0.0622463 -0.4298066
v 0.4732493 0.2342691 -0.4422733
v 0.4750894 0.4755227 -0.4950048
v 0.4108160 0.3500382 -0.4660152
v 0.4547923 -0.4869322 -0.4956274
v 0.4108160 0.3500382 -0.4660152
v 0.4173121 0.4267780 -0.4936807
v 0.4290185 0.4220697 -0.4552841
v 0.4145582 0.4265569 -0.4274091
v 0.4210441 -0.3503651 -0.4553943
v 0.4504301 0.4324483 -0.4956930
v 0.4547923 -0.4869322 -0.4956274
v 0.4173121 0.4267780 -0.4936807
v 0.4280411 -0.4524143 -0.4554448
v 0.4471602 0.4302102 -0.4260794
v 0.4448651 0.4222945 -0.4677919
v 0.4397065 -0.4538240 -0.4661647
v 0.4504301 0.4324483 -0.4956930
v 0.4448651 0.4222945 -0.4677919
v 0.4519133 0.4274911 -0.4948757
v 0.4397065 -0.4538240 -0.4661647
v 0.4471602 0.4302102 -0.4260794
v 0.4552355 -0.2199959 -0.4570270
v 0.4552026 0.2153006 -0.4570065
v 0.4552026 0.2153006 -0.4570065
v 0.4552355 -0.2199959 -0.4570270
v 0.4617386 -0.1128782 -0.4571635
v 0.4617338 0.2209467 -0.4571767
v 0.4750371 0.4282043 -0.4952030
v 0.4547923 -0.4869322 -0.4956274
v 0.4617386 -0.1128782 -0.4571635
v 0.4682876 0.0622463 -0.4298066
v 0.4617338 0.2209467 -0.4571767
v 0.4719597 -0.0107269 -0.4309156
v 0.4732536 -0.1030159 -0.4420862
v 0.4732380 0.0745491 -0.4422957
v 0.4732380 0.0745491 -0.4422957
v 0.4682876 0.0622463 -0.4298066
v 0.4719597 -0.0107269 -0.4309156
v 0.4732493 0.2342691 -0.4422733
v 0.4732536 -0.1030159 -0.4420862
v 0.4767041 -0.0342922 -0.4445361
v 0.4769311 0.0971319 -0.4443416
v 0.4766767 0.1908456 -0.4444744
v 0.4768578 -0.0002610 -0.4440817
v 0.4769203 0.0319724 -0.4443005
v 0.4750371 0.4282043 -0.4952030
v 0.4769295 0.2568873 -0.4733593
v 0.4728849 -0.2129958 -0.4718014
v 0.4769290 0.1548437 -0.4312953
v 0.4777075 0.1730359 -0.4248544
v 0.4769651 0.1836355 -0.4434627
v 0.4769085 0.2072232 -0.4286060
v 0.4728849 -0.2129958 -0.4718014
v 0.4769295 0.2568873 -0.4733593
v 0.4777296 0.4229463 -0.4959772
v 0.4769203 0.0319724 -0.4443005
v 0.4768578 -0.0002610 -0.4440817
v 0.4773711 0.0459411 -0.4257932
v 0.4767041 -0.0342922 -0.4445361
v 0.4768325 -0.1237211 -0.4439938
v 0.4766767 0.1908456 -0.4444744
v 0.4769311 0.0971319 -0.4443416
v 0.4769651 0.1836355 -0.4434627
v 0.4766767 0.1908456 -0.4444744
v 0.4769290 0.1548437 -0.4312953
v 0.4769198 -0.1060582 -0.4278934
v 0.4826919 0.0119062 -0.4213983
v 0.4773711 0.0459411 -0.4257932
v 0.4788499 0.4184666 -0.0865134
v 0.4784434 -0.4585824 -0.0347487
v 0.4784849 0.2600299 -0.0355492
v 0.4777296 0.4229463 -0.4959772
v 0.4993131 0.4283585 -0.4979222
v 0.4777091 -0.4785334 -0.4964858
v 0.4784628 -0.4295361 -0.1554331
v 0.4787551 0.4265978 -0.3869029
v 0.4784569 0.3150690 -0.2048114
v 0.4788640 0.0131264 -0.3888834
v 0.4787551 0.4265978 -0.3869029
v 0.4786370 0.0097610 -0.4008750
v 0.4784898 -0.1978142 -0.2724724
v 0.4876703 -0.3271322 -0.2298062
v 0.4787551 0.4265978 -0.3869029
v 0.4787551 0.4265978 -0.3869029
v 0.4780520 -0.1279111 -0.3172482
v 0.4784898 -0.1978142 -0.2724724
v 0.4827205 0.0403098 -0.4214488
v 0.4777075 0.1730359 -0.4248544
v 0.4824088 0.1421101 -0.4228327
v 0.4773791 0.2415312 -0.4257764
v 0.4876703 -0.3271322 -0.2298062
v 0.4784569 0.3150690 -0.2048114
v 0.4870482 0.4223817 -0.2265409
v 0.4824482 0.2159748 -0.4228234
v 0.4786370 0.0097610 -0.4008750
v 0.4821484 0.2044001 -0.4137156
v 0.4825921 0.1779615 -0.4175364
v 0.4788499 0.4184666 -0.0865134
v 0.4869753 0.4222610 -0.1062344
v 0.4874595 -0.4540561 -0.1301558
v 0.4787551 0.4265978 -0.3869029
v 0.4787551 0.4265978 -0.3869029
v 0.4788640 0.0131264 -0.3888834
v 0.4874169 -0.1365160 -0.3694560
v 0.4827205 0.0403098 -0.4214488
v 0.4822266 0.0519903 -0.4144936
v 0.4826919 0.0119062 -0.4213983
v 0.4824088 0.1421101 -0.4228327
v 0.4824482 0.2159748 -0.4228234
v 0.4869317 0.4221106 -0.2525569
v 0.4787551 0.4265978 -0.3869029
v 0.4876703 -0.3271322 -0.2298062
v 0.4784628 -0.4295361 -0.1554331
v 0.4869753 0.4222610 -0.1062344
v 0.4787551 0.4265978 -0.3869029
v 0.4780520 -0.1279111 -0.3172482
v 0.4787551 0.4265978 -0.3869029
v 0.4875108 0.0962776 -0.3464192
v 0.4871964 0.4224839 -0.3448202
v 0.4874482 0.1502692 -0.3694074
v 0.4875108 0.0962776 -0.3464192
v 0.4874169 -0.1365160 -0.3694560
v 0.4870482 0.4223817 -0.2265409
v 0.4874482 0.1502692 -0.3694074
v 0.4905148 0.2624481 -0.1680549
v 0.4904976 0.2149700 -0.1909795
v 0.4900636 0.2516906 -0.1886381
v 0.4905148 0.2624481 -0.1680549
v 0.4904976 0.2149700 -0.1909795
v 0.4900496 0.2029533 -0.1855055
v 0.4902825 0.0230611 -0.1694837
v 0.4904798 -0.3528260 -0.1910038
v 0.4905887 -0.4342109 -0.0479222
v 0.4904458 0.4227161 -0.0708095
v 0.4986047 0.2562818 -0.0295927
v 0.4991972 0.4298686 -0.2133151
v 0.4905084 -0.4797760 -0.2863192
v 0.4905348 0.4222443 -0.2867961
v 0.4904458 0.4227161 -0.0708095
v 0.4904949 -0.4798818 -0.0708095
v 0.4985740 0.4246513 -0.0926420
v 0.4984526 -0.2265745 -0.4242241
v 0.4984829 0.1687790 -0.4243252
v 0.4918692 0.3145749 -0.4058815
v 0.4985821 -0.0536341 -0.1492260
v 0.4902825 0.0230611 -0.1694837
v 0.4905148 0.2624481 -0.1680549
v 0.4988236 0.2621899 -0.1476064
v 0.4905348 0.4222443 -0.2867961
v 0.4991287 -0.4901732 -0.3301861
v 0.4989222 0.4272088 -0.3320637
v 0.4984014 0.4247572 -0.3903871
v 0.4921662 -0.4777979 -0.4040150
v 0.4918692 0.3145749 -0.4058815
v 0.4904976 0.2149700 -0.1909795
v 0.4991972 0.4298686 -0.2133151
v 0.4985901 -0.4841258 -0.0926232
v 0.4988236 0.2621899 -0.1476064
v 0.4985740 0.4246513 -0.0926420
v 0.4991287 -0.4901732 -0.3301861
v 0.4984014 0.4247572 -0.3903871
v 0.4989222 0.4272088 -0.3320637
v 0.4973884 -0.4792708 -0.4972938
v 0.4993131 0.4283585 -0.4979222
v 0.4984829 0.1687790 -0.4243252
v 0.4290185 0.4220697 -0.4552841
v 0.4519133 0.4274911 -0.4948757
v 0.4904798 -0.3528260 -0.1910038
v 0.2860912 0.4228201 -0.4508012
v 0.2744662 0.4227513 -0.4433692
v 0.2844813 0.4210946 -0.4563538
v 0.2915565 0.4248798 -0.4275980
v 0.2885389 0.4303569 -0.4951001
v 0.2729005 0.4282805 -0.4940678
v 0.3273885 0.4715666 -0.4958707
v 0.2923991 0.2876089 -0.4259354
v 0.2915565 0.4248798 -0.4275980
v 0.2860912 0.4228201 -0.4508012
v 0.2844813 0.4210946 -0.4563538
v 0.2925480 -0.2175666 -0.4258007
v 0.2885389 0.4303569 -0.4951001
v 0.2923717 0.4239697 -0.4800920
v 0.2951402 0.4223000 -0.4660077
v 0.2915565 0.4248798 -0.4275980
v 0.2923991 0.2876089 -0.4259354
v 0.3058147 0.2619447 -0.4259878
v 0.2885389 0.4303569 -0.4951001
v 0.3071167 0.4252531 -0.4887303
v 0.2923717 0.4239697 -0.4800920
v 0.3026806 0.4221068 -0.4661517
v 0.2951402 0.4223000 -0.4660077
v 0.2951402 0.4223000 -0.4660077
v 0.3026806 0.4221068 -0.4661517
v 0.2953294 -0.4575646 -0.4658748
v 0.3056082 -0.1863844 -0.4258624
v 0.3103456 0.4292574 -0.4952329
v 0.3103456 0.4292574 -0.4952329
v 0.3241299 0.4301081 -0.4952498
v 0.3099310 -0.4839957 -0.4944548
v 0.3026806 0.4221068 -0.4661517
v 0.3103456 0.4292574 -0.4952329
v 0.3103456 0.4292574 -0.4952329
v 0.3128623 0.3285771 -0.4556842
v 0.3210832 -0.4524849 -0.4553962
v 0.3206034 0.4220697 -0.4571654
v 0.3091045 0.4230541 -0.4380018
v 0.3058147 0.2619447 -0.4259878
v 0.3126413 0.4220307 -0.4552953
v 0.3128623 0.3285771 -0.4556842
v 0.3126413 0.4220307 -0.4552953
v 0.3091045 0.4230541 -0.4380018
v 0.3126413 0.4220307 -0.4552953
v 0.3206034 0.4220697 -0.4571654
v 0.4758663 0.4809479 -0.4260065
v 0.1966004 0.4281895 -0.4271978
v 0.3778603 0.4304090 -0.4262196
v 0.3206034 0.4220697 -0.4571654
v 0.3210832 -0.4524849 -0.4553962
v 0.3273723 0.2045970 -0.4293896
v 0.3255112 -0.4839790 -0.4939312
v 0.3273723 0.2045970 -0.4293896
v 0.3417135 -0.2762571 -0.4260363
v 0.3416445 0.0599674 -0.4258661
v 0.3416542 0.2896482 -0.4258755
v 0.3255112 -0.4839790 -0.4939312
v 0.3241299 0.4301081 -0.4952498
v 0.3318607 0.4229742 -0.4671448
v 0.3318607 0.4229742 -0.4671448
v 0.3241299 0.4301081 -0.4952498
v 0.3460665 0.4261985 -0.4942286
v 0.3390916 0.3863520 -0.4660825
v 0.3392378 0.4224783 -0.4659422
v 0.3460665 0.4261985 -0.4942286
v 0.3325286 0.4224857 -0.4659198
v 0.3392378 0.4224783 -0.4659422
v 0.3387509 -0.4547972 -0.4652483
v 0.3460665 0.4261985 -0.4942286
v 0.3629600 -0.4821329 -0.4924949
v 0.3493628 -0.2703899 -0.4555795
v 0.3416542 0.2896482 -0.4258755
v 0.3416445 0.0599674 -0.4258661
v 0.3493817 0.4222462 -0.4555496
v 0.3493817 0.4222462 -0.4555496
v 0.3778603 0.4304090 -0.4262196
v 0.3416542 0.2896482 -0.4258755
v 0.3392378 0.4224783 -0.4659422
v 0.3629600 -0.4821329 -0.4924949
v 0.3616100 0.0792555 -0.4955208
v 0.3493628 -0.2703899 -0.4555795
v 0.3563593 0.4220140 -0.4571112
v 0.3493817 0.4222462 -0.4555496
v 0.3622624 0.4304498 -0.4951095
v 0.3582797 -0.2102191 -0.4541918
v 0.3493817 0.4222462 -0.4555496
v 0.3563593 0.4220140 -0.4571112
v 0.3581617 0.4225768 -0.4543172
v 0.3778603 0.4304090 -0.4262196
v 0.3581617 0.4225768 -0.4543172
v 0.3563593 0.4220140 -0.4571112
v 0.3579137 0.3788374 -0.4552859
v 0.3778603 0.4304090 -0.4262196
v 0.3563593 0.4220140 -0.4571112
v 0.3778603 0.4304090 -0.4262196
v 0.3579137 0.3788374 -0.4552859
v 0.3778603 0.4304090 -0.4262196
v 0.3616100 0.0792555 -0.4955208
v 0.3622624 0.4304498 -0.4951095
v 0.3655043 0.4229259 -0.4799723
v 0.3273885 0.4715666 -0.4958707
v 0.1196049 0.4751289 -0.4952610
v 0.4758663 0.4809479 -0.4260065
v 0.3824075 0.4306058 -0.4952946
v 0.3680835 0.1848539 -0.4665836
v 0.3676258 0.4227940 -0.4688242
v 0.3680835 0.1848539 -0.4665836
v 0.3753118 0.0177771 -0.4661890
v 0.3753102 -0.3087858 -0.4661927
v 0.3676258 0.4227940 -0.4688242
v 0.3750401 0.4222703 -0.4660376
v 0.3752822 0.2787830 -0.4661741
v 0.3750805 0.2361190 -0.4659440
v 0.3676258 0.4227940 -0.4688242
v 0.3655043 0.4229259 -0.4799723
v 0.3750401 0.4222703 -0.4660376
v 0.3753161 0.3226133 -0.4661759
v 0.3815648 0.4270454 -0.4937124
v 0.3622624 0.4304498 -0.4951095
v 0.3815648 0.4270454 -0.4937124
v 0.3752822 0.2787830 -0.4661741
v 0.3824075 0.4306058 -0.4952946
v 0.3750805 0.2361190 -0.4659440
v 0.3753161 0.3226133 -0.4661759
v 0.3750401 0.4222703 -0.4660376
v 0.3958370 -0.4839624 -0.4947466
v 0.3778603 0.4304090 -0.4262196
v 0.3853512 -0.4512516 -0.4552036
v 0.3863389 0.4220901 -0.4571169
v 0.3815648 0.4270454 -0.4937124
v 0.3824075 0.4306058 -0.4952946
v 0.3750401 0.4222703 -0.4660376
v 0.3778603 0.4304090 -0.4262196
v 0.3863389 0.4220901 -0.4571169
v 0.3803053 0.4248296 -0.4324268
v 0.3928065 0.4220660 -0.4571318
v 0.3803053 0.4248296 -0.4324268
v 0.3863389 0.4220901 -0.4571169
v 0.4008198 0.4245306 -0.4270668
v 0.3928065 0.4220660 -0.4571318
v 0.3863389 0.4220901 -0.4571169
v 0.3853512 -0.4512516 -0.4552036
v 0.3928065 0.4220660 -0.4571318
v 0.3993253 -0.4585787 -0.4310166
v 0.4008855 0.3050842 -0.4264814
v 0.3937343 0.3890581 -0.4554430
v 0.3970339 0.4210928 -0.4413232
v 0.3928065 0.4220660 -0.4571318
v 0.3937343 0.3890581 -0.4554430
v 0.3928065 0.4220660 -0.4571318
v 0.4008855 0.3050842 -0.4264814
v 0.4008198 0.4245306 -0.4270668
v 0.3778603 0.4304090 -0.4262196
v 0.3803053 0.4248296 -0.4324268
v 0.3958370 -0.4839624 -0.4947466
v 0.3824075 0.4306058 -0.4952946
v 0.4011486 0.4236837 -0.4810196
v 0.4044881 0.2342264 -0.4657757
v 0.3958370 -0.4839624 -0.4947466
v 0.4011486 0.4236837 -0.4810196
v 0.4108160 0.3500382 -0.4660152
v 0.4095943 -0.4529306 -0.4643824
v 0.4044881 0.2342264 -0.4657757
v 0.4145582 0.4265569 -0.4274091
v 0.4008855 0.3050842 -0.4264814
v 0.3993253 -0.4585787 -0.4310166
v 0.4173121 0.4267780 -0.4936807
v 0.3056082 -0.1863844 -0.4258624
v 0.3318607 0.4229742 -0.4671448
v 0.3390916 0.3863520 -0.4660825
v 0.3753118 0.0177771 -0.4661890
v 0.4771506 -0.4786096 0.4953396
v 0.4777755 0.4181174 0.4969179
v 0.4774121 -0.4785334 0.4303603
v 0.4786677 -0.4581570 0.3291595
v 0.4782903 -0.4531404 0.2761942
v 0.4783717 0.4279982 0.3238593
v 0.4784903 -0.2663224 0.4050138
v 0.4787087 -0.4585192 0.3909987
v 0.4777091 -0.4628281 0.4017074
v 0.4812443 -0.4580716 0.4137868
v 0.4831269 -0.3370594 0.4241289
v 0.4784903 -0.2663224 0.4050138
v 0.4787087 -0.4585192 0.3909987
v 0.4831269 -0.3370594 0.4241289
v 0.4825814 0.4194621 0.4168389
v 0.4777091 -0.4628281 0.4017074
v 0.4784903 -0.2663224 0.4050138
v 0.4831269 -0.3370594 0.4241289
v 0.4787087 -0.4585192 0.3909987
v 0.4831269 -0.3370594 0.4241289
v 0.4828029 -0.4567677 0.4240092
v 0.4774121 -0.4785334 0.4303603
v 0.4828029 -0.4567677 0.4240092
v 0.4773603 0.0261368 0.4283274
v 0.4868869 -0.4016543 0.3738810
v 0.4817570 -0.4560007 0.3832394
v 0.4874827 -0.4541025 0.3516577
v 0.4875501 -0.4531962 0.3712104
v 0.4817570 -0.4560007 0.3832394
v 0.4868869 -0.4016543 0.3738810
v 0.4874827 -0.4541025 0.3516577
v 0.4783717 0.4279982 0.3238593
v 0.4786677 -0.4581570 0.3291595
v 0.4874903 0.4221793 0.3498959
v 0.4874827 -0.4541025 0.3516577
v 0.4787087 -0.4585192 0.3909987
v 0.4874827 -0.4541025 0.3516577
v 0.4875501 -0.4531962 0.3712104
v 0.4868869 -0.4016543 0.3738810
v 0.4906049 -0.4794528 0.4250621
v 0.4915289 -0.4785334 0.4115651
v 0.4906792 -0.4178964 0.4241401
v 0.4900587 -0.4782269 0.2914474
v 0.4990090 0.4277661 0.3366420
v 0.4984036 -0.4841870 0.3312017
v 0.4906049 -0.4794528 0.4250621
v 0.4906792 -0.4178964 0.4241401
v 0.4985675 -0.3624747 0.4267902
v 0.4917640 -0.2066066 0.4106861
v 0.4985297 -0.2536278 0.4268145
v 0.4917640 -0.2066066 0.4106861
v 0.4990490 -0.2069985 0.4285406
v 0.4985540 -0.0317198 0.4267789
v 0.4952620 -0.4813305 0.4030015
v 0.4988220 -0.1685859 0.3912512
v 0.4917640 -0.2066066 0.4106861
v 0.4928784 0.2466834 0.4068185
v 0.4900587 -0.4782269 0.2914474
v 0.4990560 -0.4875283 0.2628150
v 0.4985696 0.2155477 0.2699796
v 0.4985572 0.0833601 0.4267939
v 0.4989406 -0.4795846 0.4277814
v 0.4982553 -0.4842483 0.3987712
v 0.4915289 -0.4785334 0.4115651
v 0.4984036 -0.4841870 0.3312017
v 0.4982553 -0.4842483 0.3987712
v 0.4988220 -0.1685859 0.3912512
v 0.4990090 0.4277661 0.3366420
v 0.4990010 -0.4794825 0.4977147
v 0.4985297 -0.2536278 0.4268145
v 0.4990490 -0.2069985 0.4285406
v 0.4989406 -0.4795846 0.4277814
v 0.4985675 -0.3624747 0.4267902
v 0.4991864 0.4229074 0.4935292
v 0.4791287 -0.4578023 0.0903698
v 0.4784725 -0.0544959 0.0856532
v 0.4776736 -0.4625347 0.0400882
v 0.4776833 -0.4629767 0.1717860
v 0.4784375 -0.1948109 0.2065806
v 0.4782289 0.1215406 0.1592427
v 0.4776833 -0.4629767 0.1717860
v 0.4782289 0.1215406 0.1592427
v 0.4875393 -0.4542753 0.1319139
v 0.4784467 -0.2870480 0.0357644
v 0.4793007 -0.4580623 0.0314088
v 0.4784618 0.2982791 0.2067807
v 0.4784375 -0.1948109 0.2065806
v 0.4875258 -0.4542845 0.2506252
v 0.4859661 -0.4541861 0.0161369
v 0.4869705 -0.4542009 0.2294492
v 0.4791287 -0.4578023 0.0903698
v 0.4868923 -0.4540227 0.1073473
v 0.4784725 -0.0544959 0.0856532
v 0.4875382 -0.4512423 0.0127949
v 0.4870708 -0.2517965 0.1079925
v 0.4874498 0.4220586 -0.0114296
v 0.4782903 -0.4531404 0.2761942
v 0.4874283 0.4210538 0.2531518
v 0.4875258 -0.4542845 0.2506252
v 0.4875258 -0.4542845 0.2506252
v 0.4870708 -0.2517965 0.1079925
v 0.4868923 -0.4540227 0.1073473
v 0.4901822 0.0558647 0.1722031
v 0.4900550 -0.4797741 0.1724144
v 0.4989956 -0.4864158 0.1471857
v 0.4985718 -0.3081654 0.2125933
v 0.4984596 -0.4843003 0.2107437
v 0.4971398 -0.4819601 0.2067378
v 0.4901822 0.0558647 0.1722031
v 0.4899914 0.0733846 0.1891637
v 0.4904739 -0.4799747 0.1934950
v 0.4904922 -0.4568569 0.0495738
v 0.4906022 -0.3012062 0.0487902
v 0.4905251 -0.4797741 0.0716437
v 0.4904954 -0.1555588 0.0495494
v 0.4905251 -0.4797741 0.0716437
v 0.4990996 -0.4858791 0.0216521
v 0.4904938 0.2126837 0.0495868
v 0.4900550 -0.4797741 0.1724144
v 0.4904922 -0.4568569 0.0495738
v 0.4990996 -0.4858791 0.0216521
v 0.4905251 -0.4797741 0.0716437
v 0.4906022 -0.3012062 0.0487902
v 0.4990560 -0.4875283 0.2628150
v 0.4992118 -0.5000000 0.2172201
v 0.4989061 -0.4848798 0.0954286
v 0.4905251 -0.4797741 0.0716437
v 0.4906027 0.4220308 0.0725806
v 0.4990996 -0.4858791 0.0216521
v 0.4906022 -0.3012062 0.0487902
v 0.4899914 0.0733846 0.1891637
v 0.4904739 -0.4799747 0.1934950
v 0.4985696 0.2155477 0.2699796
v 0.4989061 -0.4848798 0.0954286
v 0.4990338 0.4285201 0.1526503
v 0.4905251 -0.4797741 0.0716437
v 0.4990996 -0.4858791 0.0216521
v 0.4985718 -0.3081654 0.2125933
v 0.4984596 -0.4843003 0.2107437
v 0.4989956 -0.4864158 0.1471857
v 0.4280411 -0.4524143 -0.4554448
v 0.4290185 0.4220697 -0.4552841
v 0.4210441 -0.3503651 -0.4553943
v 0.4363035 -0.4498698 -0.4260887
v 0.4471602 0.4302102 -0.4260794
v 0.4363035 -0.4498698 -0.4260887
v 0.4466453 -0.4603970 -0.4270929
v 0.4471602 0.4302102 -0.4260794
v 0.4471602 0.4302102 -0.4260794
v 0.4466453 -0.4603970 -0.4270929
v 0.4552355 -0.2199959 -0.4570270
v 0.4682876 0.0622463 -0.4298066
v 0.4617386 -0.1128782 -0.4571635
v 0.4621667 -0.4521691 -0.4552223
v 0.4719597 -0.0107269 -0.4309156
v 0.4682876 0.0622463 -0.4298066
v 0.4722519 -0.3151657 -0.4314449
v 0.4728849 -0.2129958 -0.4718014
v 0.4671948 -0.4837190 -0.4938526
v 0.4750371 0.4282043 -0.4952030
v 0.4722519 -0.3151657 -0.4314449
v 0.4732536 -0.1030159 -0.4420862
v 0.4719597 -0.0107269 -0.4309156
v 0.4766098 -0.2503070 -0.4445660
v 0.4768325 -0.1237211 -0.4439938
v 0.4732536 -0.1030159 -0.4420862
v 0.4767041 -0.0342922 -0.4445361
v 0.4777091 -0.4785334 -0.4964858
v 0.4728849 -0.2129958 -0.4718014
v 0.4777296 0.4229463 -0.4959772
v 0.4769198 -0.1060582 -0.4278934
v 0.4773711 0.0459411 -0.4257932
v 0.4768325 -0.1237211 -0.4439938
v 0.4766098 -0.2503070 -0.4445660
v 0.4780520 -0.1279111 -0.3172482
v 0.4782380 -0.4137398 -0.2925937
v 0.4784898 -0.1978142 -0.2724724
v 0.4778417 -0.4616915 -0.2051180
v 0.4784628 -0.4295361 -0.1554331
v 0.4784569 0.3150690 -0.2048114
v 0.4797336 -0.3031953 -0.2703759
v 0.4788499 0.4184666 -0.0865134
v 0.4787642 -0.4586938 -0.0889633
v 0.4784434 -0.4585824 -0.0347487
v 0.4784505 -0.2858166 -0.4004822
v 0.4786370 0.0097610 -0.4008750
v 0.4821797 -0.2192270 -0.4141981
v 0.4788640 0.0131264 -0.3888834
v 0.4784505 -0.2858166 -0.4004822
v 0.4801056 -0.4400763 -0.3835889
v 0.4786370 0.0097610 -0.4008750
v 0.4836564 -0.2517204 -0.2565217
v 0.4866276 -0.4537088 -0.2522016
v 0.4784898 -0.1978142 -0.2724724
v 0.4836564 -0.2517204 -0.2565217
v 0.4876703 -0.3271322 -0.2298062
v 0.4773484 -0.2765933 -0.4257913
v 0.4823770 -0.1787621 -0.4228103
v 0.4769198 -0.1060582 -0.4278934
v 0.4821797 -0.2192270 -0.4141981
v 0.4769198 -0.1060582 -0.4278934
v 0.4823770 -0.1787621 -0.4228103
v 0.4821797 -0.2192270 -0.4141981
v 0.4826919 0.0119062 -0.4213983
v 0.4769198 -0.1060582 -0.4278934
v 0.4874169 -0.1365160 -0.3694560
v 0.4788640 0.0131264 -0.3888834
v 0.4801056 -0.4400763 -0.3835889
v 0.4826919 0.0119062 -0.4213983
v 0.4784628 -0.4295361 -0.1554331
v 0.4781081 -0.4601926 -0.1566487
v 0.4874595 -0.4540561 -0.1301558
v 0.4869899 -0.4524848 -0.0135185
v 0.4784849 0.2600299 -0.0355492
v 0.4784434 -0.4585824 -0.0347487
v 0.4876703 -0.3271322 -0.2298062
v 0.4778417 -0.4616915 -0.2051180
v 0.4784569 0.3150690 -0.2048114
v 0.4836564 -0.2517204 -0.2565217
v 0.4859532 -0.3789861 -0.2470791
v 0.4876703 -0.3271322 -0.2298062
v 0.4866276 -0.4537088 -0.2522016
v 0.4780520 -0.1279111 -0.3172482
v 0.4876601 -0.1353515 -0.3486784
v 0.4848334 -0.4492569 -0.3382596
v 0.4869753 0.4222610 -0.1062344
v 0.4876601 -0.1353515 -0.3486784
v 0.4875108 0.0962776 -0.3464192
v 0.4874169 -0.1365160 -0.3694560
v 0.4875108 0.0962776 -0.3464192
v 0.4874595 -0.4540561 -0.1301558
v 0.4787642 -0.4586938 -0.0889633
v 0.4788499 0.4184666 -0.0865134
v 0.4869899 -0.4524848 -0.0135185
v 0.4875382 -0.4512423 0.0127949
v 0.4874498 0.4220586 -0.0114296
v 0.4875360 -0.2553570 -0.3686518
v 0.4900981 -0.2365221 -0.1717616
v 0.4904798 -0.3528260 -0.1910038
v 0.4902825 0.0230611 -0.1694837
v 0.4905887 -0.4342109 -0.0479222
v 0.4904949 -0.4798818 -0.0708095
v 0.4904458 0.4227161 -0.0708095
v 0.4986047 0.2562818 -0.0295927
v 0.4991357 -0.4883678 -0.0237558
v 0.4905887 -0.4342109 -0.0479222
v 0.4900399 -0.4795772 -0.1700597
v 0.4905962 -0.4794956 -0.0479316
v 0.4985821 -0.0536341 -0.1492260
v 0.4985621 -0.4033241 -0.1493625
v 0.4900981 -0.2365221 -0.1717616
v 0.4900399 -0.4795772 -0.1700597
v 0.4902825 0.0230611 -0.1694837
v 0.4918692 0.3145749 -0.4058815
v 0.4921662 -0.4777979 -0.4040150
v 0.4984526 -0.2265745 -0.4242241
v 0.4991287 -0.4901732 -0.3301861
v 0.4905348 0.4222443 -0.2867961
v 0.4905084 -0.4797760 -0.2863192
v 0.4921662 -0.4777979 -0.4040150
v 0.4984014 0.4247572 -0.3903871
v 0.4984979 -0.4816871 -0.3899868
v 0.4905962 -0.4794956 -0.0479316
v 0.4991972 0.4298686 -0.2133151
v 0.4990360 -0.4860110 -0.2633497
v 0.4991972 0.4298686 -0.2133151
v 0.4990360 -0.4860110 -0.2633497
v 0.4905084 -0.4797760 -0.2863192
v 0.4985901 -0.4841258 -0.0926232
v 0.4985740 0.4246513 -0.0926420
v 0.4904949 -0.4798818 -0.0708095
v 0.4988031 -0.4835203 -0.1474717
v 0.4985621 -0.4033241 -0.1493625
v 0.4985901 -0.4841258 -0.0926232
v 0.4985821 -0.0536341 -0.1492260
v 0.4988236 0.2621899 -0.1476064
v 0.4984979 -0.4816871 -0.3899868
v 0.4984014 0.4247572 -0.3903871
v 0.4991287 -0.4901732 -0.3301861
v 0.4990996 -0.4858791 0.0216521
v 0.4984526 -0.2265745 -0.4242241
v 0.4973884 -0.4792708 -0.4972938
v 0.4984829 0.1687790 -0.4243252
v 0.4280411 -0.4524143 -0.4554448
v 0.4904798 -0.3528260 -0.1910038
v 0.4991357 -0.4883678 -0.0237558
v 0.4986047 0.2562818 -0.0295927
v 0.4778417 -0.4616915 -0.2051180
v 0.4781081 -0.4601926 -0.1566487
v 0.4784628 -0.4295361 -0.1554331
v 0.4780261 -0.4609634 -0.2705368
v 0.4866276 -0.4537088 -0.2522016
v 0.4797336 -0.3031953 -0.2703759
v 0.4778417 -0.4616915 -0.2051180
v 0.4876703 -0.3271322 -0.2298062
v 0.4870191 -0.4543143 -0.2266437
v 0.4870191 -0.4543143 -0.2266437
v 0.4859532 -0.3789861 -0.2470791
v 0.4866276 -0.4537088 -0.2522016
v 0.4876703 -0.3271322 -0.2298062
v 0.4900399 -0.4795772 -0.1700597
v 0.4905132 -0.4798484 -0.1913498
v 0.4904798 -0.3528260 -0.1910038
v 0.4985621 -0.4033241 -0.1493625
v 0.4988031 -0.4835203 -0.1474717
v 0.4900399 -0.4795772 -0.1700597
v 0.4990360 -0.4860110 -0.2633497
v 0.4108160 0.3500382 -0.4660152
v 0.4547923 -0.4869322 -0.4956274
v 0.4095943 -0.4529306 -0.4643824
v 0.3993253 -0.4585787 -0.4310166
v 0.4166657 -0.4567548 -0.4359314
v 0.4210441 -0.3503651 -0.4553943
v 0.4213730 -0.4527635 -0.4556019
v 0.4210441 -0.3503651 -0.4553943
v 0.4166657 -0.4567548 -0.4359314
v 0.4213730 -0.4527635 -0.4556019
v 0.4280411 -0.4524143 -0.4554448
v 0.4397065 -0.4538240 -0.4661647
v 0.4547923 -0.4869322 -0.4956274
v 0.4504301 0.4324483 -0.4956930
v 0.4547923 -0.4869322 -0.4956274
v 0.4397065 -0.4538240 -0.4661647
v 0.4519133 0.4274911 -0.4948757
v 0.4545421 -0.4314714 -0.4560078
v 0.4552355 -0.2199959 -0.4570270
v 0.4466453 -0.4603970 -0.4270929
v 0.4617386 -0.1128782 -0.4571635
v 0.4552355 -0.2199959 -0.4570270
v 0.4621667 -0.4521691 -0.4552223
v 0.4545421 -0.4314714 -0.4560078
v 0.4682310 -0.4586548 -0.4296757
v 0.4682876 0.0622463 -0.4298066
v 0.4621667 -0.4521691 -0.4552223
v 0.4750371 0.4282043 -0.4952030
v 0.4671948 -0.4837190 -0.4938526
v 0.4682876 0.0622463 -0.4298066
v 0.4682310 -0.4586548 -0.4296757
v 0.4722519 -0.3151657 -0.4314449
v 0.4735200 -0.2877148 -0.4431840
v 0.4732536 -0.1030159 -0.4420862
v 0.4722519 -0.3151657 -0.4314449
v 0.4737976 -0.4690557 -0.4442630
v 0.4766168 -0.3387533 -0.4724728
v 0.4726261 -0.4763641 -0.4733536
v 0.4728849 -0.2129958 -0.4718014
v 0.4735200 -0.2877148 -0.4431840
v 0.4769640 -0.2879358 -0.4434271
v 0.4766098 -0.2503070 -0.4445660
v 0.4732536 -0.1030159 -0.4420862
v 0.4768821 -0.3537918 -0.4440985
v 0.4737976 -0.4690557 -0.4442630
v 0.4773484 -0.2765933 -0.4257913
v 0.4769198 -0.1060582 -0.4278934
v 0.4766098 -0.2503070 -0.4445660
v 0.4769640 -0.2879358 -0.4434271
v 0.4768821 -0.3537918 -0.4440985
v 0.4768907 -0.2972762 -0.4288809
v 0.4777091 -0.4785334 -0.4964858
v 0.4766168 -0.3387533 -0.4724728
v 0.4728849 -0.2129958 -0.4718014
v 0.4773484 -0.2765933 -0.4257913
v 0.4770508 -0.2396684 -0.4412764
v 0.4766098 -0.2503070 -0.4445660
v 0.4769214 -0.3544363 -0.4279196
v 0.4770508 -0.2396684 -0.4412764
v 0.4773484 -0.2765933 -0.4257913
v 0.4766098 -0.2503070 -0.4445660
v 0.4782628 -0.4285573 -0.4241063
v 0.4783717 -0.4585397 -0.3229616
v 0.4782380 -0.4137398 -0.2925937
v 0.4780520 -0.1279111 -0.3172482
v 0.4773484 -0.2765933 -0.4257913
v 0.4826628 -0.3283766 -0.4214899
v 0.4823770 -0.1787621 -0.4228103
v 0.4821279 -0.3026252 -0.4139568
v 0.4821786 -0.3783360 -0.4139531
v 0.4784505 -0.2858166 -0.4004822
v 0.4784505 -0.2858166 -0.4004822
v 0.4826628 -0.3283766 -0.4214899
v 0.4821279 -0.3026252 -0.4139568
v 0.4821797 -0.2192270 -0.4141981
v 0.4826628 -0.3283766 -0.4214899
v 0.4784505 -0.2858166 -0.4004822
v 0.4826628 -0.3283766 -0.4214899
v 0.4821797 -0.2192270 -0.4141981
v 0.4823770 -0.1787621 -0.4228103
v 0.4826628 -0.3283766 -0.4214899
v 0.4848334 -0.4492569 -0.3382596
v 0.4783717 -0.4585397 -0.3229616
v 0.4780520 -0.1279111 -0.3172482
v 0.4801056 -0.4400763 -0.3835889
v 0.4876741 -0.3478485 -0.3667106
v 0.4875360 -0.2553570 -0.3686518
v 0.4874169 -0.1365160 -0.3694560
v 0.4874843 -0.4532018 -0.3455383
v 0.4876601 -0.1353515 -0.3486784
v 0.4876741 -0.3478485 -0.3667106
v 0.4874843 -0.4532018 -0.3455383
v 0.4875360 -0.2553570 -0.3686518
v 0.4876601 -0.1353515 -0.3486784
v 0.4993131 0.4283585 -0.4979222
v 0.4973884 -0.4792708 -0.4972938
v 0.4777091 -0.4785334 -0.4964858
v 0.4973884 -0.4792708 -0.4972938
v 0.4984526 -0.2265745 -0.4242241
v 0.4992608 -0.2774383 -0.4879054
v 0.4992608 -0.2774383 -0.4879054
v 0.4984526 -0.2265745 -0.4242241
v 0.4976822 -0.3928787 -0.4234686
v 0.4210441 -0.3503651 -0.4553943
v 0.4547923 -0.4869322 -0.4956274
v 0.4782628 -0.4285573 -0.4241063
v 0.4848334 -0.4492569 -0.3382596
v 0.4466453 -0.4603970 -0.4270929
v 0.4550694 -0.4529009 -0.4558712
v 0.4545421 -0.4314714 -0.4560078
v 0.4545421 -0.4314714 -0.4560078
v 0.4550694 -0.4529009 -0.4558712
v 0.4621667 -0.4521691 -0.4552223
v 0.4780261 -0.4609634 -0.2705368
v 0.4797336 -0.3031953 -0.2703759
v 0.4782380 -0.4137398 -0.2925937
v 0.4726261 -0.4763641 -0.4733536
v 0.4671948 -0.4837190 -0.4938526
v 0.4728849 -0.2129958 -0.4718014
v 0.4722519 -0.3151657 -0.4314449
v 0.4682310 -0.4586548 -0.4296757
v 0.4737976 -0.4690557 -0.4442630
v 0.4766168 -0.3387533 -0.4724728
v 0.4767376 -0.3988684 -0.4727720
v 0.4726261 -0.4763641 -0.4733536
v 0.4737976 -0.4690557 -0.4442630
v 0.4769338 -0.4108424 -0.4443491
v 0.4768821 -0.3537918 -0.4440985
v 0.4767376 -0.3988684 -0.4727720
v 0.4766168 -0.3387533 -0.4724728
v 0.4769371 -0.3714770 -0.4742794
v 0.4769214 -0.3544363 -0.4279196
v 0.4769338 -0.4108424 -0.4443491
v 0.4769165 -0.4431501 -0.4277662
v 0.4766562 -0.4799208 -0.4447568
v 0.4773468 -0.4645889 -0.4237229
v 0.4768821 -0.3537918 -0.4440985
v 0.4769165 -0.4431501 -0.4277662
v 0.4782628 -0.4285573 -0.4241063
v 0.4777404 -0.4624251 -0.3197056
v 0.4773468 -0.4645889 -0.4237229
v 0.4817290 -0.4614816 -0.4225541
v 0.4780261 -0.4609634 -0.2705368
v 0.4782380 -0.4137398 -0.2925937
v 0.4783717 -0.4585397 -0.3229616
v 0.4783367 -0.4602670 -0.4015052
v 0.4801056 -0.4400763 -0.3835889
v 0.4784505 -0.2858166 -0.4004822
v 0.4876741 -0.3478485 -0.3667106
v 0.4801056 -0.4400763 -0.3835889
v 0.4872293 -0.3771046 -0.3700395
v 0.4795142 -0.4576742 -0.3839536
v 0.4826628 -0.3283766 -0.4214899
v 0.4795142 -0.4576742 -0.3839536
v 0.4870153 -0.4542493 -0.3685041
v 0.4783367 -0.4602670 -0.4015052
v 0.4784505 -0.2858166 -0.4004822
v 0.4821786 -0.3783360 -0.4139531
v 0.4817290 -0.4614816 -0.4225541
v 0.4826628 -0.3283766 -0.4214899
v 0.4872293 -0.3771046 -0.3700395
v 0.4870153 -0.4542493 -0.3685041
v 0.4874843 -0.4532018 -0.3455383
v 0.4876741 -0.3478485 -0.3667106
v 0.4905084 -0.4797760 -0.2863192
v 0.4904491 -0.4802514 -0.3082358
v 0.4905645 -0.4123840 -0.3089614
v 0.4904491 -0.4802514 -0.3082358
v 0.4928024 -0.4811021 -0.3144354
v 0.4905645 -0.4123840 -0.3089614
v 0.4905645 -0.4123840 -0.3089614
v 0.4991287 -0.4901732 -0.3301861
v 0.4905084 -0.4797760 -0.2863192
v 0.4921662 -0.4777979 -0.4040150
v 0.4907192 -0.4705471 -0.4162777
v 0.4907807 -0.4185056 -0.4212861
v 0.4910626 -0.4610061 -0.4226401
v 0.4907807 -0.4185056 -0.4212861
v 0.4910626 -0.4610061 -0.4226401
v 0.4976822 -0.3928787 -0.4234686
v 0.4907807 -0.4185056 -0.4212861
v 0.4976822 -0.3928787 -0.4234686
v 0.4921662 -0.4777979 -0.4040150
v 0.4907807 -0.4185056 -0.4212861
v 0.4921662 -0.4777979 -0.4040150
v 0.4976822 -0.3928787 -0.4234686
v 0.4984526 -0.2265745 -0.4242241
v 0.4982791 -0.4797927 -0.4233994
v 0.4988187 -0.4185725 -0.4253051
v 0.4973366 -0.4832788 -0.3228456
v 0.4991287 -0.4901732 -0.3301861
v 0.4905645 -0.4123840 -0.3089614
v 0.4973366 -0.4832788 -0.3228456
v 0.4988187 -0.4185725 -0.4253051
v 0.4990727 -0.4791371 -0.4258643
v 0.4992295 -0.4507111 -0.4287668
v 0.4992608 -0.2774383 -0.4879054
v 0.4976822 -0.3928787 -0.4234686
v 0.4769214 -0.3544363 -0.4279196
v 0.4907192 -0.4705471 -0.4162777
v 0.4737976 -0.4690557 -0.4442630
v 0.4766562 -0.4799208 -0.4447568
v 0.4726261 -0.4763641 -0.4733536
v 0.4767376 -0.3988684 -0.4727720
v 0.4769344 -0.4151514 -0.4732975
v 0.4769338 -0.4108424 -0.4443491
v 0.4765079 -0.4780227 -0.4731591
v 0.4765079 -0.4780227 -0.4731591
v 0.4768702 -0.4710783 -0.4937012
v 0.4769344 -0.4151514 -0.4732975
v 0.4768702 -0.4710783 -0.4937012
v 0.4769344 -0.4151514 -0.4732975
v 0.4777091 -0.4785334 -0.4964858
v 0.4769371 -0.3714770 -0.4742794
v 0.4766168 -0.3387533 -0.4724728
v 0.4777091 -0.4785334 -0.4964858
v 0.4769344 -0.4151514 -0.4732975
v 0.4767376 -0.3988684 -0.4727720
v 0.4988187 -0.4185725 -0.4253051
v 0.4990727 -0.4791371 -0.4258643
v 0.4973884 -0.4792708 -0.4972938
v 0.4992608 -0.2774383 -0.4879054
v 0.4994404 -0.4799171 -0.4877315
v 0.4990727 -0.4791371 -0.4258643
v 0.4994404 -0.4799171 -0.4877315
v 0.4992608 -0.2774383 -0.4879054
v 0.4982791 -0.4797927 -0.4233994
v 0.2923991 0.2876089 -0.4259354
v 0.2925480 -0.2175666 -0.4258007
v 0.3056082 -0.1863844 -0.4258624
v 0.3128623 0.3285771 -0.4556842
v 0.3134317 -0.4338358 -0.4565838
v 0.3210832 -0.4524849 -0.4553962
v 0.3128623 0.3285771 -0.4556842
v 0.3134317 -0.4338358 -0.4565838
v 0.3147283 -0.4522787 -0.4571000
v 0.3103456 0.4292574 -0.4952329
v 0.3255112 -0.4839790 -0.4939312
v 0.3099310 -0.4839957 -0.4944548
v 0.3282187 -0.4626610 -0.4268106
v 0.3210832 -0.4524849 -0.4553962
v 0.3282187 -0.4626610 -0.4268106
v 0.3273723 0.2045970 -0.4293896
v 0.3429233 -0.4615503 -0.4280860
v 0.3387509 -0.4547972 -0.4652483
v 0.3255112 -0.4839790 -0.4939312
v 0.3318607 0.4229742 -0.4671448
v 0.3273723 0.2045970 -0.4293896
v 0.3417135 -0.2762571 -0.4260363
v 0.3429233 -0.4615503 -0.4280860
v 0.3493628 -0.2703899 -0.4555795
v 0.3417135 -0.2762571 -0.4260363
v 0.3416445 0.0599674 -0.4258661
v 0.3492415 -0.4540859 -0.4535485
v 0.3390916 0.3863520 -0.4660825
v 0.3629600 -0.4821329 -0.4924949
v 0.3492415 -0.4540859 -0.4535485
v 0.3575039 -0.4527021 -0.4555047
v 0.3493628 -0.2703899 -0.4555795
v 0.3582797 -0.2102191 -0.4541918
v 0.3629600 -0.4821329 -0.4924949
v 0.3680587 -0.3001698 -0.4665163
v 0.3664289 -0.4764663 -0.4771632
v 0.3680835 0.1848539 -0.4665836
v 0.3616100 0.0792555 -0.4955208
v 0.3428657 -0.4676014 -0.4249497
v 0.3778603 0.4304090 -0.4262196
v 0.3582797 -0.2102191 -0.4541918
v 0.3575039 -0.4527021 -0.4555047
v 0.3689322 -0.4572433 -0.4661235
v 0.3680587 -0.3001698 -0.4665163
v 0.3755124 -0.4097355 -0.4670268
v 0.3752169 -0.4532557 -0.4661740
v 0.3680835 0.1848539 -0.4665836
v 0.3753102 -0.3087858 -0.4661927
v 0.3689322 -0.4572433 -0.4661235
v 0.3755027 -0.3442565 -0.4669558
v 0.3755124 -0.4097355 -0.4670268
v 0.3778442 -0.4792467 -0.4810176
v 0.3752169 -0.4532557 -0.4661740
v 0.3958370 -0.4839624 -0.4947466
v 0.3753118 0.0177771 -0.4661890
v 0.3778442 -0.4792467 -0.4810176
v 0.3778603 0.4304090 -0.4262196
v 0.3428657 -0.4676014 -0.4249497
v 0.3853512 -0.4512516 -0.4552036
v 0.3853512 -0.4512516 -0.4552036
v 0.3939495 -0.3625509 -0.4545416
v 0.3928065 0.4220660 -0.4571318
v 0.3932702 -0.4524681 -0.4554355
v 0.3928065 0.4220660 -0.4571318
v 0.3939495 -0.3625509 -0.4545416
v 0.3993253 -0.4585787 -0.4310166
v 0.3932702 -0.4524681 -0.4554355
v 0.4044881 0.2342264 -0.4657757
v 0.4095943 -0.4529306 -0.4643824
v 0.3958370 -0.4839624 -0.4947466
v 0.4013519 -0.4802050 -0.4816554
v 0.4042562 -0.3963927 -0.4662003
v 0.4032524 -0.4576352 -0.4699275
v 0.4051242 -0.4551612 -0.4647695
v 0.3958370 -0.4839624 -0.4947466
v 0.3958370 -0.4839624 -0.4947466
v 0.4095943 -0.4529306 -0.4643824
v 0.4042562 -0.3963927 -0.4662003
v 0.4051242 -0.4551612 -0.4647695
v 0.4042562 -0.3963927 -0.4662003
v 0.4095943 -0.4529306 -0.4643824
v 0.3993253 -0.4585787 -0.4310166
v 0.4210441 -0.3503651 -0.4553943
v 0.4145582 0.4265569 -0.4274091
v 0.3056082 -0.1863844 -0.4258624
v 0.3387509 -0.4547972 -0.4652483
v 0.0193733 -0.4522917 -0.4552822
v 0.0131289 -0.4325041 -0.4288790
v 0.0151124 -0.4560880 -0.4372181
v 0.0567408 -0.4523512 -0.4553027
v 0.0570276 -0.3113991 -0.4561200
v 0.0682811 -0.4554547 -0.4404554
v 0.0570276 -0.3113991 -0.4561200
v -0.0837276 -0.4795345 -0.4261036
v 0.0682811 -0.4554547 -0.4404554
v 0.0646732 -0.4522694 -0.4552765
v 0.0643982 -0.2700315 -0.4559180
v 0.0567408 -0.4523512 -0.4553027
v -0.0837276 -0.4795345 -0.4261036
v 0.0643982 -0.2700315 -0.4559180
v 0.0646732 -0.4522694 -0.4552765
v 0.1009624 -0.4523902 -0.4553158
v 0.1011716 -0.4313767 -0.4556262
v 0.0933588 -0.4525294 -0.4554935
v 0.1064756 -0.4581236 -0.4323968
v 0.1011716 -0.4313767 -0.4556262
v 0.1009624 -0.4523902 -0.4553158
v 0.1064756 -0.4581236 -0.4323968
v -0.0837276 -0.4795345 -0.4261036
v 0.1011716 -0.4313767 -0.4556262
v 0.1212568 -0.2881048 -0.4255164
v -0.0837276 -0.4795345 -0.4261036
v 0.1869223 -0.4812395 -0.4240726
v 0.1869223 -0.4812395 -0.4240726
v 0.1293704 -0.4524719 -0.4553719
v 0.1212568 -0.2881048 -0.4255164
v 0.1676565 -0.4511996 -0.4565912
v 0.1588588 -0.4274169 -0.4261223
v 0.1607819 -0.4586641 -0.4322939
v 0.1588588 -0.4274169 -0.4261223
v 0.1869223 -0.4812395 -0.4240726
v 0.1607819 -0.4586641 -0.4322939
v 0.1493062 -0.4866758 -0.4954479
v 0.1791796 -0.4821608 -0.4927754
v 0.1783359 -0.2046026 -0.4948682
v 0.1854995 -0.4547285 -0.4650800
v 0.1791796 -0.4821608 -0.4927754
v 0.1783359 -0.2046026 -0.4948682
v 0.2222518 -0.4529845 -0.4665069
v 0.2158613 -0.4870956 -0.4953843
v 0.2225235 -0.2681370 -0.4659908
v 0.2222518 -0.4529845 -0.4665069
v 0.2300839 -0.2191285 -0.4660076
v 0.2301066 -0.4563091 -0.4659122
v 0.2301066 -0.4563091 -0.4659122
v 0.2360819 -0.4822016 -0.4921956
v 0.2413078 -0.4526891 -0.4555533
v 0.2489577 -0.4523158 -0.4553027
v 0.2486741 -0.2077860 -0.4559218
v 0.2564922 -0.4599921 -0.4276334
v 0.2486741 -0.2077860 -0.4559218
v 0.2489577 -0.4523158 -0.4553027
v 0.2600986 -0.4575014 -0.4659608
v 0.2659456 -0.4562069 -0.4659795
v 0.2664604 -0.2635310 -0.4660506
v 0.2564922 -0.4599921 -0.4276334
v 0.2692866 -0.4540840 -0.4258811
v 0.2560242 -0.2890855 -0.4269396
v 0.2892198 -0.4834330 -0.4933439
v 0.2692866 -0.4540840 -0.4258811
v 0.2781631 -0.4529213 -0.4558562
v 0.2771916 -0.2260098 -0.4558918
v 0.2781631 -0.4529213 -0.4558562
v 0.2851951 -0.4494593 -0.4550409
v 0.2771916 -0.2260098 -0.4558918
v 0.2851951 -0.4494593 -0.4550409
v 0.2879156 -0.4540097 -0.4442612
v 0.2925480 -0.2175666 -0.4258007
v 0.2924967 -0.4680137 -0.4248132
v 0.3053936 -0.4621670 -0.4270798
v 0.2925480 -0.2175666 -0.4258007
v 0.3076472 -0.4591526 -0.4313027
v 0.3056082 -0.1863844 -0.4258624
v 0.3134317 -0.4338358 -0.4565838
v 0.3118466 -0.4545650 -0.4489385
v 0.3147283 -0.4522787 -0.4571000
v 0.2300839 -0.2191285 -0.4660076
v 0.2924967 -0.4680137 -0.4248132
v 0.3053936 -0.4621670 -0.4270798
v 0.1416704 -0.4819379 -0.4935384
v 0.1485423 0.4154281 -0.4658730
v 0.1491688 -0.4567678 -0.4653811
v 0.1292647 0.4222889 -0.4556693
v 0.1452147 -0.0083625 -0.4258269
v 0.1966004 0.4281895 -0.4271978
v 0.1378225 -0.4512776 -0.4551999
v 0.1869223 -0.4812395 -0.4240726
v 0.1452147 -0.0083625 -0.4258269
v 0.1869223 -0.4812395 -0.4240726
v 0.1588588 -0.4274169 -0.4261223
v 0.1558903 -0.4529752 -0.4659813
v 0.1485423 0.4154281 -0.4658730
v 0.1563210 0.4222499 -0.4660712
v 0.1491688 -0.4567678 -0.4653811
v 0.1777768 0.4341792 -0.4960988
v 0.1588588 -0.4274169 -0.4261223
v 0.1493062 -0.4866758 -0.4954479
v 0.1558903 -0.4529752 -0.4659813
v 0.1777768 0.4341792 -0.4960988
v 0.1966004 0.4281895 -0.4271978
v 0.1588588 -0.4274169 -0.4261223
v 0.1662337 0.4221570 -0.4554430
v 0.1676565 -0.4511996 -0.4565912
v 0.1662337 0.4221570 -0.4554430
v 0.1588588 -0.4274169 -0.4261223
v 0.1966004 0.4281895 -0.4271978
v 0.1662337 0.4221570 -0.4554430
v 0.1607517 0.4262337 -0.4303771
v 0.1966004 0.4281895 -0.4271978
v 0.1607517 0.4262337 -0.4303771
v 0.1747808 0.4210983 -0.4553588
v 0.1662337 0.4221570 -0.4554430
v 0.1738901 0.1306153 -0.4567409
v 0.1747808 0.4210983 -0.4553588
v 0.1662337 0.4221570 -0.4554430
v 0.1676565 -0.4511996 -0.4565912
v 0.1966004 0.4281895 -0.4271978
v 0.1819061 -0.0627609 -0.4260663
v 0.1676565 -0.4511996 -0.4565912
v 0.1807000 -0.4603617 -0.4288827
v 0.1783359 -0.2046026 -0.4948682
v 0.1493062 -0.4866758 -0.4954479
v 0.1777768 0.4341792 -0.4960988
v 0.2008629 0.4293076 -0.4952011
v 0.1777768 0.4341792 -0.4960988
v 0.1196049 0.4751289 -0.4952610
v 0.1959157 -0.4675643 -0.4249236
v 0.1819061 -0.0627609 -0.4260663
v 0.1807000 -0.4603617 -0.4288827
v 0.1777768 0.4341792 -0.4960988
v 0.1965341 0.4241072 -0.4836584
v 0.1845959 0.4225155 -0.4676534
v 0.1854995 -0.4547285 -0.4650800
v 0.1783359 -0.2046026 -0.4948682
v 0.1777768 0.4341792 -0.4960988
v 0.1845959 0.4225155 -0.4676534
v 0.1915594 0.4220214 -0.4643675
v 0.1854995 -0.4547285 -0.4650800
v 0.1845959 0.4225155 -0.4676534
v 0.1923401 0.1727592 -0.4651529
v 0.1920781 -0.4539855 -0.4643824
v 0.1915594 0.4220214 -0.4643675
v 0.1937834 0.4223724 -0.4694806
v 0.1923401 0.1727592 -0.4651529
v 0.2008629 0.4293076 -0.4952011
v 0.1999189 -0.4840385 -0.4944361
v 0.1937834 0.4223724 -0.4694806
v 0.1966004 0.4281895 -0.4271978
v 0.2008629 0.4293076 -0.4952011
v 0.1915594 0.4220214 -0.4643675
v 0.1920781 -0.4539855 -0.4643824
v 0.2024792 -0.4531405 -0.4520074
v 0.2039328 0.1036121 -0.4566511
v 0.1959157 -0.4675643 -0.4249236
v 0.2008629 0.4293076 -0.4952011
v 0.1937834 0.4223724 -0.4694806
v 0.1965341 0.4241072 -0.4836584
v 0.2158613 -0.4870956 -0.4953843
v 0.1999189 -0.4840385 -0.4944361
v 0.2036804 0.4220196 -0.4571206
v 0.1966004 0.4281895 -0.4271978
v 0.2147857 0.4163232 -0.4952946
v 0.2118231 0.4224449 -0.4556450
v 0.2036804 0.4220196 -0.4571206
v 0.2039328 0.1036121 -0.4566511
v 0.2115153 -0.4521710 -0.4553476
v 0.1966004 0.4281895 -0.4271978
v 0.2036804 0.4220196 -0.4571206
v 0.2118231 0.4224449 -0.4556450
v 0.2024792 -0.4531405 -0.4520074
v 0.2194547 -0.4534265 -0.4257708
v 0.1966004 0.4281895 -0.4271978
v 0.2118231 0.4224449 -0.4556450
v 0.4758663 0.4809479 -0.4260065
v 0.1196049 0.4751289 -0.4952610
v 0.0141026 0.4742059 -0.4257596
v 0.2729005 0.4282805 -0.4940678
v 0.2224761 0.1750975 -0.4659833
v 0.2729005 0.4282805 -0.4940678
v 0.2226200 0.4219639 -0.4662190
v 0.2194547 -0.4534265 -0.4257708
v 0.2118231 0.4224449 -0.4556450
v 0.2115153 -0.4521710 -0.4553476
v 0.2225235 -0.2681370 -0.4659908
v 0.2158613 -0.4870956 -0.4953843
v 0.2224761 0.1750975 -0.4659833
v 0.2194547 -0.4534265 -0.4257708
v 0.2335042 -0.4529585 -0.4275250
v 0.2331085 0.1107106 -0.4263094
v 0.2158613 -0.4870956 -0.4953843
v 0.2225235 -0.2681370 -0.4659908
v 0.2300839 -0.2191285 -0.4660076
v 0.2222518 -0.4529845 -0.4665069
v 0.2226200 0.4219639 -0.4662190
v 0.2305336 0.4220530 -0.4661610
v 0.2297243 0.3249647 -0.4655027
v 0.1966004 0.4281895 -0.4271978
v 0.4758663 0.4809479 -0.4260065
v 0.0141026 0.4742059 -0.4257596
v 0.1966004 0.4281895 -0.4271978
v 0.2224761 0.1750975 -0.4659833
v 0.2300747 0.1113235 -0.4660712
v 0.2226200 0.4219639 -0.4662190
v 0.2729005 0.4282805 -0.4940678
v 0.2305336 0.4220530 -0.4661610
v 0.2360819 -0.4822016 -0.4921956
v 0.2729005 0.4282805 -0.4940678
v 0.2529037 0.4241462 -0.4361540
v 0.2407757 0.4209572 -0.4559480
v 0.2529037 0.4241462 -0.4361540
v 0.2331085 0.1107106 -0.4263094
v 0.2523015 -0.4866164 -0.4953768
v 0.2413078 -0.4526891 -0.4555533
v 0.2407757 0.4209572 -0.4559480
v 0.2335042 -0.4529585 -0.4275250
v 0.2331085 0.1107106 -0.4263094
v 0.2407757 0.4209572 -0.4559480
v 0.2490413 0.4222499 -0.4554767
v 0.2529037 0.4241462 -0.4361540
v 0.2413078 -0.4526891 -0.4555533
v 0.2486741 -0.2077860 -0.4559218
v 0.2407757 0.4209572 -0.4559480
v 0.2486741 -0.2077860 -0.4559218
v 0.2560242 -0.2890855 -0.4269396
v 0.2557013 0.3735497 -0.4276335
v 0.2490413 0.4222499 -0.4554767
v 0.2564922 -0.4599921 -0.4276334
v 0.2490413 0.4222499 -0.4554767
v 0.2557013 0.3735497 -0.4276335
v 0.1966004 0.4281895 -0.4271978
v 0.2490413 0.4222499 -0.4554767
v 0.1966004 0.4281895 -0.4271978
v 0.2529037 0.4241462 -0.4361540
v 0.2490413 0.4222499 -0.4554767
v 0.1966004 0.4281895 -0.4271978
v 0.2557013 0.3735497 -0.4276335
v 0.2700069 0.2765951 -0.4260252
v 0.2602630 0.3130761 -0.4646275
v 0.2729005 0.4282805 -0.4940678
v 0.2572702 0.4239511 -0.4766266
v 0.2594090 0.4221719 -0.4660900
v 0.2602630 0.3130761 -0.4646275
v 0.2572702 0.4239511 -0.4766266
v 0.2600986 -0.4575014 -0.4659608
v 0.2523015 -0.4866164 -0.4953768
v 0.2602630 0.3130761 -0.4646275
v 0.2523015 -0.4866164 -0.4953768
v 0.2594090 0.4221719 -0.4660900
v 0.2669235 0.4214029 -0.4664827
v 0.2602630 0.3130761 -0.4646275
v 0.2729005 0.4282805 -0.4940678
v 0.2594090 0.4221719 -0.4660900
v 0.2572702 0.4239511 -0.4766266
v 0.2664604 -0.2635310 -0.4660506
v 0.2692866 -0.4540840 -0.4258811
v 0.2700032 0.0700210 -0.4260326
v 0.2560242 -0.2890855 -0.4269396
v 0.2669235 0.4214029 -0.4664827
v 0.3273885 0.4715666 -0.4958707
v 0.2600986 -0.4575014 -0.4659608
v 0.2892198 -0.4834330 -0.4933439
v 0.2727970 -0.2079681 -0.4934394
v 0.2700069 0.2765951 -0.4260252
v 0.2557013 0.3735497 -0.4276335
v 0.2669235 0.4214029 -0.4664827
v 0.2729005 0.4282805 -0.4940678
v 0.2778682 0.2951031 -0.4570944
v 0.1966004 0.4281895 -0.4271978
v 0.2700069 0.2765951 -0.4260252
v 0.1966004 0.4281895 -0.4271978
v 0.2778682 0.2951031 -0.4570944
v 0.2744662 0.4227513 -0.4433692
v 0.2700069 0.2765951 -0.4260252
v 0.2778536 -0.1110952 -0.4571037
v 0.2778682 0.2951031 -0.4570944
v 0.1966004 0.4281895 -0.4271978
v 0.2744662 0.4227513 -0.4433692
v 0.2915565 0.4248798 -0.4275980
v 0.2744662 0.4227513 -0.4433692
v 0.2778682 0.2951031 -0.4570944
v 0.2772945 0.4221867 -0.4554374
v 0.2892198 -0.4834330 -0.4933439
v 0.2885389 0.4303569 -0.4951001
v 0.2700032 0.0700210 -0.4260326
v 0.2692866 -0.4540840 -0.4258811
v 0.2771916 -0.2260098 -0.4558918
v 0.2772945 0.4221867 -0.4554374
v 0.2778682 0.2951031 -0.4570944
v 0.2844813 0.4210946 -0.4563538
v 0.2772945 0.4221867 -0.4554374
v 0.2844813 0.4210946 -0.4563538
v 0.2778536 -0.1110952 -0.4571037
v 0.2851951 -0.4494593 -0.4550409
v 0.2771916 -0.2260098 -0.4558918
v 0.2727970 -0.2079681 -0.4934394
v 0.2953294 -0.4575646 -0.4658748
v 0.2892198 -0.4834330 -0.4933439
v 0.2885389 0.4303569 -0.4951001
v 0.2925480 -0.2175666 -0.4258007
v 0.2844813 0.4210946 -0.4563538
v 0.2851951 -0.4494593 -0.4550409
v 0.2951402 0.4223000 -0.4660077
v 0.2953294 -0.4575646 -0.4658748
v 0.3026806 0.4221068 -0.4661517
v 0.3030974 -0.4546505 -0.4677506
v 0.3058147 0.2619447 -0.4259878
v 0.1966004 0.4281895 -0.4271978
v 0.2915565 0.4248798 -0.4275980
v 0.3056082 -0.1863844 -0.4258624
v 0.2925480 -0.2175666 -0.4258007
v 0.3053936 -0.4621670 -0.4270798
v 0.3026806 0.4221068 -0.4661517
v 0.3099310 -0.4839957 -0.4944548
v 0.3030974 -0.4546505 -0.4677506
v 0.1966004 0.4281895 -0.4271978
v 0.3058147 0.2619447 -0.4259878
v 0.3091045 0.4230541 -0.4380018
v 0.3091045 0.4230541 -0.4380018
v 0.3206034 0.4220697 -0.4571654
v 0.1966004 0.4281895 -0.4271978
v 0.1966004 0.4281895 -0.4271978
v 0.3206034 0.4220697 -0.4571654
v 0.3273723 0.2045970 -0.4293896
v 0.1452147 -0.0083625 -0.4258269
v 0.1738901 0.1306153 -0.4567409
v 0.1966004 0.4281895 -0.4271978
v 0.2664604 -0.2635310 -0.4660506
v 0.2729005 0.4282805 -0.4940678
v 0.2744662 0.4227513 -0.4433692
v -0.0160285 0.1757105 -0.4554748
v -0.0079559 -0.4523437 -0.4554224
v -0.0087867 0.3160552 -0.4561762
v -0.0124421 0.4223223 -0.4557591
v -0.0008111 0.4285832 -0.4263188
v -0.0201998 0.4228591 -0.4377586
v -0.0008111 0.4285832 -0.4263188
v 0.0117169 0.4293744 -0.4259522
v 0.0141026 0.4742059 -0.4257596
v -0.0124421 0.4223223 -0.4557591
v -0.0079322 0.4221589 -0.4554486
v -0.0079322 0.4221589 -0.4554486
v -0.0008111 0.4285832 -0.4263188
v -0.0079322 0.4221589 -0.4554486
v -0.0087867 0.3160552 -0.4561762
v 0.1493062 -0.4866758 -0.4954479
v -0.0045711 0.4283492 -0.4946681
v 0.0019875 -0.4576946 -0.4679825
v 0.1493062 -0.4866758 -0.4954479
v -0.0410943 -0.4839716 -0.4946175
v -0.0045711 0.4283492 -0.4946681
v -0.0079559 -0.4523437 -0.4554224
v -0.0045711 0.4283492 -0.4946681
v -0.0588321 0.4792076 -0.4905257
v 0.0318038 0.4281932 -0.4941950
v 0.0131289 -0.4325041 -0.4288790
v -0.0045711 0.4283492 -0.4946681
v 0.0318038 0.4281932 -0.4941950
v -0.0017741 0.4241072 -0.4859176
v 0.0019875 -0.4576946 -0.4679825
v -0.0045711 0.4283492 -0.4946681
v 0.0022571 0.1371585 -0.4669221
v 0.0022571 0.1371585 -0.4669221
v 0.0024841 0.4216518 -0.4661479
v 0.0089118 0.2197655 -0.4660619
v 0.0024841 0.4216518 -0.4661479
v 0.0024841 0.4216518 -0.4661479
v -0.0045711 0.4283492 -0.4946681
v -0.0017741 0.4241072 -0.4859176
v 0.0085791 -0.2043333 -0.4658150
v 0.0019875 -0.4576946 -0.4679825
v 0.0089570 -0.4532111 -0.4659458
v 0.0089587 0.4222368 -0.4660469
v 0.0089587 0.4222368 -0.4660469
v 0.0024841 0.4216518 -0.4661479
v -0.0209961 0.4340641 -0.4253856
v 0.1493062 -0.4866758 -0.4954479
v 0.0318038 0.4281932 -0.4941950
v 0.0117169 0.4293744 -0.4259522
v 0.0131289 -0.4325041 -0.4288790
v 0.0193663 0.4206117 -0.4558021
v 0.0193733 -0.4522917 -0.4552822
v 0.0279290 0.4224022 -0.4555365
v 0.0319197 0.4234962 -0.4366870
v 0.0117169 0.4293744 -0.4259522
v 0.0193663 0.4206117 -0.4558021
v 0.0193663 0.4206117 -0.4558021
v 0.0275656 -0.1955279 -0.4551999
v 0.0279290 0.4224022 -0.4555365
v 0.0193733 -0.4522917 -0.4552822
v 0.0268636 -0.4526130 -0.4554523
v 0.0345060 0.4306875 -0.4258793
v 0.0275656 -0.1955279 -0.4551999
v 0.0268636 -0.4526130 -0.4554523
v 0.0289587 -0.4542066 -0.4501616
v 0.0275656 -0.1955279 -0.4551999
v 0.0289587 -0.4542066 -0.4501616
v -0.0837276 -0.4795345 -0.4261036
v 0.0345060 0.4306875 -0.4258793
v 0.1493062 -0.4866758 -0.4954479
v 0.0318038 0.4281932 -0.4941950
v 0.0318501 -0.4835444 -0.4939237
v 0.0385975 -0.0380217 -0.4653718
v 0.0318501 -0.4835444 -0.4939237
v 0.0318038 0.4281932 -0.4941950
v 0.0343938 0.1939807 -0.4274783
v 0.0345060 0.4306875 -0.4258793
v 0.0319197 0.4234962 -0.4366870
v 0.0386935 0.4224059 -0.4659459
v 0.0318038 0.4281932 -0.4941950
v 0.0338865 0.4243894 -0.4872660
v 0.0279290 0.4224022 -0.4555365
v 0.0386935 0.4224059 -0.4659459
v 0.0385215 0.1777906 -0.4659609
v 0.0279290 0.4224022 -0.4555365
v 0.0343938 0.1939807 -0.4274783
v 0.0279290 0.4224022 -0.4555365
v -0.0837276 -0.4795345 -0.4261036
v 0.0338865 0.4243894 -0.4872660
v 0.0318038 0.4281932 -0.4941950
v 0.0501956 0.4245195 -0.4872005
v 0.0386935 0.4224059 -0.4659459
v 0.0385075 -0.4539484 -0.4658991
v 0.0479371 -0.0712153 -0.4254772
v 0.0487135 0.4299112 -0.4260663
v 0.0385075 -0.4539484 -0.4658991
v 0.0385975 -0.0380217 -0.4653718
v 0.0457719 -0.4531925 -0.4659851
v 0.0457972 0.4222926 -0.4660507
v 0.0457972 0.4222926 -0.4660507
v 0.0385215 0.1777906 -0.4659609
v 0.0386935 0.4224059 -0.4659459
v 0.0528659 0.4311890 -0.4954499
v 0.1196049 0.4751289 -0.4952610
v -0.0588321 0.4792076 -0.4905257
v 0.0141026 0.4742059 -0.4257596
v 0.1196049 0.4751289 -0.4952610
v 0.0487135 0.4299112 -0.4260663
v 0.0479371 -0.0712153 -0.4254772
v 0.0561725 0.4221681 -0.4554131
v 0.0528659 0.4311890 -0.4954499
v 0.0457972 0.4222926 -0.4660507
v 0.0501956 0.4245195 -0.4872005
v 0.0528659 0.4311890 -0.4954499
v 0.0318501 -0.4835444 -0.4939237
v 0.0457972 0.4222926 -0.4660507
v 0.0318501 -0.4835444 -0.4939237
v 0.0457719 -0.4531925 -0.4659851
v 0.0457972 0.4222926 -0.4660507
v 0.0570276 -0.3113991 -0.4561200
v 0.0318501 -0.4835444 -0.4939237
v 0.0680876 -0.1165891 -0.4949505
v 0.1493062 -0.4866758 -0.4954479
v 0.0487135 0.4299112 -0.4260663
v 0.0647783 0.4223242 -0.4555982
v 0.0723894 0.4266851 -0.4263636
v 0.0528659 0.4311890 -0.4954499
v 0.0570276 -0.3113991 -0.4561200
v 0.0561725 0.4221681 -0.4554131
v 0.0570276 -0.3113991 -0.4561200
v 0.0643982 -0.2700315 -0.4559180
v 0.0561725 0.4221681 -0.4554131
v 0.0646732 0.3020623 -0.4552765
v 0.0647783 0.4223242 -0.4555982
v 0.0561725 0.4221681 -0.4554131
v 0.0528659 0.4311890 -0.4954499
v 0.0567408 -0.4523512 -0.4553027
v 0.0720697 0.3638472 -0.4259990
v 0.0720697 0.3638472 -0.4259990
v 0.0646732 0.3020623 -0.4552765
v 0.0561725 0.4221681 -0.4554131
v 0.0647783 0.4223242 -0.4555982
v 0.0646732 0.3020623 -0.4552765
v 0.0720697 0.3638472 -0.4259990
v 0.0723894 0.4266851 -0.4263636
v 0.0723894 0.4266851 -0.4263636
v 0.0859521 0.4278069 -0.4263898
v 0.0724854 0.4239679 -0.4784182
v 0.0857941 0.2024945 -0.4259447
v 0.0720697 0.3638472 -0.4259990
v 0.0751805 -0.4577132 -0.4660394
v 0.0680876 -0.1165891 -0.4949505
v 0.0751385 0.4222220 -0.4660993
v 0.0724854 0.4239679 -0.4784182
v 0.0751805 -0.4577132 -0.4660394
v 0.1493062 -0.4866758 -0.4954479
v 0.0680876 -0.1165891 -0.4949505
v 0.0751385 0.4222220 -0.4660993
v 0.0826730 0.4223093 -0.4659665
v 0.0751805 -0.4577132 -0.4660394
v 0.0724854 0.4239679 -0.4784182
v 0.0528659 0.4311890 -0.4954499
v 0.0868659 0.4240292 -0.4859812
v 0.0751385 0.4222220 -0.4660993
v 0.0826730 0.4223093 -0.4659665
v 0.1049423 0.4283492 -0.4943334
v 0.1493062 -0.4866758 -0.4954479
v 0.0825684 -0.4558744 -0.4662058
v -0.0837276 -0.4795345 -0.4261036
v 0.0720697 0.3638472 -0.4259990
v 0.0643982 -0.2700315 -0.4559180
v -0.0837276 -0.4795345 -0.4261036
v 0.0864972 -0.4486421 -0.4276129
v 0.0859521 0.4278069 -0.4263898
v 0.0857941 0.2024945 -0.4259447
v 0.0881669 0.4253256 -0.4314412
v 0.0941384 0.4220196 -0.4571056
v 0.0826730 0.4223093 -0.4659665
v 0.0868659 0.4240292 -0.4859812
v 0.1493062 -0.4866758 -0.4954479
v 0.0864972 -0.4486421 -0.4276129
v 0.0933588 -0.4525294 -0.4554935
v 0.0868659 0.4240292 -0.4859812
v 0.1049423 0.4283492 -0.4943334
v 0.1493062 -0.4866758 -0.4954479
v 0.0881669 0.4253256 -0.4314412
v 0.0941384 0.4220196 -0.4571056
v 0.1228947 0.4281839 -0.4272557
v 0.1007052 0.1074009 -0.4564865
v 0.0941384 0.4220196 -0.4571056
v 0.0933588 -0.4525294 -0.4554935
v 0.1049423 0.4283492 -0.4943334
v 0.1005839 0.4221087 -0.4571785
v 0.1228947 0.4281839 -0.4272557
v 0.1966004 0.4281895 -0.4271978
v 0.1005839 0.4221087 -0.4571785
v 0.1011716 -0.4313767 -0.4556262
v 0.1228947 0.4281839 -0.4272557
v 0.1007052 0.1074009 -0.4564865
v 0.1011716 -0.4313767 -0.4556262
v -0.0837276 -0.4795345 -0.4261036
v 0.1049423 0.4283492 -0.4943334
v 0.1116466 0.4173206 -0.4661124
v 0.1493062 -0.4866758 -0.4954479
v 0.0859521 0.4278069 -0.4263898
v 0.1228947 0.4281839 -0.4272557
v 0.1116466 0.4173206 -0.4661124
v 0.1110368 -0.4561772 -0.4683696
v 0.1493062 -0.4866758 -0.4954479
v 0.1116466 0.4173206 -0.4661124
v 0.1227335 0.4254296 -0.4875185
v 0.1115085 0.4220567 -0.4661835
v 0.1116466 0.4173206 -0.4661124
v 0.1195116 0.4169417 -0.4675318
v 0.1186317 -0.4549550 -0.4652651
v 0.1115085 0.4220567 -0.4661835
v 0.1190080 0.4223817 -0.4659404
v 0.1110368 -0.4561772 -0.4683696
v 0.1254761 0.4282953 -0.4940959
v 0.1254761 0.4282953 -0.4940959
v 0.1227335 0.4254296 -0.4875185
v 0.1049423 0.4283492 -0.4943334
v 0.1212568 -0.2881048 -0.4255164
v 0.1228947 0.4281839 -0.4272557
v -0.0837276 -0.4795345 -0.4261036
v 0.1116466 0.4173206 -0.4661124
v 0.1190080 0.4223817 -0.4659404
v 0.1115085 0.4220567 -0.4661835
v 0.1227335 0.4254296 -0.4875185
v 0.1195116 0.4169417 -0.4675318
v 0.1190080 0.4223817 -0.4659404
v 0.1254761 0.4282953 -0.4940959
v 0.1186317 -0.4549550 -0.4652651
v 0.1260023 -0.4839754 -0.4943613
v 0.1292647 0.4222889 -0.4556693
v 0.1212568 -0.2881048 -0.4255164
v 0.1293704 -0.4524719 -0.4553719
v 0.1254761 0.4282953 -0.4940959
v 0.1254761 0.4282953 -0.4940959
v 0.1416704 -0.4819379 -0.4935384
v 0.1260023 -0.4839754 -0.4943613
v 0.1777768 0.4341792 -0.4960988
v 0.1228947 0.4281839 -0.4272557
v 0.1292647 0.4222889 -0.4556693
v 0.1966004 0.4281895 -0.4271978
v 0.1228947 0.4281839 -0.4272557
v 0.1292647 0.4222889 -0.4556693
v 0.1293704 -0.4524719 -0.4553719
v 0.1378225 -0.4512776 -0.4551999
v 0.1292647 0.4222889 -0.4556693
v 0.1378225 -0.4512776 -0.4551999
v 0.1452147 -0.0083625 -0.4258269
v 0.1485423 0.4154281 -0.4658730
v 0.1254761 0.4282953 -0.4940959
v 0.1462256 0.4238675 -0.4769594
v 0.1485423 0.4154281 -0.4658730
v 0.1462256 0.4238675 -0.4769594
v 0.1483503 0.4221366 -0.4661311
v 0.1485423 0.4154281 -0.4658730
v 0.1462256 0.4238675 -0.4769594
v 0.1482733 0.4238471 -0.4689532
v 0.1483503 0.4221366 -0.4661311
v 0.1482733 0.4238471 -0.4689532
v 0.1777768 0.4341792 -0.4960988
v 0.1485423 0.4154281 -0.4658730
v 0.1483503 0.4221366 -0.4661311
v 0.1563210 0.4222499 -0.4660712
v 0.1563210 0.4222499 -0.4660712
v 0.1483503 0.4221366 -0.4661311
v -0.0087867 0.3160552 -0.4561762
v 0.0479371 -0.0712153 -0.4254772
v 0.0343938 0.1939807 -0.4274783
v 0.0141026 0.4742059 -0.4257596
v 0.0487135 0.4299112 -0.4260663
v -0.5000000 0.4281728 -0.4249966
v -0.4920773 0.4264288 -0.4288585
v -0.4721559 0.4281783 -0.4271379
v -0.4796991 0.4220363 -0.4571318
v -0.4867360 0.4223892 -0.4557516
v -0.4721559 0.4281783 -0.4271379
v -0.4998739 0.4795920 -0.4283535
v -0.5000000 0.4281728 -0.4249966
v -0.4896851 0.4295601 -0.4952367
v -0.4693691 0.4223892 -0.4677657
v -0.4643583 0.4221755 -0.4660264
v -0.4599180 0.4305835 -0.4261056
v -0.4379446 0.4279610 -0.4259204
v -0.4599180 0.4305835 -0.4261056
v -0.4534110 0.4217837 -0.4552261
v -0.4449826 0.4220307 -0.4552972
v -0.4379446 0.4279610 -0.4259204
v -0.4290876 0.4222536 -0.4660451
v -0.4392224 0.4238861 -0.4843746
v -0.4896851 0.4295601 -0.4952367
v -0.2330072 0.4749934 -0.4952759
v -0.4896851 0.4295601 -0.4952367
v -0.4999450 0.4773670 -0.4944792
v -0.4867360 0.4223892 -0.4557516
v -0.4790678 -0.2844608 -0.4555570
v -0.4796991 0.4220363 -0.4571318
v -0.4796991 0.4220363 -0.4571318
v -0.4719700 -0.2660439 -0.4278055
v -0.4721559 0.4281783 -0.4271379
v -0.4998739 0.4795920 -0.4283535
v -0.2330072 0.4749934 -0.4952759
v -0.4999450 0.4773670 -0.4944792
v -0.4640413 -0.4550052 -0.4661852
v -0.4896851 0.4295601 -0.4952367
v -0.4693691 0.4223892 -0.4677657
v -0.4908740 -0.4839512 -0.4944025
v -0.4693691 0.4223892 -0.4677657
v -0.4896851 0.4295601 -0.4952367
v -0.4599180 0.4305835 -0.4261056
v -0.4595616 -0.4613237 -0.4279906
v -0.4534110 0.4217837 -0.4552261
v -0.4534110 0.4217837 -0.4552261
v -0.4526471 -0.1072989 -0.4565445
v -0.4449826 0.4220307 -0.4552972
v -0.4347330 -0.4530291 -0.4654521
v -0.4392224 0.4238861 -0.4843746
v -0.4896851 0.4295601 -0.4952367
v -0.4347330 -0.4530291 -0.4654521
v -0.4290876 0.4222536 -0.4660451
v -0.4091350 0.4223056 -0.4554225
v -0.4229117 0.4239010 -0.4371022
v -0.4181565 0.4220845 -0.4571636
v -0.4229117 0.4239010 -0.4371022
v -0.4091350 0.4223056 -0.4554225
v -0.4379446 0.4279610 -0.4259204
v -0.3997582 0.4221923 -0.4679302
v -0.4896851 0.4295601 -0.4952367
v -0.3891516 0.4239679 -0.4824148
v -0.3865611 0.4182864 -0.4930990
v -0.3891516 0.4239679 -0.4824148
v -0.4896851 0.4295601 -0.4952367
v -0.3733812 0.4220177 -0.4552859
v -0.3873256 0.4243523 -0.4325670
v -0.4379446 0.4279610 -0.4259204
v -0.4896851 0.4295601 -0.4952367
v -0.3558547 0.4224207 -0.4658711
v -0.3673293 0.4243412 -0.4853939
v -0.4896851 0.4295601 -0.4952367
v -0.4867360 0.4223892 -0.4557516
v -0.4790678 -0.2844608 -0.4555570
v -0.4599180 0.4305835 -0.4261056
v -0.4721559 0.4281783 -0.4271379
v -0.4595616 -0.4613237 -0.4279906
v -0.4867824 -0.1996957 -0.4555309
v -0.4790678 -0.2844608 -0.4555570
v -0.4719700 -0.2660439 -0.4278055
v -0.4796991 0.4220363 -0.4571318
v -0.4526471 -0.1072989 -0.4565445
v -0.4455153 -0.2021473 -0.4552709
v -0.4449826 0.4220307 -0.4552972
v -0.4449826 0.4220307 -0.4552972
v -0.4389448 -0.4628671 -0.4267806
v -0.4379446 0.4279610 -0.4259204
v -0.4392224 0.4238861 -0.4843746
v -0.4290876 0.4222536 -0.4660451
v -0.4347330 -0.4530291 -0.4654521
v -0.1073501 0.4716632 -0.4265432
v -0.4998739 0.4795920 -0.4283535
v -0.4379446 0.4279610 -0.4259204
v -0.4197734 -0.4541917 -0.4517662
v -0.4229117 0.4239010 -0.4371022
v -0.4379446 0.4279610 -0.4259204
v -0.4197734 -0.4541917 -0.4517662
v -0.4181565 0.4220845 -0.4571636
v -0.4229117 0.4239010 -0.4371022
v -0.4091350 0.4223056 -0.4554225
v -0.4181565 0.4220845 -0.4571636
v -0.4025919 -0.4606402 -0.4284900
v -0.3997582 0.4221923 -0.4679302
v -0.3907233 -0.4794751 -0.4789585
v -0.4896851 0.4295601 -0.4952367
v -0.4091350 0.4223056 -0.4554225
v -0.4025919 -0.4606402 -0.4284900
v -0.4379446 0.4279610 -0.4259204
v -0.3926070 0.4224393 -0.4659142
v -0.3997582 0.4221923 -0.4679302
v -0.3891516 0.4239679 -0.4824148
v -0.3926070 0.4224393 -0.4659142
v -0.3907233 -0.4794751 -0.4789585
v -0.3926070 0.4224393 -0.4659142
v -0.3865611 0.4182864 -0.4930990
v -0.3891516 0.4239679 -0.4824148
v -0.3865611 0.4182864 -0.4930990
v -0.4896851 0.4295601 -0.4952367
v -0.3707836 -0.4867353 -0.4955788
v -0.3733812 0.4220177 -0.4552859
v -0.4379446 0.4279610 -0.4259204
v -0.3822344 -0.1825045 -0.4547997
v -0.3823428 0.4220307 -0.4552710
v -0.3733812 0.4220177 -0.4552859
v -0.3873256 0.4243523 -0.4325670
v -0.3737915 -0.2119111 -0.4555664
v -0.4896851 0.4295601 -0.4952367
v -0.3558547 0.4224207 -0.4658711
v -0.3633644 -0.4575627 -0.4662376
v -0.3668085 -0.4613850 -0.4276933
v -0.4379446 0.4279610 -0.4259204
v -0.3733812 0.4220177 -0.4552859
v -0.3558547 0.4224207 -0.4658711
v -0.4896851 0.4295601 -0.4952367
v -0.3337660 -0.4820122 -0.4935908
v -0.3380290 0.4220957 -0.4571767
v -0.4379446 0.4279610 -0.4259204
v -0.3518392 -0.4596002 -0.4298047
v -0.3336113 0.4282601 -0.4941127
v -0.4896851 0.4295601 -0.4952367
v -0.2330072 0.4749934 -0.4952759
v -0.3337660 -0.4820122 -0.4935908
v -0.4379446 0.4279610 -0.4259204
v -0.3380290 0.4220957 -0.4571767
v -0.3293100 -0.4542475 -0.4260232
v -0.3270650 0.4220047 -0.4661910
v -0.3271265 -0.4540227 -0.4660973
v -0.3336113 0.4282601 -0.4941127
v -0.3197726 0.1629174 -0.4663367
v -0.3271265 -0.4540227 -0.4660973
v -0.3270650 0.4220047 -0.4661910
v -0.3336113 0.4282601 -0.4941127
v -0.3165797 0.4238360 -0.4809074
v -0.3201359 0.4220363 -0.4661741
v -0.3270650 0.4220047 -0.4661910
v -0.3201359 0.4220363 -0.4661741
v -0.3201359 0.4220363 -0.4661741
v -0.3165797 0.4238360 -0.4809074
v -0.3134263 0.2712535 -0.4937349
v -0.4379446 0.4279610 -0.4259204
v -0.2811095 -0.4621930 -0.4272351
v -0.3093342 0.1700828 -0.4553794
v -0.3197726 0.1629174 -0.4663367
v -0.3017495 0.4238453 -0.4553346
v -0.3134263 0.2712535 -0.4937349
v -0.3165797 0.4238360 -0.4809074
v -0.3336113 0.4282601 -0.4941127
v -0.2943293 -0.1047544 -0.4259858
v -0.4379446 0.4279610 -0.4259204
v -0.3017495 0.4238453 -0.4553346
v -0.2809925 -0.3213374 -0.4259914
v -0.4379446 0.4279610 -0.4259204
v -0.2733663 0.4220660 -0.4553719
v -0.2772740 0.4229222 -0.4376988
v -0.2733663 0.4220660 -0.4553719
v -0.4379446 0.4279610 -0.4259204
v -0.2724730 -0.4525480 -0.4554168
v -0.4379446 0.4279610 -0.4259204
v -0.2772740 0.4229222 -0.4376988
v -0.2648047 0.4223706 -0.4556095
v -0.2572713 0.1258866 -0.4260382
v -0.4379446 0.4279610 -0.4259204
v -0.2648047 0.4223706 -0.4556095
v -0.4719700 -0.2660439 -0.4278055
v -0.4595616 -0.4613237 -0.4279906
v -0.4721559 0.4281783 -0.4271379
v -0.4867824 -0.1996957 -0.4555309
v -0.4872455 -0.3492080 -0.4501354
v -0.4821188 -0.3486527 -0.4558095
v -0.4790678 -0.2844608 -0.4555570
v -0.4761240 -0.3950907 -0.4442350
v -0.4719700 -0.2660439 -0.4278055
v -0.4908740 -0.4839512 -0.4944025
v -0.4640413 -0.4550052 -0.4661852
v -0.4693691 0.4223892 -0.4677657
v -0.4347330 -0.4530291 -0.4654521
v -0.4908740 -0.4839512 -0.4944025
v -0.4896851 0.4295601 -0.4952367
v -0.4595616 -0.4613237 -0.4279906
v -0.4705002 -0.4621020 -0.4266684
v -0.4867161 -0.4527393 -0.4556300
v -0.4821188 -0.3486527 -0.4558095
v -0.4791384 -0.4523512 -0.4553101
v -0.4791384 -0.4523512 -0.4553101
v -0.4732041 -0.4580604 -0.4323313
v -0.4761240 -0.3950907 -0.4442350
v -0.4719700 -0.2660439 -0.4278055
v -0.4705002 -0.4621020 -0.4266684
v -0.4719700 -0.2660439 -0.4278055
v -0.4526433 -0.3880887 -0.4565781
v -0.4595616 -0.4613237 -0.4279906
v -0.4582197 -0.4578339 -0.4335675
v -0.4539690 -0.4524236 -0.4535241
v -0.4872455 -0.3492080 -0.4501354
v -0.4821188 -0.3486527 -0.4558095
v -0.4595616 -0.4613237 -0.4279906
v -0.4526433 -0.3880887 -0.4565781
v -0.4526471 -0.1072989 -0.4565445
v -0.4539690 -0.4524236 -0.4535241
v -0.4518308 -0.4522434 -0.4571111
v -0.4526433 -0.3880887 -0.4565781
v -0.4459606 -0.4524161 -0.4553793
v -0.4455153 -0.2021473 -0.4552709
v -0.4534110 0.4217837 -0.4552261
v -0.4526471 -0.1072989 -0.4565445
v -0.4389448 -0.4628671 -0.4267806
v -0.4518308 -0.4522434 -0.4571111
v -0.4389448 -0.4628671 -0.4267806
v -0.4449826 0.4220307 -0.4552972
v -0.4455153 -0.2021473 -0.4552709
v -0.4439998 -0.4539466 -0.4495388
v -0.4459606 -0.4524161 -0.4553793
v -0.4264986 -0.4622394 -0.4272370
v -0.4379446 0.4279610 -0.4259204
v -0.4379446 0.4279610 -0.4259204
v -0.4264986 -0.4622394 -0.4272370
v -0.4197734 -0.4541917 -0.4517662
v -0.4197734 -0.4541917 -0.4517662
v -0.4025919 -0.4606402 -0.4284900
v -0.4181565 0.4220845 -0.4571636
v -0.4896851 0.4295601 -0.4952367
v -0.3907233 -0.4794751 -0.4789585
v -0.4379446 0.4279610 -0.4259204
v -0.4025919 -0.4606402 -0.4284900
v -0.3894201 -0.4523233 -0.4270237
v -0.3668085 -0.4613850 -0.4276933
v -0.3814446 -0.4526799 -0.4555253
v -0.3865611 0.4182864 -0.4930990
v -0.3707836 -0.4867353 -0.4955788
v -0.3907233 -0.4794751 -0.4789585
v -0.3822344 -0.1825045 -0.4547997
v -0.3739801 -0.4524050 -0.4554093
v -0.3737915 -0.2119111 -0.4555664
v -0.3814446 -0.4526799 -0.4555253
v -0.3737915 -0.2119111 -0.4555664
v -0.3739801 -0.4524050 -0.4554093
v -0.3668085 -0.4613850 -0.4276933
v -0.3733812 0.4220177 -0.4552859
v -0.3633644 -0.4575627 -0.4662376
v -0.3707836 -0.4867353 -0.4955788
v -0.4896851 0.4295601 -0.4952367
v -0.3560116 -0.4558781 -0.4662058
v -0.3518392 -0.4596002 -0.4298047
v -0.4379446 0.4279610 -0.4259204
v -0.3633644 -0.4575627 -0.4662376
v -0.3558547 0.4224207 -0.4658711
v -0.3337660 -0.4820122 -0.4935908
v -0.3380290 0.4220957 -0.4571767
v -0.3518392 -0.4596002 -0.4298047
v -0.3455565 -0.4525294 -0.4554112
v -0.3381045 -0.3195563 -0.4570925
v -0.3379002 -0.3443066 -0.4567596
v -0.3455565 -0.4525294 -0.4554112
v -0.3293100 -0.4542475 -0.4260232
v -0.3380290 0.4220957 -0.4571767
v -0.3455565 -0.4525294 -0.4554112
v -0.3293100 -0.4542475 -0.4260232
v -0.2811095 -0.4621930 -0.4272351
v -0.4379446 0.4279610 -0.4259204
v -0.4379446 0.4279610 -0.4259204
v -0.2809925 -0.3213374 -0.4259914
v -0.2724730 -0.4525480 -0.4554168
v -0.4526433 -0.3880887 -0.4565781
v -0.4908740 -0.4839512 -0.4944025
v -0.3822344 -0.1825045 -0.4547997
v -0.1036554 0.4791630 -0.4827944
v -0.1939926 0.4813453 -0.4890389
v -0.1073501 0.4716632 -0.4265432
v -0.1444637 0.4693936 -0.4958987
v -0.1939926 0.4813453 -0.4890389
v -0.1036554 0.4791630 -0.4827944
v -0.1510962 0.4282526 -0.4954611
v -0.1651884 0.4302474 -0.4951282
v -0.1693397 -0.4518534 -0.4270780
v -0.1609049 -0.4512256 -0.4564772
v -0.1614855 0.4210965 -0.4563089
v -0.1472742 0.4282322 -0.4272707
v -0.1073501 0.4716632 -0.4265432
v -0.1687580 0.4280892 -0.4272632
v -0.1614855 0.4210965 -0.4563089
v -0.1540992 0.4222350 -0.4555328
v -0.1472742 0.4282322 -0.4272707
v -0.1532792 -0.4523957 -0.4535372
v -0.1614855 0.4210965 -0.4563089
v -0.1609049 -0.4512256 -0.4564772
v -0.1540992 0.4222350 -0.4555328
v -0.1540992 0.4222350 -0.4555328
v -0.1532792 -0.4523957 -0.4535372
v -0.1464714 0.2538618 -0.4260214
v -0.1647802 -0.4840087 -0.4946661
v -0.1498815 -0.4837488 -0.4939423
v -0.1658429 0.4201381 -0.4938397
v -0.1472742 0.4282322 -0.4272707
v -0.1498815 -0.4837488 -0.4939423
v -0.1510962 0.4282526 -0.4954611
v -0.1432614 -0.4573658 -0.4660038
v -0.1464655 -0.1401247 -0.4260326
v -0.1439251 0.4224170 -0.4677152
v -0.1439251 0.4224170 -0.4677152
v -0.1358433 0.4221440 -0.4659983
v -0.1432614 -0.4573658 -0.4660038
v -0.1439251 0.4224170 -0.4677152
v -0.1510962 0.4282526 -0.4954611
v -0.1358433 0.4221440 -0.4659983
v -0.1330339 0.3427390 -0.4258587
v -0.1321216 0.4335534 -0.4255146
v -0.1293391 0.4282972 -0.4940939
v -0.1332204 0.4239103 -0.4787230
v -0.1367270 -0.4549625 -0.4646293
v -0.1464714 0.2538618 -0.4260214
v -0.1293391 0.4282972 -0.4940939
v -0.1293391 0.4282972 -0.4940939
v -0.1367270 -0.4549625 -0.4646293
v -0.1358433 0.4221440 -0.4659983
v -0.1330026 -0.1736935 -0.4258587
v -0.1464655 -0.1401247 -0.4260326
v -0.1358433 0.4221440 -0.4659983
v -0.1332204 0.4239103 -0.4787230
v -0.1293391 0.4282972 -0.4940939
v -0.1330026 -0.1736935 -0.4258587
v -0.1253861 -0.4523066 -0.4552765
v -0.1330339 0.3427390 -0.4258587
v -0.1321216 0.4335534 -0.4255146
v -0.1142134 0.4225229 -0.4415588
v -0.1112083 0.4273797 -0.4278373
v -0.1306465 0.4228628 -0.4328195
v -0.1321216 0.4335534 -0.4255146
v -0.1306465 0.4228628 -0.4328195
v -0.1142134 0.4225229 -0.4415588
v -0.1321216 0.4335534 -0.4255146
v -0.1142517 0.4283102 -0.4951001
v -0.1290323 -0.4864790 -0.4953469
v -0.1135611 -0.0027739 -0.4945876
v -0.1290323 -0.4864790 -0.4953469
v -0.0980602 0.4726308 -0.4887098
v -0.1251413 0.4223539 -0.4557142
v -0.1142134 0.4225229 -0.4415588
v -0.1306465 0.4228628 -0.4328195
v -0.1251413 0.4223539 -0.4557142
v -0.1253861 -0.4523066 -0.4552765
v -0.1175006 0.2509848 -0.4553065
v -0.1251413 0.4223539 -0.4557142
v -0.1177702 0.4224746 -0.4557292
v -0.1112083 0.4273797 -0.4278373
v -0.1177702 0.4224746 -0.4557292
v -0.1177702 0.4224746 -0.4557292
v -0.1175006 0.2509848 -0.4553065
v -0.1142134 0.4225229 -0.4415588
v -0.1253861 -0.4523066 -0.4552765
v -0.1112083 0.4273797 -0.4278373
v -0.1068062 -0.0923216 -0.4660095
v -0.1130316 -0.4842038 -0.4939554
v -0.1135611 -0.0027739 -0.4945876
v -0.1078246 0.0972917 -0.4781656
v -0.1253861 -0.4523066 -0.4552765
v -0.1103332 -0.4603710 -0.4277064
v -0.1142517 0.4283102 -0.4951001
v -0.1119501 0.4245381 -0.4892054
v -0.0919743 0.4276249 -0.4950048
v -0.1070089 0.4220938 -0.4661610
v -0.0919743 0.4276249 -0.4950048
v -0.1051602 0.2648198 -0.4718182
v -0.0990781 0.4220103 -0.4662096
v -0.0993778 0.0803995 -0.4697910
v -0.1142517 0.4283102 -0.4951001
v -0.1070089 0.4220938 -0.4661610
v -0.1070089 0.4220938 -0.4661610
v -0.1142517 0.4283102 -0.4951001
v -0.1119501 0.4245381 -0.4892054
v -0.1020223 -0.0203217 -0.4702847
v -0.1068062 -0.0923216 -0.4660095
v -0.1070089 0.4220938 -0.4661610
v -0.0966039 -0.4621465 -0.4270499
v -0.0964363 0.2634844 -0.4259466
v -0.0990781 0.4220103 -0.4662096
v 0.0141026 0.4742059 -0.4257596
v -0.0967102 0.4288080 -0.4259429
v -0.0994878 -0.1937597 -0.4659796
v -0.0979383 -0.1064594 -0.4747189
v -0.0926137 -0.2275607 -0.4942977
v -0.0990781 0.4220103 -0.4662096
v -0.0919743 0.4276249 -0.4950048
v -0.0993778 0.0803995 -0.4697910
v -0.0588321 0.4792076 -0.4905257
v -0.0964363 0.2634844 -0.4259466
v -0.0886333 -0.4524626 -0.4553569
v -0.0882203 0.4211225 -0.4564754
v -0.0938667 0.4239660 -0.4335320
v -0.0967102 0.4288080 -0.4259429
v -0.0726250 0.4307600 -0.4255950
v -0.0966039 -0.4621465 -0.4270499
v -0.0588321 0.4792076 -0.4905257
v -0.0555353 0.4523715 -0.4950272
v -0.0726250 0.4307600 -0.4255950
v -0.0938667 0.4239660 -0.4335320
v -0.0882203 0.4211225 -0.4564754
v -0.0967102 0.4288080 -0.4259429
v -0.0886333 -0.4524626 -0.4553569
v -0.0810799 -0.4523994 -0.4553645
v -0.0882203 0.4211225 -0.4564754
v -0.0805795 0.4222870 -0.4554225
v -0.0730240 -0.4585248 -0.4276428
v -0.0726250 0.4307600 -0.4255950
v -0.0805795 0.4222870 -0.4554225
v -0.0805795 0.4222870 -0.4554225
v -0.0764093 0.4323535 -0.4956219
v -0.0769128 -0.4820196 -0.4936394
v -0.0926137 -0.2275607 -0.4942977
v -0.0810799 -0.4523994 -0.4553645
v -0.0594694 0.0417343 -0.4260083
v -0.0726250 0.4307600 -0.4255950
v -0.0730240 -0.4585248 -0.4276428
v -0.0764093 0.4323535 -0.4956219
v -0.0702404 0.4223502 -0.4659871
v -0.0769128 -0.4820196 -0.4936394
v -0.0691546 -0.2554406 -0.4643113
v -0.0691546 -0.2554406 -0.4643113
v -0.0630148 0.0012453 -0.4650202
v -0.0627495 -0.4558670 -0.4662095
v -0.0702404 0.4223502 -0.4659871
v -0.0630137 0.4236391 -0.4667801
v -0.0702404 0.4223502 -0.4659871
v -0.0764093 0.4323535 -0.4956219
v -0.0397987 0.4281839 -0.4941893
v -0.0630137 0.4236391 -0.4667801
v -0.0209961 0.4340641 -0.4253856
v -0.0596764 -0.2802243 -0.4257352
v -0.0594694 0.0417343 -0.4260083
v -0.0596764 -0.2802243 -0.4257352
v -0.0518421 0.4223464 -0.4556356
v -0.0397987 0.4281839 -0.4941893
v -0.0570087 0.4239493 -0.4335115
v -0.0397987 0.4281839 -0.4941893
v -0.0514302 -0.4526056 -0.4555122
v -0.0547012 -0.4774841 -0.4955245
v -0.0410943 -0.4839716 -0.4946175
v -0.0397987 0.4281839 -0.4941893
v -0.0410943 -0.4839716 -0.4946175
v -0.0570087 0.4239493 -0.4335115
v -0.0438170 0.2333405 -0.4553850
v -0.0437383 0.4221551 -0.4554243
v -0.0518421 0.4223464 -0.4556356
v -0.0570087 0.4239493 -0.4335115
v -0.0518421 0.4223464 -0.4556356
v -0.0437383 0.4221551 -0.4554243
v -0.0209961 0.4340641 -0.4253856
v -0.0514302 -0.4526056 -0.4555122
v -0.0438375 -0.0987126 -0.4553663
v -0.0209961 0.4340641 -0.4253856
v -0.0726250 0.4307600 -0.4255950
v -0.0570087 0.4239493 -0.4335115
v -0.0209961 0.4340641 -0.4253856
v -0.0045711 0.4283492 -0.4946681
v -0.0438375 -0.0987126 -0.4553663
v -0.0837276 -0.4795345 -0.4261036
v -0.0209961 0.4340641 -0.4253856
v -0.0410943 -0.4839716 -0.4946175
v -0.0397987 0.4281839 -0.4941893
v -0.0334153 0.4223502 -0.4659871
v -0.0324136 -0.4550275 -0.4651286
v -0.0397987 0.4281839 -0.4941893
v -0.0267876 0.4222963 -0.4659702
v -0.0334153 0.4223502 -0.4659871
v -0.0045711 0.4283492 -0.4946681
v -0.0209961 0.4340641 -0.4253856
v -0.0203648 0.2922372 -0.4384824
v -0.0234223 0.4154466 -0.4260401
v -0.0267876 0.4222963 -0.4659702
v -0.0045711 0.4283492 -0.4946681
v -0.0334153 0.4223502 -0.4659871
v -0.0334153 0.4223502 -0.4659871
v -0.0204133 -0.1401266 -0.4937030
v -0.0324136 -0.4550275 -0.4651286
v -0.0045711 0.4283492 -0.4946681
v -0.0229910 0.4300951 -0.4261542
v -0.0234223 0.4154466 -0.4260401
v -0.0169574 0.4210389 -0.4523441
v -0.0201998 0.4228591 -0.4377586
v -0.0229910 0.4300951 -0.4261542
v -0.0203648 0.2922372 -0.4384824
v -0.0410943 -0.4839716 -0.4946175
v -0.0204133 -0.1401266 -0.4937030
v -0.0045711 0.4283492 -0.4946681
v -0.0160285 0.1757105 -0.4554748
v -0.0209961 0.4340641 -0.4253856
v -0.0837276 -0.4795345 -0.4261036
v -0.0079559 -0.4523437 -0.4554224
v -0.0169574 0.4210389 -0.4523441
v -0.0124421 0.4223223 -0.4557591
v -0.0201998 0.4228591 -0.4377586
v -0.0008111 0.4285832 -0.4263188
v -0.0229910 0.4300951 -0.4261542
v -0.0151044 0.2739874 -0.4506311
v -0.0124421 0.4223223 -0.4557591
v -0.0160285 0.1757105 -0.4554748
v -0.0087867 0.3160552 -0.4561762
v -0.0229910 0.4300951 -0.4261542
v -0.0008111 0.4285832 -0.4263188
v 0.0141026 0.4742059 -0.4257596
v -0.0008111 0.4285832 -0.4263188
v -0.0079559 -0.4523437 -0.4554224
v -0.0837276 -0.4795345 -0.4261036
v -0.0837276 -0.4795345 -0.4261036
v 0.0131289 -0.4325041 -0.4288790
v -0.1510962 0.4282526 -0.4954611
v -0.1078246 0.0972917 -0.4781656
v -0.0993778 0.0803995 -0.4697910
v -0.0209961 0.4340641 -0.4253856
v -0.0160285 0.1757105 -0.4554748
v -0.0201998 0.4228591 -0.4377586
v -0.0008111 0.4285832 -0.4263188
v -0.2330072 0.4749934 -0.4952759
v -0.4998739 0.4795920 -0.4283535
v -0.1073501 0.4716632 -0.4265432
v -0.3197726 0.1629174 -0.4663367
v -0.3134263 0.2712535 -0.4937349
v -0.3200717 -0.4545725 -0.4662357
v -0.2762987 0.4322031 -0.4956687
v -0.3134263 0.2712535 -0.4937349
v -0.3336113 0.4282601 -0.4941127
v -0.3025863 0.1115799 -0.4565670
v -0.2943293 -0.1047544 -0.4259858
v -0.3017495 0.4238453 -0.4553346
v -0.3093342 0.1700828 -0.4553794
v -0.3025863 0.1115799 -0.4565670
v -0.3017495 0.4238453 -0.4553346
v -0.2330072 0.4749934 -0.4952759
v -0.2762987 0.4322031 -0.4956687
v -0.2908529 0.4223260 -0.4660133
v -0.2917926 -0.4577429 -0.4679918
v -0.3127610 -0.4868671 -0.4954554
v -0.2848905 -0.4544518 -0.4644254
v -0.2908529 0.4223260 -0.4660133
v -0.2841352 0.4211652 -0.4649660
v -0.2908529 0.4223260 -0.4660133
v -0.2762987 0.4322031 -0.4956687
v -0.2841352 0.4211652 -0.4649660
v -0.2848905 -0.4544518 -0.4644254
v -0.2841352 0.4211652 -0.4649660
v -0.2762987 0.4322031 -0.4956687
v -0.2616783 0.4283380 -0.4950459
v -0.2606857 -0.0806281 -0.4939481
v -0.2733663 0.4220660 -0.4553719
v -0.2724730 -0.4525480 -0.4554168
v -0.2648258 -0.0679799 -0.4554542
v -0.2733663 0.4220660 -0.4553719
v -0.2648047 0.4223706 -0.4556095
v -0.2772740 0.4229222 -0.4376988
v -0.2648047 0.4223706 -0.4556095
v -0.2606857 -0.0806281 -0.4939481
v -0.2549568 0.4221960 -0.4679171
v -0.2477969 -0.4549365 -0.4646050
v -0.2616783 0.4283380 -0.4950459
v -0.2648258 -0.0679799 -0.4554542
v -0.2572713 0.1258866 -0.4260382
v -0.2648047 0.4223706 -0.4556095
v -0.2572713 0.1258866 -0.4260382
v -0.2570756 -0.4530235 -0.4260662
v -0.4379446 0.4279610 -0.4259204
v -0.2397890 0.4309457 -0.4953975
v -0.2534585 0.4235537 -0.4669185
v -0.2549568 0.4221960 -0.4679171
v -0.2616783 0.4283380 -0.4950459
v -0.2468664 0.4223669 -0.4659142
v -0.2549568 0.4221960 -0.4679171
v -0.2534585 0.4235537 -0.4669185
v -0.2477969 -0.4549365 -0.4646050
v -0.2422907 0.4237988 -0.4863103
v -0.2468664 0.4223669 -0.4659142
v -0.2422907 0.4237988 -0.4863103
v -0.2616783 0.4283380 -0.4950459
v -0.2397890 0.4309457 -0.4953975
v -0.2468664 0.4223669 -0.4659142
v -0.2422907 0.4237988 -0.4863103
v -0.2403050 0.2770854 -0.4939238
v -0.2404020 -0.4866053 -0.4954329
v -0.2360813 0.4223186 -0.4555552
v -0.4379446 0.4279610 -0.4259204
v -0.2436946 -0.4544870 -0.4260588
v -0.4379446 0.4279610 -0.4259204
v -0.2360813 0.4223186 -0.4555552
v -0.2204392 0.4283492 -0.4263861
v -0.2397890 0.4309457 -0.4953975
v -0.2252273 0.4302177 -0.4953134
v -0.2247831 -0.4867873 -0.4954778
v -0.2403050 0.2770854 -0.4939238
v -0.2360813 0.4223186 -0.4555552
v -0.2283387 -0.4277624 -0.4565744
v -0.2278918 0.2596695 -0.4556955
v -0.2284692 0.4221013 -0.4571467
v -0.2278918 0.2596695 -0.4556955
v -0.2199917 -0.0686857 -0.4256081
v -0.2251599 0.4229148 -0.4434514
v -0.2284692 0.4221013 -0.4571467
v -0.2284692 0.4221013 -0.4571467
v -0.2204392 0.4283492 -0.4263861
v -0.2283387 -0.4277624 -0.4565744
v -0.2175785 0.4221496 -0.4661423
v -0.2174577 -0.4350040 -0.4664620
v -0.2252273 0.4302177 -0.4953134
v -0.2199917 -0.0686857 -0.4256081
v -0.4379446 0.4279610 -0.4259204
v -0.2204392 0.4283492 -0.4263861
v -0.2175785 0.4221496 -0.4661423
v -0.2096720 0.1134780 -0.4661610
v -0.2174577 -0.4350040 -0.4664620
v -0.1444637 0.4693936 -0.4958987
v -0.2020081 0.4290847 -0.4952067
v -0.2097830 -0.2766026 -0.4662545
v -0.2096720 0.1134780 -0.4661610
v -0.2023278 -0.1251178 -0.4953095
v -0.2175785 0.4221496 -0.4661423
v -0.2252273 0.4302177 -0.4953134
v -0.2085063 0.4223037 -0.4696358
v -0.2105351 0.4211485 -0.4650239
v -0.2105351 0.4211485 -0.4650239
v -0.2105351 0.4211485 -0.4650239
v -0.2085063 0.4223037 -0.4696358
v -0.2031629 0.2653677 -0.4937984
v -0.2020081 0.4290847 -0.4952067
v -0.1939926 0.4813453 -0.4890389
v -0.2330072 0.4749934 -0.4952759
v -0.1939926 0.4813453 -0.4890389
v -0.2031629 0.2653677 -0.4937984
v -0.1862478 0.4282378 -0.4938714
v -0.1964419 0.0650471 -0.4928577
v -0.2023278 -0.1251178 -0.4953095
v -0.4379446 0.4279610 -0.4259204
v -0.1991614 -0.4524849 -0.4553813
v -0.1687580 0.4280892 -0.4272632
v -0.2020081 0.4290847 -0.4952067
v -0.1897598 -0.0756654 -0.4916720
v -0.1073501 0.4716632 -0.4265432
v -0.1863184 0.0951539 -0.4842100
v -0.1844595 -0.4296215 -0.4838808
v -0.1862478 0.4282378 -0.4938714
v -0.1846126 0.4243542 -0.4872697
v -0.1798056 0.4222963 -0.4660189
v -0.1806246 0.1009635 -0.4733069
v -0.1811712 -0.1391515 -0.4765704
v -0.1651884 0.4302474 -0.4951282
v -0.1730264 0.1949000 -0.4652989
v -0.1798056 0.4222963 -0.4660189
v -0.1797091 -0.4578506 -0.4660880
v -0.1798056 0.4222963 -0.4660189
v -0.1722285 0.4221403 -0.4661255
v -0.1798056 0.4222963 -0.4660189
v -0.1846126 0.4243542 -0.4872697
v -0.1846126 0.4243542 -0.4872697
v -0.1862478 0.4282378 -0.4938714
v -0.1722285 0.4221403 -0.4661255
v -0.1722285 0.4221403 -0.4661255
v -0.1862478 0.4282378 -0.4938714
v -0.1686523 0.4232974 -0.4829646
v -0.1722285 0.4221403 -0.4661255
v -0.1651884 0.4302474 -0.4951282
v -0.1614855 0.4210965 -0.4563089
v -0.1687580 0.4280892 -0.4272632
v -0.1693397 -0.4518534 -0.4270780
v -0.1686523 0.4232974 -0.4829646
v -0.1658429 0.4201381 -0.4938397
v -0.1722285 0.4221403 -0.4661255
v -0.1730264 0.1949000 -0.4652989
v -0.1651884 0.4302474 -0.4951282
v -0.1728021 -0.4556107 -0.4659720
v -0.1658429 0.4201381 -0.4938397
v -0.1510962 0.4282526 -0.4954611
v -0.1472742 0.4282322 -0.4272707
v -0.1687580 0.4280892 -0.4272632
v -0.1614855 0.4210965 -0.4563089
v -0.2330072 0.4749934 -0.4952759
v -0.2020081 0.4290847 -0.4952067
v -0.1444637 0.4693936 -0.4958987
v -0.1863184 0.0951539 -0.4842100
v -0.1806246 0.1009635 -0.4733069
v -0.1651884 0.4302474 -0.4951282
v -0.1693397 -0.4518534 -0.4270780
v -0.1687580 0.4280892 -0.4272632
v -0.1835834 -0.4600812 -0.4281721
v -0.1728021 -0.4556107 -0.4659720
v -0.1797091 -0.4578506 -0.4660880
v -0.1730264 0.1949000 -0.4652989
v -0.1728021 -0.4556107 -0.4659720
v -0.1647802 -0.4840087 -0.4946661
v -0.1658429 0.4201381 -0.4938397
v -0.1290323 -0.4864790 -0.4953469
v -0.1466008 -0.4586567 -0.4277943
v -0.1532792 -0.4523957 -0.4535372
v -0.1458671 -0.3212539 -0.4255351
v -0.1464504 -0.2399488 -0.4259970
v -0.1464655 -0.1401247 -0.4260326
v -0.1466008 -0.4586567 -0.4277943
v -0.1327972 -0.4622543 -0.4270761
v -0.1458671 -0.3212539 -0.4255351
v -0.1464504 -0.2399488 -0.4259970
v -0.1330026 -0.1736935 -0.4258587
v -0.1464655 -0.1401247 -0.4260326
v -0.1330026 -0.1736935 -0.4258587
v -0.1327972 -0.4622543 -0.4270761
v -0.1253861 -0.4523066 -0.4552765
v -0.1130316 -0.4842038 -0.4939554
v -0.1135611 -0.0027739 -0.4945876
v -0.1130316 -0.4842038 -0.4939554
v -0.1074386 -0.4565988 -0.4680909
v -0.1068062 -0.0923216 -0.4660095
v -0.1068062 -0.0923216 -0.4660095
v -0.0994878 -0.1937597 -0.4659796
v -0.1074386 -0.4565988 -0.4680909
v -0.0992851 -0.4550108 -0.4660356
v -0.0926137 -0.2275607 -0.4942977
v -0.0992851 -0.4550108 -0.4660356
v -0.0937341 -0.4814810 -0.4915729
v -0.0926137 -0.2275607 -0.4942977
v -0.0902113 -0.4868690 -0.4955638
v -0.0937341 -0.4814810 -0.4915729
v -0.0730240 -0.4585248 -0.4276428
v -0.0769128 -0.4820196 -0.4936394
v -0.0596764 -0.2802243 -0.4257352
v -0.0600797 -0.4602743 -0.4269246
v -0.0693314 -0.4567678 -0.4653959
v -0.0769128 -0.4820196 -0.4936394
v -0.0693314 -0.4567678 -0.4653959
v -0.0691546 -0.2554406 -0.4643113
v -0.0627495 -0.4558670 -0.4662095
v -0.0691546 -0.2554406 -0.4643113
v -0.0630148 0.0012453 -0.4650202
v -0.0410943 -0.4839716 -0.4946175
v -0.0596764 -0.2802243 -0.4257352
v -0.0600797 -0.4602743 -0.4269246
v -0.0514302 -0.4526056 -0.4555122
v -0.0514302 -0.4526056 -0.4555122
v -0.0440504 -0.4014148 -0.4557815
v -0.0438375 -0.0987126 -0.4553663
v -0.0438375 -0.0987126 -0.4553663
v -0.0440504 -0.4014148 -0.4557815
v -0.0837276 -0.4795345 -0.4261036
v -0.0514302 -0.4526056 -0.4555122
v -0.0324136 -0.4550275 -0.4651286
v -0.0204133 -0.1401266 -0.4937030
v -0.0410943 -0.4839716 -0.4946175
v -0.0837276 -0.4795345 -0.4261036
v 0.0151124 -0.4560880 -0.4372181
v 0.0131289 -0.4325041 -0.4288790
v -0.0994878 -0.1937597 -0.4659796
v -0.0627495 -0.4558670 -0.4662095
v -0.3127610 -0.4868671 -0.4954554
v -0.3455565 -0.4525294 -0.4554112
v -0.3374969 -0.4525517 -0.4555384
v -0.3379002 -0.3443066 -0.4567596
v -0.3379002 -0.3443066 -0.4567596
v -0.3374969 -0.4525517 -0.4555384
v -0.3293100 -0.4542475 -0.4260232
v -0.3455565 -0.4525294 -0.4554112
v -0.3379002 -0.3443066 -0.4567596
v -0.3293100 -0.4542475 -0.4260232
v -0.3271265 -0.4540227 -0.4660973
v -0.3337660 -0.4820122 -0.4935908
v -0.3336113 0.4282601 -0.4941127
v -0.3271265 -0.4540227 -0.4660973
v -0.3200717 -0.4545725 -0.4662357
v -0.3197726 0.1629174 -0.4663367
v -0.3134263 0.2712535 -0.4937349
v -0.3127610 -0.4868671 -0.4954554
v -0.3200717 -0.4545725 -0.4662357
v -0.2811095 -0.4621930 -0.4272351
v -0.3083864 -0.4513036 -0.4566324
v -0.3093342 0.1700828 -0.4553794
v -0.3025863 0.1115799 -0.4565670
v -0.3093342 0.1700828 -0.4553794
v -0.3083864 -0.4513036 -0.4566324
v -0.3017517 -0.4523326 -0.4552859
v -0.3025863 0.1115799 -0.4565670
v -0.3017517 -0.4523326 -0.4552859
v -0.2943293 -0.1047544 -0.4259858
v -0.2811095 -0.4621930 -0.4272351
v -0.2848905 -0.4544518 -0.4644254
v -0.2917926 -0.4577429 -0.4679918
v -0.2908529 0.4223260 -0.4660133
v -0.3127610 -0.4868671 -0.4954554
v -0.2848905 -0.4544518 -0.4644254
v -0.2762987 0.4322031 -0.4956687
v -0.2809925 -0.3213374 -0.4259914
v -0.2809925 -0.3213374 -0.4259914
v -0.2811095 -0.4621930 -0.4272351
v -0.2724730 -0.4525480 -0.4554168
v -0.2404020 -0.4866053 -0.4954329
v -0.2606857 -0.0806281 -0.4939481
v -0.2724730 -0.4525480 -0.4554168
v -0.2648959 -0.4524013 -0.4553457
v -0.2648258 -0.0679799 -0.4554542
v -0.2570756 -0.4530235 -0.4260662
v -0.2648258 -0.0679799 -0.4554542
v -0.2648959 -0.4524013 -0.4553457
v -0.2572713 0.1258866 -0.4260382
v -0.2477969 -0.4549365 -0.4646050
v -0.2404020 -0.4866053 -0.4954329
v -0.2606857 -0.0806281 -0.4939481
v -0.2570756 -0.4530235 -0.4260662
v -0.2436946 -0.4544870 -0.4260588
v -0.4379446 0.4279610 -0.4259204
v -0.2477969 -0.4549365 -0.4646050
v -0.2468664 0.4223669 -0.4659142
v -0.2404020 -0.4866053 -0.4954329
v -0.2436946 -0.4544870 -0.4260588
v -0.2360053 -0.4523957 -0.4553270
v -0.2360813 0.4223186 -0.4555552
v -0.2403050 0.2770854 -0.4939238
v -0.2247831 -0.4867873 -0.4954778
v -0.2283387 -0.4277624 -0.4565744
v -0.2360053 -0.4523957 -0.4553270
v -0.2270027 -0.4522936 -0.4535036
v -0.2360813 0.4223186 -0.4555552
v -0.2247831 -0.4867873 -0.4954778
v -0.2252273 0.4302177 -0.4953134
v -0.2174577 -0.4350040 -0.4664620
v -0.2212776 -0.4585824 -0.4296102
v -0.2212776 -0.4585824 -0.4296102
v -0.2283387 -0.4277624 -0.4565744
v -0.2270027 -0.4522936 -0.4535036
v -0.2199917 -0.0686857 -0.4256081
v -0.2160608 -0.4526743 -0.4650314
v -0.2064134 -0.4622245 -0.4270556
v -0.2199917 -0.0686857 -0.4256081
v -0.2099092 -0.4549550 -0.4653212
v -0.2160608 -0.4526743 -0.4650314
v -0.2097830 -0.2766026 -0.4662545
v -0.2096720 0.1134780 -0.4661610
v -0.2174577 -0.4350040 -0.4664620
v -0.2064134 -0.4622245 -0.4270556
v -0.4379446 0.4279610 -0.4259204
v -0.2199917 -0.0686857 -0.4256081
v -0.2099092 -0.4549550 -0.4653212
v -0.2097830 -0.2766026 -0.4662545
v -0.2059896 -0.3500085 -0.4797029
v -0.2023278 -0.1251178 -0.4953095
v -0.2036303 -0.4820549 -0.4925603
v -0.2022906 -0.4304536 -0.4953918
v -0.1936713 -0.3656860 -0.4949785
v -0.2018296 -0.4821886 -0.4945876
v -0.4379446 0.4279610 -0.4259204
v -0.2064134 -0.4622245 -0.4270556
v -0.1991614 -0.4524849 -0.4553813
v -0.2023278 -0.1251178 -0.4953095
v -0.1905696 -0.4525796 -0.4554000
v -0.1687580 0.4280892 -0.4272632
v -0.1991614 -0.4524849 -0.4553813
v -0.1687580 0.4280892 -0.4272632
v -0.1905696 -0.4525796 -0.4554000
v -0.1835834 -0.4600812 -0.4281721
v -0.1897598 -0.0756654 -0.4916720
v -0.1844595 -0.4296215 -0.4838808
v -0.1797091 -0.4578506 -0.4660880
v -0.1811712 -0.1391515 -0.4765704
v -0.1863184 0.0951539 -0.4842100
vt 0.9230450 0.1288190
vt 0.9009900 0.1007240
vt 0.5827380 0.5179840
vt 0.3492340 0.8581140
vt 0.2943330 0.8484340
vt 0.3517570 0.8500450
vt 0.8727560 0.1150390
vt 0.6309900 0.4205300
vt 0.5962230 0.4682490
vt 0.6270630 0.6035780
vt 0.6171630 0.5935280
vt 0.8805330 0.4106290
vt 0.8464740 0.4015850
vt 0.8537150 0.3918510
vt 0.8504630 0.3401040
vt 0.8807540 0.3362940
vt 0.8777350 0.1032120
vt 0.2638510 0.8501430
vt 0.8696680 0.1037420
vt 0.3026670 0.9120400
vt 0.2747290 0.9238990
vt 0.2527240 0.9259700
vt 0.5595650 0.5272000
vt 0.2636390 0.8544250
vt 0.6194860 0.6380620
vt 0.7811690 0.1182290
vt 0.7784130 0.1215130
vt 0.7682840 0.1034200
vt 0.7740820 0.0953890
vt 0.0729950 0.9574700
vt 0.0615620 0.9359670
vt 0.1018950 0.9481970
vt 0.2361040 0.9729260
vt 0.2380670 0.9915090
vt 0.2164370 0.9934010
vt 0.3651770 0.9949200
vt 0.3417080 0.9920420
vt 0.3435590 0.9708860
vt 0.2075260 0.9667170
vt 0.7461860 0.9736460
vt 0.7675510 0.9814230
vt 0.7435390 0.9854870
vt 0.8063720 0.0178900
vt 0.8063720 0.0259310
vt 0.7820080 0.0244590
vt 0.3687320 0.9691370
vt 0.3665610 0.9751430
vt 0.1038740 0.9238690
vt 0.7754170 0.9745370
vt 0.4221150 0.5043030
vt 0.4050440 0.5624900
vt 0.3975940 0.5399060
vt 0.2079030 0.9921650
vt 0.3994940 0.0093300
vt 0.4139040 0.0010100
vt 0.4193150 0.0089390
vt 0.9846880 0.0108760
vt 0.9621360 0.0290060
vt 0.9630500 0.0108760
vt 0.3692720 0.9915600
vt 0.9842630 0.0253330
vt 0.7798380 0.9359770
vt 0.7741830 0.9148720
vt 0.8265060 0.9350600
vt 0.8181870 0.9143430
vt 0.6419380 0.9883720
vt 0.6419380 0.9988260
vt 0.6214790 0.9973070
vt 0.7754310 0.9077230
vt 0.7262580 0.1065350
vt 0.3954030 0.5186350
vt 0.5078730 0.9718090
vt 0.5408720 0.9860010
vt 0.5167340 0.9865560
vt 0.5222780 0.9607610
vt 0.7478290 0.9309150
vt 0.7478290 0.9581200
vt 0.7011690 0.9296200
vt 0.4577210 0.5616720
vt 0.2924660 0.9994650
vt 0.2683410 0.9984870
vt 0.2771950 0.9920170
vt 0.9623370 0.8882660
vt 0.9566820 0.9093710
vt 0.9310040 0.8892780
vt 0.7765110 0.8805460
vt 0.8884450 0.4347210
vt 0.8884450 0.3673470
vt 0.8919590 0.4093410
vt 0.2794210 0.9818250
vt 0.8249880 0.8872430
vt 0.8208880 0.9141370
vt 0.8046980 0.8816340
vt 0.9283570 0.9087460
vt 0.8007680 0.9101270
vt 0.6969030 0.1224400
vt 0.4269980 0.6208850
vt 0.7007190 0.9579480
vt 0.6940970 0.1166950
vt 0.6855720 0.0199200
vt 0.6755400 0.0221970
vt 0.9784060 0.6329860
vt 0.9784060 0.6225530
vt 0.9876210 0.6260800
vt 0.0890970 0.9806910
vt 0.0834140 0.9837130
vt 0.0862050 0.9701140
vt 0.3943970 0.5991360
vt 0.4376910 0.9096430
vt 0.4319970 0.9223970
vt 0.4179820 0.9171940
vt 0.0763380 0.9699670
vt 0.6927740 0.0381650
vt 0.7810510 0.8722480
vt 0.3698200 0.4723850
vt 0.3826050 0.8789510
vt 0.3936030 0.8804880
vt 0.3931020 0.9060940
vt 0.7010860 0.0461350
vt 0.6962560 0.0175600
vt 0.3830960 0.9199000
vt 0.3678240 0.9270550
vt 0.3749540 0.5104540
vt 0.6801810 0.0471340
vt 0.5023370 0.9929380
vt 0.4965090 0.9714370
vt 0.5045820 0.9676720
vt 0.9788480 0.3485400
vt 0.9788480 0.3397910
vt 0.9886550 0.3425400
vt 0.0852570 0.9935980
vt 0.8025470 0.8731540
vt 0.8082780 0.8523520
vt 0.4732610 0.9682450
vt 0.9691670 0.0872410
vt 0.9765470 0.0669650
vt 0.9771650 0.0935480
vt 0.0172450 0.9295190
vt 0.0485360 0.9259250
vt 0.0554180 0.9516090
vt 0.7007660 0.1039580
vt 0.0080970 0.9253460
vt 0.0153370 0.9525470
vt 0.9777360 0.2178320
vt 0.9777360 0.2459790
vt 0.9725350 0.2436700
vt 0.7825360 0.8484720
vt 0.4759860 0.9923640
vt 0.6929820 0.0922330
vt 0.4783840 0.6181190
vt 0.4769690 0.6346420
vt 0.4281760 0.6802360
vt 0.2491820 0.9791770
vt 0.2438680 0.9715860
vt 0.2691800 0.9728920
vt 0.4489280 0.6717510
vt 0.4659140 0.5027580
vt 0.4702590 0.4990910
vt 0.5049910 0.5565780
vt 0.9735930 0.8166760
vt 0.9686650 0.8138310
vt 0.9801290 0.8135550
vt 0.4571910 0.5326170
vt 0.4491000 0.5387810
vt 0.4588810 0.5609810
vt 0.4523240 0.4822100
vt 0.4221390 0.4950630
vt 0.4494030 0.5280150
vt 0.4490590 0.6198140
vt 0.5826750 0.4990110
vt 0.3630570 0.6605540
vt 0.3740410 0.6210700
vt 0.4244740 0.4581190
vt 0.4305000 0.6314580
vt 0.6267000 0.9178730
vt 0.6112900 0.9255540
vt 0.5750200 0.9255540
vt 0.5732020 0.9194420
vt 0.8796220 0.8083450
vt 0.8762590 0.7532730
vt 0.8776950 0.7368530
vt 0.0138880 0.0997670
vt 0.0138880 0.0282490
vt 0.0501200 0.0299270
vt 0.7437720 0.0525480
vt 0.6650940 0.0525480
vt 0.6614470 0.0464180
vt 0.9837530 0.1976500
vt 0.9884290 0.2019850
vt 0.9819370 0.2159070
vt 0.8623750 0.7357220
vt 0.9753340 0.1990530
vt 0.8687850 0.7999290
vt 0.9751350 0.2164310
vt 0.7878630 0.9916110
vt 0.8078930 0.9770590
vt 0.8138110 0.9933990
vt 0.8527410 0.7889800
vt 0.8520370 0.7727560
vt 0.9691430 0.1225660
vt 0.9691430 0.0955530
vt 0.9757110 0.1207200
vt 0.6467980 0.9823120
vt 0.6276690 0.9856850
vt 0.6141570 0.9832980
vt 0.9823330 0.7621020
vt 0.9730950 0.7604730
vt 0.9835770 0.7603000
vt 0.4198450 0.9709180
vt 0.4350420 0.9890300
vt 0.4093700 0.9705060
vt 0.4104960 0.9901040
vt 0.0022700 0.2592220
vt 0.0022700 0.2794280
vt 0.0001920 0.2787420
vt 0.0249640 0.8736320
vt 0.0402330 0.8908440
vt 0.0280520 0.8880070
vt 0.0756550 0.9137990
vt 0.3637370 0.2374900
vt 0.4100390 0.2543430
vt 0.2910940 0.2553700
vt 0.0031240 0.9151420
vt 0.2928940 0.2453990
vt 0.0213410 0.8799540
vt 0.0174250 0.8857590
vt 0.7278930 0.4590240
vt 0.7472420 0.3492890
vt 0.7471660 0.4705040
vt 0.7782420 0.3615380
vt 0.7782420 0.4729650
vt 0.7722250 0.4813970
vt 0.8285770 0.9409780
vt 0.8245000 0.9521780
vt 0.7824520 0.9422920
vt 0.9263170 0.2028890
vt 0.9427130 0.2028890
vt 0.9280590 0.2466440
vt 0.9311670 0.7898940
vt 0.9373710 0.7893510
vt 0.9338930 0.8330020
vt 0.8744070 0.0340420
vt 0.8778180 0.0351840
vt 0.8571310 0.0988520
vt 0.1795310 0.8863270
vt 0.1126260 0.8886390
vt 0.1119510 0.8809200
vt 0.8563020 0.0843290
vt 0.8662200 0.0301490
vt 0.1506220 0.8781380
vt 0.1657150 0.8793770
vt 0.1683060 0.8774870
vt 0.6374310 0.9126620
vt 0.6543840 0.9075880
vt 0.6970160 0.9151050
vt 0.6921820 0.9010310
vt 0.6309010 0.9143420
vt 0.6911670 0.8953330
vt 0.6876390 0.8948560
vt 0.6329440 0.9126280
vt 0.6235380 0.9110700
vt 0.7699530 0.9151690
vt 0.7037050 0.9146600
vt 0.7310340 0.9117640
vt 0.7559860 0.9085630
vt 0.5072840 0.9764990
vt 0.5058510 0.9928830
vt 0.5060880 0.9677280
vt 0.5084580 0.9841640
vt 0.5108900 0.9825480
vt 0.2673020 0.9867110
vt 0.2535840 0.9995030
vt 0.2472230 0.9933460
vt 0.5102160 0.9784860
vt 0.5107380 0.9790050
vt 0.6108190 0.0046040
vt 0.6107590 0.0010620
vt 0.6295160 0.0010620
vt 0.6107650 0.0053380
vt 0.7831860 0.9860790
vt 0.7515260 0.9860790
vt 0.7820390 0.9794560
vt 0.5136610 0.3258100
vt 0.5136610 0.3167310
vt 0.6360190 0.3177510
vt 0.9850950 0.9355030
vt 0.9825330 0.9404380
vt 0.9823940 0.9371260
vt 0.9833510 0.2296750
vt 0.9885840 0.2296750
vt 0.9876000 0.2301970
vt 0.9890490 0.9371450
vt 0.9802940 0.4047490
vt 0.9869990 0.4052180
vt 0.9795200 0.4106130
vt 0.9829360 0.9418980
vt 0.0000090 0.9869920
vt 0.0031460 0.9769470
vt 0.0324870 0.9876260
vt 0.0012340 0.9547660
vt 0.3200400 0.9621580
vt 0.3594290 0.9621580
vt 0.0066790 0.3693440
vt 0.0066790 0.4278000
vt 0.0041530 0.3884930
vt 0.3273030 0.9649720
vt 0.7292620 0.5146680
vt 0.7339420 0.5681570
vt 0.7278990 0.6359970
vt 0.7901000 0.3579720
vt 0.7901000 0.4775770
vt 0.7864640 0.3590800
vt 0.7913110 0.3702920
vt 0.7985460 0.3709250
vt 0.7935980 0.4898760
vt 0.0910120 0.4606770
vt 0.0867330 0.4117720
vt 0.0878440 0.3586240
vt 0.7964430 0.4993120
vt 0.7964430 0.6175720
vt 0.7909530 0.6183640
vt 0.0030720 0.7245820
vt 0.0030720 0.6634040
vt 0.0052980 0.6694500
vt 0.1698720 0.0286770
vt 0.2501180 0.0286770
vt 0.9019420 0.3245090
vt 0.8985150 0.3636790
vt 0.8981560 0.3085030
vt 0.9014480 0.3024950
vt 0.9853330 0.4019720
vt 0.9882620 0.4025570
vt 0.1325480 0.0330590
vt 0.2124880 0.0400530
vt 0.1316780 0.0407960
vt 0.6114130 0.0672920
vt 0.5649140 0.0630690
vt 0.5868070 0.0606990
vt 0.5259580 0.0673170
vt 0.5494650 0.0646530
vt 0.2259310 0.0318840
vt 0.9895560 0.4019720
vt 0.3987170 0.0309740
vt 0.3584890 0.0274550
vt 0.4376700 0.0293400
vt 0.4206320 0.0236790
vt 0.0964940 0.4035940
vt 0.0915910 0.4596290
vt 0.0951540 0.3591790
vt 0.4914750 0.0738840
vt 0.5521160 0.0742480
vt 0.4918590 0.0782810
vt 0.3956430 0.1161110
vt 0.4848080 0.1021970
vt 0.4560540 0.1108260
vt 0.8649410 0.9983340
vt 0.8416070 0.9983340
vt 0.8567660 0.9977270
vt 0.3940690 0.1010230
vt 0.3134270 0.8579270
vt 0.3489100 0.8641830
vt 0.2660360 0.8636030
vt 0.1785680 0.7414150
vt 0.1729830 0.7260710
vt 0.1738220 0.6308150
vt 0.5769640 0.0792430
vt 0.1819320 0.2282570
vt 0.1771150 0.2079780
vt 0.1801200 0.2075500
vt 0.2118890 0.0848090
vt 0.3026360 0.0848090
vt 0.3015800 0.0894890
vt 0.1807390 0.2070200
vt 0.9871360 0.6375390
vt 0.9803680 0.6329130
vt 0.9819200 0.6321380
vt 0.4721870 0.1491160
vt 0.4730360 0.1394120
vt 0.5834510 0.1433520
vt 0.1816120 0.3183370
vt 0.1760270 0.2080580
vt 0.1760200 0.2078900
vt 0.9881740 0.3627650
vt 0.9837600 0.3627650
vt 0.9864610 0.3624940
vt 0.9861270 0.6707130
vt 0.9853060 0.6710120
vt 0.9779300 0.6706920
vt 0.9870800 0.6326300
vt 0.9874410 0.7323050
vt 0.9885150 0.7324950
vt 0.9844050 0.7323010
vt 0.9845410 0.4209640
vt 0.9820240 0.4192020
vt 0.9889260 0.4190160
vt 0.9845000 0.6312940
vt 0.3523780 0.8596120
vt 0.3512000 0.8643780
vt 0.1942150 0.6981380
vt 0.1942150 0.5874360
vt 0.1972170 0.6979160
vt 0.4401860 0.0649900
vt 0.5230610 0.0646600
vt 0.5252500 0.0677870
vt 0.5253480 0.0648830
vt 0.2530650 0.5251090
vt 0.2527820 0.5246190
vt 0.2559980 0.5245790
vt 0.6301650 0.9540580
vt 0.6526630 0.9560270
vt 0.6086210 0.9575160
vt 0.6063230 0.9554810
vt 0.3817950 0.7362570
vt 0.4056800 0.7362570
vt 0.3585500 0.7399310
vt 0.2539060 0.5510860
vt 0.1957240 0.8648730
vt 0.2879420 0.8598930
vt 0.2397900 0.8648730
vt 0.4740440 0.7424840
vt 0.6523910 0.9533650
vt 0.2592810 0.6383940
vt 0.3595680 0.7356060
vt 0.7851010 0.1959290
vt 0.8121950 0.1909250
vt 0.8110910 0.1959290
vt 0.2735330 0.4122280
vt 0.2735330 0.5259950
vt 0.2685640 0.5267180
vt 0.6969130 0.1905810
vt 0.2018050 0.0049910
vt 0.2050100 0.0052720
vt 0.2002810 0.0074420
vt 0.4858730 0.1994860
vt 0.4868080 0.2101650
vt 0.3713900 0.2046500
vt 0.8115290 0.1955690
vt 0.1916950 0.0085570
vt 0.2081080 0.0087950
vt 0.1955640 0.8620620
vt 0.6410220 0.1922730
vt 0.6198130 0.1978460
vt 0.6197660 0.1922730
vt 0.2488780 0.1772990
vt 0.3626440 0.1772990
vt 0.2751210 0.1831150
vt 0.0011550 0.2469500
vt 0.0022920 0.2339560
vt 0.0017720 0.2539810
vt 0.1545030 0.8663640
vt 0.1805910 0.8574180
vt 0.6196340 0.1852160
vt 0.7348710 0.1884710
vt 0.1413740 0.4068640
vt 0.1474800 0.3722320
vt 0.1467860 0.4761190
vt 0.1405550 0.4268790
vt 0.0882420 0.8605670
vt 0.6322470 0.2848790
vt 0.5137120 0.2848790
vt 0.6354760 0.2778980
vt 0.4343380 0.9226830
vt 0.4379090 0.9159680
vt 0.4824520 0.9353370
vt 0.0744340 0.9192690
vt 0.0822020 0.9216440
vt 0.0845690 0.8966720
vt 0.1730060 0.9533410
vt 0.2174420 0.9533410
vt 0.1759320 0.9575400
vt 0.7786180 0.9739630
vt 0.8102540 0.9739630
vt 0.7897620 0.9866470
vt 0.0017950 0.4790870
vt 0.0017950 0.5031870
vt 0.0011590 0.4828820
vt 0.2399840 0.9645580
vt 0.2804920 0.9645580
vt 0.2399410 0.9679870
vt 0.9751140 0.6697360
vt 0.9844160 0.6669060
vt 0.9854960 0.6698740
vt 0.4646970 0.9912700
vt 0.4621250 0.9769180
vt 0.4646580 0.9674660
vt 0.4614470 0.9672430
vt 0.4616470 0.9928750
vt 0.5757290 0.9935040
vt 0.5995720 0.9882780
vt 0.5995330 0.9935040
vt 0.9848990 0.6670320
vt 0.6637000 0.9734430
vt 0.6522950 0.9780230
vt 0.6365730 0.9752510
vt 0.9727970 0.9445640
vt 0.9825230 0.9516300
vt 0.9721790 0.9525310
vt 0.6312290 0.9740240
vt 0.9811420 0.8051550
vt 0.9778800 0.8098130
vt 0.9691280 0.8055790
vt 0.6622060 0.9772760
vt 0.6619620 0.9787980
vt 0.3652510 0.9683150
vt 0.3328980 0.9654840
vt 0.3721730 0.9642310
vt 0.9796070 0.8523650
vt 0.9826670 0.8513700
vt 0.9785290 0.8571470
vt 0.9800030 0.3713220
vt 0.9870080 0.3764110
vt 0.9804380 0.3765850
vt 0.4017290 0.3452280
vt 0.5232290 0.3558570
vt 0.4004530 0.3563970
vt 0.9885640 0.3168360
vt 0.9885640 0.3173350
vt 0.9828780 0.3171940
vt 0.9839570 0.8522140
vt 0.2478940 0.0082520
vt 0.2457600 0.0029700
vt 0.2505880 0.0093390
vt 0.5752190 0.9886280
vt 0.9858690 0.8545620
vt 0.2623640 0.0086990
vt 0.2965870 0.9315360
vt 0.3047090 0.9285350
vt 0.3113240 0.9271280
vt 0.9874980 0.8543090
vt 0.3038950 0.9030280
vt 0.3127760 0.9257060
vt 0.3202570 0.9235630
vt 0.3219060 0.9235670
vt 0.3523540 0.9210900
vt 0.3385310 0.9178990
vt 0.0301520 0.9155720
vt 0.9035970 0.8848680
vt 0.8935610 0.8885200
vt 0.9027710 0.8617720
vt 0.3889040 0.9580980
vt 0.3580440 0.9580980
vt 0.3888080 0.9534130
vt 0.8933310 0.8403920
vt 0.3437390 0.9567320
vt 0.3443390 0.9532760
vt 0.9077000 0.8401980
vt 0.9038870 0.8913840
vt 0.2508790 0.0201600
vt 0.1995550 0.0162750
vt 0.2476700 0.0174670
vt 0.8921860 0.8924780
vt 0.9221910 0.8861550
vt 0.1982890 0.0191260
vt 0.1961910 0.0172690
vt 0.6002560 0.6722760
vt 0.6492990 0.6865440
vt 0.6292690 0.6989410
vt 0.5896560 0.6863730
vt 0.9091860 0.8963850
vt 0.6523480 0.7049890
vt 0.8726710 0.9798990
vt 0.8473410 0.9733460
vt 0.8732650 0.9731050
vt 0.8684640 0.9875050
vt 0.8465770 0.9860840
vt 0.9521030 0.4315800
vt 0.9556200 0.4309600
vt 0.9484040 0.4572410
vt 0.6689800 0.3725920
vt 0.6528180 0.3970030
vt 0.6234030 0.3639690
vt 0.9778080 0.7012610
vt 0.9670880 0.6915320
vt 0.9792440 0.6793750
vt 0.1239000 0.0114490
vt 0.1152400 0.0122000
vt 0.1084980 0.0025710
vt 0.9832230 0.2629750
vt 0.9784010 0.2677980
vt 0.9714790 0.2634960
vt 0.6807170 0.4782400
vt 0.6679430 0.4961980
vt 0.1224120 0.0032140
vt 0.6361990 0.3821430
vt 0.9650080 0.4344930
vt 0.9700920 0.7045020
vt 0.9624230 0.9729530
vt 0.9525000 0.9885580
vt 0.9502740 0.9740160
vt 0.6858040 0.4615450
vt 0.9676450 0.6756070
vt 0.2161460 0.8917590
vt 0.2192830 0.8982000
vt 0.1995470 0.8908270
vt 0.8860160 0.0053540
vt 0.9002960 0.0007140
vt 0.8999210 0.0061790
vt 0.9596860 0.4602960
vt 0.9548210 0.4622640
vt 0.2026860 0.8976410
vt 0.9131320 0.0217850
vt 0.9131320 0.0481310
vt 0.9106000 0.0316090
vt 0.2228160 0.9034580
vt 0.2257320 0.9001660
vt 0.2336490 0.9112510
vt 0.9324370 0.9745920
vt 0.9490890 0.9731350
vt 0.9250140 0.9880950
vt 0.8983990 0.9730020
vt 0.8965380 0.9840120
vt 0.8849790 0.9850230
vt 0.9664160 0.4626880
vt 0.2364420 0.8910080
vt 0.2544160 0.9166350
vt 0.2447910 0.9265040
vt 0.0427440 0.9948400
vt 0.0380040 0.9926290
vt 0.0414130 0.9706940
vt 0.0022550 0.6905070
vt 0.0022550 0.7146890
vt 0.0002060 0.7181590
vt 0.6811800 0.4082380
vt 0.6619440 0.4186850
vt 0.9223880 0.9732010
vt 0.9472120 0.9882950
vt 0.5814920 0.6917280
vt 0.9510740 0.9894440
vt 0.5632400 0.6818000
vt 0.6668410 0.4471520
vt 0.9778400 0.9607870
vt 0.9627900 0.9602830
vt 0.8763640 0.9731110
vt 0.8766340 0.9866240
vt 0.5752310 0.9304920
vt 0.5727690 0.9262280
vt 0.6236860 0.9263010
vt 0.8780120 0.9377870
vt 0.8780120 0.9236070
vt 0.9272510 0.9373470
vt 0.9227140 0.9894990
vt 0.9102990 0.9861730
vt 0.9214300 0.9731200
vt 0.5369840 0.9999400
vt 0.5156990 0.9986440
vt 0.5214430 0.9890580
vt 0.9769190 0.9890030
vt 0.9095410 0.9731520
vt 0.0733600 0.9851080
vt 0.0452810 0.9865670
vt 0.0467210 0.9701050
vt 0.9922750 0.0876570
vt 0.9784160 0.0901010
vt 0.9930240 0.0725520
vt 0.6462180 0.7143390
vt 0.5368530 0.9867660
vt 0.9319550 0.9933990
vt 0.9075330 0.9932450
vt 0.9858850 0.0727840
vt 0.0716440 0.9701470
vt 0.1402120 0.0129860
vt 0.1247230 0.0033230
vt 0.1402120 0.0030110
vt 0.1246820 0.0142210
vt 0.2442070 0.0056280
vt 0.2475690 0.0096350
vt 0.2305210 0.0089000
vt 0.9774340 0.0718880
vt 0.9903140 0.5385170
vt 0.9923710 0.5429280
vt 0.9772760 0.5381860
vt 0.3050910 0.9882670
vt 0.2919410 0.9891410
vt 0.2808520 0.9733050
vt 0.0438240 0.9711430
vt 0.9761170 0.5533950
vt 0.3027750 0.9701760
vt 0.8621750 0.2113430
vt 0.8832710 0.1464160
vt 0.8793150 0.2149820
vt 0.9428650 0.0710320
vt 0.9346020 0.0781390
vt 0.9326240 0.0682880
vt 0.2749190 0.9690080
vt 0.1750180 0.0194300
vt 0.1827240 0.0113370
vt 0.1875430 0.0196830
vt 0.9823560 0.6716250
vt 0.9895790 0.6739710
vt 0.9826960 0.6764800
vt 0.9248250 0.0859710
vt 0.9254570 0.0758020
vt 0.8721580 0.9859030
vt 0.9432200 0.0679750
vt 0.9384020 0.0435220
vt 0.9262740 0.0489130
vt 0.9405870 0.0011030
vt 0.9540460 0.0006790
vt 0.9540460 0.0101540
vt 0.9857140 0.8335600
vt 0.9809710 0.8432840
vt 0.9819880 0.8266470
vt 0.9438910 0.0093310
vt 0.6620970 0.4392720
vt 0.6694180 0.4346820
vt 0.5192580 0.7050200
vt 0.9279950 0.9199190
vt 0.9770240 0.3036230
vt 0.9724850 0.2911520
vt 0.9777860 0.2754020
vt 0.5592120 0.6983780
vt 0.1952430 0.0194350
vt 0.9705240 0.9241340
vt 0.9844990 0.9015680
vt 0.9846780 0.9241340
vt 0.5185040 0.7125040
vt 0.9695310 0.9037690
vt 0.9646750 0.8380810
vt 0.9801790 0.8440630
vt 0.9772370 0.8579070
vt 0.9780660 0.0308420
vt 0.9938970 0.0291480
vt 0.9907340 0.0354530
vt 0.9791670 0.8174740
vt 0.9673080 0.0311310
vt 0.9663730 0.0589960
vt 0.9475120 0.0521310
vt 0.9655420 0.8349800
vt 0.9481310 0.0261840
vt 0.9770620 0.0506230
vt 0.9783050 0.0403140
vt 0.9904180 0.0453680
vt 0.9767750 0.2502180
vt 0.9940120 0.2605020
vt 0.9784790 0.2557920
vt 0.9918710 0.0475300
vt 0.9712330 0.8581270
vt 0.9730000 0.2623370
vt 0.9740990 0.0286480
vt 0.7422790 0.2598420
vt 0.7227930 0.2686140
vt 0.7279490 0.2605070
vt 0.9884530 0.4580030
vt 0.9801800 0.4606910
vt 0.9800350 0.4565910
vt 0.9859410 0.2824550
vt 0.9859410 0.2783520
vt 0.9914100 0.2804420
vt 0.6462720 0.0102630
vt 0.6279770 0.0102620
vt 0.6297830 0.0084470
vt 0.7728780 0.2355000
vt 0.7093900 0.2373890
vt 0.7155070 0.2628820
vt 0.8699940 0.4971350
vt 0.8734380 0.5015370
vt 0.8963910 0.5278140
vt 0.8803620 0.5276970
vt 0.8908150 0.4878070
vt 0.6532790 0.2357580
vt 0.6732840 0.2432470
vt 0.6530210 0.2392530
vt 0.6999210 0.2310940
vt 0.7049290 0.2716780
vt 0.7069210 0.2808560
vt 0.6910890 0.2503610
vt 0.7046440 0.2908170
vt 0.6671220 0.4947150
vt 0.6622770 0.4678330
vt 0.5522940 0.7059830
vt 0.5348780 0.7147250
vt 0.8461360 0.4805560
vt 0.8461000 0.4847940
vt 0.9910590 0.5631810
vt 0.9843230 0.5631810
vt 0.9853970 0.5594190
vt 0.9056260 0.3670810
vt 0.9025560 0.3283600
vt 0.9064120 0.3139680
vt 0.4215290 0.9706640
vt 0.4484850 0.9706640
vt 0.4318400 0.9825610
vt 0.9015640 0.3620990
vt 0.5562660 0.9587870
vt 0.5476770 0.9719810
vt 0.5327730 0.9706770
vt 0.9177710 0.4659440
vt 0.9139070 0.4665560
vt 0.9433060 0.4307260
vt 0.1002600 0.9939250
vt 0.0981210 0.9735780
vt 0.1121200 0.9927190
vt 0.5358250 0.9732660
vt 0.5225130 0.9590470
vt 0.9225950 0.4152750
vt 0.9785280 0.2287440
vt 0.9785280 0.2173410
vt 0.9879900 0.2187400
vt 0.9030860 0.3205180
vt 0.9299620 0.9575660
vt 0.8883540 0.9575660
vt 0.9271960 0.9503620
vt 0.0887540 0.8594980
vt 0.0934640 0.8465580
vt 0.1830330 0.8554750
vt 0.0927450 0.8892460
vt 0.1534390 0.8892460
vt 0.1063390 0.9138060
vt 0.9863830 0.1744010
vt 0.9768900 0.1755670
vt 0.9867520 0.1687690
vt 0.9041640 0.3103450
vt 0.9771610 0.1641670
vt 0.0019110 0.7311300
vt 0.0005510 0.7466770
vt 0.0010450 0.7186110
vt 0.3100080 0.9628240
vt 0.3489120 0.9696830
vt 0.3083990 0.9697220
vt 0.9879630 0.7259640
vt 0.9780630 0.7189230
vt 0.9857740 0.7192270
vt 0.9786960 0.7291330
vt 0.9896290 0.1685120
vt 0.0013140 0.8543810
vt 0.0022410 0.8826940
vt 0.9719920 0.3024290
vt 0.9777870 0.3051320
vt 0.9721960 0.3307560
vt 0.1023800 0.0043900
vt 0.0934580 0.0101840
vt 0.1032400 0.0016330
vt 0.9724460 0.0549630
vt 0.9685340 0.0533510
vt 0.8656230 0.0001230
vt 0.8741220 0.0008660
vt 0.8673550 0.0062780
vt 0.0909670 0.0049050
vt 0.4622880 0.0929520
vt 0.3722760 0.0929520
vt 0.3730390 0.0862700
vt 0.9690960 0.0335300
vt 0.0897680 0.0088490
vt 0.2954520 0.1026280
vt 0.3869700 0.1026280
vt 0.2983300 0.1149990
vt 0.9034010 0.3059860
vt 0.7858260 0.0069960
vt 0.7885450 0.0102370
vt 0.7722620 0.0097370
vt 0.9681850 0.2657060
vt 0.9681850 0.2374950
vt 0.9771620 0.2551750
vt 0.8801350 0.0051710
vt 0.5156840 0.0401300
vt 0.5192950 0.0238620
vt 0.5680180 0.0213090
vt 0.0945480 0.0123800
vt 0.1071440 0.0020500
vt 0.1009630 0.0096570
vt 0.8808070 0.0006990
vt 0.1112620 0.0141980
vt 0.0310080 0.0059140
vt 0.0292920 0.0083640
vt 0.0187220 0.0068060
vt 0.4456520 0.9812500
vt 0.4507350 0.9979670
vt 0.5377250 0.0202000
vt 0.5202680 0.0194470
vt 0.4495890 0.0065570
vt 0.4610070 0.0055580
vt 0.4691700 0.0067510
vt 0.9680050 0.2062170
vt 0.9680290 0.1783230
vt 0.9716140 0.1857540
vt 0.9758650 0.1963970
vt 0.9114300 0.4668850
vt 0.9201800 0.4692300
vt 0.9151640 0.5272060
vt 0.9192530 0.3115850
vt 0.9091470 0.2542760
vt 0.9229550 0.2497150
vt 0.0002210 0.8668830
vt 0.9728740 0.0287390
vt 0.4514430 0.9779060
vt 0.8789360 0.1179380
vt 0.8812720 0.1186740
vt 0.8695890 0.1849320
vt 0.8696650 0.1159060
vt 0.7587960 0.5142650
vt 0.7636070 0.5142650
vt 0.7632170 0.6354150
vt 0.0035450 0.8349170
vt 0.0057640 0.8095490
vt 0.0072870 0.8733660
vt 0.7514470 0.0284760
vt 0.7217100 0.0243430
vt 0.7397000 0.0242010
vt 0.6982940 0.0245790
vt 0.7126620 0.0243500
vt 0.7758570 0.0241290
vt 0.7590480 0.0095950
vt 0.7614670 0.0100210
vt 0.7446880 0.0101000
vt 0.1504000 0.0740170
vt 0.1441050 0.0677230
vt 0.1618970 0.0733580
vt 0.1261240 0.0671150
vt 0.1531500 0.0679600
vt 0.1699150 0.0686490
vt 0.0899740 0.0664780
vt 0.0891740 0.0724180
vt 0.5268000 0.0447190
vt 0.5825460 0.0212590
vt 0.5842140 0.0233930
vt 0.1732580 0.0753240
vt 0.5702680 0.0216770
vt 0.4882010 0.8794360
vt 0.4550700 0.8872390
vt 0.4409960 0.8821170
vt 0.5530230 0.0285170
vt 0.5167220 0.0421890
vt 0.4133260 0.8779010
vt 0.4166900 0.8816130
vt 0.5586190 0.8454040
vt 0.5607000 0.8572060
vt 0.4678570 0.8507170
vt 0.6186520 0.0782040
vt 0.6553320 0.0734450
vt 0.6536360 0.0782040
vt 0.3444630 0.0695160
vt 0.3104680 0.0786250
vt 0.2601650 0.0690850
vt 0.7048340 0.0778150
vt 0.0854630 0.4632040
vt 0.0611270 0.4623540
vt 0.0553550 0.3782530
vt 0.7128160 0.0285540
vt 0.9685420 0.7055010
vt 0.9782830 0.7052190
vt 0.9732010 0.7059090
vt 0.8557360 0.6802060
vt 0.8639910 0.7614490
vt 0.8579450 0.7434650
vt 0.9781780 0.7131620
vt 0.4688580 0.9543600
vt 0.5144020 0.9537880
vt 0.4913490 0.9563270
vt 0.9709370 0.7339730
vt 0.5135100 0.9580780
vt 0.8556120 0.7323760
vt 0.8302480 0.7504860
vt 0.8779540 0.9529990
vt 0.8557470 0.9540400
vt 0.8552720 0.9486010
vt 0.9005140 0.9521430
vt 0.8726330 0.9479790
vt 0.9711620 0.7380150
vt 0.9745190 0.7351980
vt 0.9732680 0.7445570
vt 0.9718050 0.7434360
vt 0.9786170 0.7482440
vt 0.9770690 0.7195060
vt 0.1484410 0.0126130
vt 0.1476620 0.0109440
vt 0.1519100 0.0181060
vt 0.0684950 0.9999240
vt 0.0742010 0.9966300
vt 0.0821700 0.9998600
vt 0.1525280 0.9715400
vt 0.1466480 0.9934870
vt 0.1454680 0.9666310
vt 0.1529070 0.9781170
vt 0.4336840 0.7027560
vt 0.5074200 0.7157570
vt 0.4063610 0.7033090
vt 0.9848850 0.4465570
vt 0.9790550 0.4455290
vt 0.9874640 0.4451220
vt 0.0979450 0.9999330
vt 0.0837390 0.9999330
vt 0.0954700 0.9985900
vt 0.8498190 0.7061260
vt 0.5132140 0.9243680
vt 0.5655650 0.9243680
vt 0.5255760 0.9313680
vt 0.9842690 0.7293040
vt 0.9871450 0.7300750
vt 0.9783890 0.7299890
vt 0.4069290 0.9204050
vt 0.4171020 0.9183020
vt 0.4521580 0.9369420
vt 0.4552070 0.9323050
vt 0.0291870 0.1754490
vt 0.0392530 0.1378830
vt 0.0351070 0.2245000
vt 0.6472740 0.3479030
vt 0.5240700 0.3563520
vt 0.5247550 0.3479030
vt 0.5258240 0.3398570
vt 0.0372200 0.5865980
vt 0.0372200 0.6733720
vt 0.0331880 0.6321110
vt 0.3857360 0.7129880
vt 0.1316940 0.0177870
vt 0.5136400 0.3280250
vt 0.6266720 0.3280250
vt 0.6360400 0.3342110
vt 0.1317970 0.5241210
vt 0.1242340 0.5247830
vt 0.1277230 0.4215490
vt 0.7148690 0.5063940
vt 0.7148690 0.6285150
vt 0.6997050 0.5069000
vt 0.8041420 0.2724900
vt 0.8132880 0.3897460
vt 0.8047890 0.5175980
vt 0.8047890 0.6339810
vt 0.8003320 0.5161920
vt 0.5441600 0.2254370
vt 0.5433160 0.2206490
vt 0.6605250 0.2234420
vt 0.0380490 0.6961450
vt 0.0380490 0.6096150
vt 0.0417150 0.6673110
vt 0.9035620 0.6208170
vt 0.9046610 0.5630150
vt 0.9073690 0.5772950
vt 0.9065350 0.6216230
vt 0.3988990 0.7204610
vt 0.5203520 0.7308110
vt 0.9436630 0.8028110
vt 0.9395430 0.7794450
vt 0.9447500 0.7584890
vt 0.8710390 0.9978390
vt 0.8587270 0.9967620
vt 0.8822880 0.9957590
vt 0.2387520 0.9552920
vt 0.2370490 0.9580510
vt 0.2273610 0.9563430
vt 0.2599580 0.9558200
vt 0.2151770 0.9547080
vt 0.2243410 0.9533220
vt 0.2417940 0.9536570
vt 0.2542330 0.9540810
vt 0.2288620 0.9533710
vt 0.2331420 0.9534460
vt 0.5925810 0.0707900
vt 0.5697170 0.0727900
vt 0.5073700 0.0695040
vt 0.9501460 0.1137240
vt 0.9475020 0.1116980
vt 0.9480310 0.1098150
vt 0.9449930 0.1085200
vt 0.4957210 0.0630080
vt 0.4332870 0.0630080
vt 0.4112220 0.0600840
vt 0.9518750 0.1278880
vt 0.9506950 0.1312800
vt 0.9505490 0.1255920
vt 0.9495280 0.1349620
vt 0.9466230 0.1445580
vt 0.9545870 0.1118430
vt 0.9560410 0.1225830
vt 0.9865840 0.5638820
vt 0.9875270 0.5641340
vt 0.9824390 0.5640130
vt 0.5608670 0.9573930
vt 0.5765830 0.9549060
vt 0.5810570 0.9574890
vt 0.3732200 0.2139020
vt 0.4899020 0.2139020
vt 0.3946190 0.2193820
vt 0.5008330 0.7318960
vt 0.5016970 0.7417620
vt 0.3811200 0.7336400
vt 0.5437930 0.2261670
vt 0.6615250 0.2261670
vt 0.6409910 0.2455220
vt 0.0031470 0.0983770
vt 0.0031470 0.0434630
vt 0.0047310 0.0988320
vt 0.1378020 0.5083190
vt 0.1330000 0.5262420
vt 0.1373880 0.4240290
vt 0.2092740 0.0744510
vt 0.2834910 0.0744510
vt 0.2934340 0.0791680
vt 0.5803550 0.9549630
vt 0.5979370 0.9576150
vt 0.5938710 0.9553730
vt 0.6070300 0.9579450
vt 0.1028240 0.3112160
vt 0.1028240 0.3966760
vt 0.0970770 0.4105950
vt 0.6036790 0.9555320
vt 0.4238000 0.0221080
vt 0.3980880 0.0185610
vt 0.4016220 0.0181970
vt 0.2784920 0.6966630
vt 0.2739450 0.6970610
vt 0.2746700 0.5806350
vt 0.3684210 0.0209370
vt 0.4862570 0.8731110
vt 0.4314370 0.8763220
vt 0.4113300 0.8727760
vt 0.4199080 0.0185360
vt 0.4183140 0.0194080
vt 0.4236870 0.0188160
vt 0.4064100 0.0176980
vt 0.3966080 0.0172820
vt 0.1367140 0.4166790
vt 0.1188690 0.4198250
vt 0.1256430 0.3177430
vt 0.2108550 0.3932240
vt 0.2108550 0.2798430
vt 0.2480320 0.2815160
vt 0.4648610 0.8691460
vt 0.5390780 0.8691460
vt 0.4949020 0.8733450
vt 0.5145060 0.8763780
vt 0.4782590 0.8783070
vt 0.4712030 0.8750170
vt 0.4401960 0.8769320
vt 0.1401170 0.4162300
vt 0.4493560 0.8706010
vt 0.5083520 0.0558190
vt 0.5147790 0.0585750
vt 0.5098890 0.0584820
vt 0.9784050 0.8580660
vt 0.9852920 0.8568520
vt 0.9866370 0.8579920
vt 0.5401250 0.0546700
vt 0.5901220 0.0554110
vt 0.8127550 0.2000920
vt 0.8127550 0.3139410
vt 0.8066440 0.2916980
vt 0.7383090 0.4846680
vt 0.7383090 0.6059270
vt 0.7279640 0.4865770
vt 0.7783240 0.6073500
vt 0.7783240 0.7272250
vt 0.7736210 0.6070930
vt 0.6115130 0.8729440
vt 0.5590060 0.8729440
vt 0.5396440 0.8690550
vt 0.0470710 0.0163570
vt 0.0369140 0.0210630
vt 0.0051200 0.0210630
vt 0.0051260 0.0164020
vt 0.7246350 0.5194470
vt 0.7246350 0.6408250
vt 0.7175120 0.5191950
vt 0.7778230 0.4757380
vt 0.7778230 0.5956550
vt 0.7746150 0.4904680
vt 0.1479430 0.4911840
vt 0.1528940 0.5197250
vt 0.7268360 0.3109040
vt 0.7354980 0.4099100
vt 0.7285550 0.4315870
vt 0.5867360 0.2904090
vt 0.4649630 0.2904090
vt 0.4651400 0.2827080
vt 0.4648380 0.2561130
vt 0.5853840 0.2561130
vt 0.5509000 0.2657970
vt 0.8041420 0.3886320
vt 0.3988990 0.7310410
vt 0.1479430 0.4157740
vt 0.9880490 0.6179650
vt 0.9844060 0.6197560
vt 0.9873580 0.6175660
vt 0.9904830 0.6196740
vt 0.8045200 0.8192180
vt 0.8035870 0.8139240
vt 0.8104040 0.8318780
vt 0.0065710 0.8907620
vt 0.0072060 0.9044360
vt 0.0042320 0.9044360
vt 0.0034430 0.9043180
vt 0.0031340 0.8405170
vt 0.9890740 0.3650430
vt 0.9869970 0.3652250
vt 0.9853230 0.3649570
vt 0.9063000 0.3678200
vt 0.9062400 0.3815090
vt 0.9016760 0.3841440
vt 0.9885770 0.6247610
vt 0.9827050 0.6221360
vt 0.9877960 0.6228280
vt 0.9848350 0.6204380
vt 0.9873100 0.6212030
vt 0.0347760 0.4498150
vt 0.0321860 0.4498150
vt 0.0340590 0.3621010
vt 0.9024920 0.4288320
vt 0.9814240 0.6225380
vt 0.8054300 0.8266530
vt 0.8061570 0.8313310
vt 0.2319690 0.0797690
vt 0.3223790 0.0797690
vt 0.3229300 0.0836970
vt 0.9813890 0.6224010
vt 0.0273050 0.5704910
vt 0.0273050 0.4925730
vt 0.0303030 0.5797100
vt 0.0044730 0.6640660
vt 0.0030660 0.6479820
vt 0.0065740 0.6639920
vt 0.0067810 0.6546770
vt 0.0275630 0.5798050
vt 0.9901280 0.1105040
vt 0.9883080 0.1115540
vt 0.9857460 0.1105800
vt 0.0295890 0.3719910
vt 0.0272850 0.2759650
vt 0.0319630 0.3380410
vt 0.0411600 0.5556180
vt 0.0411600 0.6428060
vt 0.0376190 0.5773090
vt 0.7159380 0.8441830
vt 0.0530470 0.3189810
vt 0.1012230 0.3201850
vt 0.0678030 0.3227620
vt 0.0449740 0.3245400
vt 0.2981500 0.0836550
vt 0.2070200 0.0836550
vt 0.2077490 0.0798120
vt 0.9872200 0.4528330
vt 0.9899860 0.4555990
vt 0.9824420 0.4557080
vt 0.0297840 0.4714530
vt 0.0297840 0.4678510
vt 0.8067930 0.8388490
vt 0.9869860 0.4527110
vt 0.9846830 0.4528000
vt 0.0308520 0.5553040
vt 0.3031250 0.0980520
vt 0.2123850 0.0982900
vt 0.8802740 0.5935920
vt 0.8824210 0.5376610
vt 0.8831660 0.5605460
vt 0.8780360 0.5245770
vt 0.3309520 0.0077460
vt 0.3237140 0.0005090
vt 0.3424600 0.0001320
vt 0.3028970 0.0943880
vt 0.7178770 0.8569560
vt 0.7732590 0.8488640
vt 0.6841010 0.8816940
vt 0.7530760 0.8853180
vt 0.7528890 0.8877130
vt 0.8079730 0.8443020
vt 0.6903430 0.8791620
vt 0.9734690 0.7045600
vt 0.9756750 0.7036130
vt 0.9763530 0.7036720
vt 0.9836950 0.7041350
vt 0.9852790 0.7904030
vt 0.9857040 0.7909340
vt 0.9821920 0.7934850
vt 0.7545990 0.8774280
vt 0.9809650 0.6499720
vt 0.9890010 0.6499720
vt 0.9810760 0.6543120
vt 0.9808150 0.7845550
vt 0.9488530 0.6767780
vt 0.9499990 0.6417840
vt 0.9518440 0.6425860
vt 0.5645040 0.3314540
vt 0.6355940 0.3376740
vt 0.5131010 0.3340450
vt 0.8089300 0.8511540
vt 0.9527720 0.6663560
vt 0.9531660 0.6426360
vt 0.3374620 0.8673820
vt 0.3208060 0.8698650
vt 0.2882500 0.8698650
vt 0.3611840 0.8672090
vt 0.3611310 0.8697710
vt 0.3468270 0.8698540
vt 0.3425730 0.8697860
vt 0.9872510 0.4746530
vt 0.9885020 0.4750830
vt 0.9850640 0.4759870
vt 0.3511960 0.8698660
vt 0.9849760 0.4795570
vt 0.9904050 0.4757350
vt 0.8085060 0.8509200
vt 0.3791640 0.1094860
vt 0.3942330 0.1135240
vt 0.3749120 0.1093530
vt 0.3835320 0.1095680
vt 0.3934680 0.1096650
vt 0.3029600 0.1154650
vt 0.0402500 0.4279450
vt 0.0402500 0.5159250
vt 0.0360670 0.4289580
vt 0.0084900 0.0153540
vt 0.0088600 0.0156650
vt 0.0049260 0.0155940
vt 0.9886120 0.5568190
vt 0.9843080 0.5568190
vt 0.9875000 0.5564250
vt 0.9864200 0.7887080
vt 0.9904850 0.7858850
vt 0.9886330 0.7885150
vt 0.9834200 0.7859710
vt 0.0273240 0.5805430
vt 0.0295450 0.5805430
vt 0.0297900 0.6676100
vt 0.0355930 0.5286670
vt 0.0355930 0.4408060
vt 0.0392470 0.5168540
vt 0.9868430 0.2151950
vt 0.9905080 0.2151950
vt 0.9895470 0.2171040
vt 0.0325260 0.9990790
vt 0.0357240 0.9999360
vt 0.0233610 0.9996580
vt 0.9790600 0.5574630
vt 0.9869670 0.5574630
vt 0.9860820 0.5582430
vt 0.2967540 0.0919000
vt 0.2054610 0.0919000
vt 0.2064760 0.0853530
vt 0.2702070 0.1199010
vt 0.1984890 0.1199010
vt 0.2889550 0.1169290
vt 0.2652850 0.0278900
vt 0.1852330 0.0278900
vt 0.2537280 0.0257780
vt 0.0278130 0.3694230
vt 0.0322560 0.3816280
vt 0.0311880 0.4577560
vt 0.8101870 0.8630820
vt 0.0036340 0.6032900
vt 0.0272470 0.4678380
vt 0.2992980 0.0942260
vt 0.3531460 0.1090550
vt 0.4137040 0.7599660
vt 0.5232770 0.7599660
vt 0.4136990 0.7678520
vt 0.3490730 0.8051560
vt 0.3485910 0.8115970
vt 0.4556880 0.8240900
vt 0.0024230 0.4545310
vt 0.0024230 0.4780770
vt 0.0010240 0.4785070
vt 0.3389010 0.9944170
vt 0.3376020 0.9796130
vt 0.3407340 0.9710050
vt 0.8161350 0.3631230
vt 0.8121270 0.3481630
vt 0.8156370 0.2557840
vt 0.3409840 0.9950210
vt 0.9271840 0.0250770
vt 0.9354860 0.0212060
vt 0.9507090 0.0240600
vt 0.9049880 0.2182470
vt 0.9058720 0.2036460
vt 0.9084040 0.2011150
vt 0.3375000 0.9942400
vt 0.9051530 0.2626960
vt 0.9834150 0.1586320
vt 0.9904890 0.1586320
vt 0.9889210 0.1628850
vt 0.9832390 0.8995000
vt 0.9828900 0.8966590
vt 0.9895380 0.8990810
vt 0.6421950 0.7748380
vt 0.5342880 0.7748380
vt 0.6424720 0.7702130
vt 0.8146870 0.7155130
vt 0.8146870 0.8225880
vt 0.8086520 0.8231380
vt 0.9889540 0.2389530
vt 0.9879500 0.2411060
vt 0.9819960 0.2390070
vt 0.9619240 0.8187530
vt 0.9602430 0.8186060
vt 0.9619630 0.8112300
vt 0.1849300 0.1333090
vt 0.1849300 0.2442140
vt 0.1789300 0.1329400
vt 0.8806300 0.2350390
vt 0.8784410 0.2422360
vt 0.8732920 0.2477570
vt 0.9608020 0.7853830
vt 0.8694690 0.2604960
vt 0.8710130 0.2670200
vt 0.8674500 0.2658330
vt 0.8612160 0.2863250
vt 0.5509220 0.0846480
vt 0.5126580 0.0853430
vt 0.5174360 0.0817180
vt 0.4620590 0.0804020
vt 0.5939070 0.0732470
vt 0.5929930 0.0680630
vt 0.6787940 0.0725020
vt 0.8569380 0.2997210
vt 0.8772600 0.2340070
vt 0.5512350 0.0860190
vt 0.5506480 0.0827530
vt 0.6131210 0.7281300
vt 0.6125980 0.7199470
vt 0.5741660 0.7233520
vt 0.5018770 0.7346780
vt 0.3559890 0.1231700
vt 0.3287540 0.1328620
vt 0.3230480 0.1328620
vt 0.3563380 0.1316490
vt 0.3420430 0.1323380
vt 0.2458280 0.1279960
vt 0.3151540 0.1646640
vt 0.3660410 0.1646640
vt 0.3146340 0.1710030
vt 0.5156400 0.8831410
vt 0.5484640 0.8738470
vt 0.5888150 0.8738470
vt 0.3337780 0.8851840
vt 0.2600190 0.8845190
vt 0.3326190 0.8786140
vt 0.3367820 0.1712790
vt 0.3152190 0.1722910
vt 0.0425870 0.7431560
vt 0.0480090 0.8051300
vt 0.0440870 0.8383310
vt 0.3157730 0.1757530
vt 0.5154180 0.8747940
vt 0.0036070 0.9206360
vt 0.0040730 0.9166460
vt 0.0544920 0.9210570
vt 0.3161590 0.1765470
vt 0.0295870 0.9164610
vt 0.4263800 0.1763910
vt 0.5851240 0.1222470
vt 0.6955250 0.1222470
vt 0.5852080 0.1273840
vt 0.5150750 0.8721520
vt 0.3070000 0.8763160
vt 0.3325020 0.8755250
vt 0.8592780 0.3169700
vt 0.8801610 0.2527000
vt 0.8851830 0.2534550
vt 0.0885220 0.8824550
vt 0.1106050 0.8834580
vt 0.1102910 0.8841880
vt 0.8828690 0.6974450
vt 0.8850380 0.6952760
vt 0.8842260 0.7650880
vt 0.7815710 0.9984210
vt 0.7619340 0.9984210
vt 0.7844760 0.9956700
vt 0.3473660 0.4768510
vt 0.3418650 0.5174780
vt 0.3345640 0.5168400
vt 0.3410700 0.6048820
vt 0.8815790 0.7650110
vt 0.4742930 0.9871030
vt 0.9687650 0.9064780
vt 0.9687650 0.9138070
vt 0.9460550 0.9137110
vt 0.4187010 0.0650270
vt 0.4201870 0.0710570
vt 0.2785580 0.5370690
vt 0.2738800 0.5362440
vt 0.2783600 0.4225570
vt 0.4697420 0.9914550
vt 0.4714050 0.9676790
vt 0.0405520 0.8852290
vt 0.1098500 0.8876090
vt 0.3403700 0.0716360
vt 0.4082010 0.6910390
vt 0.5084550 0.7147380
vt 0.3345640 0.5168400
vt 0.3418650 0.5174780
vt 0.3977890 0.0744820
vt 0.4189130 0.0722420
vt 0.4060960 0.6966830
vt 0.3352280 0.8240090
vt 0.2275490 0.8240090
vt 0.3226740 0.8209930
vt 0.6340230 0.7590160
vt 0.5255590 0.7595310
vt 0.4256880 0.7543030
vt 0.4245040 0.7498820
vt 0.5341370 0.7524530
vt 0.4721140 0.7723910
vt 0.3624500 0.7723910
vt 0.3920550 0.7672440
vt 0.9025710 0.1241240
vt 0.9063900 0.1457870
vt 0.9050700 0.1875460
vt 0.6910120 0.9535240
vt 0.6999940 0.9551080
vt 0.6535260 0.9533110
vt 0.2011070 0.4929910
vt 0.2040290 0.4595880
vt 0.2046050 0.5719240
vt 0.9514550 0.3197980
vt 0.9514550 0.2936400
vt 0.9535180 0.2823680
vt 0.0012750 0.5891160
vt 0.0016480 0.6046990
vt 0.0001600 0.6072760
vt 0.0018100 0.6157090
vt 0.1803420 0.7280610
vt 0.1774750 0.6952870
vt 0.1829390 0.6170890
vt 0.8243630 0.9723120
vt 0.8057160 0.9706810
vt 0.8267260 0.9705730
vt 0.8422410 0.9720750
vt 0.3075680 0.9693560
vt 0.2722750 0.9678640
vt 0.2987320 0.9642540
vt 0.7326370 0.8193590
vt 0.7290090 0.8256440
vt 0.6371310 0.8245240
vt 0.2857440 0.9644500
vt 0.6072460 0.7603480
vt 0.7152550 0.7603480
vt 0.7152230 0.7669790
vt 0.9483720 0.2514850
vt 0.9480130 0.2150910
vt 0.9505760 0.2432580
vt 0.0068640 0.2194340
vt 0.0044600 0.1826750
vt 0.0061270 0.1636280
vt 0.0053840 0.2190590
vt 0.2919340 0.9617120
vt 0.2670260 0.9618800
vt 0.2397980 0.0017930
vt 0.2470280 0.0011610
vt 0.2570010 0.0017350
vt 0.0021460 0.3381710
vt 0.0000200 0.3261170
vt 0.0024420 0.3171720
vt 0.9049390 0.0100950
vt 0.8907280 0.0100950
vt 0.8999430 0.0091070
vt 0.9696260 0.3529870
vt 0.9696260 0.3245120
vt 0.9722740 0.3390240
vt 0.7309290 0.9202240
vt 0.7126450 0.9153250
vt 0.7683990 0.9178280
vt 0.9510520 0.2147870
vt 0.5489150 0.7924840
vt 0.5526940 0.7923790
vt 0.5517950 0.7974780
vt 0.0416350 0.3349670
vt 0.0416350 0.4228170
vt 0.0371440 0.3344460
vt 0.5841430 0.8244580
vt 0.6004470 0.8303920
vt 0.5049200 0.8256290
vt 0.1570800 0.9930050
vt 0.1580940 0.9772950
vt 0.1604970 0.9836180
vt 0.1573540 0.9680980
vt 0.8868910 0.6005840
vt 0.8925280 0.6012470
vt 0.8925280 0.6399390
vt 0.4438590 0.7961490
vt 0.9460580 0.6593690
vt 0.9485440 0.6309550
vt 0.9485750 0.6597580
vt 0.8910060 0.5727650
vt 0.7713310 0.7834360
vt 0.7718770 0.7896810
vt 0.6638690 0.7894750
vt 0.8099690 0.5176170
vt 0.8131990 0.5176170
vt 0.8153390 0.6251690
vt 0.9470600 0.6743130
vt 0.9022240 0.1930390
vt 0.8997040 0.2073320
vt 0.9028570 0.1610800
vt 0.2040520 0.7386820
vt 0.2013980 0.7443750
vt 0.1985640 0.6332710
vt 0.2954100 0.0927780
vt 0.2038510 0.0977680
vt 0.2102900 0.0927780
vt 0.9020950 0.2229670
vt 0.2041940 0.7442560
vt 0.9141130 0.1999650
vt 0.9151340 0.2430110
vt 0.9101240 0.2225870
vt 0.9109490 0.2525050
vt 0.9095830 0.1906270
vt 0.0471060 0.1868140
vt 0.0471060 0.2843820
vt 0.0434900 0.2534460
vt 0.1779870 0.5705450
vt 0.1779870 0.4580120
vt 0.1843960 0.5688960
vt 0.1978080 0.5667120
vt 0.1978080 0.6778910
vt 0.1946090 0.5663230
vt 0.2047200 0.0930460
vt 0.2098210 0.3922660
vt 0.2102090 0.2793250
vt 0.2455310 0.4615010
vt 0.2455310 0.5744420
vt 0.2409280 0.5738300
vt 0.2004350 0.6118340
vt 0.2004350 0.4999330
vt 0.2047840 0.6113120
vt 0.2001540 0.1118620
vt 0.2100320 0.1118620
vt 0.1999240 0.1185660
vt 0.2530790 0.1128840
vt 0.2919520 0.1139910
vt 0.1748250 0.3406100
vt 0.1748250 0.2289960
vt 0.1821420 0.3416580
vt 0.2030960 0.1047010
vt 0.2216730 0.0407230
vt 0.1897890 0.0351010
vt 0.2700830 0.0355880
vt 0.6344610 0.7540090
vt 0.2014110 0.2961470
vt 0.2030960 0.0991400
vt 0.2946880 0.1034800
vt 0.5142670 0.0052990
vt 0.5075770 0.0067580
vt 0.5063450 0.0025710
vt 0.9622130 0.9574350
vt 0.9630900 0.9524610
vt 0.9846110 0.9560140
vt 0.3086370 0.0181910
vt 0.2886060 0.0181910
vt 0.3060260 0.0133210
vt 0.6613230 0.0065630
vt 0.6719660 0.0097260
vt 0.6613230 0.0101770
vt 0.6793960 0.0073200
vt 0.1134220 0.9855990
vt 0.1154040 0.9833270
vt 0.1288230 0.9954100
vt 0.0110630 0.0134390
vt 0.0219090 0.0099140
vt 0.0229110 0.0151960
vt 0.1220810 0.9745560
vt 0.5836940 0.1478250
vt 0.6969560 0.1478250
vt 0.6886750 0.1677830
vt 0.7033830 0.0031320
vt 0.6988060 0.0096690
vt 0.6855880 0.0036360
vt 0.8741850 0.0069940
vt 0.8876060 0.0093610
vt 0.8731030 0.0102390
vt 0.0586710 0.0121150
vt 0.0586710 0.0090570
vt 0.6309930 0.3191480
vt 0.6355320 0.3270090
vt 0.5131630 0.3273320
vt 0.5556790 0.2736970
vt 0.5511400 0.2815590
vt 0.4339810 0.2728480
vt 0.6671310 0.9739360
vt 0.6951690 0.9763890
vt 0.6627820 0.9787960
vt 0.2979560 0.9574140
vt 0.3121640 0.9542150
vt 0.3431080 0.9569220
vt 0.3403000 0.9534680
vt 0.0216350 0.1147730
vt 0.0216350 0.1840950
vt 0.0172620 0.1156350
vt 0.7071570 0.4972430
vt 0.7071570 0.3758290
vt 0.3101410 0.8901420
vt 0.2408190 0.8901420
vt 0.2599150 0.8882920
vt 0.9321980 0.7114490
vt 0.9321980 0.6868690
vt 0.9338810 0.7150900
vt 0.9321950 0.7355830
vt 0.7649660 0.9724010
vt 0.7466310 0.9707970
vt 0.7816800 0.9704840
vt 0.9303070 0.7109580
vt 0.9287300 0.7110370
vt 0.9287300 0.7060250
vt 0.9297080 0.6863840
vt 0.9290440 0.7197960
vt 0.9309450 0.7350830
vt 0.7855490 0.9955710
vt 0.8082470 0.9955710
vt 0.7890800 0.9980280
vt 0.1442670 0.9741110
vt 0.1446790 0.9828660
vt 0.1423910 0.9754240
vt 0.7746880 0.9722650
vt 0.7934940 0.9706200
vt 0.8102450 0.9721750
vt 0.1418800 0.9726810
vt 0.1437640 0.9677010
vt 0.1442940 0.9690990
vt 0.1425450 0.9830310
vt 0.9881380 0.6420430
vt 0.9828130 0.6420430
vt 0.9870030 0.6410690
vt 0.1420650 0.9929100
vt 0.9486390 0.4848160
vt 0.9445170 0.4789280
vt 0.9470770 0.4408360
vt 0.5703170 0.9766350
vt 0.5634270 0.9741280
vt 0.5833390 0.9743100
vt 0.9628740 0.9250940
vt 0.9727960 0.9268430
vt 0.9602420 0.9271160
vt 0.9895120 0.5315210
vt 0.9829150 0.5315210
vt 0.9863480 0.5305170
vt 0.0936560 0.9967660
vt 0.1082150 0.9967660
vt 0.1023510 0.9997880
vt 0.9664270 0.9246810
vt 0.3959210 0.0019430
vt 0.3906040 0.0005190
vt 0.4104790 0.0017310
vt 0.9486560 0.4394990
vt 0.9449920 0.4404800
vt 0.9475200 0.3965460
vt 0.1938450 0.9626840
vt 0.1813080 0.9659230
vt 0.1690430 0.9648500
vt 0.1532750 0.9636160
vt 0.9453690 0.8045850
vt 0.9477870 0.8468180
vt 0.9436590 0.8214460
vt 0.9411760 0.8355260
vt 0.9436350 0.8091350
vt 0.9406340 0.7932280
vt 0.7520120 0.4710310
vt 0.7520120 0.3502390
vt 0.7610350 0.3502710
vt 0.9488740 0.7127200
vt 0.9488740 0.6777280
vt 0.9551140 0.6865510
vt 0.9817800 0.6664200
vt 0.9714450 0.6695800
vt 0.9795490 0.6489820
vt 0.0722990 0.0120580
vt 0.7128330 0.3752340
vt 0.5500930 0.9761610
vt 0.9469500 0.8050090
vt 0.1584340 0.0037360
vt 0.1465310 0.0092860
vt 0.1428960 0.0035160
vt 0.9860980 0.3795980
vt 0.9812760 0.3844210
vt 0.9754970 0.3792430
vt 0.8773220 0.9352920
vt 0.8272570 0.9352920
vt 0.8623560 0.9283220
vt 0.4930520 0.8277210
vt 0.4990870 0.8354450
vt 0.4098250 0.8625800
vt 0.4373440 0.9144010
vt 0.4854700 0.9255120
vt 0.4863390 0.9344420
vt 0.9247180 0.6471650
vt 0.9265130 0.6676830
vt 0.9238070 0.6945380
vt 0.2352400 0.9588280
vt 0.2150320 0.9605960
vt 0.1955830 0.9586550
vt 0.0001750 0.3219670
vt 0.0001750 0.3013710
vt 0.0008100 0.3125870
vt 0.9339260 0.1157020
vt 0.9401910 0.1348190
vt 0.9349400 0.1460790
vt 0.9411630 0.1584680
vt 0.9337760 0.1534780
vt 0.9394200 0.1152880
vt 0.7559060 0.9464970
vt 0.7609190 0.9445130
vt 0.3462820 0.9094120
vt 0.7484480 0.9457990
vt 0.7495570 0.9406200
vt 0.3624340 0.9050120
vt 0.3599800 0.9226780
vt 0.3456790 0.9111980
vt 0.9063180 0.5094340
vt 0.8996890 0.5026940
vt 0.9043260 0.4496990
vt 0.4503350 0.9621910
vt 0.4178720 0.9697610
vt 0.4402340 0.9621910
vt 0.9001610 0.5087460
vt 0.7951260 0.9385450
vt 0.4118020 0.9698680
vt 0.4139130 0.9597230
vt 0.9128090 0.5704000
vt 0.9100950 0.5106930
vt 0.9178010 0.5420890
vt 0.9210230 0.5705480
vt 0.9201950 0.5249390
vt 0.9416410 0.1480630
vt 0.9409340 0.1216360
vt 0.9487760 0.1216360
vt 0.9432780 0.1580300
vt 0.9697560 0.8584990
vt 0.9622970 0.8584990
vt 0.9625590 0.8352480
vt 0.1680660 0.9706250
vt 0.1715400 0.9701980
vt 0.1692260 0.9938490
vt 0.9631050 0.6656130
vt 0.9631050 0.6362090
vt 0.9783030 0.6466010
vt 0.0480060 0.9958490
vt 0.0508690 0.9915710
vt 0.0687800 0.9915710
vt 0.6805460 0.0080940
vt 0.6950630 0.0093640
vt 0.9787480 0.3989370
vt 0.9703430 0.3758020
vt 0.9787480 0.3843650
vt 0.9772600 0.5822190
vt 0.9772600 0.6127580
vt 0.9710410 0.5924810
vt 0.0407870 0.2589820
vt 0.0354840 0.2289070
vt 0.0423100 0.1723330
vt 0.9703930 0.4055870
vt 0.9690610 0.3846350
vt 0.0001200 0.9129690
vt 0.0021380 0.9094740
vt 0.0023420 0.9388770
vt 0.1775760 0.9692230
vt 0.2432080 0.8814790
vt 0.2236070 0.8746630
vt 0.2331620 0.8767950
vt 0.2958420 0.8763580
vt 0.2513840 0.8850620
vt 0.7862980 0.9467330
vt 0.6771680 0.0101240
vt 0.4659590 0.9706850
vt 0.4700020 0.9670330
vt 0.9746040 0.3784800
vt 0.9754760 0.3492400
vt 0.9766420 0.3551810
vt 0.4678060 0.9925920
vt 0.9796060 0.3783440
vt 0.6726110 0.9949540
vt 0.6726940 0.9869380
vt 0.6506070 0.9871360
vt 0.0011810 0.5597910
vt 0.0011810 0.5377030
vt 0.0022650 0.5627400
vt 0.9166430 0.0288860
vt 0.9177040 0.0167560
vt 0.9191320 0.0694090
vt 0.9139550 0.0448890
vt 0.9146080 0.0388700
vt 0.8240310 0.9984600
vt 0.8015790 0.9971090
vt 0.4107700 0.8670750
vt 0.4858330 0.8670750
vt 0.4107760 0.8714770
vt 0.6222780 0.0218240
vt 0.6222780 0.0446460
vt 0.5470970 0.0437510
vt 0.8012770 0.9984600
vt 0.9042650 0.2417920
vt 0.9042650 0.3032600
vt 0.8987870 0.2994710
vt 0.1951250 0.8599510
vt 0.2878880 0.8590610
vt 0.0556760 0.8409620
vt 0.0595390 0.7459410
vt 0.0588960 0.8387070
vt 0.0583470 0.8409500
vt 0.4717870 0.1514450
vt 0.5823420 0.1643070
vt 0.5812200 0.1707410
vt 0.8300230 0.6560740
vt 0.0259200 0.8308510
vt 0.0213470 0.8320760
vt 0.0220450 0.7508880
vt 0.8239330 0.6551010
vt 0.7390850 0.7397600
vt 0.7428070 0.7462070
vt 0.6323780 0.7451540
vt 0.8414450 0.5756910
vt 0.8275090 0.6328340
vt 0.0128370 0.6101220
vt 0.0080230 0.5869670
vt 0.0128370 0.5875690
vt 0.0119220 0.5466690
vt 0.0087570 0.6093070
vt 0.1387940 0.4212100
vt 0.1510500 0.5266940
vt 0.9715430 0.6227280
vt 0.9680810 0.6224250
vt 0.9723430 0.6003890
vt 0.9688860 0.5929290
vt 0.0200480 0.6396820
vt 0.0157510 0.6617310
vt 0.0176770 0.6403170
vt 0.0144180 0.7207320
vt 0.0191350 0.7079870
vt 0.3191330 0.7825420
vt 0.4292670 0.7875400
vt 0.3508160 0.7881290
vt 0.3213460 0.7895900
vt 0.0159260 0.6426160
vt 0.6366010 0.0543780
vt 0.6502500 0.0532820
vt 0.6554670 0.0542010
vt 0.5782470 0.0455630
vt 0.6380910 0.0515290
vt 0.6555520 0.0568790
vt 0.6423720 0.0520940
vt 0.0151720 0.9940230
vt 0.0064920 0.9940230
vt 0.0100470 0.9926830
vt 0.6605510 0.0455840
vt 0.5988020 0.0455340
vt 0.6589290 0.0531560
vt 0.5465070 0.8190740
vt 0.4362600 0.8190740
vt 0.4406060 0.8013100
vt 0.1704990 0.2332720
vt 0.1741590 0.2440470
vt 0.1741590 0.3395170
vt 0.1738180 0.2331070
vt 0.8153400 0.2549960
vt 0.8121380 0.1595790
vt 0.8153050 0.1477610
vt 0.8114450 0.1486560
vt 0.0337140 0.6147760
vt 0.0337140 0.5311380
vt 0.0406330 0.5275180
vt 0.9830980 0.9474170
vt 0.9734650 0.9433950
vt 0.9806890 0.9453230
vt 0.9805720 0.9442840
vt 0.9829960 0.9502530
vt 0.9749460 0.1629730
vt 0.9774880 0.1555900
vt 0.9846800 0.1564040
vt 0.9818940 0.8045720
vt 0.9890560 0.8045720
vt 0.9820690 0.8064570
vt 0.7690730 0.7656420
vt 0.7557400 0.7749780
vt 0.6612570 0.7696520
vt 0.2577210 0.8544750
vt 0.1403280 0.5235460
vt 0.9899660 0.8124070
vt 0.9873850 0.8124070
vt 0.9887760 0.8114240
vt 0.9774260 0.5328190
vt 0.9866770 0.5323340
vt 0.9773800 0.5356130
vt 0.5609010 0.9581580
vt 0.5946870 0.9581580
vt 0.5616540 0.9679870
vt 0.9632380 0.8868420
vt 0.9752150 0.8868420
vt 0.9632420 0.8886380
vt 0.9575460 0.8503850
vt 0.9575460 0.8866900
vt 0.9464420 0.8822030
vt 0.9891580 0.7579640
vt 0.9900470 0.7590230
vt 0.9877970 0.7590180
vt 0.9873690 0.3355250
vt 0.9899820 0.3355250
vt 0.9890640 0.3365580
vt 0.9482490 0.6751570
vt 0.9482490 0.7182450
vt 0.9458920 0.6762860
vt 0.9104210 0.3927160
vt 0.9228660 0.3462700
vt 0.9231580 0.4075450
vt 0.4893360 0.0001180
vt 0.4784220 0.0077600
vt 0.4697970 0.0007260
vt 0.9873910 0.2653910
vt 0.9904530 0.2663860
vt 0.9885460 0.2673520
vt 0.9881270 0.4616760
vt 0.9808540 0.4616760
vt 0.9867550 0.4600370
vt 0.2575690 0.2653720
vt 0.2578920 0.2721370
vt 0.2761320 0.2718720
vt 0.6439830 0.0093230
vt 0.6423040 0.0069250
vt 0.6605320 0.0076630
vt 0.8608710 0.0101080
vt 0.8582860 0.0081100
vt 0.8728810 0.0082780
vt 0.8102890 0.0102510
vt 0.7948180 0.0102510
vt 0.8103020 0.0084590
vt 0.7385970 0.0075870
vt 0.7367450 0.0096460
vt 0.2072500 0.9976600
vt 0.2070990 0.9993860
vt 0.1910760 0.9981470
vt 0.2247510 0.9965950
vt 0.2415220 0.9965950
vt 0.2256280 0.9989730
vt 0.0332680 0.0013640
vt 0.0335240 0.0026660
vt 0.0460960 0.0011470
vt 0.9831120 0.8903660
vt 0.9822080 0.8931470
vt 0.9720820 0.8882410
vt 0.0318590 0.0082680
vt 0.1585220 0.9966530
vt 0.1579880 0.9994080
vt 0.1433000 0.9968180
vt 0.1370590 0.9998170
vt 0.1371990 0.9982140
vt 0.1519610 0.9992230
vt 0.2232740 0.9967160
vt 0.2235280 0.9976640
vt 0.2079300 0.9985180
vt 0.2243690 0.9993450
vt 0.2087450 0.0045420
vt 0.1926570 0.0017050
vt 0.6481870 0.0038360
vt 0.6661230 0.0038360
vt 0.6497840 0.0016780
vt 0.6484410 0.0023350
vt 0.6485510 0.0014860
vt 0.7541460 0.0086910
vt 0.2091160 0.0016160
vt 0.6480080 0.0044220
vt 0.8823660 0.6955700
vt 0.8823660 0.6259470
vt 0.8852360 0.6935010
vt 0.6978110 0.8966530
vt 0.7314170 0.8995930
vt 0.6982010 0.9147700
vt 0.9412150 0.3008750
vt 0.9278150 0.3027490
vt 0.4864140 0.9662980
vt 0.4481010 0.9662980
vt 0.4542720 0.9603390
vt 0.8661580 0.1166450
vt 0.8689640 0.1839370
vt 0.8668930 0.1844910
vt 0.8679500 0.1163290
vt 0.8607260 0.1854930
vt 0.7640310 0.9018260
vt 0.3534700 0.8706120
vt 0.3507250 0.8733560
vt 0.2816860 0.8716150
vt 0.8858360 0.6674690
vt 0.8858360 0.6003790
vt 0.8940760 0.6657910
vt 0.8863310 0.4863400
vt 0.8863310 0.4186330
vt 0.8896420 0.4844800
vt 0.9880380 0.3636880
vt 0.9797570 0.3651480
vt 0.9784810 0.3630650
vt 0.9870630 0.1549320
vt 0.9774860 0.1548260
vt 0.9811980 0.1527980
vt 0.9789150 0.1528440
vt 0.9171800 0.1497280
vt 0.9190560 0.1292130
vt 0.9211270 0.1292470
vt 0.9178220 0.1910150
vt 0.9134370 0.1280400
vt 0.9135990 0.7527550
vt 0.9050290 0.7257630
vt 0.9125740 0.7263630
vt 0.6344850 0.8786790
vt 0.6120740 0.8726750
vt 0.6838390 0.8746260
vt 0.4011360 0.8568470
vt 0.3994240 0.8509110
vt 0.3972170 0.8352090
vt 0.8640320 0.1039180
vt 0.8587650 0.1350800
vt 0.8599350 0.1042760
vt 0.9910250 0.9347360
vt 0.9859550 0.9337810
vt 0.9891050 0.9324470
vt 0.0182010 0.3367750
vt 0.0152800 0.3173740
vt 0.0152800 0.2678540
vt 0.0181250 0.2687670
vt 0.9872380 0.9322480
vt 0.8808180 0.0354150
vt 0.8624830 0.1009040
vt 0.8657760 0.0817110
vt 0.8791120 0.0349900
vt 0.8606880 0.1003540
vt 0.9866560 0.9326590
vt 0.7353960 0.8678840
vt 0.7552410 0.8713830
vt 0.6844440 0.8702600
vt 0.7547380 0.8686380
vt 0.8608280 0.1732860
vt 0.9848490 0.9348130
vt 0.7547200 0.8679260
vt 0.6868140 0.8671700
vt 0.8814120 0.4043220
vt 0.8814120 0.3611580
vt 0.8841220 0.4054730
vt 0.9895780 0.4115000
vt 0.9867880 0.4115000
vt 0.9880870 0.4112480
vt 0.3355380 0.8844130
vt 0.3343350 0.8803210
vt 0.8817270 0.3364760
vt 0.8847130 0.3360340
vt 0.4014330 0.8606870
vt 0.0232700 0.4530160
vt 0.0254470 0.4530430
vt 0.0254470 0.4777270
vt 0.0235400 0.5208180
vt 0.9900080 0.2479810
vt 0.9871720 0.2490140
vt 0.9853730 0.2477860
vt 0.0259670 0.5208880
vt 0.8816810 0.2438350
vt 0.8604770 0.3090940
vt 0.8563790 0.3069200
vt 0.5280490 0.3389830
vt 0.6233420 0.3389830
vt 0.6511730 0.3459020
vt 0.4075040 0.8750010
vt 0.6156780 0.8770280
vt 0.5939590 0.8870050
vt 0.5968310 0.8737040
vt 0.8851940 0.0357460
vt 0.8641900 0.1003890
vt 0.8821690 0.0350130
vt 0.2167100 0.9329500
vt 0.1995590 0.9314490
vt 0.2509580 0.9301720
vt 0.8485230 0.4124900
vt 0.8521020 0.4113560
vt 0.8656050 0.4529140
vt 0.6665040 0.8847880
vt 0.0892270 0.8814290
vt 0.0853280 0.8796110
vt 0.1035420 0.8807540
vt 0.0358000 0.8841930
vt 0.0356860 0.8820830
vt 0.0432110 0.8819050
vt 0.8640030 0.4793390
vt 0.7064670 0.5668490
vt 0.7064670 0.6901680
vt 0.7026910 0.6414460
vt 0.0549140 0.8832330
vt 0.0597450 0.8809480
vt 0.1791320 0.0004180
vt 0.1655250 0.0004180
vt 0.1770470 0.0000740
vt 0.1056300 0.8763900
vt 0.0346000 0.8706080
vt 0.8782120 0.4743620
vt 0.4019750 0.9702470
vt 0.4055090 0.9696240
vt 0.4036650 0.9944340
vt 0.1057250 0.8720390
vt 0.8964260 0.4526050
vt 0.8964260 0.5203320
vt 0.8934260 0.4525870
vt 0.8933330 0.4962850
vt 0.9863890 0.5735840
vt 0.9883920 0.5726500
vt 0.9899770 0.5735370
vt 0.8840580 0.1497270
vt 0.8851890 0.1687810
vt 0.8809360 0.2173830
vt 0.0195050 0.2138010
vt 0.0165600 0.2201160
vt 0.0164380 0.1687470
vt 0.0192070 0.1649600
vt 0.0165760 0.2333660
vt 0.1875280 0.0078300
vt 0.1848370 0.0039870
vt 0.2011790 0.0039910
vt 0.8439660 0.0085740
vt 0.8580920 0.0098090
vt 0.8430400 0.0101360
vt 0.8831380 0.2175800
vt 0.0124530 0.9925760
vt 0.0282380 0.9883460
vt 0.0353070 0.9929440
vt 0.0961150 0.8702130
vt 0.1052370 0.8665980
vt 0.1047630 0.8709700
vt 0.9781850 0.0925730
vt 0.9866140 0.0933100
vt 0.9779350 0.0935430
vt 0.0068160 0.8072630
vt 0.0038940 0.8097150
vt 0.0030310 0.7476450
vt 0.0341030 0.8673870
vt 0.8840720 0.4763640
vt 0.8821620 0.4769850
vt 0.8810070 0.4684770
vt 0.9862580 0.4895540
vt 0.9901080 0.4912940
vt 0.9897490 0.4922290
vt 0.8643580 0.4269600
vt 0.0096950 0.0919170
vt 0.0091620 0.0512900
vt 0.0131300 0.0790970
vt 0.9889670 0.4896420
vt 0.4155420 0.8875870
vt 0.8608810 0.4122320
vt 0.5397800 0.0456530
vt 0.5598060 0.0370350
vt 0.0090270 0.0352760
vt 0.0127860 0.0277280
vt 0.6062300 0.0218020
vt 0.6074370 0.0242280
vt 0.1672580 0.9702040
vt 0.1672580 0.9943450
vt 0.1641060 0.9717070
vt 0.3102370 0.9745360
vt 0.3244260 0.9940660
vt 0.3144710 0.9949370
vt 0.0061910 0.2776400
vt 0.0035570 0.3077480
vt 0.0029830 0.2762640
vt 0.0017380 0.5634130
vt 0.0017380 0.5842490
vt 0.0002310 0.5887290
vt 0.9845630 0.0279160
vt 0.9745700 0.0279160
vt 0.9843530 0.0267370
vt 0.7557320 0.8736940
vt 0.6849380 0.8711450
vt 0.0064830 0.2936520
vt 0.0073570 0.3342730
vt 0.0039060 0.3166520
vt 0.8906320 0.4867780
vt 0.8906320 0.4769240
vt 0.8925510 0.4866630
vt 0.9882980 0.4787460
vt 0.9901040 0.4794030
vt 0.8901370 0.4454380
vt 0.8916940 0.4191800
vt 0.8898220 0.4365330
vt 0.7342240 0.8772540
vt 0.5061620 0.0201760
vt 0.5080770 0.0229120
vt 0.4372700 0.0207830
vt 0.8954710 0.4008570
vt 0.8954710 0.4504700
vt 0.8913340 0.3831090
vt 0.4379880 0.0179550
vt 0.3107930 0.8884270
vt 0.3790150 0.8884270
vt 0.3110780 0.8904990
vt 0.7429250 0.9835890
vt 0.7110380 0.9835890
vt 0.7343370 0.9735740
vt 0.5157640 0.0134360
vt 0.5192400 0.0158700
vt 0.5157180 0.0348160
vt 0.8841420 0.7656850
vt 0.8841420 0.8359890
vt 0.8814900 0.8336020
vt 0.9535850 0.5604150
vt 0.9634380 0.5907420
vt 0.9508900 0.5903540
vt 0.5748970 0.9871840
vt 0.5718080 0.9857440
vt 0.6049520 0.9876680
vt 0.9471840 0.3601210
vt 0.9408500 0.3927100
vt 0.9238150 0.3913300
vt 0.9400120 0.2664290
vt 0.9070550 0.7630600
vt 0.9037330 0.7828530
vt 0.5549420 0.0355490
vt 0.6849380 0.8753260
vt 0.9872470 0.4793220
vt 0.2675820 0.1226420
vt 0.3454030 0.1226420
vt 0.2503630 0.1264960
vt 0.9823500 0.5873940
vt 0.9879590 0.5900090
vt 0.9795450 0.5902180
vt 0.6320350 0.5324480
vt 0.6420680 0.5334970
vt 0.6389460 0.5368140
vt 0.0565990 0.9984920
vt 0.0563520 0.9965840
vt 0.9842400 0.5870350
vt 0.5021260 0.7544320
vt 0.5012230 0.7591080
vt 0.4880830 0.7591080
vt 0.4717230 0.3569750
vt 0.6026250 0.3569750
vt 0.5063200 0.4096420
vt 0.2010110 0.2043090
vt 0.2010110 0.1231160
vt 0.3140070 0.1382250
vt 0.3929990 0.7565660
vt 0.0985700 0.4165750
vt 0.1047780 0.3934070
vt 0.0986290 0.4320860
vt 0.6606550 0.4211270
vt 0.8503060 0.0053230
vt 0.8355630 0.0004990
vt 0.8495380 0.0038180
vt 0.4671930 0.7732210
vt 0.3575240 0.7777910
vt 0.3935580 0.7732210
vt 0.1731750 0.3780750
vt 0.1729550 0.3428590
vt 0.1759220 0.3678240
vt 0.3583420 0.7731690
vt 0.9880680 0.7650500
vt 0.9833740 0.7650500
vt 0.9850350 0.7647380
vt 0.1762580 0.4203210
vt 0.1737200 0.4517080
vt 0.1767010 0.4511260
vt 0.1757150 0.3427620
vt 0.8459200 0.0000930
vt 0.8485510 0.0009330
vt 0.6170400 0.5326130
vt 0.2366960 0.4547200
vt 0.1860460 0.3419320
vt 0.5588090 0.7662760
vt 0.4521950 0.7703390
vt 0.5575070 0.7614190
vt 0.4495620 0.7662530
vt 0.9850820 0.8071360
vt 0.9869320 0.8093410
vt 0.9784040 0.8112790
vt 0.9814260 0.8072600
vt 0.6756500 0.7908450
vt 0.7517090 0.7975000
vt 0.6752770 0.7944850
vt 0.7836100 0.7953260
vt 0.7835180 0.7985190
vt 0.9881150 0.8108820
vt 0.6388430 0.9814750
vt 0.6706680 0.9814750
vt 0.6708560 0.9825820
vt 0.7610970 0.6352290
vt 0.7634800 0.6671720
vt 0.7155940 0.6730520
vt 0.6431710 0.5445630
vt 0.2792440 0.5469020
vt 0.2792440 0.4230640
vt 0.3248920 0.5262810
vt 0.2057470 0.6875190
vt 0.2105700 0.6323930
vt 0.2100260 0.7452530
vt 0.9719960 0.3462820
vt 0.9737680 0.3755300
vt 0.9719960 0.3747350
vt 0.9885160 0.2623380
vt 0.9839110 0.2623380
vt 0.9851940 0.2620350
vt 0.9691170 0.3747550
vt 0.2054810 0.7445130
vt 0.2056860 0.7142340
vt 0.7568750 0.5588540
vt 0.6700380 0.7408820
vt 0.6415770 0.7438740
vt 0.7409930 0.6741470
vt 0.9813670 0.4805070
vt 0.9803580 0.4813540
vt 0.9816550 0.4735580
vt 0.9840800 0.4785650
vt 0.2060870 0.6360340
vt 0.6636100 0.6094000
vt 0.6405430 0.5479830
vt 0.5649390 0.7877980
vt 0.6164000 0.7893900
vt 0.5649390 0.7908970
vt 0.9841920 0.4755380
vt 0.6732620 0.7941810
vt 0.6431040 0.7901650
vt 0.6733680 0.7911540
vt 0.9803980 0.4723630
vt 0.0265080 0.1837640
vt 0.0265080 0.2598600
vt 0.0182980 0.2288160
vt 0.1046030 0.4695020
vt 0.2016010 0.1054770
vt 0.2636250 0.1065790
vt 0.2024530 0.1103060
vt 0.9891230 0.3129100
vt 0.9842890 0.3129100
vt 0.9874660 0.3123980
vt 0.2463240 0.5755030
vt 0.2463240 0.4619170
vt 0.2509680 0.5741610
vt 0.1851910 0.5657330
vt 0.1919630 0.5696430
vt 0.1895360 0.6779890
vt 0.7334790 0.7373380
vt 0.2108430 0.7453650
vt 0.2232610 0.6990190
vt 0.2608460 0.7424430
vt 0.9790890 0.3290210
vt 0.9826120 0.3359910
vt 0.9788800 0.3391230
vt 0.2123050 0.6317890
vt 0.2932290 0.1126430
vt 0.6643020 0.7717030
vt 0.7549930 0.7762750
vt 0.7497320 0.7791770
vt 0.9827160 0.3323220
vt 0.9161090 0.0038040
vt 0.9012220 0.0038040
vt 0.9012530 0.0001350
vt 0.0990310 0.4410680
vt 0.7724280 0.7769630
vt 0.6711150 0.7797490
vt 0.8559500 0.0063900
vt 0.8495710 0.0000110
vt 0.8648560 0.0007480
vt 0.1671260 0.0091360
vt 0.1522440 0.0087380
vt 0.1600170 0.0041580
vt 0.1677950 0.0043090
vt 0.6435110 0.6638010
vt 0.6431470 0.6546520
vt 0.2209700 0.6320880
vt 0.5986630 0.6603570
vt 0.6279600 0.6650540
vt 0.5868290 0.8064770
vt 0.5445260 0.8103980
vt 0.4779210 0.8045700
vt 0.4776720 0.8064570
vt 0.2011080 0.9263550
vt 0.1960990 0.8947320
vt 0.2435860 0.9270310
vt 0.6953840 0.2119950
vt 0.6959420 0.2088310
vt 0.8025920 0.2312530
vt 0.8943650 0.0141300
vt 0.8859900 0.0118860
vt 0.9005010 0.0132230
vt 0.8954930 0.0156620
vt 0.8987060 0.0156870
vt 0.9082000 0.0120050
vt 0.8117550 0.2005540
vt 0.8029260 0.2281120
vt 0.4619920 0.7008190
vt 0.3259470 0.5050040
vt 0.2866370 0.4369170
vt 0.3263610 0.3812590
vt 0.4876900 0.6500810
vt 0.5511310 0.7982440
vt 0.5790220 0.7982560
vt 0.5514340 0.7993750
vt 0.5518370 0.8034300
vt 0.6587380 0.2178310
vt 0.6584720 0.2208690
vt 0.5426410 0.2194500
vt 0.6596230 0.7987670
vt 0.6600950 0.8032750
vt 0.5815870 0.1959410
vt 0.5846330 0.1887660
vt 0.6941390 0.2233470
vt 0.8123480 0.0059980
vt 0.8147850 0.0027310
vt 0.8271710 0.0060500
vt 0.5982490 0.7790620
vt 0.5593520 0.7756590
vt 0.6676020 0.7770030
vt 0.0987810 0.4632770
vt 0.5592980 0.7784070
vt 0.6499260 0.6384740
vt 0.6580640 0.5972650
vt 0.8175320 0.0026290
vt 0.6649320 0.7802940
vt 0.5583960 0.7885950
vt 0.3644760 0.5075120
vt 0.4035330 0.5615730
vt 0.3428970 0.6124530
vt 0.5967570 0.1843930
vt 0.5983640 0.1799780
vt 0.7114660 0.1789750
vt 0.8114310 0.0067260
vt 0.3485070 0.4697730
vt 0.2381170 0.5690050
vt 0.2286930 0.4612890
vt 0.2449650 0.4561060
vt 0.9879800 0.0903960
vt 0.9824770 0.0903960
vt 0.9879200 0.0898100
vt 0.6955350 0.8055910
vt 0.6955000 0.8089500
vt 0.5875700 0.8089500
vt 0.6961200 0.8055260
vt 0.6961970 0.8087230
vt 0.5874070 0.8056890
vt 0.0988150 0.4720330
vt 0.9864680 0.7492050
vt 0.9850030 0.7491520
vt 0.9796950 0.7436550
vt 0.5937590 0.3634270
vt 0.6616850 0.4204230
vt 0.5190150 0.4145700
vt 0.9795590 0.7483510
vt 0.9861720 0.3462860
vt 0.9889420 0.3478850
vt 0.9834680 0.3478320
vt 0.2102580 0.4586610
vt 0.2099480 0.4579960
vt 0.2143460 0.4571130
vt 0.2135300 0.5665410
vt 0.2184130 0.5699670
vt 0.6259400 0.8131780
vt 0.5379240 0.8165640
vt 0.5176760 0.8111390
vt 0.9820080 0.3479540
vt 0.1793840 0.4522280
vt 0.1918610 0.5644220
vt 0.1852000 0.5650050
vt 0.0996550 0.4943330
vt 0.6265880 0.8176160
vt 0.9698290 0.4979570
vt 0.9673070 0.5267830
vt 0.9661630 0.4953730
vt 0.4997730 0.8199600
vt 0.6080560 0.8199600
vt 0.6079100 0.8235650
vt 0.6982400 0.8130080
vt 0.8064370 0.8130080
vt 0.7517500 0.8191930
vt 0.1898840 0.4532670
vt 0.9466470 0.0155580
vt 0.9379550 0.0128250
vt 0.9371180 0.0110300
vt 0.9879310 0.2539130
vt 0.9894040 0.2532260
vt 0.9899120 0.2538890
vt 0.9889950 0.7076720
vt 0.9877000 0.7079000
vt 0.9873710 0.7076590
vt 0.9371280 0.0118020
vt 0.9243520 0.0146000
vt 0.9901210 0.3107590
vt 0.9901210 0.3115940
vt 0.9867370 0.3112750
vt 0.9337270 0.0111900
vt 0.9371200 0.0113940
vt 0.0433520 0.9984920
vt 0.7033480 0.7396450
vt 0.6541820 0.5743790
vt 0.6625770 0.7025880
vt 0.6459780 0.6805150
vt 0.9774330 0.4301830
vt 0.9768250 0.4217470
vt 0.9792350 0.4008530
vt 0.9692740 0.4079870
vt 0.9690660 0.4154220
vt 0.8538560 0.8963940
vt 0.8246270 0.9121750
vt 0.8244710 0.8963940
vt 0.0017290 0.7973170
vt 0.0017290 0.8204280
vt 0.0002410 0.8255290
vt 0.8667730 0.8971170
vt 0.9620930 0.8855520
vt 0.9622890 0.8623550
vt 0.9714380 0.8693660
vt 0.9713160 0.8782580
vt 0.8899560 0.8962940
vt 0.8244270 0.9146690
vt 0.8357690 0.9105410
vt 0.8890140 0.9142400
vt 0.1774280 0.6823380
vt 0.1774280 0.5742570
vt 0.1834780 0.5702470
vt 0.0273230 0.7103320
vt 0.0273230 0.6239860
vt 0.0302840 0.7101780
vt 0.3363090 0.0640400
vt 0.4204410 0.0640400
vt 0.3358360 0.0689000
vt 0.1828530 0.3410940
vt 0.1828530 0.2285760
vt 0.1908550 0.3405440
vt 0.6446300 0.7500400
vt 0.7532040 0.7500400
vt 0.7513770 0.7590680
vt 0.5828930 0.1387760
vt 0.4718390 0.1387760
vt 0.4717600 0.1295650
vt 0.5078470 0.7702940
vt 0.6167230 0.7702940
vt 0.5089320 0.7747580
vt 0.8254190 0.8899070
vt 0.8900050 0.8899070
vt 0.8254060 0.8934510
vt 0.3299080 0.7986430
vt 0.4349880 0.8192790
vt 0.3082440 0.7578340
vt 0.4184920 0.7578340
vt 0.3145730 0.7827860
vt 0.9895640 0.2646900
vt 0.9833560 0.2646900
vt 0.9861000 0.2631290
vt 0.9533660 0.9263670
vt 0.9595500 0.9269080
vt 0.9469000 0.9268450
vt 0.9302340 0.8282670
vt 0.9302340 0.7902950
vt 0.9323950 0.8325510
vt 0.9455400 0.5950110
vt 0.9470380 0.5960600
vt 0.9471240 0.6383710
vt 0.0023400 0.6897070
vt 0.0001220 0.6836130
vt 0.0012430 0.6623360
vt 0.0062020 0.2202010
vt 0.0062020 0.2765990
vt 0.0041380 0.2716310
vt 0.4401560 0.7986430
vt 0.1680970 0.2794500
vt 0.1716380 0.1853450
vt 0.8132480 0.6031010
vt 0.8076240 0.6031010
vt 0.8066440 0.4845410
vt 0.1680970 0.1966300
vt 0.8986060 0.1231410
vt 0.9019840 0.1247170
vt 0.9001090 0.1870510
vt 0.8907780 0.6757960
vt 0.8930720 0.6672320
vt 0.8927850 0.7237090
vt 0.1432950 0.0253550
vt 0.2234270 0.0253550
vt 0.1428950 0.0288060
vt 0.3414130 0.0322360
vt 0.3417240 0.0286840
vt 0.4207730 0.0338470
vt 0.5200630 0.3123420
vt 0.6424180 0.3123420
vt 0.6230870 0.3169050
vt 0.2616200 0.0222250
vt 0.3410900 0.0222250
vt 0.3415310 0.0270110
vt 0.3415400 0.0216010
vt 0.2622480 0.0216010
vt 0.2621040 0.0192660
vt 0.2616060 0.0264560
vt 0.2616060 0.0236390
vt 0.3415450 0.0280590
vt 0.8426850 0.5618010
vt 0.8174570 0.6394460
vt 0.8164550 0.5515930
vt 0.0162950 0.7493300
vt 0.0232640 0.6696800
vt 0.0255560 0.7508030
vt 0.8447950 0.5625420
vt 0.9904540 0.4182680
vt 0.9868970 0.4182680
vt 0.9884470 0.4172810
vt 0.4256470 0.0584150
vt 0.5072080 0.0553220
vt 0.5069000 0.0584150
vt 0.5073900 0.0571510
vt 0.0573120 0.3800550
vt 0.0864600 0.3664630
vt 0.0850290 0.4572690
vt 0.1315310 0.9241600
vt 0.1182100 0.9088360
vt 0.1720060 0.8872630
vt 0.9874450 0.1993770
vt 0.9854020 0.1974720
vt 0.9899800 0.1989380
vt 0.1757340 0.8876040
vt 0.8527200 0.3883300
vt 0.8129620 0.3754110
vt 0.8386290 0.3000010
vt 0.1136210 0.0796350
vt 0.0301500 0.0796350
vt 0.0360200 0.0601980
vt 0.4139630 0.8595590
vt 0.3930610 0.8233560
vt 0.4887710 0.8255810
vt 0.8447590 0.8278360
vt 0.8150140 0.8375010
vt 0.8170780 0.7528490
vt 0.1931690 0.1266290
vt 0.2065790 0.0798640
vt 0.1886690 0.1579500
vt 0.1139530 0.1040710
vt 0.6926910 0.0901800
vt 0.6819940 0.1195690
vt 0.6061770 0.0960180
vt 0.2719940 0.0343600
vt 0.1927280 0.0343600
vt 0.2725600 0.0311250
vt 0.3658540 0.0227560
vt 0.4217240 0.0227560
vt 0.3425230 0.0259890
vt 0.0086350 0.9919480
vt 0.0031820 0.9917900
vt 0.0040060 0.9902640
vt 0.0061230 0.9898340
vt 0.3424320 0.0238310
vt 0.9066080 0.9980530
vt 0.9064830 0.9963240
vt 0.9203200 0.9951130
vt 0.3893680 0.8585410
vt 0.3004400 0.8274070
vt 0.3582790 0.8240140
vt 0.9300500 0.9984860
vt 0.3802670 0.8169890
vt 0.8448910 0.0049160
vt 0.8310100 0.0054010
vt 0.8301460 0.0000150
vt 0.8192310 0.1193070
vt 0.7717370 0.0737910
vt 0.8142180 0.0716120
vt 0.8245210 0.1386290
vt 0.1308060 0.0179950
vt 0.0794350 0.0179950
vt 0.0807340 0.0164710
vt 0.8154460 0.1464780
vt 0.8570060 0.1162820
vt 0.8610680 0.2111430
vt 0.1809700 0.8646710
vt 0.1809700 0.9147670
vt 0.1794430 0.9186870
vt 0.2404870 0.8908800
vt 0.3030870 0.8908800
vt 0.2543130 0.9141420
vt 0.8043780 0.6487720
vt 0.7997580 0.6749780
vt 0.8006790 0.5564350
vt 0.0171950 0.4826900
vt 0.0173250 0.5026490
vt 0.0148540 0.5025390
vt 0.0135370 0.4939620
vt 0.0117280 0.5087480
vt 0.0085870 0.4915760
vt 0.7591510 0.5586880
vt 0.7465110 0.5540870
vt 0.7556850 0.4373740
vt 0.7783440 0.7437970
vt 0.7519360 0.7437970
vt 0.7714900 0.6235090
vt 0.1039070 0.9208480
vt 0.0995830 0.9131780
vt 0.5467690 0.9870460
vt 0.5709640 0.9827160
vt 0.5467000 0.9809510
vt 0.8308550 0.9528290
vt 0.8295920 0.9456640
vt 0.8442580 0.9494290
vt 0.8744320 0.9446520
vt 0.8286700 0.9431160
vt 0.0595860 0.9354660
vt 0.5420580 0.0069530
vt 0.5229350 0.0081810
vt 0.5243460 0.0069530
vt 0.5277670 0.0021590
vt 0.5709760 0.9870460
vt 0.8550900 0.9549640
vt 0.0643030 0.8388110
vt 0.0602660 0.8308390
vt 0.0602660 0.8002720
vt 0.9880050 0.1231410
vt 0.9879100 0.1240270
vt 0.9549680 0.2888030
vt 0.9575120 0.2818130
vt 0.9575440 0.3090570
vt 0.0605540 0.7426760
vt 0.9548140 0.3193690
vt 0.1263290 0.3162820
vt 0.9553020 0.2818200
vt 0.0647360 0.7258030
vt 0.0658150 0.8222030
vt 0.0622390 0.7543490
vt 0.0616840 0.7269310
vt 0.0607240 0.7271460
vt 0.1305420 0.3142700
vt 0.1697300 0.4030040
vt 0.0508410 0.8136410
vt 0.0508410 0.7166390
vt 0.0545260 0.7173990
vt 0.0664890 0.7413290
vt 0.0733360 0.7401220
vt 0.0738360 0.8364410
vt 0.1604640 0.1242200
vt 0.1656880 0.2297930
vt 0.0621820 0.2820770
vt 0.0571580 0.1845690
vt 0.0621820 0.1845370
vt 0.1506250 0.3043790
vt 0.0664150 0.1838120
vt 0.0498530 0.2652530
vt 0.0498530 0.1665540
vt 0.0574830 0.1677960
vt 0.0708580 0.2128870
vt 0.9777460 0.6136020
vt 0.9776780 0.6397820
vt 0.9749470 0.6135570
vt 0.0811240 0.7792270
vt 0.0804710 0.7530550
vt 0.0844730 0.7519830
vt 0.0828790 0.8482140
vt 0.5058010 0.7720520
vt 0.5076070 0.7770150
vt 0.3983500 0.7779230
vt 0.1093200 0.2986240
vt 0.1557450 0.3020560
vt 0.1697540 0.4029620
vt 0.1065590 0.2987400
vt 0.1117010 0.2030420
vt 0.1181000 0.3016840
vt 0.0745250 0.8417810
vt 0.0745250 0.7456150
vt 0.0781090 0.7465950
vt 0.1944650 0.0001440
vt 0.1918610 0.0008410
vt 0.1797350 0.0007720
vt 0.0664890 0.8503170
vt 0.0664890 0.7548030
vt 0.0733440 0.8498100
vt 0.6880620 0.1310120
vt 0.6971110 0.1466840
vt 0.5840320 0.1387870
vt 0.2642480 0.3585390
vt 0.2642480 0.4591260
vt 0.2576620 0.4725790
vt 0.9809760 0.1231410
vt 0.1297330 0.2187980
vt 0.9744940 0.6429670
vt 0.4324170 0.0880400
vt 0.3935860 0.0869950
vt 0.4311650 0.0809380
vt 0.5206780 0.5483110
vt 0.5451870 0.5428060
vt 0.5369490 0.5565160
vt 0.5188100 0.5439620
vt 0.5271520 0.5441750
vt 0.5895930 0.7871550
vt 0.5895930 0.7820140
vt 0.6984430 0.7805460
vt 0.2576980 0.1958030
vt 0.2545730 0.2135290
vt 0.2565060 0.1866450
vt 0.9875710 0.1144190
vt 0.9848170 0.1160090
vt 0.9804250 0.1145420
vt 0.5028300 0.7553200
vt 0.6118870 0.7541720
vt 0.5031170 0.7586090
vt 0.6118920 0.7509920
vt 0.4337070 0.7857100
vt 0.3246290 0.7817840
vt 0.4128640 0.7801250
vt 0.2493560 0.5172710
vt 0.2557620 0.5172710
vt 0.2494660 0.4044390
vt 0.4346030 0.7811670
vt 0.2477550 0.7132240
vt 0.2498600 0.5994300
vt 0.2523100 0.7100340
vt 0.3637230 0.7785440
vt 0.2544610 0.6002640
vt 0.3249710 0.7940660
vt 0.3249710 0.7905850
vt 0.4347530 0.7926940
vt 0.9831710 0.4526210
vt 0.9798650 0.4559270
vt 0.9831590 0.4491400
vt 0.2690860 0.2004570
vt 0.2579050 0.2023510
vt 0.9794090 0.4465840
vt 0.9814970 0.4481180
vt 0.4344260 0.7898830
vt 0.2793120 0.1932590
vt 0.5088630 0.5521490
vt 0.2657170 0.4731290
vt 0.2700850 0.3628850
vt 0.2701800 0.4723420
vt 0.3329650 0.1919170
vt 0.3280440 0.1867360
vt 0.9884790 0.2906580
vt 0.9865360 0.2908280
vt 0.9839480 0.2906940
vt 0.3937440 0.1269100
vt 0.3591650 0.1208120
vt 0.4581520 0.1291430
vt 0.9875190 0.3048410
vt 0.9795720 0.3062420
vt 0.9785070 0.3042940
vt 0.4681930 0.1281630
vt 0.4694910 0.1293110
vt 0.9860180 0.7641140
vt 0.9789790 0.7628730
vt 0.9870470 0.7627200
vt 0.5061480 0.5563230
vt 0.2650250 0.3589730
vt 0.4765100 0.4912460
vt 0.4502690 0.4202010
vt 0.5305170 0.5581320
vt 0.9852150 0.2123440
vt 0.9901200 0.2133870
vt 0.9832920 0.2155000
vt 0.4682550 0.1244680
vt 0.5445130 0.7916660
vt 0.4566930 0.7931140
vt 0.4353850 0.7893570
vt 0.9883490 0.2118750
vt 0.2598410 0.2111700
vt 0.4353000 0.7925250
vt 0.4233360 0.7548740
vt 0.4019350 0.7548740
vt 0.4233300 0.7525450
vt 0.3141360 0.7572260
vt 0.4239240 0.7504060
vt 0.6310760 0.3587740
vt 0.5732020 0.3539400
vt 0.6440040 0.3558870
vt 0.6580550 0.3569160
vt 0.3678230 0.1901960
vt 0.3697580 0.1973250
vt 0.7019740 0.3343210
vt 0.9784500 0.4322260
vt 0.9870600 0.4316900
vt 0.9804990 0.4351530
vt 0.5045220 0.5675310
vt 0.6829790 0.3575350
vt 0.7016810 0.3805980
vt 0.6597800 0.3585810
vt 0.9774890 0.4313260
vt 0.7025240 0.3385800
vt 0.9881280 0.0959560
vt 0.9833150 0.0959560
vt 0.9845760 0.0955750
vt 0.1878110 0.8696740
vt 0.1846650 0.8757370
vt 0.7022150 0.3799680
vt 0.3707350 0.2031510
vt 0.2809400 0.2148470
vt 0.9839080 0.4352420
vt 0.4833220 0.0833670
vt 0.2604640 0.2173780
vt 0.1858390 0.8849560
vt 0.1943990 0.8777620
vt 0.1817640 0.8906380
vt 0.2499020 0.8856460
vt 0.2493220 0.8884560
vt 0.2128610 0.8789890
vt 0.4516190 0.0899140
vt 0.5617780 0.1315340
vt 0.4726370 0.1237350
vt 0.5816050 0.1269880
vt 0.5818420 0.1307360
vt 0.5823960 0.1322970
vt 0.2615530 0.2276780
vt 0.4712720 0.1285980
vt 0.5340440 0.5687870
vt 0.5298220 0.5704610
vt 0.9761120 0.7078630
vt 0.9852790 0.7088820
vt 0.9828780 0.7117690
vt 0.9864680 0.7077280
vt 0.3339020 0.7980240
vt 0.3339020 0.7947770
vt 0.4429180 0.7975820
vt 0.9795890 0.7116550
vt 0.4680620 0.1770830
vt 0.3640300 0.1384390
vt 0.3667870 0.1340940
vt 0.4430550 0.7942950
vt 0.5126740 0.5708430
vt 0.4600350 0.7023990
vt 0.4712420 0.6613620
vt 0.4690570 0.1722460
vt 0.3622890 0.1625900
vt 0.3172990 0.1434930
vt 0.4238330 0.1745770
vt 0.2528220 0.3102990
vt 0.2573980 0.3113670
vt 0.2573980 0.4243150
vt 0.2612100 0.3958660
vt 0.2736510 0.5526510
vt 0.2708500 0.5846690
vt 0.2710140 0.5276250
vt 0.2736900 0.6372350
vt 0.2705810 0.6373810
vt 0.8103740 0.0008720
vt 0.8117480 0.0053660
vt 0.7968190 0.0003520
vt 0.8073720 0.0000500
vt 0.2639940 0.2497420
vt 0.4008660 0.1738210
vt 0.5025580 0.8039100
vt 0.4623800 0.8039100
vt 0.5500660 0.7990870
vt 0.5374970 0.5734760
vt 0.3161960 0.1502410
vt 0.2600370 0.6379090
vt 0.4408790 0.7987480
vt 0.3304130 0.7454330
vt 0.3298980 0.7395490
vt 0.4436130 0.7447080
vt 0.2609630 0.5240810
vt 0.5502590 0.8026160
vt 0.5568840 0.1548410
vt 0.5803460 0.1570220
vt 0.5800420 0.1604920
vt 0.8295440 0.0000980
vt 0.8275920 0.0030450
vt 0.8241210 0.0033480
vt 0.8139810 0.0003760
vt 0.4713540 0.1500550
vt 0.5156290 0.1509550
vt 0.8934230 0.0152190
vt 0.8712240 0.0152190
vt 0.8779200 0.0138310
vt 0.5828070 0.1467460
vt 0.5625330 0.5727500
vt 0.7299040 0.2353190
vt 0.6800200 0.2265230
vt 0.7970850 0.2311530
vt 0.2509120 0.2877860
vt 0.2553830 0.4015300
vt 0.2509120 0.4009920
vt 0.2458480 0.2916180
vt 0.8814050 0.0000600
vt 0.8868340 0.0038790
vt 0.8839880 0.0037490
vt 0.8965370 0.0006710
vt 0.6171750 0.9862140
vt 0.6348890 0.9876900
vt 0.6193820 0.9874880
vt 0.9497510 0.9247150
vt 0.9599320 0.9256050
vt 0.9470110 0.9254960
vt 0.3623930 0.1545490
vt 0.4320960 0.1651120
vt 0.4687250 0.1806600
vt 0.3647340 0.1418410
vt 0.6175810 0.9871220
vt 0.6967650 0.9734310
vt 0.6964460 0.9777600
vt 0.6960090 0.9755080
vt 0.6949500 0.9737190
vt 0.7122590 0.9740990
vt 0.4818740 0.1812510
vt 0.4382200 0.1850710
vt 0.3669690 0.1835440
vt 0.3573520 0.2081720
vt 0.3898330 0.2064700
vt 0.2806580 0.2489710
vt 0.2792950 0.2160470
vt 0.9878050 0.7020420
vt 0.9859320 0.7013600
vt 0.9899420 0.7012080
vt 0.9865420 0.5650320
vt 0.9770220 0.5644610
vt 0.7147790 0.9765930
vt 0.6964920 0.9797530
vt 0.6496890 0.9871060
vt 0.7097620 0.9797930
vt 0.9770150 0.1781040
vt 0.9865500 0.1779470
vt 0.2609640 0.2653500
vt 0.7848940 0.6225380
vt 0.8133740 0.7288240
vt 0.7828840 0.7413220
vt 0.4788980 0.2208030
vt 0.4608060 0.2587640
vt 0.2558140 0.4034580
vt 0.1804280 0.8589700
vt 0.1828810 0.8582540
vt 0.9778370 0.5650320
vt 0.7270100 0.9754390
vt 0.9782070 0.1764010
vt 0.3600980 0.2208030
vt 0.3222470 0.5644140
vt 0.3296490 0.4798020
vt 0.3279340 0.6043930
vt 0.8937400 0.3358320
vt 0.8964550 0.3257010
vt 0.8965110 0.3926640
vt 0.5636610 0.4627120
vt 0.5799250 0.4631320
vt 0.5742920 0.4773760
vt 0.9410310 0.7102400
vt 0.9428010 0.6900170
vt 0.9442470 0.7388350
vt 0.0024570 0.9054690
vt 0.0000050 0.9107270
vt 0.0014040 0.8819860
vt 0.5521300 0.4614030
vt 0.4696260 0.0472990
vt 0.4686820 0.0526520
vt 0.3875870 0.0523080
vt 0.6262220 0.4246430
vt 0.0799770 0.0188750
vt 0.1607910 0.0188750
vt 0.1606340 0.0210070
vt 0.9899160 0.6537420
vt 0.9844810 0.6537420
vt 0.9881690 0.6525110
vt 0.3052790 0.0493310
vt 0.3859640 0.0493310
vt 0.3869910 0.0530810
vt 0.5593190 0.4589750
vt 0.5879310 0.4252950
vt 0.1380110 0.0297860
vt 0.2185660 0.0322700
vt 0.1830760 0.0337290
vt 0.0059430 0.0021720
vt 0.0086590 0.0022660
vt 0.0046350 0.0037370
vt 0.1379090 0.0325020
vt 0.2931960 0.0554450
vt 0.2469430 0.0513990
vt 0.3277990 0.0514220
vt 0.2463020 0.0546580
vt 0.3895270 0.9569570
vt 0.4074750 0.9537920
vt 0.4346970 0.9580740
vt 0.1084380 0.1804840
vt 0.1510400 0.1483800
vt 0.1206500 0.2430530
vt 0.5493040 0.4578640
vt 0.9871860 0.8153040
vt 0.9866860 0.8153060
vt 0.9843370 0.8129570
vt 0.0165790 0.6010020
vt 0.0140050 0.6009430
vt 0.0144890 0.6008190
vt 0.0139480 0.6818000
vt 0.9905520 0.8132090
vt 0.9892820 0.8152080
vt 0.9876320 0.2774970
vt 0.9815060 0.2764170
vt 0.9884590 0.2764620
vt 0.3343740 0.0635280
vt 0.3345490 0.0658900
vt 0.3210490 0.0670710
vt 0.2506900 0.0684270
vt 0.0817210 0.0707500
vt 0.0440220 0.0188610
vt 0.1460320 0.0217090
vt 0.0201690 0.2670610
vt 0.0215560 0.3311840
vt 0.0187230 0.3360900
vt 0.3352280 0.0670280
vt 0.5484670 0.4638200
vt 0.4737290 0.4694700
vt 0.5373700 0.4604080
vt 0.3675720 0.0215250
vt 0.2892470 0.0188490
vt 0.3525920 0.0188840
vt 0.0216510 0.3336030
vt 0.3939950 0.0360120
vt 0.4240170 0.0413050
vt 0.3789000 0.0366410
vt 0.3675590 0.0191040
vt 0.3790600 0.0350120
vt 0.3782870 0.0387760
vt 0.4572620 0.0391530
vt 0.3045060 0.0411940
vt 0.2255230 0.0411940
vt 0.3052500 0.0375850
vt 0.8428120 0.0908490
vt 0.7757030 0.0420910
vt 0.8446810 0.0450870
vt 0.8532960 0.2050260
vt 0.8571920 0.2333120
vt 0.8571920 0.2839130
vt 0.8448640 0.6593310
vt 0.8312060 0.6717910
vt 0.5686780 0.9126080
vt 0.5327370 0.9121550
vt 0.5547630 0.9088790
vt 0.9877760 0.0048290
vt 0.9901440 0.0076510
vt 0.9848890 0.0050800
vt 0.8555360 0.2050090
vt 0.9855420 0.0046580
vt 0.5043850 0.9120680
vt 0.5042810 0.9112980
vt 0.5187810 0.9087210
vt 0.9827750 0.0074570
vt 0.3224720 0.5768230
vt 0.0022640 0.7688560
vt 0.0011820 0.7564920
vt 0.8328800 0.6846830
vt 0.8355320 0.6700640
vt 0.8378960 0.7002330
vt 0.8369630 0.7148150
vt 0.0872170 0.8451060
vt 0.1657950 0.7666190
vt 0.1726140 0.8480880
vt 0.5037000 0.9081700
vt 0.8402030 0.7119250
vt 0.1919560 0.8527800
vt 0.8420490 0.6984760
vt 0.8428580 0.7404720
vt 0.9895940 0.4442490
vt 0.9887500 0.4444750
vt 0.9862800 0.4442610
vt 0.0871790 0.8615520
vt 0.0647630 0.8636890
vt 0.8421230 0.6664250
vt 0.0961740 0.8644630
vt 0.1179940 0.8644100
vt 0.0345330 0.8663420
vt 0.8393350 0.6710380
vt 0.9900040 0.8651850
vt 0.9876160 0.8654780
vt 0.9858700 0.8637190
vt 0.9867980 0.4470980
vt 0.9875540 0.4475350
vt 0.9824120 0.4471760
vt 0.1181010 0.8664490
vt 0.9843890 0.8636960
vt 0.9868440 0.8688310
vt 0.9849270 0.8688220
vt 0.9885310 0.8689480
vt 0.0244110 0.6684280
vt 0.0208870 0.6690490
vt 0.0212790 0.5879670
vt 0.3995360 0.0566630
vt 0.3997740 0.0553160
vt 0.3997500 0.0585680
vt 0.4206750 0.0577480
vt 0.3988310 0.0551270
vt 0.4805390 0.0546770
vt 0.9895690 0.3402670
vt 0.9848280 0.3404080
vt 0.9899490 0.8909830
vt 0.9834630 0.8930900
vt 0.9848120 0.8897750
vt 0.8227880 0.6686510
vt 0.5495370 0.4706300
vt 0.0020960 0.7407450
vt 0.0867420 0.8597940
vt 0.8438970 0.6982650
vt 0.9892400 0.3411710
vt 0.2933720 0.0602260
vt 0.3760300 0.0602260
vt 0.2925890 0.0648350
vt 0.0053840 0.7466040
vt 0.0031480 0.7468000
vt 0.0057150 0.6854990
vt 0.5491740 0.0639110
vt 0.5518190 0.0601660
vt 0.4668910 0.0609810
vt 0.2048490 0.8506990
vt 0.9524650 0.2528850
vt 0.9646420 0.5957310
vt 0.9673670 0.6082570
vt 0.9667010 0.6158680
vt 0.9660740 0.6252240
vt 0.9679040 0.5953570
vt 0.9537260 0.2571840
vt 0.9398890 0.2558080
vt 0.9323800 0.2572160
vt 0.9272010 0.2627700
vt 0.9232090 0.2591670
vt 0.9771640 0.1243100
vt 0.9771640 0.1514160
vt 0.9735990 0.1504990
vt 0.2100030 0.8501430
vt 0.2068400 0.8050310
vt 0.9546870 0.3939070
vt 0.9517630 0.3966030
vt 0.9526810 0.4308110
vt 0.9547580 0.2465130
vt 0.9522310 0.2370250
vt 0.9543950 0.2122950
vt 0.9517530 0.2124890
vt 0.9690720 0.1469380
vt 0.9728290 0.1256310
vt 0.9698860 0.1230960
vt 0.9783810 0.6485290
vt 0.9654090 0.6691610
vt 0.9646970 0.6680710
vt 0.9573770 0.2761820
vt 0.9692350 0.6711900
vt 0.9419680 0.2840410
vt 0.9584500 0.2802400
vt 0.5417420 0.9763610
vt 0.5449150 0.9734420
vt 0.5663690 0.0021350
vt 0.5852810 0.0021350
vt 0.5664590 0.0042660
vt 0.5446620 0.9950460
vt 0.8414210 0.9559640
vt 0.7952110 0.9559640
vt 0.7753200 0.0063640
vt 0.7584070 0.0063640
vt 0.7591310 0.0024990
vt 0.9624840 0.7867110
vt 0.9602150 0.7818450
vt 0.9608470 0.7534170
vt 0.5217710 0.9597730
vt 0.4951700 0.9698180
vt 0.4836450 0.9601480
vt 0.4898200 0.9693680
vt 0.5768690 0.9821110
vt 0.5470310 0.9795010
vt 0.5800000 0.9784990
vt 0.6496440 0.9833010
vt 0.6817200 0.9833010
vt 0.6812070 0.9856800
vt 0.9724730 0.1501690
vt 0.7990490 0.9490090
vt 0.3454140 0.7317250
vt 0.0125020 0.9911260
vt 0.0125020 0.9881940
vt 0.0239340 0.9883490
vt 0.0353290 0.0145930
vt 0.0238990 0.0143220
vt 0.0237490 0.0100250
vt 0.9816460 0.0076430
vt 0.9721280 0.0007280
vt 0.9845430 0.0016370
vt 0.0816600 0.8408150
vt 0.0778670 0.8437310
vt 0.0788720 0.7476030
vt 0.8587590 0.4148620
vt 0.8563500 0.4157500
vt 0.8801840 0.4764510
vt 0.1813430 0.0245130
vt 0.2612960 0.0202930
vt 0.2580890 0.0245130
vt 0.8858910 0.5284740
vt 0.8959900 0.5311800
vt 0.8863670 0.5960950
vt 0.6168810 0.8980430
vt 0.6106330 0.8957690
vt 0.6762380 0.8941780
vt 0.6764180 0.8965910
vt 0.9125940 0.4661540
vt 0.9119770 0.4066020
vt 0.9166340 0.4432420
vt 0.9200100 0.4053380
vt 0.4863120 0.1231940
vt 0.4860890 0.1206410
vt 0.5789030 0.1255430
vt 0.0714940 0.2053270
vt 0.0816320 0.2100540
vt 0.0718500 0.3032900
vt 0.9206180 0.4202020
vt 0.9076280 0.0000570
vt 0.9225040 0.0000570
vt 0.9215030 0.0043750
vt 0.3712380 0.7266140
vt 0.3557170 0.6859710
vt 0.1581850 0.9697470
vt 0.1581850 0.9669910
vt 0.1987820 0.9667370
vt 0.9114280 0.1913010
vt 0.9162430 0.1507080
vt 0.9156150 0.1913010
vt 0.9124330 0.1301720
vt 0.9397740 0.8225160
vt 0.9356570 0.8259700
vt 0.9390410 0.7825970
vt 0.6939840 0.6939750
vt 0.6898360 0.6965280
vt 0.7048630 0.5805380
vt 0.1663140 0.1298840
vt 0.1663140 0.2225350
vt 0.1620960 0.1265540
vt 0.3005320 0.8336770
vt 0.3020970 0.8298230
vt 0.3894120 0.8599850
vt 0.3556840 0.6474750
vt 0.3768170 0.7255340
vt 0.0837540 0.8505840
vt 0.0865740 0.8531560
vt 0.0832930 0.8531990
vt 0.0856300 0.7607840
vt 0.0600320 0.7214840
vt 0.0541970 0.8181520
vt 0.0556600 0.7266950
vt 0.6829680 0.7009490
vt 0.0867470 0.9596450
vt 0.0899050 0.9635460
vt 0.0873240 0.9629200
vt 0.1279260 0.9600510
vt 0.0553070 0.7247870
vt 0.6784710 0.7039900
vt 0.6619520 0.6655340
vt 0.9084770 0.1298750
vt 0.9107220 0.1300370
vt 0.9090900 0.1487010
vt 0.9104570 0.1898740
vt 0.9113080 0.1318870
vt 0.7065130 0.3758320
vt 0.7065130 0.5020600
vt 0.6824580 0.4100830
vt 0.9214470 0.3148890
vt 0.9231850 0.3336450
vt 0.9204640 0.3261220
vt 0.9206900 0.3499650
vt 0.9175280 0.3123960
vt 0.9175160 0.3178760
vt 0.9150260 0.3249760
vt 0.9168410 0.3124500
vt 0.3310960 0.6025100
vt 0.3310970 0.4762820
vt 0.3350780 0.4752850
vt 0.9205110 0.3499820
vt 0.5007000 0.8317760
vt 0.5940910 0.8317760
vt 0.5004440 0.8348910
vt 0.5942040 0.8310850
vt 0.5008130 0.8310850
vt 0.5003310 0.8272110
vt 0.9164270 0.3556080
vt 0.9109320 0.3185410
vt 0.9084250 0.3155280
vt 0.9091770 0.3492000
vt 0.9109340 0.3739660
vn -0.9989736 -0.0452812 -0.0011456
vn -0.9990150 -0.0443696 -0.0005408
vn -0.9948119 -0.1016526 -0.0040127
vn -0.9870505 0.1604081 -0.0007423
vn -0.9869900 0.1607792 -0.0008931
vn -0.9872971 0.1588838 -0.0006488
vn -0.9989235 -0.0458839 -0.0068144
vn -0.9939937 0.1083217 -0.0155874
vn -0.9913718 0.1295830 -0.0197517
vn -0.9906038 -0.1367108 -0.0037861
vn -0.9955844 -0.0938690 0.0004986
vn -0.9998719 -0.0080195 0.0138528
vn -0.9989404 -0.0323806 0.0327048
vn -0.9997809 -0.0146631 0.0149399
vn -0.9998426 -0.0109585 -0.0139528
vn -0.9999464 -0.0072929 -0.0073510
vn -0.9987753 -0.0476287 -0.0133942
vn -0.9752368 0.2211219 -0.0042759
vn -0.9979724 -0.0557830 -0.0306483
vn -0.9358115 -0.0143453 0.3522088
vn -0.9358115 -0.0143453 0.3522088
vn -0.9358115 -0.0143453 0.3522088
vn -0.9958668 -0.0907949 0.0023612
vn -0.9740664 0.2262162 -0.0045624
vn -0.9998044 -0.0182760 0.0075568
vn -0.5540391 0.1229207 -0.8233657
vn -0.0712055 0.1667747 -0.9834206
vn -0.1088871 0.2540842 -0.9610332
vn -0.2637882 0.2348323 -0.9355584
vn -0.2818733 -0.0814225 0.9559905
vn -0.2462500 -0.0755973 0.9662536
vn -0.1200298 -0.0545709 0.9912693
vn 0.3276093 0.9338081 -0.1437866
vn -0.2700513 0.9624877 0.0262632
vn 0.4632395 0.8859547 -0.0222135
vn 0.1327234 -0.9777937 -0.1621849
vn 0.0805791 -0.9859930 -0.1460300
vn 0.2752972 -0.9535101 -0.1225970
vn 0.5343947 0.8332914 -0.1415902
vn 0.5293676 0.3964947 0.7500412
vn 0.5322737 0.3917270 0.7504896
vn 0.3758093 0.6039586 0.7028523
vn 0.5307947 -0.5527296 0.6424539
vn 0.5307947 -0.5527296 0.6424539
vn 0.5307947 -0.5527296 0.6424539
vn 0.4019728 -0.9152873 0.0258249
vn 0.6391846 -0.7682813 -0.0344516
vn -0.1056331 -0.0521357 0.9930375
vn 0.6520041 0.1475245 0.7437252
vn -0.0064742 0.9999659 -0.0051294
vn 0.2752260 0.9612650 -0.0148442
vn 0.1831245 0.9830728 0.0057739
vn 0.9215488 0.3882192 -0.0058010
vn 0.9956400 -0.0864061 -0.0351424
vn 0.9956400 -0.0864061 -0.0351424
vn 0.9956400 -0.0864061 -0.0351424
vn 0.9995388 0.0232095 -0.0195814
vn 0.9996767 0.0193998 -0.0164374
vn 0.9998792 0.0117736 -0.0101437
vn 0.8940099 -0.4434946 0.0637088
vn 0.9991205 0.0321301 -0.0269432
vn 0.9986676 -0.0021608 0.0515585
vn 0.9982363 -0.0055635 0.0591048
vn 0.9975146 -0.0103418 0.0696964
vn 0.9968309 -0.0142115 0.0782694
vn 0.9743429 0.2249712 -0.0066199
vn 0.9743429 0.2249712 -0.0066199
vn 0.9743429 0.2249712 -0.0066199
vn 0.0439898 0.9980836 -0.0435214
vn -0.0309818 0.1845020 -0.9823437
vn -0.1642654 0.9861403 0.0233291
vn 0.6755367 0.1615615 0.7194081
vn 0.5361230 0.0437753 0.8430041
vn 0.7496170 0.2350095 0.6187446
vn 0.4419948 -0.0264931 0.8966263
vn 0.0443751 -0.0379072 0.9982955
vn 0.0634216 -0.0346982 0.9973834
vn 0.1877571 -0.0133279 0.9821251
vn 0.2738529 0.9616596 -0.0146741
vn -0.5265320 0.0425285 0.8490909
vn -0.7065272 -0.1269942 0.6961981
vn -0.6503213 -0.0688277 0.7565348
vn 0.3065522 -0.9282768 0.2105420
vn 0.1084912 -0.9445816 0.3098310
vn 0.2489802 -0.9379689 0.2412949
vn -0.4300675 0.9023892 -0.0271252
vn 0.0520334 0.7419669 -0.6684142
vn 0.0520334 0.7419669 -0.6684142
vn 0.0520334 0.7419669 -0.6684142
vn -0.4477150 0.1051042 0.8879777
vn 0.0926464 0.9936513 -0.0638261
vn 0.0274709 0.9989602 -0.0363862
vn -0.3268934 0.9450053 0.0102783
vn 0.0362441 -0.9391141 0.3416885
vn -0.1597191 0.9867472 0.0286320
vn -0.1106324 0.1553405 -0.9816465
vn 0.0863921 0.9962612 0.0002448
vn 0.2048353 -0.0103342 0.9787419
vn -0.2217920 0.2292802 -0.9477547
vn -0.9981880 0.0347501 -0.0491246
vn -0.9974753 -0.0404153 -0.0583928
vn -0.9687779 0.2365040 0.0743990
vn -0.9687779 0.2365040 0.0743990
vn -0.9687779 0.2365040 0.0743990
vn -0.9734101 -0.1110901 0.2003291
vn -0.9753436 -0.1372147 0.1728497
vn -0.9860610 -0.0757458 0.1481426
vn 0.0925461 0.9957079 0.0009492
vn -0.9976731 0.0248119 0.0635042
vn -0.9955719 0.0878568 0.0334324
vn -0.9958192 0.0214996 0.0887799
vn -0.9884361 -0.0806031 0.1284416
vn -0.9983505 0.0318631 -0.0477610
vn -0.5417027 0.8403028 0.0211992
vn -0.0167283 0.9995644 -0.0243149
vn -0.9992193 -0.0394642 -0.0018138
vn -0.9996151 -0.0214303 0.0176184
vn -0.9900876 -0.0081260 0.1402161
vn -0.9926216 0.1171430 -0.0313044
vn -0.9872225 0.1585323 -0.0160990
vn -0.8879577 -0.1117832 0.4461341
vn -0.8661316 -0.1334505 0.4816711
vn -0.0696049 0.9964158 -0.0480697
vn -0.9992984 -0.0092146 -0.0363004
vn -0.3591912 -0.9313902 -0.0591093
vn -0.5280297 -0.8463723 -0.0695591
vn -0.8269838 -0.5619266 -0.0183371
vn -0.8939568 0.1536796 0.4209795
vn -0.8939568 0.1536796 0.4209795
vn -0.8939568 0.1536796 0.4209795
vn -0.9653516 -0.2056541 0.1606322
vn -0.5780310 0.8156991 -0.0226971
vn -0.1342984 0.9909136 0.0073553
vn -0.2007429 -0.9753741 -0.0913653
vn 0.2085191 0.5930788 0.7776743
vn 0.2085191 0.5930788 0.7776743
vn 0.2085191 0.5930788 0.7776743
vn -0.0772832 -0.1391438 0.9872519
vn -0.3789930 -0.0395664 0.9245533
vn -0.3292864 -0.0301696 0.9437480
vn 0.4269920 0.0697661 -0.9015601
vn 0.0226010 -0.3415211 0.9396023
vn -0.0515339 -0.1557729 0.9864477
vn -0.4048017 -0.7455865 0.5293735
vn -0.4048017 -0.7455865 0.5293735
vn -0.4048017 -0.7455865 0.5293735
vn 0.0836300 0.9940677 0.0695366
vn -0.3159778 -0.9473192 -0.0523876
vn 0.6878402 0.0020916 -0.7258591
vn 0.9981564 -0.0606158 0.0030966
vn 0.9957330 -0.0922182 0.0034036
vn 0.9995288 -0.0304022 0.0042409
vn 0.9349704 -0.3442720 -0.0854815
vn 0.9349704 -0.3442720 -0.0854815
vn 0.9349704 -0.3442720 -0.0854815
vn 0.9959241 -0.0901252 0.0035657
vn 0.9976449 0.0679664 -0.0092356
vn 0.9897108 0.1428756 -0.0076894
vn 0.9994728 0.0317662 0.0067093
vn 0.9777722 -0.1208601 0.1713311
vn 0.9777722 -0.1208601 0.1713311
vn 0.9777722 -0.1208601 0.1713311
vn 0.9999521 -0.0018468 -0.0096130
vn 0.9948086 -0.0996876 -0.0204488
vn 0.9998733 -0.0121386 0.0102956
vn 0.9992524 0.0045803 -0.0383879
vn 0.9999461 0.0003667 0.0103763
vn 0.9999298 -0.0048449 -0.0108133
vn 0.9998568 -0.0168374 -0.0017033
vn -0.9953740 0.0951902 -0.0130168
vn 0.1634852 0.9865039 0.0090956
vn 0.2662816 0.9636667 0.0209918
vn 0.9999913 0.0039364 0.0013856
vn 0.9999309 0.0109113 0.0043806
vn -0.9641929 -0.0111806 -0.2649661
vn -0.9608952 -0.0106757 -0.2767064
vn -0.9714232 -0.0123685 -0.2370315
vn -0.9720108 -0.0124708 -0.2346050
vn -0.8622902 -0.5064139 -0.0007337
vn -0.9422076 -0.3349808 0.0057144
vn -0.9192963 -0.3931293 0.0185386
vn -0.9999528 0.0082469 -0.0051317
vn -0.9999528 0.0082469 -0.0051317
vn -0.9999528 0.0082469 -0.0051317
vn -0.9644753 0.2318847 -0.1265575
vn -0.9644753 0.2318847 -0.1265575
vn -0.9644753 0.2318847 -0.1265575
vn -0.8402449 -0.4682252 -0.2734113
vn -0.8355044 -0.4433078 -0.3246699
vn -0.7898362 -0.5781662 -0.2046522
vn -0.9158433 -0.4010624 0.0194950
vn -0.7715081 -0.6157016 -0.1602711
vn -0.7921303 -0.6102504 0.0111405
vn -0.6205348 -0.7824926 -0.0514001
vn -0.5760166 0.0412931 -0.8163944
vn -0.5760166 0.0412931 -0.8163944
vn -0.5760166 0.0412931 -0.8163944
vn -0.2530903 -0.9649068 0.0700008
vn -0.5284884 -0.8489396 -0.0012670
vn -0.9713021 0.2125270 0.1067922
vn -0.9713021 0.2125270 0.1067922
vn -0.9713021 0.2125270 0.1067922
vn 0.9170007 -0.1724345 -0.3596888
vn 0.9170007 -0.1724345 -0.3596888
vn 0.9170007 -0.1724345 -0.3596888
vn 0.9906036 -0.1208280 0.0640713
vn 0.9906036 -0.1208280 0.0640713
vn 0.9906036 -0.1208280 0.0640713
vn 0.7419851 -0.6555841 0.1402410
vn 0.3052059 -0.9521692 0.0149357
vn 0.0137208 -0.9981536 -0.0591697
vn -0.1411983 -0.9852944 -0.0962190
vn 0.1229902 0.5021791 -0.8559729
vn 0.1229902 0.5021791 -0.8559729
vn 0.1229902 0.5021791 -0.8559729
vn 0.9558738 -0.2858807 -0.0676575
vn 0.9866234 -0.1630012 0.0022179
vn 0.9961397 -0.0832212 -0.0279266
vn 0.9997096 -0.0240806 0.0008903
vn 0.9984027 0.0532003 -0.0190178
vn 0.9986884 0.0486932 -0.0158227
vn 0.9871910 0.1383367 -0.0794794
vn 0.9997956 -0.0099725 -0.0175844
vn 0.9833582 0.1564451 -0.0923666
vn 0.9325236 -0.3485456 -0.0944228
vn 0.9961006 -0.0037011 -0.0881469
vn -0.9999995 0.0010162 0.0002458
vn -0.9999995 0.0010162 0.0002458
vn -0.9999995 0.0010162 0.0002458
vn -0.9125451 0.0001677 -0.4089760
vn -0.9125451 0.0001677 -0.4089760
vn -0.9125451 0.0001677 -0.4089760
vn -0.9330365 -0.0044873 -0.3597538
vn -0.9330365 -0.0044873 -0.3597538
vn -0.9330365 -0.0044873 -0.3597538
vn 0.9798288 0.0292210 0.1976906
vn 0.9798288 0.0292210 0.1976906
vn 0.9798288 0.0292210 0.1976906
vn -0.9999917 0.0040506 -0.0003618
vn -0.9999917 0.0040506 -0.0003618
vn -0.9999917 0.0040506 -0.0003618
vn 0.9739804 -0.0032839 0.2266083
vn 0.9977890 -0.0015970 0.0664426
vn 0.9905912 0.0015805 0.1368448
vn 0.4614857 -0.0016384 -0.8871461
vn 0.2340534 0.0075369 -0.9721945
vn 0.2580090 0.0070911 -0.9661165
vn 0.9874956 0.0019020 0.1576353
vn 0.9316429 -0.0049078 0.3633421
vn 0.9423249 -0.0037376 -0.3346788
vn 0.7498674 -0.0022966 -0.6615842
vn 0.9256755 -0.0002980 -0.3783185
vn 0.9999931 -0.0016473 0.0033249
vn 0.9999925 0.0002727 -0.0038591
vn 0.9999998 -0.0006743 -0.0001840
vn 0.9997260 0.0020270 -0.0233181
vn 0.9999906 -0.0018565 0.0039302
vn 0.9987866 0.0050893 -0.0489847
vn -0.9931096 -0.0344237 0.1120194
vn -0.9931096 -0.0344237 0.1120194
vn -0.9931096 -0.0344237 0.1120194
vn -0.9996181 0.0276182 0.0009400
vn -0.9991301 0.0416575 -0.0018994
vn -0.9991780 0.0405038 -0.0016660
vn -0.9996987 0.0244938 0.0015718
vn -0.8990062 -0.4379004 -0.0055806
vn -0.6556918 -0.7541670 0.0360601
vn -0.9395306 -0.3424479 -0.0034168
vn -0.3995510 -0.9151600 0.0533019
vn -0.2436052 -0.9697809 -0.0134739
vn -0.9992994 0.0120112 0.0354471
vn -0.9992994 0.0120112 0.0354471
vn -0.9992994 0.0120112 0.0354471
vn -0.2301791 -0.9727530 -0.0277342
vn 0.2198287 -0.9741595 -0.0518513
vn -0.9392995 0.0043140 0.3430713
vn -0.9143871 -0.0066494 0.4047864
vn -0.9241357 -0.0025767 0.3820558
vn -0.9577522 0.0139826 0.2872547
vn 0.9778509 -0.0022930 0.2092900
vn 0.9778509 -0.0022930 0.2092900
vn 0.9778509 -0.0022930 0.2092900
vn 0.0174600 0.9998141 -0.0081829
vn 0.0174600 0.9998141 -0.0081829
vn 0.0174600 0.9998141 -0.0081829
vn 0.3671946 -0.9300494 0.0132747
vn 0.6044318 -0.7962284 0.0261245
vn 0.0749100 -0.9952505 0.0621684
vn -0.9132181 0.1411129 -0.3822563
vn -0.9132181 0.1411129 -0.3822563
vn -0.9132181 0.1411129 -0.3822563
vn 0.4324411 -0.9015830 0.0119494
vn 0.4499534 -0.8926522 0.0267200
vn 0.4499534 -0.8926522 0.0267200
vn 0.4499534 -0.8926522 0.0267200
vn 0.6723582 -0.7398825 0.0225452
vn 0.9990761 0.0198905 -0.0380972
vn 0.9966810 0.0712398 -0.0393939
vn 0.9992871 0.0028511 -0.0376450
vn 0.9932711 0.1085842 -0.0402743
vn 0.9773125 -0.2062926 0.0479973
vn 0.9773125 -0.2062926 0.0479973
vn 0.9995368 0.0304258 -0.0006673
vn 0.9995368 0.0304258 -0.0006673
vn 0.9995368 0.0304258 -0.0006673
vn 0.9773125 -0.2062926 0.0479973
vn -0.9999789 -0.0000765 0.0064902
vn -0.9999789 -0.0000765 0.0064902
vn -0.9999789 -0.0000765 0.0064902
vn -0.9845250 -0.0008150 0.1752425
vn -0.9845250 -0.0008150 0.1752425
vn -0.9845250 -0.0008150 0.1752425
vn -0.9795156 0.0003689 -0.2013681
vn -0.9795156 0.0003689 -0.2013681
vn -0.9795156 0.0003689 -0.2013681
vn -0.8134224 -0.0061914 -0.5816405
vn -0.8134224 -0.0061914 -0.5816405
vn -0.8134224 -0.0061914 -0.5816405
vn -0.9437466 0.0006729 0.3306689
vn -0.9437466 0.0006729 0.3306689
vn -0.9437466 0.0006729 0.3306689
vn 0.9901613 -0.0012405 0.1399251
vn 0.9901613 -0.0012405 0.1399251
vn 0.9901613 -0.0012405 0.1399251
vn 0.9162686 -0.0019018 0.4005600
vn 0.9162686 -0.0019018 0.4005600
vn 0.7213643 0.0206968 -0.6922464
vn 0.7258830 0.0211848 -0.6874919
vn 0.5063772 -0.0003069 -0.8623120
vn 0.4986619 -0.0009968 -0.8667960
vn 0.9360795 0.0118718 -0.3515882
vn 0.9360795 0.0118718 -0.3515882
vn 0.9999695 0.0004011 0.0078056
vn 0.9999695 0.0004011 0.0078056
vn 0.9999695 0.0004011 0.0078056
vn 0.9995650 0.0037539 -0.0292519
vn 0.9999401 0.0002977 -0.0109423
vn 0.9993571 0.0051226 -0.0354856
vn 0.9996360 0.0025528 -0.0268579
vn 0.9996579 0.0024328 -0.0260409
vn 0.9162686 -0.0019018 0.4005600
vn 0.9360795 0.0118718 -0.3515882
vn -0.9999945 -0.0001622 0.0033239
vn -0.9999888 -0.0000428 0.0047308
vn -0.9999857 0.0000089 0.0053406
vn -0.9999833 0.0000469 0.0057874
vn -0.9993897 0.0349156 -0.0010783
vn -0.9993897 0.0349156 -0.0010783
vn -0.9993897 0.0349156 -0.0010783
vn -0.9385420 -0.0007625 0.3451641
vn -0.9364778 -0.0010836 0.3507251
vn -0.9384799 -0.0007722 0.3453330
vn -0.9999876 0.0005402 0.0049449
vn -0.9999995 0.0008720 0.0004513
vn -0.9999832 0.0013221 -0.0056441
vn -0.9774123 -0.2113408 0.0005953
vn -0.9774123 -0.2113408 0.0005953
vn -0.9774123 -0.2113408 0.0005953
vn -0.9999852 0.0005052 0.0054187
vn -0.9691891 0.0096833 -0.2461275
vn -0.9107305 -0.0101129 -0.4128774
vn -0.9703902 0.0101465 -0.2413293
vn -0.9472524 0.0072580 0.3204064
vn -0.9472524 0.0072580 0.3204064
vn -0.9472524 0.0072580 0.3204064
vn -0.9364440 -0.0010888 0.3508155
vn -0.9358848 -0.0004059 0.3523060
vn -0.9374447 0.0020421 0.3481281
vn -0.8872344 -0.0612067 0.4572405
vn 0.9147273 -0.0383848 -0.4022445
vn 0.9147273 -0.0383848 -0.4022445
vn 0.9147273 -0.0383848 -0.4022445
vn -0.8899585 -0.0970247 0.4456009
vn -0.5937833 -0.8019355 0.0657330
vn -0.7542590 -0.6556728 0.0344467
vn -0.7055168 -0.7077691 0.0361800
vn -0.9917856 0.0070006 -0.1277198
vn -0.9917856 0.0070006 -0.1277198
vn -0.9917856 0.0070006 -0.1277198
vn -0.9365890 -0.0003445 0.3504295
vn -0.9527160 0.0074936 0.3037698
vn -0.9246265 -0.1561722 0.3473847
vn 0.9305027 0.1935324 -0.3109822
vn 0.9305027 0.1935324 -0.3109822
vn 0.9305027 0.1935324 -0.3109822
vn 0.9947828 0.1017603 0.0072141
vn 0.9947828 0.1017603 0.0072141
vn 0.9947828 0.1017603 0.0072141
vn -0.5357041 -0.8415737 0.0691001
vn -0.7195629 -0.6647895 0.2007091
vn -0.7195629 -0.6647895 0.2007091
vn -0.7195629 -0.6647895 0.2007091
vn -0.5848307 -0.8111484 0.0033771
vn -0.5848307 -0.8111484 0.0033771
vn -0.5848307 -0.8111484 0.0033771
vn -0.0399045 -0.9992024 -0.0014484
vn -0.9087408 -0.0133954 -0.4171460
vn -0.9121536 -0.0203372 -0.4093436
vn -0.9998410 -0.0001629 0.0178315
vn -0.9998410 -0.0001629 0.0178315
vn -0.9998410 -0.0001629 0.0178315
vn -0.9998934 -0.0000899 0.0145987
vn -0.9998675 0.0019829 0.0161545
vn -0.9998542 0.0028864 0.0168327
vn -0.9997727 0.0071992 0.0200693
vn 0.9966220 -0.0814735 0.0103278
vn 0.9881503 -0.1520661 0.0208557
vn 0.9998932 -0.0146137 0.0002138
vn 0.9993426 -0.0003758 0.0362536
vn 0.9997669 0.0017062 0.0215227
vn 0.9998723 -0.0029818 0.0157017
vn 0.9998903 -0.0031266 0.0144812
vn 0.8628234 0.0059101 0.5054709
vn 0.9259138 -0.0021742 0.3777286
vn 0.9009321 -0.0017783 0.4339563
vn 0.9999923 -0.0000907 -0.0039115
vn 0.9121089 -0.0010915 -0.4099465
vn 0.9375651 0.0009884 -0.3478085
vn 0.9496695 0.0021212 -0.3132464
vn 0.9266339 -0.0022842 0.3759580
vn 0.9997960 0.0018882 0.0201090
vn 0.9999920 -0.0000819 -0.0039917
vn 0.9007152 -0.0020434 0.4344052
vn 0.9559645 0.0000625 0.2934823
vn 0.9550837 0.0020667 0.2963289
vn 0.9545555 0.0068098 0.2979554
vn 0.9475799 0.0065744 -0.3194512
vn 0.9475799 0.0065744 -0.3194512
vn 0.9475799 0.0065744 -0.3194512
vn 0.9560004 0.0000459 0.2933652
vn 0.3049784 -0.9522618 0.0136285
vn 0.4912313 -0.8707968 -0.0201155
vn 0.5529285 -0.8327516 0.0281953
vn 0.9944266 0.0064534 -0.1052334
vn 0.9944266 0.0064534 -0.1052334
vn 0.9944266 0.0064534 -0.1052334
vn 0.9528041 0.0233896 0.3026834
vn 0.5601548 -0.8277725 0.0319264
vn 0.5723823 -0.8198208 -0.0165051
vn 0.9111235 -0.0011657 -0.4121319
vn 0.9997648 0.0005799 -0.0216793
vn 0.9810536 0.0001144 -0.1937367
vn 0.9941553 0.0025220 -0.1079301
vn 0.9748599 -0.0050661 0.2227611
vn 0.9748599 -0.0050661 0.2227611
vn 0.9748599 -0.0050661 0.2227611
vn 0.9450520 -0.3268515 -0.0066995
vn 0.9450520 -0.3268515 -0.0066995
vn 0.9450520 -0.3268515 -0.0066995
vn 0.9993918 0.0038026 -0.0346645
vn 0.9993918 0.0038026 -0.0346645
vn 0.9997815 0.0039433 -0.0205296
vn 0.9999692 0.0001247 -0.0078517
vn 0.9999704 0.0073078 0.0024133
vn 0.9999714 0.0071596 0.0024270
vn 0.9999610 0.0085248 0.0023006
vn 0.9999380 0.0109391 0.0020770
vn 0.9993918 0.0038026 -0.0346645
vn -0.9997835 -0.0206176 0.0028140
vn -0.9997835 -0.0206176 0.0028140
vn -0.9997835 -0.0206176 0.0028140
vn 0.9805034 0.0019079 -0.1964927
vn 0.9805034 0.0019079 -0.1964927
vn 0.9805034 0.0019079 -0.1964927
vn -0.9996803 -0.0251075 -0.0029753
vn -0.9999670 -0.0044275 -0.0068092
vn -0.9999711 -0.0001423 -0.0076032
vn 0.3720573 -0.9278667 -0.0252337
vn 0.3720573 -0.9278667 -0.0252337
vn 0.3720573 -0.9278667 -0.0252337
vn 0.9944411 -0.0905083 -0.0538069
vn 0.9944411 -0.0905083 -0.0538069
vn 0.9944411 -0.0905083 -0.0538069
vn -0.6136118 -0.7895316 0.0109753
vn -0.6136118 -0.7895316 0.0109753
vn -0.6136118 -0.7895316 0.0109753
vn -0.9998941 0.0003892 -0.0145483
vn -0.9998941 0.0003892 -0.0145483
vn -0.9998941 0.0003892 -0.0145483
vn 0.9999873 0.0003198 -0.0050226
vn 0.9992802 -0.0378181 -0.0029633
vn 0.9999399 -0.0100130 -0.0044654
vn 0.9997376 0.0008035 -0.0228937
vn 0.9997077 -0.0011162 -0.0241514
vn 0.9999610 -0.0084712 0.0024935
vn 0.9999140 -0.0100655 0.0084091
vn 0.9997490 0.0008944 -0.0223850
vn 0.9165660 -0.0039127 -0.3998643
vn 0.9256128 -0.0006979 -0.3784711
vn 0.9264409 -0.0003943 -0.3764401
vn 0.9946325 -0.1034687 0.0005989
vn 0.9462215 0.0056951 0.3234695
vn 0.9553074 -0.0066854 0.2955385
vn 0.9547616 -0.0077714 0.2972706
vn -0.9827446 0.0575978 -0.1757712
vn -0.9827446 0.0575978 -0.1757712
vn -0.9827446 0.0575978 -0.1757712
vn 0.9546225 -0.0077022 0.2977188
vn 0.9423980 0.0004762 0.3344934
vn 0.9423980 0.0004762 0.3344934
vn 0.9423980 0.0004762 0.3344934
vn 0.9382258 0.0125940 0.3457944
vn 0.9316508 0.0157678 0.3630126
vn -0.9352285 0.0010630 -0.3540432
vn -0.9352285 0.0010630 -0.3540432
vn -0.9352285 0.0010630 -0.3540432
vn 0.4957841 -0.8667551 -0.0541639
vn 0.1384694 -0.9901331 0.0215080
vn 0.4324222 -0.9011361 -0.0310599
vn 0.2363252 -0.9716723 0.0018521
vn 0.2363252 -0.9716723 0.0018521
vn 0.2363252 -0.9716723 0.0018521
vn -0.1723312 0.9849586 -0.0125921
vn -0.1723312 0.9849586 -0.0125921
vn -0.1723312 0.9849586 -0.0125921
vn 0.9278189 -0.2663451 0.2611750
vn 0.9278189 -0.2663451 0.2611750
vn 0.9278189 -0.2663451 0.2611750
vn 0.4043773 -0.9138535 -0.0367539
vn 0.1709818 -0.9823345 -0.0760541
vn 0.4405116 -0.8975894 -0.0168201
vn 0.5545546 -0.8320679 0.0114963
vn 0.9156952 -0.0042129 -0.4018515
vn 0.3148526 -0.9305536 -0.1869165
vn 0.5755681 -0.8175776 0.0169789
vn 0.9998822 -0.0015262 0.0152747
vn 0.9998824 -0.0021617 0.0151815
vn 0.9996923 -0.0202665 -0.0143030
vn 0.2612535 -0.9363999 -0.2343113
vn 0.9999947 -0.0025484 -0.0020303
vn 0.9961762 -0.0832497 -0.0265036
vn 0.9808750 -0.1946309 -0.0017196
vn 0.9996356 -0.0269804 -0.0008552
vn 0.9998532 -0.0170459 -0.0017170
vn 0.9998377 -0.0179163 -0.0019143
vn -0.9993005 -0.0373899 -0.0006966
vn -0.9999065 0.0008677 0.0136447
vn -0.9957450 0.0216557 0.0895707
vn -0.9996830 0.0251648 0.0007621
vn -0.9423726 0.0024430 -0.3345562
vn -0.9356524 0.0090947 -0.3528057
vn -0.9416476 0.0026722 -0.3365898
vn -0.9991651 0.0404205 0.0059476
vn -0.9841048 0.0497918 -0.1704657
vn -0.9796473 0.0443899 -0.1957568
vn -0.9988802 0.0465083 0.0086757
vn -0.9731856 0.0134511 0.2296276
vn -0.8856715 0.4642925 0.0042900
vn -0.9132413 0.4026936 -0.0618727
vn -0.8848926 0.4657757 0.0042654
vn -0.9759608 0.0381309 0.2145844
vn -0.9998001 0.0007601 0.0199815
vn -0.9245637 0.3614311 -0.1206213
vn -0.9321226 0.3006906 -0.2018233
vn 0.1231170 0.0456127 -0.9913434
vn -0.0221774 0.0400089 -0.9989532
vn -0.0227531 0.0131589 -0.9996545
vn 0.1284622 0.0809689 -0.9884035
vn -0.9010436 0.0237603 0.4330773
vn 0.0283008 0.0379771 -0.9988778
vn 0.9994897 0.0070783 0.0311481
vn 0.9999655 0.0081907 0.0014057
vn 0.9962838 -0.0029082 0.0860819
vn 0.9996268 0.0150760 -0.0227806
vn 0.9999195 0.0078177 -0.0099952
vn 0.9042172 0.0232193 0.4264411
vn 0.8246159 0.0226787 0.5652383
vn 0.5656694 -0.1731969 0.8062388
vn 0.0357130 0.9990663 0.0243145
vn -0.0301500 0.9985668 0.0442186
vn -0.1793759 0.9830372 0.0382377
vn 0.4138742 -0.3022549 -0.8586909
vn 0.7652698 -0.0167080 -0.6434928
vn 0.5497271 0.1443005 -0.8227864
vn 0.7274598 -0.6582544 -0.1936580
vn 0.1509119 -0.8988798 -0.4113887
vn 0.5313164 -0.7944527 -0.2941899
vn 0.8210386 -0.5675990 0.0610496
vn 0.8210386 -0.5675990 0.0610496
vn 0.8210386 -0.5675990 0.0610496
vn -0.0045528 0.8974053 -0.4411835
vn -0.0842375 0.6948620 -0.7141924
vn 0.8044607 -0.5770995 -0.1407095
vn -0.4568974 0.8868244 0.0691904
vn 0.7319050 0.0179347 0.6811706
vn 0.2883153 -0.3618085 -0.8865488
vn -0.0719903 0.9956724 0.0587690
vn 0.2316181 0.9725499 -0.0223564
vn 0.5748134 0.8160849 -0.0599573
vn 0.0249583 0.9973736 -0.0679919
vn 0.4787737 0.1722629 -0.8608724
vn 0.9976548 -0.0009979 -0.0684396
vn 0.9917062 -0.0021271 -0.1285082
vn 0.9990232 0.0241860 -0.0369814
vn 0.9924387 -0.1217531 -0.0155429
vn 0.9924387 -0.1217531 -0.0155429
vn 0.9924387 -0.1217531 -0.0155429
vn 0.4691276 -0.3742113 0.7999282
vn 0.4832363 -0.4854684 0.7285624
vn 0.9988414 0.0386926 -0.0286133
vn 0.9537572 0.0093261 -0.3004333
vn 0.9537572 0.0093261 -0.3004333
vn 0.9537572 0.0093261 -0.3004333
vn 0.9723550 -0.0403330 -0.2299980
vn 0.9868589 -0.0228761 -0.1599566
vn 0.9958858 -0.0140346 -0.0895238
vn 0.9986544 0.0025302 0.0517985
vn 0.9995695 0.0231958 0.0179647
vn 0.9996051 -0.0154533 0.0234706
vn 0.1375278 -0.0443603 0.9895041
vn 0.7047567 0.1457946 0.6943068
vn 0.0169379 -0.0021767 0.9998542
vn 0.3530190 -0.5647183 0.7459697
vn 0.9997122 0.0001315 -0.0239906
vn 0.9997032 0.0180725 -0.0163378
vn 0.9994492 0.0330969 0.0024252
vn 0.9634303 0.0010216 -0.2679571
vn 0.9634303 0.0010216 -0.2679571
vn 0.9634303 0.0010216 -0.2679571
vn 0.9765612 0.0539232 0.2083761
vn 0.9765612 0.0539232 0.2083761
vn 0.9765612 0.0539232 0.2083761
vn 0.0452997 0.9979767 0.0446147
vn 0.1322149 0.9890529 0.0655259
vn 0.9981514 -0.0591093 0.0141386
vn 0.9981700 0.0604307 0.0021925
vn 0.0075949 0.0322437 -0.9994512
vn 0.9917255 0.1277326 0.0128419
vn 0.0486826 0.0230383 -0.9985486
vn -0.3010427 0.9530703 0.0320986
vn -0.1587734 0.9855492 0.0590241
vn -0.2153006 0.9739367 0.0713655
vn -0.1660616 -0.0888414 0.9821053
vn -0.6964241 -0.0215051 0.7173082
vn 0.0671061 -0.5635161 -0.8233750
vn 0.0671061 -0.5635161 -0.8233750
vn 0.0671061 -0.5635161 -0.8233750
vn 0.1234342 0.0024666 0.9923497
vn 0.0476927 0.0668000 0.9966259
vn 0.0542470 0.0612747 0.9966457
vn 0.2307987 0.9206681 0.3148051
vn 0.1824315 0.9824661 0.0384599
vn 0.0256977 0.9986229 -0.0457384
vn -0.0583618 -0.0823300 -0.9948948
vn 0.0017500 -0.0512099 -0.9986864
vn -0.1634094 -0.1361317 -0.9771210
vn 0.1849520 0.9825265 -0.0208441
vn 0.0114285 0.9990431 -0.0422167
vn -0.0045741 -0.0277512 -0.9996044
vn -0.1475482 -0.1581323 -0.9763318
vn -0.1455954 -0.1651067 -0.9754700
vn 0.4766853 -0.8726681 0.1059315
vn 0.2958592 -0.9515454 0.0838370
vn 0.3367312 -0.9386449 0.0745509
vn 0.1064417 0.0090569 -0.9942777
vn -0.2186489 -0.1641170 -0.9619035
vn 0.1333352 0.8301070 0.5414278
vn 0.2724884 0.8741886 0.4019258
vn -0.1624869 -0.9865853 0.0157316
vn 0.0071668 -0.0299013 -0.9995272
vn 0.4207596 -0.8563424 -0.2993978
vn 0.1955459 -0.9638813 -0.1808164
vn 0.0513855 -0.9934542 -0.1020205
vn 0.5241406 -0.7756966 -0.3515272
vn 0.0583813 -0.8915482 -0.4491475
vn 0.0583813 -0.8915482 -0.4491475
vn 0.0583813 -0.8915482 -0.4491475
vn -0.6557562 -0.7534247 -0.0483213
vn -0.9688988 0.2461238 -0.0256551
vn -0.9871313 0.1598874 -0.0028020
vn -0.9944725 0.1043382 0.0117481
vn -0.9993667 -0.0282142 -0.0216855
vn -0.9938448 -0.0713142 -0.0847750
vn -0.9999418 -0.0053472 -0.0093689
vn -0.2663978 -0.4237657 -0.8657106
vn -0.9964939 0.0817895 0.0176172
vn -0.9998378 0.0011529 0.0179745
vn 0.4625494 0.0099806 0.8865373
vn 0.4625494 0.0099806 0.8865373
vn 0.4625494 0.0099806 0.8865373
vn -0.9920164 -0.1229960 -0.0278480
vn -0.9854315 -0.1217844 -0.1187154
vn -0.9950178 -0.0710676 -0.0699213
vn -0.9999756 0.0034923 -0.0060565
vn -0.9907442 0.1335948 -0.0240493
vn -0.9858120 0.1642302 -0.0346862
vn -0.9704038 0.2341554 -0.0590566
vn -0.9792527 0.1316324 0.1540684
vn -0.9792527 0.1316324 0.1540684
vn -0.9792527 0.1316324 0.1540684
vn -0.9808409 -0.0806946 -0.1773116
vn -0.9801497 -0.1072778 -0.1667272
vn -0.8844216 -0.0041959 0.4666699
vn -0.9976722 -0.0512474 -0.0449875
vn -0.9965551 0.0014174 -0.0829215
vn -0.9955672 -0.0039722 -0.0939691
vn -0.9983400 -0.0439624 0.0372087
vn -0.9978918 -0.0625378 0.0173503
vn -0.9982869 -0.0492963 0.0315128
vn 0.7276438 -0.6650451 -0.1680763
vn -0.2859653 -0.9582212 0.0059972
vn 0.4506655 -0.8924166 -0.0222112
vn -0.9980140 -0.0243699 0.0580871
vn -0.7619670 0.6218428 0.1808806
vn -0.1816497 0.9804050 0.0762200
vn 0.1826640 0.1179703 -0.9760722
vn -0.0122989 0.1170086 0.9930547
vn -0.9142741 0.4050263 -0.0075261
vn -0.9142741 0.4050263 -0.0075261
vn -0.9142741 0.4050263 -0.0075261
vn 0.1822620 0.0046805 -0.9832389
vn -0.9582282 0.2763156 -0.0738139
vn -0.3288612 0.0368681 -0.9436583
vn -0.4295907 0.0561731 -0.9012749
vn -0.3095660 0.0332059 -0.9502980
vn 0.2477340 0.3116764 -0.9173253
vn -0.4521365 0.0605399 -0.8898919
vn 0.2601785 0.9236130 -0.2815071
vn -0.0471229 0.9821866 -0.1819036
vn 0.0959820 0.9682121 -0.2309823
vn 0.5039471 -0.8535934 -0.1319679
vn 0.5816185 -0.7861435 -0.2090414
vn 0.5046543 -0.8594020 -0.0821724
vn 0.2882617 -0.9552026 0.0670315
vn -0.0483756 -0.0010326 0.9988287
vn 0.2927299 0.0827441 0.9526083
vn 0.2537419 0.0732407 0.9644951
vn -0.3078499 -0.9508127 0.0344032
vn -0.0932385 -0.0121531 0.9955696
vn 0.1705443 -0.7344835 -0.6568475
vn -0.1050476 -0.9698079 -0.2200857
vn 0.1044195 -0.8097059 -0.5774711
vn -0.5549389 0.7010758 0.4478120
vn -0.5539482 0.7464850 0.3686481
vn -0.5543228 0.7411755 0.3786623
vn -0.0598913 -0.6160291 -0.7854433
vn 0.5582269 0.7501524 -0.3544774
vn -0.5501053 0.7768673 0.3063681
vn 0.5793896 -0.7987722 -0.1620822
vn 0.9930546 -0.1176496 -0.0010834
vn 0.9924951 -0.1130120 0.0467102
vn 0.9986791 -0.0453520 0.0241512
vn 0.9078282 0.4185645 0.0255292
vn 0.9078282 0.4185645 0.0255292
vn 0.9078282 0.4185645 0.0255292
vn 0.8929567 0.2156767 0.3951100
vn 0.8929567 0.2156767 0.3951100
vn 0.8929567 0.2156767 0.3951100
vn -0.9526839 -0.2769338 -0.1253039
vn -0.9526839 -0.2769338 -0.1253039
vn -0.9526839 -0.2769338 -0.1253039
vn 0.9995601 -0.0296159 0.0015827
vn 0.9999686 0.0069397 -0.0038131
vn 0.9986501 -0.0422229 0.0302536
vn 0.9986646 -0.0513800 -0.0053973
vn 0.9999054 -0.0018230 -0.0136360
vn 0.9998935 -0.0067530 -0.0129364
vn 0.9998681 -0.0075245 -0.0143914
vn 0.9998083 -0.0172054 -0.0093423
vn 0.9895949 0.1386206 0.0385518
vn 0.9983156 0.0579077 0.0035568
vn 0.9845146 0.1661972 0.0557632
vn 0.9998736 0.0156961 -0.0025417
vn 0.9990761 0.0409533 -0.0130304
vn 0.9907548 0.1349544 0.0138618
vn 0.9999867 -0.0050959 0.0008483
vn 0.9889100 0.1476350 0.0161548
vn -0.0389584 0.9142991 -0.4031618
vn 0.1213924 0.9910803 0.0549888
vn 0.1523529 0.0031479 -0.9883211
vn 0.1747778 0.1055942 -0.9789293
vn 0.9915018 -0.1288069 -0.0182499
vn 0.9899074 -0.1399675 -0.0221904
vn -0.8118566 -0.3230842 -0.4863183
vn -0.8118566 -0.3230842 -0.4863183
vn -0.8118566 -0.3230842 -0.4863183
vn -0.0610890 -0.7611825 0.6456542
vn -0.0633542 -0.6458829 0.7608032
vn -0.4563134 -0.3351017 0.8243088
vn 0.9801680 -0.0032639 0.1981417
vn 0.9801680 -0.0032639 0.1981417
vn 0.9801680 -0.0032639 0.1981417
vn -0.0767200 -0.7896848 0.6086970
vn -0.0188656 -0.9956962 0.0907370
vn 0.0421463 -0.9868565 0.1560064
vn 0.0193561 -0.9900935 0.1390693
vn -0.0088616 -0.1652420 -0.9862132
vn 0.0065980 -0.0768522 -0.9970207
vn 0.0168998 -0.0174305 -0.9997052
vn 0.2585075 0.0007365 0.9660090
vn 0.2585075 0.0007365 0.9660090
vn 0.2585075 0.0007365 0.9660090
vn 0.0224707 -0.9788502 0.2033404
vn -0.0415192 -0.9961819 0.0767970
vn 0.0206259 0.0041660 -0.9997786
vn -0.2058271 0.9415378 0.2667241
vn -0.2058271 0.9415378 0.2667241
vn -0.2058271 0.9415378 0.2667241
vn -0.3484050 -0.3444130 0.8717761
vn 0.9949800 0.0004555 0.1000731
vn 0.9949800 0.0004555 0.1000731
vn 0.9949800 0.0004555 0.1000731
vn 0.9951671 0.0231599 0.0954252
vn 0.9951671 0.0231599 0.0954252
vn 0.9951671 0.0231599 0.0954252
vn 0.0010142 -0.0020112 0.9999975
vn 0.0010142 -0.0020112 0.9999975
vn 0.0010142 -0.0020112 0.9999975
vn 0.0149689 -0.8803462 -0.4740955
vn 0.2683511 -0.9314352 -0.2457972
vn 0.1987539 -0.9119926 -0.3588402
vn -0.7799845 -0.1658492 0.6034221
vn 0.2558696 -0.9368854 -0.2382784
vn -0.9881911 0.0087248 0.1529777
vn -0.9881911 0.0087248 0.1529777
vn -0.9881911 0.0087248 0.1529777
vn 0.1227474 0.0013229 0.9924371
vn 0.1227474 0.0013229 0.9924371
vn 0.1227474 0.0013229 0.9924371
vn 0.1387196 -0.9730043 0.1844436
vn -0.0484633 -0.9919033 0.1173848
vn 0.2090549 -0.9554795 0.2082185
vn -0.0836947 -0.9910329 0.1041587
vn -0.2652077 -0.7684410 -0.5823773
vn -0.9974887 0.0262524 -0.0657814
vn -0.9974887 0.0262524 -0.0657814
vn -0.9953039 -0.0061478 0.0966045
vn -0.9953039 -0.0061478 0.0966045
vn -0.9953039 -0.0061478 0.0966045
vn -0.9199611 -0.3861428 -0.0675670
vn -0.8848924 -0.4215497 -0.1981448
vn -0.9096134 -0.4084921 -0.0757477
vn -0.9437467 -0.0022066 0.3306618
vn -0.9426417 -0.0017885 0.3338015
vn -0.8989406 -0.3952906 0.1888150
vn -0.8150950 -0.5476216 0.1890260
vn -0.8833996 -0.4137952 0.2199515
vn -0.8872318 -0.4295490 -0.1682482
vn -0.3020136 0.0011481 -0.9533029
vn -0.3020136 0.0011481 -0.9533029
vn -0.3020136 0.0011481 -0.9533029
vn -0.9147768 0.0076834 0.4038866
vn -0.8619192 -0.3944487 -0.3185992
vn -0.9986116 -0.0023562 -0.0526236
vn -0.9986116 -0.0023562 -0.0526236
vn -0.9986116 -0.0023562 -0.0526236
vn -0.8342464 -0.2047278 0.5119760
vn -0.9472189 0.2898853 0.1369042
vn -0.9472189 0.2898853 0.1369042
vn -0.9472189 0.2898853 0.1369042
vn -0.9995817 -0.0065141 0.0281779
vn -0.9995817 -0.0065141 0.0281779
vn -0.9995817 -0.0065141 0.0281779
vn -0.8111054 -0.5445394 0.2135060
vn -0.9909492 0.0119915 -0.1337006
vn -0.9951429 0.0076412 -0.0981435
vn -0.9931407 0.0103537 -0.1164664
vn -0.8853792 -0.4640547 0.0275126
vn -0.8963340 -0.4401979 -0.0530202
vn -0.8894886 -0.4566980 0.0153917
vn -0.6306005 -0.7683674 0.1093369
vn -0.8698262 -0.4905577 -0.0524942
vn 0.8388249 0.5441064 -0.0179199
vn 0.8388249 0.5441064 -0.0179199
vn 0.8388249 0.5441064 -0.0179199
vn -0.0501789 0.0020340 0.9987382
vn -0.0501789 0.0020340 0.9987382
vn -0.9980827 0.0049493 -0.0616962
vn -0.9989902 0.0009040 -0.0449187
vn 0.9103948 0.0535595 -0.4102592
vn 0.9103948 0.0535595 -0.4102592
vn 0.9103948 0.0535595 -0.4102592
vn -0.4330238 -0.8998793 0.0520343
vn -0.8170512 -0.5662572 0.1085367
vn -0.7711636 -0.6284808 0.1015806
vn -0.1063915 -0.9943079 0.0057091
vn 0.9981059 -0.0006346 -0.0615159
vn 0.9981059 -0.0006346 -0.0615159
vn 0.9981059 -0.0006346 -0.0615159
vn 0.9150352 0.0024750 -0.4033663
vn 0.9150352 0.0024750 -0.4033663
vn 0.9150352 0.0024750 -0.4033663
vn -0.9974887 0.0262524 -0.0657814
vn -0.9223338 0.0052887 0.3863578
vn -0.0501789 0.0020340 0.9987382
vn -0.9632531 -0.0028215 0.2685807
vn -0.9502555 -0.0038543 0.3114478
vn -0.9687401 -0.0023298 0.2480668
vn -0.9723769 -0.0019795 0.2334078
vn -0.2682209 0.0015832 0.9633561
vn -0.2682209 0.0015832 0.9633561
vn -0.2682209 0.0015832 0.9633561
vn 0.9949605 0.0004213 0.1002663
vn 0.9949605 0.0004213 0.1002663
vn 0.9949605 0.0004213 0.1002663
vn 0.3611304 -0.0105672 0.9324555
vn 0.4390936 0.0018684 0.8984394
vn 0.4677368 0.0031621 0.8838622
vn 0.4559195 -0.0091290 0.8899742
vn 0.4562811 -0.0054444 0.8898190
vn 0.3571762 -0.0111038 0.9339710
vn -0.9581739 0.0018303 0.2861806
vn -0.9581739 0.0018303 0.2861806
vn -0.9581739 0.0018303 0.2861806
vn -0.9991144 0.0077372 0.0413579
vn -0.9995650 0.0027097 0.0293664
vn -0.9947360 -0.0012352 0.1024639
vn -0.9996892 0.0001348 0.0249316
vn -0.9999981 -0.0006908 0.0018029
vn -0.9999977 -0.0020582 -0.0005414
vn -0.9999199 -0.0011151 0.0126112
vn -0.9999296 -0.0011916 0.0118091
vn -0.5030530 -0.0003658 0.8642555
vn -0.7427729 -0.0037459 0.6695330
vn -0.7621818 -0.0031557 0.6473554
vn -0.9818850 -0.0021572 0.1894654
vn -0.2204750 -0.0145042 0.9752848
vn -0.9957115 -0.0066556 -0.0922729
vn -0.9972003 -0.0088185 -0.0742554
vn -0.9968502 -0.0004830 -0.0793061
vn -0.4503787 -0.0041555 0.8928280
vn -0.5040678 -0.0001852 0.8636641
vn -0.9988855 0.0002131 -0.0471982
vn -0.9994699 0.0002089 -0.0325572
vn -0.9072872 -0.0019188 0.4205071
vn -0.9072872 -0.0019188 0.4205071
vn -0.9072872 -0.0019188 0.4205071
vn 0.9960316 -0.0044266 -0.0888900
vn 0.9966071 0.0317986 -0.0759152
vn 0.9965675 0.0185265 -0.0806839
vn 0.5381325 0.0017313 0.8428584
vn 0.5381325 0.0017313 0.8428584
vn 0.5381325 0.0017313 0.8428584
vn 0.9962359 0.0537908 -0.0679751
vn 0.9999612 -0.0007089 0.0087805
vn 0.9999612 -0.0007089 0.0087805
vn 0.9999612 -0.0007089 0.0087805
vn 0.4554172 -0.0046231 0.8902661
vn -0.9678970 -0.0069087 0.2512524
vn -0.9661293 -0.0059222 0.2579905
vn -0.9658539 -0.0099775 0.2588953
vn -0.0129310 -0.0105885 0.9998603
vn 0.0238969 -0.0505531 0.9984354
vn 0.0251871 -0.0307772 0.9992089
vn -0.9698833 -0.0011137 0.2435675
vn 0.9768084 -0.0000102 -0.2141155
vn 0.9788458 0.0015863 -0.2045932
vn 0.9769198 0.0000752 -0.2136063
vn -0.9704023 0.0006493 0.2414932
vn 0.9789717 0.0016875 -0.2039891
vn 0.0207664 -0.0322131 0.9992653
vn 0.0241813 0.0049124 0.9996955
vn -0.0333650 -0.0012452 -0.9994425
vn -0.1279958 -0.0044432 -0.9917648
vn -0.1213330 -0.0049057 -0.9925997
vn -0.0345360 -0.0001792 -0.9994034
vn 0.0089184 -0.0130201 -0.9998755
vn 0.0794964 -0.9924211 -0.0937054
vn -0.0164059 -0.9685934 -0.2481082
vn 0.0679880 -0.9897787 -0.1253628
vn 0.1694992 -0.9853651 0.0180435
vn -0.0222340 -0.9642553 -0.2640406
vn -0.0869771 -0.9364332 -0.3398938
vn -0.9707039 -0.0018319 -0.2402719
vn -0.9677126 -0.0029907 -0.2520383
vn -0.9729491 -0.0009227 -0.2310178
vn 0.0317782 0.9892471 -0.1427598
vn 0.0317782 0.9892471 -0.1427598
vn 0.0317782 0.9892471 -0.1427598
vn 0.0378373 -0.9728931 0.2281388
vn 0.0787953 -0.9780059 0.1931211
vn 0.1027542 -0.9796738 0.1722811
vn -0.0346744 -0.9569205 0.2882720
vn -0.0386469 -0.1260613 -0.9912694
vn -0.0085203 -0.0313393 -0.9994725
vn -0.0038721 -0.0167207 -0.9998527
vn -0.9772166 -0.0381375 -0.2087899
vn -0.9772166 -0.0381375 -0.2087899
vn -0.9772166 -0.0381375 -0.2087899
vn 0.8131813 -0.2210881 0.5383830
vn 0.8131813 -0.2210881 0.5383830
vn 0.8131813 -0.2210881 0.5383830
vn -0.0433219 0.0230748 0.9987947
vn 0.9720872 0.0026161 0.2346053
vn 0.9720872 0.0026161 0.2346053
vn 0.9720872 0.0026161 0.2346053
vn 0.8915352 -0.4273917 0.1500046
vn 0.8915352 -0.4273917 0.1500046
vn 0.8915352 -0.4273917 0.1500046
vn 0.2521329 0.0019204 0.9676907
vn 0.2492553 0.0017846 0.9684362
vn 0.0371288 -0.0079907 0.9992785
vn 0.0331111 -0.0081716 0.9994183
vn -0.9739152 -0.0010859 0.2269098
vn -0.9739152 -0.0010859 0.2269098
vn -0.9739152 -0.0010859 0.2269098
vn -0.0542501 0.9949508 -0.0844385
vn -0.0842310 0.9954138 0.0453483
vn -0.0596831 0.9963312 -0.0613356
vn -0.0249950 0.9782604 -0.2058684
vn 0.9683293 -0.0098499 0.2494821
vn 0.9683293 -0.0098499 0.2494821
vn 0.9683293 -0.0098499 0.2494821
vn 0.0055187 0.0128166 -0.9999026
vn -0.9717405 -0.0014166 -0.2360475
vn -0.9441883 -0.0380332 -0.3272032
vn -0.9441883 -0.0380332 -0.3272032
vn -0.9441883 -0.0380332 -0.3272032
vn 0.8870227 -0.0092233 0.4616337
vn 0.8870227 -0.0092233 0.4616337
vn 0.8870227 -0.0092233 0.4616337
vn -0.0605879 -0.0003586 -0.9981628
vn -0.0605879 -0.0003586 -0.9981628
vn -0.0605879 -0.0003586 -0.9981628
vn -0.8495559 0.0008526 0.5274978
vn -0.8495559 0.0008526 0.5274978
vn 0.9810452 -0.0054166 0.1937033
vn 0.9810452 -0.0054166 0.1937033
vn 0.9810452 -0.0054166 0.1937033
vn -0.9679979 0.0052336 -0.2509038
vn -0.9679979 0.0052336 -0.2509038
vn -0.9679979 0.0052336 -0.2509038
vn 0.9679160 0.0000613 0.2512740
vn 0.9679160 0.0000613 0.2512740
vn 0.9679160 0.0000613 0.2512740
vn 0.0259817 0.0000389 0.9996624
vn 0.0217428 -0.0000455 0.9997636
vn 0.0217704 -0.0000450 0.9997630
vn 0.0260189 0.0000397 0.9996615
vn -0.0141759 0.0007773 -0.9998992
vn -0.0141759 0.0007773 -0.9998992
vn -0.9725145 -0.0000050 0.2328422
vn -0.9725145 -0.0000050 0.2328422
vn -0.9725145 -0.0000050 0.2328422
vn 0.9935653 0.0002210 0.1132602
vn 0.9935653 0.0002210 0.1132602
vn 0.9935653 0.0002210 0.1132602
vn 0.7425694 0.0050794 0.6697499
vn 0.9187384 0.0300035 0.3937251
vn 0.9147966 0.0399255 0.4019367
vn 0.7526569 -0.0001458 0.6584129
vn 0.5653144 0.0010229 0.8248749
vn 0.5613976 0.0008432 0.8275458
vn 0.4732736 0.0024115 0.8809122
vn 0.5382122 -0.0001242 0.8428094
vn 0.2013004 -0.0136424 0.9794346
vn 0.5191335 0.0046535 0.8546805
vn 0.9876674 -0.0090199 -0.1563064
vn 0.9876674 -0.0090199 -0.1563064
vn 0.9876674 -0.0090199 -0.1563064
vn -0.9981682 0.0019527 0.0604677
vn -0.9985951 0.0076391 0.0524347
vn -0.9993319 -0.0070331 0.0358648
vn -0.9993933 -0.0202476 0.0283400
vn -0.9995558 0.0086985 0.0285058
vn -0.9995558 0.0086985 0.0285058
vn -0.9995558 0.0086985 0.0285058
vn -0.9997298 0.0015290 0.0231954
vn -0.9998316 0.0040196 0.0179058
vn -0.9996857 0.0003958 0.0250673
vn -0.9992381 -0.0008086 0.0390196
vn -0.9991732 -0.0011876 0.0406394
vn -0.9999243 -0.0032626 0.0118624
vn -0.9998499 -0.0023744 0.0171632
vn 0.9877179 0.0597691 0.1443644
vn 0.9877179 0.0597691 0.1443644
vn 0.9877179 0.0597691 0.1443644
vn -0.6678461 -0.0083008 0.7442531
vn -0.6653816 -0.0076300 0.7464644
vn -0.6345333 -0.0030088 0.7728897
vn -0.9999755 0.0000500 -0.0070056
vn -0.9999755 0.0000500 -0.0070056
vn -0.9999755 0.0000500 -0.0070056
vn -0.0898919 0.0005639 -0.9959514
vn -0.0898919 0.0005639 -0.9959514
vn -0.0898919 0.0005639 -0.9959514
vn 0.9999985 0.0001215 0.0017118
vn 0.9999985 0.0001215 0.0017118
vn 0.9999985 0.0001215 0.0017118
vn -0.9998189 -0.0003545 0.0190264
vn -0.9998189 -0.0003545 0.0190264
vn -0.9998189 -0.0003545 0.0190264
vn -0.8961746 0.0803497 0.4363656
vn -0.8961746 0.0803497 0.4363656
vn -0.8961746 0.0803497 0.4363656
vn -0.9998883 0.0031045 0.0146221
vn -0.9998883 0.0031045 0.0146221
vn -0.9998883 0.0031045 0.0146221
vn -0.6270845 0.0005062 0.7789511
vn -0.3376473 0.0108877 0.9412097
vn -0.3318327 0.0115954 0.9432670
vn -0.4659122 0.0026276 0.8848270
vn -0.9313205 0.0008135 -0.3641997
vn -0.9313205 0.0008135 -0.3641997
vn -0.9313205 0.0008135 -0.3641997
vn -0.5027743 0.0001585 0.8644177
vn -0.9794881 0.0165584 -0.2008207
vn -0.9927285 -0.0007200 -0.1203729
vn -0.9977869 0.0029596 -0.0664275
vn -0.9252159 0.0098431 -0.3793133
vn -0.9252159 0.0098431 -0.3793133
vn -0.9252159 0.0098431 -0.3793133
vn -0.9844242 0.0061683 -0.1757016
vn -0.9091726 -0.0010831 0.4164180
vn -0.9211127 -0.0021073 0.3892904
vn -0.9151010 -0.0015832 0.4032216
vn -0.9974953 0.0008738 -0.0707274
vn -0.9854520 0.0005745 -0.1699529
vn -0.9835773 0.0194907 -0.1794321
vn -0.9987627 -0.0022335 0.0496790
vn -0.9995223 -0.0079390 -0.0298703
vn -0.9994426 0.0000284 0.0333842
vn -0.9981509 0.0008615 0.0607788
vn -0.9986732 0.0005790 0.0514918
vn -0.9995333 0.0082907 0.0294026
vn -0.9995333 0.0082907 0.0294026
vn -0.9995333 0.0082907 0.0294026
vn -0.1085317 -0.1237640 -0.9863586
vn -0.1085317 -0.1237640 -0.9863586
vn -0.1085317 -0.1237640 -0.9863586
vn -0.9999994 -0.0009658 0.0004521
vn -0.9999994 -0.0008240 0.0007851
vn -0.9999965 -0.0000350 0.0026381
vn -0.9999956 0.0001086 0.0029755
vn -0.9999896 -0.0008496 0.0044852
vn -0.8954020 0.0000223 0.4452587
vn 0.9998323 0.0076668 -0.0166324
vn 0.9999971 0.0008939 -0.0022279
vn 0.9994845 0.0136643 -0.0290532
vn -0.9990402 0.0193401 -0.0393010
vn -0.9990402 0.0193401 -0.0393010
vn -0.9990402 0.0193401 -0.0393010
vn 0.9999558 -0.0000677 0.0094014
vn 0.9999527 -0.0000317 0.0097227
vn 0.9763982 -0.0056038 -0.2159052
vn 0.9763982 -0.0056038 -0.2159052
vn 0.9763982 -0.0056038 -0.2159052
vn 0.9931241 -0.0000910 -0.1170665
vn 0.9931241 -0.0000910 -0.1170665
vn 0.9931241 -0.0000910 -0.1170665
vn 0.9371584 0.0000510 0.3489042
vn 0.9371584 0.0000510 0.3489042
vn 0.9371584 0.0000510 0.3489042
vn 0.9413465 0.0000143 0.3374414
vn 0.9413465 0.0000143 0.3374414
vn 0.9413465 0.0000143 0.3374414
vn 0.9269502 0.0013086 -0.3751820
vn 0.9271143 0.0013369 -0.3747764
vn 0.9264775 0.0012271 -0.3763481
vn 0.9264474 0.0012219 -0.3764223
vn 0.9832525 0.0005944 0.1822473
vn 0.9832525 0.0005944 0.1822473
vn 0.9832525 0.0005944 0.1822473
vn 0.9228813 -0.0005611 -0.3850843
vn 0.9228813 -0.0005611 -0.3850843
vn 0.9228813 -0.0005611 -0.3850843
vn 0.9319576 -0.0000446 0.3625672
vn 0.9319576 -0.0000446 0.3625672
vn 0.9999899 0.0000179 0.0044881
vn 0.9999899 0.0000179 0.0044881
vn 0.9999899 0.0000179 0.0044881
vn 0.9999600 0.0002068 -0.0089376
vn 0.9999600 0.0002068 -0.0089376
vn 0.9999600 0.0002068 -0.0089376
vn 0.9999905 -0.0021179 0.0038109
vn 0.9999905 -0.0021179 0.0038109
vn 0.9999905 -0.0021179 0.0038109
vn -0.8495559 0.0008526 0.5274978
vn -0.0141759 0.0007773 -0.9998992
vn 0.9319576 -0.0000446 0.3625672
vn 0.1210385 -0.9761369 0.1802952
vn 0.0782845 -0.9904733 0.1132882
vn 0.1647255 -0.9544366 0.2488297
vn 0.0542280 -0.9956617 0.0756118
vn -0.0552943 0.0334684 -0.9979090
vn -0.0723404 0.0495713 -0.9961474
vn 0.0009353 -0.0115035 -0.9999334
vn -0.9682008 -0.0002962 0.2501744
vn -0.9732954 -0.0031945 0.2295340
vn -0.9674139 0.0014315 0.2531963
vn -0.9616709 0.0054308 0.2741523
vn -0.9679855 -0.0002183 0.2510059
vn -0.9681315 -0.1854474 0.1683170
vn -0.9681315 -0.1854474 0.1683170
vn -0.9681315 -0.1854474 0.1683170
vn 0.0273821 0.0122742 0.9995497
vn 0.0240449 0.0105295 0.9996554
vn 0.0073991 0.0018275 0.9999710
vn -0.1061753 -0.9038238 -0.4145230
vn 0.4173727 -0.8845998 -0.2080462
vn -0.0538627 -0.9728585 -0.2250449
vn 0.0414860 -0.9926330 -0.1138358
vn -0.0275880 -0.9932874 -0.1123349
vn -0.0190929 -0.0001552 -0.9998177
vn -0.0190929 -0.0001552 -0.9998177
vn -0.0190929 -0.0001552 -0.9998177
vn 0.0044341 0.0002775 0.9999901
vn -0.0456599 -0.8403319 -0.5401458
vn -0.0032169 -0.0091945 -0.9999526
vn 0.0143030 -0.0119446 -0.9998264
vn -0.9669893 0.0002219 -0.2548167
vn -0.9669893 0.0002219 -0.2548167
vn -0.9669893 0.0002219 -0.2548167
vn 0.8425941 -0.5307032 0.0915933
vn 0.1654014 0.0019298 0.9862244
vn 0.1635789 0.0020855 0.9865280
vn 0.2251941 -0.0032097 0.9743086
vn 0.9796494 -0.0050413 0.2006533
vn 0.9733456 -0.0004131 0.2293430
vn 0.9788527 -0.0042992 0.2045213
vn 0.9724062 0.0011215 0.2332917
vn 0.2286714 -0.0035105 0.9734973
vn 0.0196979 -0.9978145 0.0630725
vn 0.0196979 -0.9978145 0.0630725
vn 0.0196979 -0.9978145 0.0630725
vn -0.0054743 0.0063977 0.9999646
vn -0.0137231 -0.0044581 0.9998959
vn -0.0054641 0.0055604 0.9999696
vn -0.9716650 -0.0000550 0.2363624
vn -0.9716650 -0.0000550 0.2363624
vn -0.9716650 -0.0000550 0.2363624
vn -0.0011320 -0.0014442 -0.9999983
vn -0.2021627 -0.0065468 0.9793301
vn -0.2448434 -0.0005410 0.9695625
vn -0.2446616 -0.0005219 0.9696084
vn -0.0404599 -0.0206543 0.9989677
vn 0.9642581 0.0010749 -0.2649627
vn 0.9642581 0.0010749 -0.2649627
vn 0.9642581 0.0010749 -0.2649627
vn -0.0614778 -0.9713016 -0.2297687
vn -0.1628478 -0.9660802 -0.2004235
vn -0.1422614 -0.9713725 -0.1902556
vn 0.1415351 -0.0007683 -0.9899329
vn 0.1611025 0.0031823 -0.9869326
vn -0.0284869 -0.0235324 -0.9993171
vn -0.0022578 -0.9292755 -0.3693804
vn -0.0396396 -0.9857685 -0.1633683
vn 0.1401933 -0.0010388 -0.9901236
vn -0.9688393 -0.0053284 -0.2476328
vn -0.9640701 -0.0184360 -0.2650073
vn 0.9677781 -0.0000345 0.2518046
vn 0.9677662 -0.0000371 0.2518502
vn 0.9677960 -0.0000306 0.2517357
vn 0.9677657 -0.0000372 0.2518524
vn 0.7302779 -0.1894450 -0.6563572
vn 0.7302779 -0.1894450 -0.6563572
vn 0.7302779 -0.1894450 -0.6563572
vn -0.9722080 0.0048425 -0.2340687
vn -0.2101779 -0.0057750 -0.9776461
vn -0.2079059 -0.0056714 -0.9781324
vn -0.1533147 0.0037352 0.9881704
vn -0.3971050 0.0000833 0.9177732
vn 0.2183930 -0.0000480 0.9758609
vn -0.0283662 -0.0404267 -0.9987798
vn -0.1934537 0.0039426 0.9811015
vn 0.0025428 -0.9702385 0.2421379
vn 0.0101227 -0.9815065 0.1911612
vn 0.0016073 -0.9686614 0.2483797
vn -0.0015764 -0.9629883 0.2695385
vn -0.8273474 -0.0077487 0.5616371
vn -0.8396410 -0.0072683 0.5430931
vn -0.8203551 -0.0080134 0.5717983
vn -0.8207834 0.0001446 0.5712395
vn 0.8200734 0.0053319 -0.5722335
vn 0.8200734 0.0053319 -0.5722335
vn 0.8200734 0.0053319 -0.5722335
vn -0.8177242 -0.0081115 0.5755531
vn 0.9770829 -0.0014416 -0.2128542
vn 0.9776653 -0.0015700 -0.2101622
vn 0.9796860 -0.0008531 -0.2005359
vn 0.0164096 0.9857792 -0.1672429
vn 0.0164096 0.9857792 -0.1672429
vn 0.0164096 0.9857792 -0.1672429
vn 0.0274258 -0.0923816 -0.9953459
vn 0.9770624 -0.0013904 -0.2129487
vn 0.9823702 0.0001294 -0.1869461
vn 0.0853248 0.0009503 -0.9963527
vn 0.0551391 0.0000272 -0.9984787
vn 0.0547683 0.0000112 -0.9984991
vn 0.3512987 -0.0081402 -0.9362280
vn 0.3453452 -0.0079607 -0.9384420
vn 0.0596968 -0.0002227 -0.9982165
vn 0.1321087 -0.0056649 -0.9912190
vn -0.0711162 -0.9974665 0.0017367
vn 0.0203059 -0.9758908 -0.2173125
vn 0.0476889 -0.9956950 -0.0794809
vn 0.0289064 0.0014407 -0.9995811
vn -0.0184205 -0.9515850 -0.3068334
vn -0.1281692 -0.8987641 -0.4192800
vn -0.0052668 -0.4050570 -0.9142763
vn -0.9751257 0.0032545 -0.2216288
vn -0.9672542 -0.0025509 -0.2537969
vn -0.9693586 -0.0005526 -0.2456492
vn -0.9720072 0.0004756 -0.2349504
vn -0.9695658 -0.0023458 -0.2448196
vn -0.9098030 -0.0136081 -0.4148172
vn 0.9643149 -0.0005106 0.2647575
vn 0.9643149 -0.0005106 0.2647575
vn 0.9643149 -0.0005106 0.2647575
vn 0.9690134 -0.1384312 0.2045724
vn 0.9690134 -0.1384312 0.2045724
vn 0.9690134 -0.1384312 0.2045724
vn -0.9596387 -0.1821214 -0.2143021
vn -0.9596387 -0.1821214 -0.2143021
vn -0.9596387 -0.1821214 -0.2143021
vn -0.0173744 -0.9945847 0.1024666
vn -0.0334660 -0.9949748 0.0943676
vn -0.0034529 -0.9939869 0.1094442
vn -0.0384959 -0.9950304 0.0918286
vn 0.0023091 0.0021881 0.9999949
vn 0.0023091 0.0021881 0.9999949
vn 0.0023091 0.0021881 0.9999949
vn -0.9665460 0.0004515 0.2564928
vn -0.9665460 0.0004515 0.2564928
vn -0.9665460 0.0004515 0.2564928
vn -0.9661754 -0.0139858 0.2575064
vn -0.9661754 -0.0139858 0.2575064
vn -0.9661754 -0.0139858 0.2575064
vn 0.9815000 0.0178380 -0.1906295
vn 0.9815000 0.0178380 -0.1906295
vn 0.9815000 0.0178380 -0.1906295
vn -0.1731006 -0.7654165 0.6198175
vn -0.1731006 -0.7654165 0.6198175
vn -0.1731006 -0.7654165 0.6198175
vn 0.6078895 0.0084505 -0.7939767
vn 0.6078895 0.0084505 -0.7939767
vn 0.6078895 0.0084505 -0.7939767
vn 0.9711305 -0.0020755 -0.2385399
vn 0.9711305 -0.0020755 -0.2385399
vn 0.9711305 -0.0020755 -0.2385399
vn -0.0006421 -0.0020324 -0.9999977
vn -0.0006421 -0.0020324 -0.9999977
vn -0.0006421 -0.0020324 -0.9999977
vn 0.1219180 -0.0061434 0.9925212
vn 0.1219180 -0.0061434 0.9925212
vn 0.1219180 -0.0061434 0.9925212
vn 0.0522628 0.0561785 -0.9970519
vn 0.9731682 -0.0003839 0.2300947
vn 0.1584672 0.0026495 -0.9873607
vn -0.9658471 -0.0137049 -0.2587499
vn -0.9115646 -0.0133046 -0.4109415
vn -0.9999917 0.0007039 -0.0040233
vn -0.9999917 0.0007039 -0.0040233
vn -0.9999917 0.0007039 -0.0040233
vn -0.9999748 -0.0002916 0.0070976
vn -0.9999748 -0.0002916 0.0070976
vn -0.9999748 -0.0002916 0.0070976
vn -0.9958584 0.0054862 -0.0907517
vn -0.9958584 0.0054862 -0.0907517
vn -0.9958584 0.0054862 -0.0907517
vn -0.9739588 0.0003530 0.2267248
vn -0.9754492 -0.0036428 0.2201943
vn -0.9718231 -0.0031741 0.2356900
vn -0.9914818 0.0005401 0.1302442
vn -0.9914818 0.0005401 0.1302442
vn -0.9914818 0.0005401 0.1302442
vn -0.9596453 -0.0009165 0.2812116
vn 0.9827312 0.0145677 -0.1844646
vn 0.9827312 0.0145677 -0.1844646
vn 0.9827312 0.0145677 -0.1844646
vn -0.7041445 -0.0028313 -0.7100510
vn -0.7669601 0.0027172 -0.6416890
vn -0.7573655 0.0018319 -0.6529886
vn -0.9886192 0.0025253 0.1504183
vn -0.7028818 -0.0029374 -0.7113006
vn 0.9826770 -0.0627290 0.1743874
vn 0.9826770 -0.0627290 0.1743874
vn 0.9826770 -0.0627290 0.1743874
vn -0.9018889 0.0107712 -0.4318337
vn -0.9018889 0.0107712 -0.4318337
vn -0.9018889 0.0107712 -0.4318337
vn -0.9311965 0.0018691 0.3645129
vn -0.9311965 0.0018691 0.3645129
vn -0.9311965 0.0018691 0.3645129
vn -0.9760107 -0.0004293 -0.2177223
vn -0.9760107 -0.0004293 -0.2177223
vn -0.9760107 -0.0004293 -0.2177223
vn -0.9999063 -0.0130749 0.0040522
vn -0.9999063 -0.0130749 0.0040522
vn -0.9999063 -0.0130749 0.0040522
vn 0.9976654 -0.0001823 0.0682911
vn 0.9976465 -0.0002397 0.0685663
vn 0.9975252 -0.0006024 0.0703072
vn 0.9786882 0.0005753 -0.2053510
vn 0.9786882 0.0005753 -0.2053510
vn 0.9786882 0.0005753 -0.2053510
vn 0.3145295 -0.0073877 -0.9492189
vn 0.4197769 -0.0143902 -0.9075132
vn 0.3186074 -0.0002235 -0.9478867
vn 0.9975143 -0.0006345 0.0704615
vn 0.8827380 -0.0293679 -0.4689468
vn 0.9219408 -0.0025624 -0.3873224
vn 0.9259043 0.0012545 -0.3777560
vn 0.9214148 -0.0000174 -0.3885805
vn 0.8626773 0.0076602 0.5056968
vn 0.9389153 0.0009248 0.3441471
vn 0.9384368 0.0020094 0.3454451
vn 0.9395526 0.0006115 0.3424041
vn 0.9537822 -0.0024023 0.3004892
vn 0.9537822 -0.0024023 0.3004892
vn 0.9537822 -0.0024023 0.3004892
vn 0.9212509 0.0000247 -0.3889689
vn 0.3100215 -0.0070589 -0.9507033
vn 0.8201856 0.0121537 0.5719684
vn 0.9167458 0.0004988 0.3994707
vn 0.9999975 -0.0016149 0.0015203
vn 0.9999961 -0.0017428 0.0021928
vn 0.9999946 -0.0007183 -0.0031920
vn 0.9999933 -0.0006425 -0.0035905
vn 0.9999946 0.0017591 -0.0027731
vn 0.9993665 -0.0087449 -0.0344993
vn 0.9999929 -0.0010914 -0.0036054
vn 0.9999946 0.0031785 -0.0008681
vn 0.9999884 0.0008328 -0.0047378
vn 1.0000000 -0.0002061 -0.0001181
vn -0.9995772 -0.0012865 0.0290484
vn -0.9999678 0.0010698 0.0079541
vn -0.9980196 -0.0005645 -0.0629014
vn -0.9891093 -0.0161990 0.1462887
vn -0.9997313 -0.0009539 0.0231601
vn -0.9999221 0.0012000 0.0124269
vn -0.9705547 -0.0042624 -0.2408432
vn -0.9880964 -0.0086871 -0.1535907
vn -0.9929434 -0.0024879 -0.1185627
vn -0.9849050 -0.0022618 -0.1730812
vn -0.9620796 0.0021427 -0.2727606
vn -0.9794070 -0.0000337 0.2018959
vn -0.9794070 -0.0000337 0.2018959
vn -0.9794070 -0.0000337 0.2018959
vn -0.9135341 0.0066615 -0.4067076
vn -0.9953298 -0.0245112 0.0933693
vn -0.9097019 0.0033763 0.4152482
vn -0.9106117 0.0032486 0.4132502
vn -0.9241669 0.0012654 0.3819869
vn -0.9113668 0.0071073 -0.4115339
vn -0.9341849 -0.0003140 0.3567892
vn -0.9496741 -0.0087817 -0.3131165
vn -0.9405149 0.0008758 -0.3397514
vn -0.9405149 0.0008758 -0.3397514
vn -0.9405149 0.0008758 -0.3397514
vn -0.9991923 -0.0305705 0.0260812
vn -0.9968084 -0.0116373 -0.0789784
vn -0.9996529 0.0007981 0.0263349
vn 0.9425553 -0.0000921 0.3340501
vn 0.9425553 -0.0000921 0.3340501
vn 0.9425553 -0.0000921 0.3340501
vn 0.9267059 -0.0018048 -0.3757831
vn 0.9502411 0.0026659 -0.3115039
vn 0.9290453 0.0048092 -0.3699346
vn 0.9999518 0.0009324 0.0097687
vn 0.9999468 0.0009523 0.0102684
vn 0.9998146 -0.0002208 -0.0192521
vn 0.9999972 -0.0007178 -0.0022349
vn 0.9999972 -0.0007178 -0.0022349
vn 0.9999972 -0.0007178 -0.0022349
vn 0.9857754 0.0115166 0.1676731
vn 0.9857754 0.0115166 0.1676731
vn 0.9857754 0.0115166 0.1676731
vn 0.9857028 0.0054088 0.1684065
vn 0.9998025 -0.0002454 -0.0198706
vn 0.9558585 0.0008039 0.2938263
vn -0.9858142 -0.0208880 -0.1665353
vn -0.9858142 -0.0208880 -0.1665353
vn -0.9858142 -0.0208880 -0.1665353
vn 0.9999950 0.0029925 0.0010471
vn 0.9997342 0.0027832 -0.0228869
vn 0.9431782 0.0002640 -0.3322871
vn 0.9431782 0.0002640 -0.3322871
vn 0.9431782 0.0002640 -0.3322871
vn 0.9558585 0.0008039 0.2938263
vn 0.9558585 0.0008039 0.2938263
vn 0.9273672 -0.0021200 -0.3741465
vn 0.8963847 0.0070187 -0.4432214
vn 0.9999758 0.0007622 -0.0069179
vn 0.9999985 -0.0000315 -0.0017301
vn 0.9999985 -0.0000315 -0.0017301
vn 0.9857028 0.0054088 0.1684065
vn 0.9857028 0.0054088 0.1684065
vn 0.9999723 0.0009754 -0.0073752
vn 0.9934791 0.0005645 -0.1140126
vn 0.9999985 -0.0000315 -0.0017301
vn 0.0044667 -0.0001888 0.9999900
vn 0.0044667 -0.0001888 0.9999900
vn 0.0044667 -0.0001888 0.9999900
vn -0.9628004 0.0118743 0.2699526
vn -0.9628004 0.0118743 0.2699526
vn 0.0954550 -0.0011880 0.9954330
vn 0.0954550 -0.0011880 0.9954330
vn 0.0954550 -0.0011880 0.9954330
vn 0.9630211 -0.0008634 0.2694247
vn 0.9630211 -0.0008634 0.2694247
vn 0.9630211 -0.0008634 0.2694247
vn -0.9726684 0.0001013 0.2321986
vn -0.9726684 0.0001013 0.2321986
vn -0.9726684 0.0001013 0.2321986
vn 0.2630568 -0.0014247 0.9647793
vn 0.2630568 -0.0014247 0.9647793
vn 0.2630568 -0.0014247 0.9647793
vn 0.9889368 -0.0087239 -0.1480807
vn 0.9889368 -0.0087239 -0.1480807
vn 0.9889368 -0.0087239 -0.1480807
vn 0.9940608 0.0007649 0.1088236
vn 0.9940608 0.0007649 0.1088236
vn 0.9940608 0.0007649 0.1088236
vn 0.4484738 -0.0048291 0.8937829
vn 0.4515313 -0.0041589 0.8922456
vn 0.4944788 0.0053902 0.8691730
vn 0.4970729 0.0059754 0.8676882
vn -0.9811658 0.0001313 -0.1931676
vn -0.9811658 0.0001313 -0.1931676
vn -0.9811658 0.0001313 -0.1931676
vn -0.9999933 0.0026931 0.0024704
vn -0.9999933 0.0029385 0.0022012
vn -0.9999928 0.0019918 0.0032398
vn -0.9999923 0.0017431 0.0035126
vn -0.9999487 0.0002225 0.0101233
vn -0.9988016 -0.0033854 0.0488261
vn -0.9991298 -0.0007186 0.0417021
vn -0.9999278 0.0007872 0.0119907
vn -0.9999278 0.0007872 0.0119907
vn -0.9999278 0.0007872 0.0119907
vn -0.9779608 -0.0084683 0.2086169
vn -0.9999825 0.0001142 -0.0059175
vn -0.9999825 0.0001142 -0.0059175
vn -0.9999825 0.0001142 -0.0059175
vn -0.9652892 0.0002620 -0.2611831
vn -0.9804573 -0.0037246 -0.1966970
vn -0.9658386 0.0001349 -0.2591445
vn -0.9997758 0.0005617 0.0211679
vn -0.9967470 -0.0017475 0.0805751
vn -0.9966798 -0.0017797 0.0814017
vn -0.9998241 0.0006558 0.0187429
vn -0.9563853 -0.0057197 0.2920523
vn -0.9543333 -0.0076508 0.2986460
vn -0.7831386 -0.2442723 -0.5718610
vn -0.7831386 -0.2442723 -0.5718610
vn -0.7831386 -0.2442723 -0.5718610
vn -0.6217146 0.0080917 0.7832020
vn -0.6217146 0.0080917 0.7832020
vn -0.6217146 0.0080917 0.7832020
vn -0.8684544 -0.0991486 -0.4857535
vn -0.8684544 -0.0991486 -0.4857535
vn -0.8684544 -0.0991486 -0.4857535
vn -0.8790974 0.0167869 0.4763464
vn -0.8790974 0.0167869 0.4763464
vn -0.8790974 0.0167869 0.4763464
vn -0.9082822 0.0023989 0.4183511
vn -0.9082822 0.0023989 0.4183511
vn -0.9082822 0.0023989 0.4183511
vn -0.9809507 -0.0038765 -0.1942179
vn -0.9443441 -0.0074598 0.3288747
vn -0.9428087 -0.0023075 0.3333263
vn -0.9438200 -0.0056837 0.3304111
vn -0.9277011 0.0004695 0.3733236
vn -0.9277011 0.0004695 0.3733236
vn -0.9277011 0.0004695 0.3733236
vn -0.9307223 0.0008815 -0.3657257
vn -0.9307223 0.0008815 -0.3657257
vn -0.9307223 0.0008815 -0.3657257
vn -0.9933743 -0.0094293 0.1145360
vn -0.9974441 -0.0127850 0.0702973
vn -0.9921656 -0.0086586 0.1246294
vn -0.9979208 -0.0133307 0.0630591
vn -0.9562613 0.0007921 -0.2925126
vn -0.9562907 0.0003529 -0.2924176
vn -0.9563852 -0.0010830 -0.2921066
vn -0.9449256 -0.0094525 0.3271487
vn -0.9999306 -0.0008332 0.0117493
vn -0.9999307 -0.0007592 0.0117451
vn -0.9999306 -0.0008465 0.0117500
vn -0.9561633 0.0022396 -0.2928253
vn -0.9784536 0.0006722 -0.2064656
vn -0.9784536 0.0006722 -0.2064656
vn -0.9784536 0.0006722 -0.2064656
vn -0.9997833 0.0004760 0.0208101
vn -0.9997833 0.0004760 0.0208101
vn -0.9997833 0.0004760 0.0208101
vn -0.9999305 -0.0009228 0.0117543
vn 0.9996821 -0.0008882 0.0251989
vn 0.9997878 -0.0001272 0.0206013
vn 0.9996751 -0.0009335 0.0254727
vn 0.9999910 0.0000713 -0.0042393
vn 0.9999905 0.0001338 -0.0043641
vn 0.9999912 0.0000544 -0.0042055
vn 0.9413730 -0.0019730 -0.3373618
vn 0.9423842 -0.0005507 -0.3345320
vn 0.9415960 -0.0016606 -0.3367406
vn 0.9997916 -0.0000966 0.0204164
vn 0.9999902 0.0001677 -0.0044317
vn 0.9290744 0.0024789 -0.3698845
vn 0.9286774 -0.0026803 -0.3708789
vn 0.9350747 0.0000558 -0.3544508
vn 0.9283002 -0.0028259 -0.3718209
vn 0.9287525 0.0025932 -0.3706913
vn 0.9509630 0.0010851 0.3093027
vn 0.9509630 0.0010851 0.3093027
vn 0.9509630 0.0010851 0.3093027
vn 0.9812366 0.0000732 0.1928074
vn 0.9812366 0.0000732 0.1928074
vn 0.9812366 0.0000732 0.1928074
vn 0.9114505 -0.0000846 -0.4114098
vn 0.9114505 -0.0000846 -0.4114098
vn 0.9114505 -0.0000846 -0.4114098
vn 0.9429320 0.0002260 -0.3329852
vn 0.9913927 -0.0073156 0.1307171
vn 0.9913927 -0.0073156 0.1307171
vn 0.9389526 0.0186025 -0.3435432
vn 0.9389526 0.0186025 -0.3435432
vn 0.9389526 0.0186025 -0.3435432
vn 0.9375255 0.0000239 0.3479166
vn 0.9375255 0.0000239 0.3479166
vn 0.9375255 0.0000239 0.3479166
vn 0.9999875 0.0030976 0.0039169
vn 0.9999998 0.0005387 0.0002727
vn 0.9999960 0.0019282 0.0020901
vn 0.9999845 -0.0007069 -0.0055187
vn 0.9999833 -0.0007352 -0.0057344
vn 0.9999445 0.0001018 -0.0105336
vn 0.9999445 0.0001018 -0.0105336
vn 0.9999445 0.0001018 -0.0105336
vn 0.9999995 0.0007191 0.0007560
vn 0.9998979 -0.0000800 -0.0142867
vn 0.9998979 -0.0000800 -0.0142867
vn 0.9998979 -0.0000800 -0.0142867
vn -0.9628004 0.0118743 0.2699526
vn 0.9913927 -0.0073156 0.1307171
vn 0.9999995 0.0007191 0.0007560
vn 0.9999995 0.0007191 0.0007560
vn -0.9999222 0.0113667 0.0051437
vn -0.9999222 0.0113667 0.0051437
vn -0.9999222 0.0113667 0.0051437
vn -0.9067112 0.0093828 0.4216478
vn -0.9067112 0.0093828 0.4216478
vn -0.9067112 0.0093828 0.4216478
vn -0.9192444 -0.0050811 -0.3936547
vn -0.9192444 -0.0050811 -0.3936547
vn -0.9192444 -0.0050811 -0.3936547
vn -0.9996598 -0.0073565 0.0250246
vn -0.9974835 0.0050700 0.0707171
vn -0.9998358 -0.0100584 0.0150739
vn -0.9969313 0.0070438 0.0779642
vn 0.9997530 0.0002025 0.0222255
vn 0.9974406 0.0000677 0.0714998
vn 0.9955967 0.0000066 0.0937399
vn 0.9319433 -0.0057471 -0.3625586
vn 0.9319433 -0.0057471 -0.3625586
vn 0.9319433 -0.0057471 -0.3625586
vn 0.9930663 -0.0000589 0.1175558
vn -0.5690548 -0.0008062 -0.8222992
vn -0.5690548 -0.0008062 -0.8222992
vn -0.5690548 -0.0008062 -0.8222992
vn 0.2529909 0.1640148 0.9534646
vn 0.2529909 0.1640148 0.9534646
vn 0.2529909 0.1640148 0.9534646
vn 0.9724146 0.0026503 0.2332439
vn 0.9724146 0.0026503 0.2332439
vn 0.9724146 0.0026503 0.2332439
vn -0.0234377 -0.0021020 0.9997231
vn -0.0234377 -0.0021020 0.9997231
vn 0.8920310 0.0042647 0.4519541
vn 0.8920310 0.0042647 0.4519541
vn 0.8920310 0.0042647 0.4519541
vn -0.8912070 -0.0024331 -0.4535903
vn -0.8912070 -0.0024331 -0.4535903
vn -0.8912070 -0.0024331 -0.4535903
vn 0.9651510 -0.0019030 0.2616867
vn 0.9651510 -0.0019030 0.2616867
vn 0.9651510 -0.0019030 0.2616867
vn -0.0715680 0.0056164 0.9974199
vn -0.0717537 0.0056108 0.9974066
vn -0.0873891 0.0051343 0.9961610
vn -0.0887864 0.0050916 0.9960377
vn -0.9729533 0.0001638 0.2310020
vn -0.9729533 0.0001638 0.2310020
vn -0.9729533 0.0001638 0.2310020
vn 0.1423392 -0.0026898 -0.9898143
vn 0.1423392 -0.0026898 -0.9898143
vn 0.3971181 0.0001876 0.9177675
vn 0.3971181 0.0001876 0.9177675
vn 0.3971181 0.0001876 0.9177675
vn 0.9940156 0.0007958 0.1092349
vn 0.9940185 0.0007845 0.1092087
vn 0.9939991 0.0008606 0.1093848
vn 0.9939965 0.0008709 0.1094084
vn 0.0180855 0.0058749 -0.9998192
vn 0.0180855 0.0058749 -0.9998192
vn 0.0180855 0.0058749 -0.9998192
vn 0.0841447 0.0102448 0.9964009
vn 0.0710139 0.0094188 0.9974309
vn 0.4442846 -0.0035985 0.8958785
vn 0.4545607 -0.0046385 0.8907037
vn 0.1563958 -0.0057119 0.9876779
vn 0.1578621 -0.0056341 0.9874451
vn -0.9993342 -0.0020625 0.0364263
vn -0.9993342 -0.0020625 0.0364263
vn -0.9993342 -0.0020625 0.0364263
vn -0.9999008 0.0080446 0.0115606
vn -0.9999990 -0.0002149 0.0013663
vn -0.9979034 0.0050145 0.0645259
vn -0.9910362 -0.0301045 0.1301578
vn -0.9910362 -0.0301045 0.1301578
vn -0.9910362 -0.0301045 0.1301578
vn -0.9996322 0.0070236 0.0261932
vn -0.9976718 -0.0012442 0.0681874
vn -0.9889477 -0.0048245 0.1481865
vn -0.9810338 -0.0018758 0.1938275
vn 0.9974913 -0.0203898 -0.0677892
vn 0.9974913 -0.0203898 -0.0677892
vn 0.9974913 -0.0203898 -0.0677892
vn -0.9580023 -0.0025850 0.2867490
vn -0.9999949 -0.0009142 -0.0030545
vn -0.9999949 -0.0009142 -0.0030545
vn -0.9999949 -0.0009142 -0.0030545
vn -0.5934912 0.0059443 0.8048185
vn -0.5972716 0.0053239 0.8020213
vn -0.5933308 0.0059705 0.8049366
vn -0.9700960 -0.0006613 -0.2427206
vn -0.9860807 -0.0006682 -0.1662662
vn -0.9649250 -0.0006588 -0.2625250
vn 0.9285070 -0.0863583 0.3611329
vn 0.9285070 -0.0863583 0.3611329
vn 0.9285070 -0.0863583 0.3611329
vn -0.9762800 0.0101277 -0.2162746
vn -0.9762800 0.0101277 -0.2162746
vn -0.9762800 0.0101277 -0.2162746
vn -0.9976484 -0.0006712 -0.0685362
vn -0.9994448 -0.0022022 -0.0332454
vn -0.9994448 -0.0022022 -0.0332454
vn -0.9994448 -0.0022022 -0.0332454
vn -0.9224336 0.0057802 -0.3861126
vn -0.9224336 0.0057802 -0.3861126
vn -0.9224336 0.0057802 -0.3861126
vn -0.9202872 0.0053845 0.3912065
vn -0.9253636 0.0065739 0.3790237
vn -0.9056113 0.0021340 0.4241033
vn -0.9048576 0.0019738 0.4257098
vn -0.9401119 -0.0028475 -0.3408540
vn -0.9401119 -0.0028475 -0.3408540
vn -0.9998308 -0.0018764 -0.0182982
vn -0.9999792 -0.0004894 -0.0064261
vn -0.9999978 0.0005006 0.0020483
vn -0.9999961 0.0005799 0.0027264
vn -0.0410436 -0.0006048 -0.9991572
vn -0.0410436 -0.0006048 -0.9991572
vn -0.0410436 -0.0006048 -0.9991572
vn -0.9997297 0.0102455 -0.0208708
vn -0.9997297 0.0102455 -0.0208708
vn -0.9997297 0.0102455 -0.0208708
vn 0.9998563 -0.0045577 0.0163295
vn 0.9998563 -0.0045577 0.0163295
vn 0.9998563 -0.0045577 0.0163295
vn -0.0234377 -0.0021020 0.9997231
vn 0.1423392 -0.0026898 -0.9898143
vn -0.5974369 0.0052967 0.8018984
vn -0.9401119 -0.0028475 -0.3408540
vn 0.9576143 0.0253907 0.2869322
vn 0.9576143 0.0253907 0.2869322
vn 0.9576143 0.0253907 0.2869322
vn -0.0914679 0.0040948 0.9957996
vn -0.0914679 0.0040948 0.9957996
vn -0.0914679 0.0040948 0.9957996
vn -0.9998500 0.0108069 0.0135334
vn -0.9998500 0.0108069 0.0135334
vn -0.9998500 0.0108069 0.0135334
vn 0.9665959 0.0005608 -0.2563047
vn 0.9665959 0.0005608 -0.2563047
vn 0.9665959 0.0005608 -0.2563047
vn 0.9288735 -0.0214703 0.3697743
vn 0.9288735 -0.0214703 0.3697743
vn 0.9288735 -0.0214703 0.3697743
vn 0.0458318 0.0050647 -0.9989363
vn 0.0458318 0.0050647 -0.9989363
vn 0.0458318 0.0050647 -0.9989363
vn 0.1065622 -0.0042711 0.9942969
vn 0.1065622 -0.0042711 0.9942969
vn 0.1065622 -0.0042711 0.9942969
vn -0.9882207 -0.0012240 -0.1530308
vn -0.9882207 -0.0012240 -0.1530308
vn -0.9882207 -0.0012240 -0.1530308
vn -0.9999981 -0.0007462 0.0018068
vn -0.9999997 0.0005669 0.0005261
vn -0.9999262 0.0004098 0.0121423
vn -0.9996574 -0.0048098 0.0257279
vn -0.9990563 -0.0121893 0.0416893
vn -0.9999967 -0.0009180 0.0023966
vn -0.8183085 -0.0385435 0.5734855
vn -0.7431433 -0.0055740 0.6691091
vn -0.9975829 0.0413112 -0.0558733
vn -0.3621685 0.1657258 0.9172617
vn -0.4320252 0.1320842 0.8921368
vn -0.9999591 0.0071020 0.0056002
vn -0.9999130 0.0125226 -0.0041344
vn -0.9916271 0.0704160 -0.1082467
vn -0.9966271 0.0158714 0.0805138
vn -0.9959348 0.0076104 0.0897552
vn -0.9951693 0.0000733 0.0981735
vn -0.7176162 -0.0679555 0.6931154
vn -0.9020215 0.0129638 0.4314963
vn -0.7353016 -0.0620344 0.6748950
vn -0.9975454 0.0322387 0.0621594
vn -0.4407666 -0.0040839 0.8976125
vn -0.9012206 0.0213198 0.4328358
vn -0.9031499 0.0163131 0.4290154
vn -0.9848087 0.0199731 -0.1724902
vn -0.9596431 0.0022748 -0.2812116
vn -0.9887332 0.0055213 -0.1495870
vn -0.9882569 0.0210008 -0.1513511
vn -0.9998326 0.0071489 -0.0168395
vn -0.9991376 0.0096539 0.0403846
vn -0.9997894 0.0031773 0.0202760
vn -0.9997497 0.0037502 0.0220550
vn -0.9990411 0.0103490 0.0425426
vn 0.9999949 -0.0017284 -0.0026677
vn 0.9999949 -0.0017284 -0.0026677
vn 0.9999949 -0.0017284 -0.0026677
vn 0.9350082 0.0022022 0.3546193
vn 0.9045792 -0.0044973 0.4262819
vn 0.9050633 -0.0043997 0.4252542
vn -0.9820724 -0.0593006 -0.1789337
vn -0.9820724 -0.0593006 -0.1789337
vn -0.9820724 -0.0593006 -0.1789337
vn 0.9920855 -0.0131891 -0.1248694
vn 0.9920855 -0.0131891 -0.1248694
vn 0.9920855 -0.0131891 -0.1248694
vn 0.9981333 0.0046811 0.0608926
vn 0.9981333 0.0046811 0.0608926
vn 0.1201543 0.0003978 0.9927551
vn 0.4479837 -0.0120346 0.8939607
vn 0.3902869 -0.0267308 0.9203052
vn 0.5617936 -0.2192312 -0.7977002
vn 0.5617936 -0.2192312 -0.7977002
vn 0.5617936 -0.2192312 -0.7977002
vn 0.9657507 -0.0032952 0.2594508
vn 0.9657507 -0.0032952 0.2594508
vn 0.9657507 -0.0032952 0.2594508
vn 0.1823443 0.0020349 0.9832326
vn 0.8882839 0.0064653 0.4592493
vn 0.9809451 0.0573500 0.1856280
vn 0.9809451 0.0573500 0.1856280
vn 0.9809451 0.0573500 0.1856280
vn 0.8791782 -0.0093171 0.4764021
vn 0.9990954 0.0137373 0.0402456
vn 0.9998450 -0.0037609 0.0171991
vn 0.9994790 -0.0013712 0.0322473
vn 0.9986209 0.0192872 0.0488303
vn 0.9950984 0.0374745 0.0915146
vn -0.9393487 0.0006446 0.3429630
vn 0.9981333 0.0046811 0.0608926
vn 0.1464379 -0.0064269 0.9891990
vn 0.1464379 -0.0064269 0.9891990
vn 0.0451056 -0.0022596 -0.9989797
vn -0.3552728 0.0258608 -0.9344049
vn -0.3476152 0.0253245 -0.9372952
vn 0.1464379 -0.0064269 0.9891990
vn 0.0489538 -0.0025306 -0.9987978
vn -0.9998593 0.0067485 -0.0153545
vn -0.9998593 0.0067485 -0.0153545
vn -0.9998593 0.0067485 -0.0153545
vn -0.0716718 0.3419216 -0.9369913
vn -0.0716718 0.3419216 -0.9369913
vn -0.0716718 0.3419216 -0.9369913
vn -0.9998923 -0.0095267 0.0111659
vn -0.9997993 -0.0107201 0.0169228
vn -0.9997305 -0.0041535 -0.0228388
vn -0.9999270 -0.0120720 -0.0004104
vn -0.9987179 0.0028651 -0.0505413
vn 0.9517878 0.0011585 0.3067552
vn 0.9517878 0.0011585 0.3067552
vn 0.9777503 0.0006868 -0.2097710
vn 0.9777503 0.0006868 -0.2097710
vn 0.9777503 0.0006868 -0.2097710
vn 0.9999820 0.0008918 0.0059319
vn 0.9999820 0.0008918 0.0059319
vn 0.9999820 0.0008918 0.0059319
vn 0.9517878 0.0011585 0.3067552
vn 0.0040868 0.0002679 0.9999916
vn 0.0040868 0.0002679 0.9999916
vn 0.0040868 0.0002679 0.9999916
vn 0.9699067 0.0004370 0.2434764
vn 0.9699067 0.0004370 0.2434764
vn -0.2344280 -0.0343146 0.9715277
vn -0.1564265 -0.0012822 0.9876888
vn -0.1676595 -0.0060095 0.9858266
vn -0.2600609 -0.0452771 0.9645301
vn 0.0335911 -0.0008668 -0.9994353
vn 0.0335911 -0.0008668 -0.9994353
vn 0.0335911 -0.0008668 -0.9994353
vn 0.0776133 -0.0097597 0.9969358
vn -0.9702539 -0.0002951 0.2420896
vn -0.9702539 -0.0002951 0.2420896
vn -0.9702539 -0.0002951 0.2420896
vn 0.0871926 -0.0104499 0.9961367
vn 0.9055125 0.0061913 -0.4242744
vn 0.9055125 0.0061913 -0.4242744
vn 0.9055125 0.0061913 -0.4242744
vn -0.1082162 0.0037051 0.9941205
vn -0.1033080 0.0033476 0.9946438
vn 0.9701235 0.0022120 0.2426017
vn 0.9681111 0.0015681 0.2505162
vn 0.9679777 0.0020091 0.2510282
vn 0.9680731 0.0000719 0.2506682
vn 0.9704253 0.0020280 0.2413929
vn -0.7477235 -0.0003557 -0.6640101
vn -0.7477235 -0.0003557 -0.6640101
vn 0.2286947 0.0106115 0.9734404
vn 0.2193650 0.0101958 0.9755896
vn -0.1154964 -0.0047501 0.9932965
vn -0.1208167 -0.0049879 0.9926623
vn 0.9755677 0.0039050 -0.2196643
vn 0.9810732 0.0001431 -0.1936371
vn 0.9746807 0.0044905 -0.2235561
vn 0.9759649 0.0009691 -0.2179258
vn 0.9749789 0.0011464 -0.2222944
vn -0.9135164 0.0085005 -0.4067130
vn -0.9823491 0.0380223 -0.1831519
vn -0.9803516 0.0366911 -0.1938155
vn -0.9028229 0.0052165 -0.4299809
vn 0.9733808 0.0048399 -0.2291427
vn 0.0426167 0.0034898 -0.9990854
vn -0.5647353 -0.0018675 -0.8252700
vn -0.0143582 -0.0029070 -0.9998927
vn 0.0444061 -0.0001410 -0.9990136
vn -0.4252065 0.0100428 -0.9050406
vn -0.0064254 -0.0025362 -0.9999761
vn -0.4595101 0.0058288 -0.8881534
vn -0.9837260 0.0031588 -0.1796475
vn -0.9837260 0.0031588 -0.1796475
vn -0.9837260 0.0031588 -0.1796475
vn -0.6474349 0.1048035 -0.7548803
vn -0.8119344 0.0000106 -0.5837487
vn -0.5765181 0.1425941 -0.8045457
vn 0.5854404 -0.0216681 0.8104258
vn 0.5854404 -0.0216681 0.8104258
vn 0.5854404 -0.0216681 0.8104258
vn 0.0206739 -0.0094654 0.9997415
vn -0.1048989 0.0027463 0.9944791
vn -0.1087543 0.0031232 0.9940638
vn 0.0277147 -0.0101466 0.9995644
vn -0.9754822 -0.0006945 0.2200771
vn -0.9750791 -0.0002358 0.2218575
vn -0.9711975 0.0039955 0.2382423
vn -0.9703042 0.0049263 0.2418376
vn 0.9085720 0.0059046 -0.4176866
vn 0.9085720 0.0059046 -0.4176866
vn 0.9085720 0.0059046 -0.4176866
vn 0.9295971 0.0354376 -0.3668697
vn 0.9538569 0.0157870 -0.2998462
vn 0.9791053 -0.0036748 -0.2033209
vn 0.9391492 0.0055093 -0.3434653
vn 0.9164353 0.0416362 -0.3980110
vn -0.8807620 -0.0680895 0.4686386
vn -0.8807620 -0.0680895 0.4686386
vn -0.8807620 -0.0680895 0.4686386
vn 0.0975287 -0.0227828 -0.9949719
vn 0.0975287 -0.0227828 -0.9949719
vn 0.0975287 -0.0227828 -0.9949719
vn 0.7807461 -0.0159823 0.6246440
vn 0.7807461 -0.0159823 0.6246440
vn 0.7807461 -0.0159823 0.6246440
vn 0.9699067 0.0004370 0.2434764
vn -0.7477235 -0.0003557 -0.6640101
vn 0.9732611 0.0006349 0.2297006
vn 0.9732611 0.0006349 0.2297006
vn 0.9732611 0.0006349 0.2297006
vn 0.7890127 -0.0051680 -0.6143551
vn 0.7890127 -0.0051680 -0.6143551
vn 0.7890127 -0.0051680 -0.6143551
vn 0.0755316 0.1136239 0.9906486
vn 0.0755316 0.1136239 0.9906486
vn 0.0755316 0.1136239 0.9906486
vn -0.0033385 0.0035150 0.9999882
vn -0.0033385 0.0035150 0.9999882
vn -0.0033385 0.0035150 0.9999882
vn -0.1922260 -0.0037444 -0.9813435
vn -0.1922260 -0.0037444 -0.9813435
vn -0.1922260 -0.0037444 -0.9813435
vn -0.0236344 0.0150032 0.9996081
vn -0.0236344 0.0150032 0.9996081
vn -0.0236344 0.0150032 0.9996081
vn -0.9714261 0.0131718 0.2369766
vn -0.9714261 0.0131718 0.2369766
vn -0.9714261 0.0131718 0.2369766
vn 0.0480082 -0.6495164 -0.7588304
vn 0.0480082 -0.6495164 -0.7588304
vn 0.0480082 -0.6495164 -0.7588304
vn -0.0074728 0.0049344 0.9999599
vn -0.0074728 0.0049344 0.9999599
vn -0.0074728 0.0049344 0.9999599
vn 0.5368475 0.1763597 -0.8250406
vn 0.5368475 0.1763597 -0.8250406
vn 0.5368475 0.1763597 -0.8250406
vn 0.9617995 0.0051345 0.2737068
vn 0.9617995 0.0051345 0.2737068
vn 0.9617995 0.0051345 0.2737068
vn 0.4467691 0.1997378 -0.8720678
vn 0.4467691 0.1997378 -0.8720678
vn 0.4467691 0.1997378 -0.8720678
vn 0.0901863 -0.0072350 -0.9958986
vn 0.0901863 -0.0072350 -0.9958986
vn 0.0901863 -0.0072350 -0.9958986
vn 0.9746633 0.0012764 -0.2236734
vn 0.9746633 0.0012764 -0.2236734
vn 0.9746633 0.0012764 -0.2236734
vn 0.9765855 -0.0008351 -0.2151281
vn 0.9765855 -0.0008351 -0.2151281
vn 0.9765855 -0.0008351 -0.2151281
vn 0.0753366 -0.0003942 -0.9971581
vn 0.0753366 -0.0003942 -0.9971581
vn 0.0753366 -0.0003942 -0.9971581
vn -0.9751571 -0.0001822 -0.2215144
vn -0.9751571 -0.0001822 -0.2215144
vn -0.0328679 0.0024922 0.9994566
vn -0.0328679 0.0024922 0.9994566
vn -0.0328679 0.0024922 0.9994566
vn -0.9648987 -0.0004543 0.2626219
vn -0.9648987 -0.0004543 0.2626219
vn -0.9648987 -0.0004543 0.2626219
vn -0.0031134 -0.0003608 -0.9999951
vn -0.4641424 0.0009134 -0.8857601
vn -0.6740059 0.0015284 -0.7387244
vn -0.1337047 -0.0043893 0.9910115
vn -0.1337047 -0.0043893 0.9910115
vn -0.1337047 -0.0043893 0.9910115
vn -0.7608572 0.0017937 -0.6489169
vn 0.9587903 0.0041495 0.2840845
vn 0.9587903 0.0041495 0.2840845
vn 0.9587903 0.0041495 0.2840845
vn -0.1150135 -0.0003369 0.9933639
vn -0.1150135 -0.0003369 0.9933639
vn -0.1150135 -0.0003369 0.9933639
vn -0.9696090 -0.0001057 0.2446598
vn -0.9718668 0.0006513 0.2355304
vn -0.9718926 0.0006601 0.2354236
vn -0.9731815 0.0011060 0.2300360
vn 0.1714031 0.0038494 0.9851935
vn 0.1714031 0.0038494 0.9851935
vn 0.9254458 0.0008364 0.3788790
vn 0.9652423 0.0020030 0.2613489
vn 0.9698980 0.0112281 0.2432524
vn 0.9627549 0.0256515 0.2691561
vn 0.9364167 0.0561430 0.3463695
vn -0.9751571 -0.0001822 -0.2215144
vn 0.1714031 0.0038494 0.9851935
vn 0.8830432 -0.0027587 0.4692836
vn 0.9662000 0.0005486 -0.2577930
vn 0.9662000 0.0005486 -0.2577930
vn 0.9662000 0.0005486 -0.2577930
vn -0.3926240 0.0490991 0.9183875
vn 0.0034118 0.0027387 0.9999904
vn -0.3732759 0.0468472 0.9265368
vn -0.5546700 -0.0458397 0.8308068
vn -0.5546700 -0.0458397 0.8308068
vn 0.0790962 0.0032782 -0.9968616
vn 0.0790962 0.0032782 -0.9968616
vn 0.0790962 0.0032782 -0.9968616
vn -0.1032154 -0.0006084 -0.9946588
vn -0.0256066 -0.0000920 -0.9996721
vn -0.6242645 0.0002270 -0.7812130
vn -0.0886022 -0.0006255 -0.9960669
vn -0.8137015 0.0003408 -0.5812829
vn 0.0255821 0.0001280 0.9996727
vn -0.9823385 0.0305019 0.1846096
vn -0.9823385 0.0305019 0.1846096
vn -0.9823385 0.0305019 0.1846096
vn 0.6840429 -0.0310898 -0.7287790
vn 0.6840429 -0.0310898 -0.7287790
vn 0.6840429 -0.0310898 -0.7287790
vn 0.9610001 0.0012020 0.2765455
vn 0.9610001 0.0012020 0.2765455
vn 0.9610001 0.0012020 0.2765455
vn -0.0387746 0.9849103 -0.1686662
vn -0.0387746 0.9849103 -0.1686662
vn -0.0387746 0.9849103 -0.1686662
vn 0.0337389 -0.9750549 0.2193846
vn 0.0022495 -0.9792659 0.2025668
vn -0.0416175 -0.9830222 0.1787045
vn -0.1231217 -0.9834363 0.1330192
vn 0.0932082 -0.0011286 0.9956460
vn -0.4550449 -0.0028414 0.8904640
vn -0.0080915 -0.0046639 0.9999564
vn 0.1263290 -0.0010983 0.9919878
vn -0.7904253 -0.0004908 0.6125583
vn -0.9634355 0.0025635 0.2679282
vn -0.9034713 0.0097900 0.4285367
vn -0.9068008 0.0094178 0.4214541
vn 0.0383319 -0.0018915 -0.9992633
vn 0.0383319 -0.0018915 -0.9992633
vn 0.0383319 -0.0018915 -0.9992633
vn 0.0148433 0.0273232 -0.9995164
vn 0.0612236 0.1072755 -0.9923425
vn 0.0145262 0.0106224 -0.9998381
vn -0.2471063 -0.0058167 0.9689709
vn -0.0111101 0.0024381 0.9999353
vn -0.2545058 -0.0060782 0.9670521
vn -0.2338234 -0.8974497 -0.3740463
vn -0.2097219 -0.9169944 -0.3393199
vn -0.1255549 -0.9736290 -0.1904797
vn 0.9728942 0.0003828 -0.2312505
vn 0.9730527 0.0004075 -0.2305826
vn 0.9724938 0.0003207 -0.2329286
vn 0.9724773 0.0003182 -0.2329974
vn -0.0385586 -0.9923551 -0.1172370
vn 0.1066342 -0.0012781 -0.9942975
vn 0.4231386 0.0040492 -0.9060559
vn 0.2313704 -0.0025476 -0.9728624
vn 0.1055845 -0.0012667 -0.9944095
vn 0.4269870 0.0041867 -0.9042481
vn -0.2147748 -0.9635410 -0.1595635
vn -0.9635709 0.0007523 -0.2674519
vn -0.9641706 0.0009597 -0.2652813
vn -0.9673704 0.0001339 -0.2533665
vn -0.9454547 -0.0001810 -0.3257536
vn -0.0080281 0.0025449 0.9999645
vn -0.1667032 -0.8740636 -0.4563144
vn -0.9169718 -0.0016147 -0.3989488
vn -0.9675890 0.0000941 -0.2525302
vn 0.9719386 -0.0005755 0.2352338
vn 0.9701849 -0.0000946 0.2423659
vn 0.9718460 -0.0005529 0.2356164
vn 0.8703146 -0.4800272 0.1101199
vn 0.8703146 -0.4800272 0.1101199
vn 0.8703146 -0.4800272 0.1101199
vn -0.0554327 -0.0007261 -0.9984622
vn -0.0595213 -0.0007746 -0.9982267
vn 0.9731818 0.0011104 0.2300348
vn 0.9729696 0.0010243 0.2309310
vn 0.0090943 0.0085792 -0.9999218
vn -0.1777858 0.0012944 0.9840684
vn -0.1783764 0.0013094 0.9839615
vn -0.1395489 0.0004304 0.9902151
vn 0.3422817 0.0068734 0.9395722
vn 0.0139556 -0.9786428 0.2050937
vn 0.0139556 -0.9786428 0.2050937
vn 0.0139556 -0.9786428 0.2050937
vn 0.3460585 0.0069216 0.9381874
vn -0.8834307 -0.0236588 -0.4679641
vn -0.8834307 -0.0236588 -0.4679641
vn -0.8834307 -0.0236588 -0.4679641
vn -0.0146032 0.9998539 -0.0088884
vn -0.0146032 0.9998539 -0.0088884
vn -0.0146032 0.9998539 -0.0088884
vn 0.0069927 -0.0169762 -0.9998314
vn 0.6240824 -0.0377219 0.7804475
vn 0.5037824 -0.0045147 0.8638188
vn 0.4844616 0.0005528 0.8748123
vn -0.9658040 0.0004281 0.2592728
vn -0.9658040 0.0004281 0.2592728
vn -0.9658040 0.0004281 0.2592728
vn 0.9750887 0.0001081 -0.2218151
vn 0.9750887 0.0001081 -0.2218151
vn 0.9750887 0.0001081 -0.2218151
vn 0.1196022 -0.0019468 0.9928200
vn 0.1239648 -0.0020529 0.9922845
vn -0.0025421 0.0023564 0.9999940
vn 0.6340525 -0.0406199 0.7722224
vn -0.0196312 0.0026761 -0.9998037
vn -0.4764542 0.0182594 -0.8790097
vn -0.0205166 0.0028217 -0.9997855
vn 0.0111121 -0.0065703 -0.9999167
vn -0.2971273 -0.0039980 -0.9548295
vn -0.2475310 -0.0000748 -0.9688800
vn 0.1483490 0.0198259 0.9887363
vn 0.0009364 -0.0275281 0.9996206
vn 0.0009364 -0.0275281 0.9996206
vn 0.0009364 -0.0275281 0.9996206
vn 0.0112306 0.0025223 -0.9999338
vn -0.2904229 0.0000073 -0.9568984
vn 0.0125029 -0.9797853 -0.1996610
vn 0.0125029 -0.9797853 -0.1996610
vn 0.0125029 -0.9797853 -0.1996610
vn -0.2364798 0.0075651 -0.9716070
vn -0.5583655 0.0007245 -0.8295947
vn 0.1585323 0.0209924 0.9871306
vn 0.8555677 -0.0701439 -0.5129168
vn 0.8555677 -0.0701439 -0.5129168
vn 0.8555677 -0.0701439 -0.5129168
vn -0.1909659 0.0057040 -0.9815801
vn 0.9633570 0.0007080 0.2682215
vn 0.9663132 0.0003304 0.2573687
vn 0.9634615 0.0006949 0.2678458
vn 0.9677839 0.0001365 0.2517823
vn 0.1504552 -0.9863624 0.0667271
vn 0.1504552 -0.9863624 0.0667271
vn 0.1504552 -0.9863624 0.0667271
vn 0.0342833 0.0004724 0.9994120
vn 0.0338985 0.0004675 0.9994252
vn -0.0561954 -0.0006643 0.9984196
vn -0.9696841 -0.0004719 0.2443617
vn -0.9714360 -0.0032388 0.2372794
vn -0.9723483 0.0003898 0.2335349
vn -0.9724047 0.0004019 0.2332999
vn -0.9716802 -0.0036200 0.2362721
vn -0.4564940 -0.4878304 -0.7440664
vn -0.4564940 -0.4878304 -0.7440664
vn -0.4564940 -0.4878304 -0.7440664
vn 0.0540701 0.9926547 -0.1082272
vn 0.0540701 0.9926547 -0.1082272
vn 0.0540701 0.9926547 -0.1082272
vn -0.0568254 -0.0006722 0.9983839
vn -0.0262818 -0.0204572 -0.9994452
vn -0.0262818 -0.0204572 -0.9994452
vn -0.0262818 -0.0204572 -0.9994452
vn 0.9381327 -0.0144971 0.3459724
vn 0.7822822 0.0722980 0.6187145
vn 0.7299008 0.0929896 0.6771985
vn 0.9801659 0.0050168 -0.1981152
vn 0.9801659 0.0050168 -0.1981152
vn 0.9801659 0.0050168 -0.1981152
vn 0.9665614 0.0002375 -0.2564353
vn 0.9665614 0.0002375 -0.2564353
vn 0.9665614 0.0002375 -0.2564353
vn 0.9467632 -0.0217761 0.3211934
vn -0.0535928 -0.0138046 -0.9984674
vn -0.0614715 -0.0133126 -0.9980201
vn -0.2566743 -0.0007192 -0.9664977
vn -0.0130689 -0.9755684 -0.2193067
vn -0.0450403 -0.9712457 -0.2337802
vn 0.0708391 -0.9811029 -0.1800528
vn -0.0679027 0.0017326 -0.9976904
vn -0.0747334 0.0003905 0.9972035
vn -0.0904208 0.0009760 0.9959032
vn -0.0749344 0.0003983 0.9971884
vn -0.1118045 -0.9582575 -0.2631395
vn -0.0035688 -0.0371290 -0.9993041
vn -0.0671568 0.0017408 -0.9977409
vn -0.9416127 -0.0562527 -0.3319656
vn -0.9704953 -0.0082102 -0.2409801
vn -0.1119488 -0.0000338 0.9937140
vn -0.1050485 0.0002953 0.9944671
vn -0.9772516 -0.0000362 -0.2120833
vn -0.9773191 -0.0000501 -0.2117718
vn 0.8072678 0.3942996 0.4391429
vn 0.8072678 0.3942996 0.4391429
vn 0.8072678 0.3942996 0.4391429
vn 0.1956523 -0.0996851 0.9755937
vn 0.1956523 -0.0996851 0.9755937
vn 0.1956523 -0.0996851 0.9755937
vn 0.9694561 -0.0000398 0.2452648
vn 0.9680064 -0.0012324 0.2509225
vn 0.9694545 -0.0000404 0.2452712
vn -0.0336178 -0.9849801 0.1693635
vn -0.0336178 -0.9849801 0.1693635
vn -0.0336178 -0.9849801 0.1693635
vn 0.9736330 0.0014207 0.2281157
vn 0.9736330 0.0014207 0.2281157
vn 0.9736330 0.0014207 0.2281157
vn -0.0267655 -0.0012728 -0.9996409
vn -0.0656094 -0.0019667 -0.9978434
vn 0.9694009 -0.0000949 0.2454830
vn 0.9693100 -0.0018323 0.2458348
vn 0.9726563 -0.0031545 0.2322280
vn 0.1246247 -0.0123732 0.9921268
vn -0.1066911 -0.0002444 0.9942922
vn 0.1165727 -0.0119897 0.9931098
vn -0.1488088 -0.9888005 0.0113839
vn -0.1488088 -0.9888005 0.0113839
vn -0.2110712 0.0013650 0.9774697
vn -0.0656337 0.0046593 0.9978329
vn 0.1599743 0.0094887 0.9870756
vn -0.0107234 -0.0009859 -0.9999420
vn 0.9760726 0.0003076 -0.2174449
vn 0.9760850 0.0003095 -0.2173890
vn 0.9752417 0.0001796 -0.2211416
vn -0.9690109 -0.0004220 0.2470178
vn -0.9690109 -0.0004220 0.2470178
vn -0.9690109 -0.0004220 0.2470178
vn 0.9752205 0.0001763 -0.2212351
vn -0.2353179 0.0016606 -0.9719170
vn -0.2353179 0.0016606 -0.9719170
vn -0.2353179 0.0016606 -0.9719170
vn -0.0045728 -0.0102820 -0.9999367
vn -0.0045728 -0.0102820 -0.9999367
vn -0.0045728 -0.0102820 -0.9999367
vn 0.0152927 -0.0044258 0.9998733
vn 0.0152927 -0.0044258 0.9998733
vn 0.0152927 -0.0044258 0.9998733
vn -0.9687848 -0.0000084 -0.2479032
vn -0.9687848 -0.0000084 -0.2479032
vn -0.9687848 -0.0000084 -0.2479032
vn 0.0986003 0.0719992 0.9925191
vn 0.0986003 0.0719992 0.9925191
vn 0.0986003 0.0719992 0.9925191
vn 0.0431494 0.9987455 -0.0254096
vn 0.0431494 0.9987455 -0.0254096
vn 0.0431494 0.9987455 -0.0254096
vn -0.2389758 -0.1303363 -0.9622385
vn -0.2389758 -0.1303363 -0.9622385
vn -0.2389758 -0.1303363 -0.9622385
vn -0.5546700 -0.0458397 0.8308068
vn -0.9117880 0.0268508 0.4097825
vn -0.9092856 0.0281723 0.4152181
vn -0.9477408 -0.0474351 -0.3154953
vn -0.0650282 -0.0019563 -0.9978815
vn -0.1488088 -0.9888005 0.0113839
vn 0.0760224 0.0010603 0.9971055
vn 0.0760224 0.0010603 0.9971055
vn 0.0760224 0.0010603 0.9971055
vn 0.0585889 -0.9809041 0.1854573
vn 0.1697962 -0.9754325 0.1403592
vn 0.2145236 -0.9691507 0.1213529
vn -0.0040198 -0.0111905 0.9999293
vn -0.0208737 -0.0034092 0.9997763
vn 0.0070678 -0.0087466 0.9999368
vn -0.0688931 -0.0062854 0.9976043
vn -0.0688931 -0.0062854 0.9976043
vn -0.0508690 -0.9725815 0.2269308
vn -0.9706275 0.0049721 0.2405360
vn -0.9716924 0.0062065 0.2361683
vn -0.9659292 -0.0002086 0.2588064
vn 0.1890719 0.0309594 0.9814751
vn 0.1890719 0.0309594 0.9814751
vn 0.1890719 0.0309594 0.9814751
vn -0.0043593 0.0001190 -0.9999905
vn -0.0043593 0.0001190 -0.9999905
vn -0.0043593 0.0001190 -0.9999905
vn -0.9653808 -0.0007879 0.2608434
vn 0.0133558 0.0953217 -0.9953569
vn -0.0129810 0.0487721 -0.9987256
vn -0.0251550 0.0487138 -0.9984960
vn -0.0290303 -0.0034419 0.9995726
vn 0.0018212 -0.8996087 -0.4366931
vn 0.0608166 -0.9707008 -0.2324679
vn 0.0452745 -0.9558072 -0.2904873
vn 0.9709938 -0.0000138 -0.2391048
vn 0.9707454 -0.0001155 -0.2401111
vn 0.9709854 -0.0000172 -0.2391388
vn 0.1362685 -0.0005852 -0.9906718
vn 0.0171771 0.0001207 -0.9998525
vn -0.2099214 -0.0278157 -0.9773225
vn 0.9707321 -0.0001209 -0.2401649
vn -0.9466825 -0.2737211 0.1699089
vn -0.9466825 -0.2737211 0.1699089
vn -0.9466825 -0.2737211 0.1699089
vn 0.0253099 0.0006537 -0.9996794
vn 0.2793209 0.0009475 -0.9601973
vn 0.0587494 0.0006141 -0.9982726
vn -0.4573420 0.0001716 -0.8892909
vn 0.0883921 -0.9861184 -0.1405609
vn 0.0912782 -0.9856384 -0.1420745
vn 0.0393638 -0.0251114 0.9989094
vn -0.2253785 -0.0040016 -0.9742631
vn -0.7333533 -0.0112062 -0.6797554
vn 0.9687509 0.0007448 0.2480346
vn 0.9731094 0.0001546 0.2303434
vn 0.9688299 0.0007345 0.2477257
vn 0.9731792 0.0001448 0.2300485
vn 0.0286076 -0.9693226 0.2441216
vn -0.1222089 -0.9492512 0.2898054
vn -0.0407031 -0.9404455 0.3374989
vn 0.1843856 -0.9292843 0.3200510
vn -0.0310973 0.0005630 0.9995162
vn -0.0282241 0.0005798 0.9996015
vn -0.0311154 0.0005628 0.9995156
vn 0.0216516 -0.0010111 0.9997651
vn 0.0226668 -0.0010435 0.9997425
vn 0.0464666 -0.8367325 0.5456369
vn -0.9295289 0.0021760 0.3687429
vn -0.9295289 0.0021760 0.3687429
vn -0.9295289 0.0021760 0.3687429
vn -0.2462256 -0.0028067 -0.9692085
vn -0.2044106 -0.0201627 -0.9786776
vn -0.2144497 -0.0160163 -0.9766037
vn 0.0075846 0.0008093 0.9999709
vn 0.0129832 0.0002982 0.9999157
vn 0.0129832 0.0002982 0.9999157
vn 0.0129832 0.0002982 0.9999157
vn 0.9732334 -0.0000221 -0.2298191
vn 0.9729358 0.0000738 -0.2310758
vn 0.9716022 -0.0006246 -0.2366196
vn -0.9762107 -0.0018241 0.2168165
vn -0.9723729 -0.0011162 0.2334302
vn -0.9749726 -0.0015900 0.2223195
vn -0.9661495 -0.1591691 0.2030278
vn -0.9661495 -0.1591691 0.2030278
vn -0.9661495 -0.1591691 0.2030278
vn -0.9782860 -0.0022304 0.2072477
vn 0.9714909 -0.0006686 -0.2370760
vn 0.9722201 -0.0003099 -0.2340681
vn -0.2520315 -0.0003790 -0.9677190
vn -0.4774587 0.0855217 0.8744822
vn -0.5079856 0.0908390 0.8565622
vn 0.1730304 -0.0645574 0.9827985
vn 0.0088442 -0.9456766 -0.3249886
vn 0.0336474 -0.8456686 -0.5326467
vn 0.0372271 -0.9205256 -0.3889046
vn -0.0070980 -0.9946815 -0.1027535
vn 0.9729053 0.0000825 -0.2312039
vn -0.1200898 -0.0024183 0.9927601
vn 0.0132698 0.0019663 0.9999100
vn -0.0119775 0.0012703 -0.9999275
vn -0.0880401 -0.0000779 -0.9961169
vn -0.0127805 0.0012564 -0.9999175
vn -0.0174541 -0.9939665 -0.1082867
vn -0.0146483 0.0000453 -0.9998927
vn 0.0773680 -0.0026684 -0.9969990
vn -0.0147398 0.0000714 -0.9998914
vn 0.0755086 -0.7872262 -0.6120240
vn 0.0241471 0.9984615 0.0499156
vn 0.0241471 0.9984615 0.0499156
vn 0.0241471 0.9984615 0.0499156
vn -0.0120938 -0.0109648 -0.9998667
vn 0.9691072 -0.0012114 0.2466367
vn 0.9606887 0.0008094 0.2776268
vn 0.9688224 -0.0011389 0.2477537
vn 0.9697171 -0.1596139 0.1848570
vn 0.9697171 -0.1596139 0.1848570
vn 0.9697171 -0.1596139 0.1848570
vn -0.9735473 0.0219876 -0.2274250
vn -0.9735473 0.0219876 -0.2274250
vn -0.9735473 0.0219876 -0.2274250
vn -0.8950612 0.0000593 0.4459433
vn -0.8950612 0.0000593 0.4459433
vn -0.8950612 0.0000593 0.4459433
vn 0.3283048 -0.1073034 0.9384572
vn -0.0131061 -0.0015036 -0.9999130
vn -0.0052178 -0.0010790 -0.9999858
vn -0.0130155 -0.0015125 -0.9999142
vn -0.1017393 -0.9754603 0.1952598
vn -0.0400824 -0.9728080 0.2281186
vn -0.1306081 -0.9750581 0.1794523
vn 0.6394887 0.0170694 -0.7686110
vn 0.9605029 0.0008514 0.2782686
vn -0.8801235 -0.0108051 0.4746217
vn -0.0583555 0.0055218 0.9982806
vn -0.0382645 -0.0008654 0.9992673
vn 0.0231058 -0.9651881 0.2605342
vn 0.0214618 0.0026557 0.9997661
vn 0.0214618 0.0026557 0.9997661
vn 0.0214618 0.0026557 0.9997661
vn -0.0577955 0.0920570 -0.9940750
vn -0.0605370 0.0059111 0.9981485
vn -0.8885595 -0.0108937 0.4586320
vn 0.9261753 0.0651292 -0.3714262
vn 0.9261753 0.0651292 -0.3714262
vn 0.9261753 0.0651292 -0.3714262
vn -0.9686147 0.0050169 0.2485165
vn -0.9702825 0.0014955 0.2419704
vn -0.9698769 0.0023628 0.2435840
vn -0.9679531 0.0063817 0.2510499
vn 0.0034855 -0.0023822 0.9999911
vn 0.0142607 0.0125095 0.9998201
vn 0.6591407 0.0176308 -0.7518130
vn -0.0002801 0.0000257 1.0000000
vn 0.0163249 0.0020601 0.9998646
vn 0.9712812 0.0000302 -0.2379347
vn 0.9713326 0.0000183 -0.2377246
vn 0.9773494 -0.0014579 -0.2116270
vn 0.9775395 -0.0015075 -0.2107469
vn 0.3961752 0.0857154 0.9141652
vn 0.3961752 0.0857154 0.9141652
vn 0.3961752 0.0857154 0.9141652
vn 0.0176259 -0.0000673 -0.9998446
vn -0.0030325 -0.0000480 -0.9999954
vn -0.0223303 0.0002729 -0.9997506
vn -0.0975292 -0.9762686 -0.1933591
vn -0.0937424 -0.9266382 -0.3640798
vn -0.0548003 -0.9216999 -0.3840132
vn -0.0181796 -0.9947063 -0.1011382
vn 0.0130095 -0.9964728 -0.0829017
vn -0.0354656 -0.8542707 -0.5186172
vn -0.4012136 0.0002974 -0.9159845
vn -0.2239437 0.0002922 -0.9746020
vn 0.0087724 -0.0024134 0.9999586
vn -0.2627835 0.0486634 -0.9636268
vn -0.2627835 0.0486634 -0.9636268
vn -0.2627835 0.0486634 -0.9636268
vn 0.0093288 -0.0025517 0.9999532
vn 0.9158624 0.0001510 0.4014923
vn 0.9666916 -0.0005404 0.2559433
vn 0.9445951 -0.0019620 0.3282320
vn 0.9732592 -0.0043938 0.2296677
vn -0.9755719 -0.0647055 -0.2099348
vn -0.9755719 -0.0647055 -0.2099348
vn -0.9755719 -0.0647055 -0.2099348
vn 0.9710389 0.0004364 0.2389208
vn 0.9708958 0.0004085 0.2395021
vn -0.4156111 -0.0190429 -0.9093430
vn -0.4156111 -0.0190429 -0.9093430
vn -0.4156111 -0.0190429 -0.9093430
vn 0.0401775 -0.9484546 0.3143558
vn 0.0421401 -0.9857309 0.1629690
vn 0.0508894 -0.9784749 0.1999927
vn -0.0343174 0.0018450 0.9994093
vn 0.0110505 0.0021982 0.9999365
vn 0.0120034 0.0016159 0.9999267
vn 0.0165094 -0.0249951 -0.9995512
vn -0.4673085 0.0017639 0.8840926
vn 0.0023406 -0.0269643 0.9996337
vn -0.0007834 -0.0343419 0.9994098
vn 0.0157108 -0.9821044 0.1876810
vn 0.0126392 0.0016076 0.9999188
vn -0.8017826 0.0010050 0.5976150
vn -0.4701717 0.1023637 -0.8766186
vn -0.1572361 -0.0017130 -0.9875596
vn -0.1874867 0.0080683 -0.9822340
vn 0.9758425 0.0475723 -0.2132329
vn 0.9758425 0.0475723 -0.2132329
vn 0.9758425 0.0475723 -0.2132329
vn 0.0196176 -0.8939548 0.4477276
vn -0.5004927 0.1128368 -0.8583559
vn 0.5762635 -0.0025141 0.8172601
vn 0.5762635 -0.0025141 0.8172601
vn 0.5762635 -0.0025141 0.8172601
vn 0.8823678 0.0327579 0.4694187
vn 0.8823678 0.0327579 0.4694187
vn 0.8823678 0.0327579 0.4694187
vn -0.1076005 0.0508205 -0.9928945
vn -0.1706092 0.1215878 -0.9778082
vn 0.3754236 0.0021061 -0.9268509
vn 0.0330054 -0.0140330 -0.9993567
vn -0.0946472 0.1710064 -0.9807134
vn 0.3780736 0.0021283 -0.9257731
vn -0.0128067 -0.0264721 -0.9995675
vn 0.0022041 -0.9170975 -0.3986569
vn -0.0062170 -0.9249505 -0.3800367
vn -0.0099342 -0.9282767 -0.3717576
vn -0.0051433 0.0024400 0.9999838
vn -0.0051433 0.0024400 0.9999838
vn -0.0051433 0.0024400 0.9999838
vn -0.0147843 -0.9324874 -0.3608997
vn 0.0819285 -0.9887039 -0.1255086
vn 0.0471797 -0.9901643 -0.1317143
vn 0.7192781 -0.6942309 0.0261247
vn -0.9747655 -0.0097129 -0.2230198
vn -0.9732728 -0.0232530 -0.2284717
vn -0.9752875 -0.0029470 -0.2209199
vn -0.9695832 -0.0004760 -0.2447616
vn -0.9694963 -0.0004879 -0.2451055
vn 0.9754681 -0.0016523 0.2201344
vn 0.9654426 0.0001790 0.2606156
vn 0.9652856 0.0002054 0.2611967
vn 0.7688684 -0.6379843 0.0426313
vn 0.7706344 0.0133204 -0.6371383
vn 0.0699542 0.0006336 -0.9975500
vn 0.0524058 0.0003208 -0.9986258
vn -0.0349674 -0.0292352 -0.9989608
vn 0.9757026 -0.0016991 0.2190927
vn -0.0000855 -0.9791521 0.2031282
vn -0.0000855 -0.9791521 0.2031282
vn -0.0000855 -0.9791521 0.2031282
vn -0.0203933 0.0003375 0.9997920
vn -0.0203933 0.0003375 0.9997920
vn -0.0203933 0.0003375 0.9997920
vn -0.9296607 -0.0089094 0.3683092
vn -0.9296607 -0.0089094 0.3683092
vn -0.9296607 -0.0089094 0.3683092
vn 0.7772208 0.0134425 -0.6290843
vn 0.1599627 -0.8914154 -0.4240172
vn 0.2589333 -0.8869756 -0.3823975
vn 0.3547273 -0.7067322 -0.6121260
vn 0.9816978 0.0208065 -0.1893056
vn 0.9816978 0.0208065 -0.1893056
vn 0.9816978 0.0208065 -0.1893056
vn 0.9094058 -0.3441999 -0.2334684
vn 0.9094058 -0.3441999 -0.2334684
vn 0.9094058 -0.3441999 -0.2334684
vn 0.0802293 -0.9360507 -0.3425965
vn 0.1002735 -0.9466107 -0.3063876
vn 0.0080473 -0.0382073 -0.9992374
vn 0.0080473 -0.0382073 -0.9992374
vn 0.0080473 -0.0382073 -0.9992374
vn -0.0308455 -0.9082687 -0.4172488
vn 0.0160438 -0.8548717 -0.5185914
vn -0.0688931 -0.0062854 0.9976043
vn 0.0173256 -0.0071207 0.9998245
vn -0.2673522 -0.0063825 0.9635777
vn 0.0107564 -0.0025848 0.9999388
vn 0.0129985 0.0032330 0.9999103
vn 0.0365170 -0.8805391 0.4725648
vn 0.0445744 -0.9286554 0.3682557
vn 0.0662456 -0.9727644 0.2221282
vn 0.0156660 -0.9869615 0.1601923
vn -0.0213008 -0.9892944 0.1443706
vn -0.0229500 0.0112629 0.9996732
vn 0.0253551 0.0419385 0.9987984
vn 0.0765053 0.0647695 0.9949632
vn -0.0615446 0.9536800 0.2944599
vn -0.0615446 0.9536800 0.2944599
vn -0.0615446 0.9536800 0.2944599
vn -0.0273514 0.0235396 0.9993487
vn -0.0901111 -0.9638543 0.2507285
vn -0.1165127 -0.9576380 0.2633519
vn -0.0265664 -0.9752304 0.2195902
vn 0.0303720 -0.9811608 0.1907904
vn -0.0032656 0.0431633 0.9990627
vn 0.1052311 0.9939847 0.0303459
vn 0.1052311 0.9939847 0.0303459
vn 0.1052311 0.9939847 0.0303459
vn -0.0028487 0.0152306 -0.9998799
vn -0.0028487 0.0152306 -0.9998799
vn -0.0028487 0.0152306 -0.9998799
vn 0.1925776 0.0023593 0.9812789
vn 0.1925776 0.0023593 0.9812789
vn 0.1925776 0.0023593 0.9812789
vn -0.9697772 -0.0004944 0.2439916
vn -0.9697772 -0.0004944 0.2439916
vn -0.9697772 -0.0004944 0.2439916
vn 0.0087864 0.9993955 -0.0336376
vn 0.0087864 0.9993955 -0.0336376
vn 0.0087864 0.9993955 -0.0336376
vn 0.8044876 0.0038152 -0.5939571
vn 0.8044876 0.0038152 -0.5939571
vn 0.8044876 0.0038152 -0.5939571
vn -0.8038182 0.0015893 0.5948729
vn -0.8038182 0.0015893 0.5948729
vn -0.8038182 0.0015893 0.5948729
vn 0.9759284 -0.0000710 0.2180911
vn 0.9759284 -0.0000710 0.2180911
vn 0.9759284 -0.0000710 0.2180911
vn 0.0085004 -0.0024795 0.9999608
vn 0.0085004 -0.0024795 0.9999608
vn 0.0085004 -0.0024795 0.9999608
vn 0.2082333 -0.0200350 -0.9778740
vn 0.2082333 -0.0200350 -0.9778740
vn -0.4336604 0.0034074 0.9010699
vn -0.4336604 0.0034074 0.9010699
vn -0.4336604 0.0034074 0.9010699
vn 0.0066886 -0.9957600 0.0917463
vn 0.0066886 -0.9957600 0.0917463
vn 0.0066886 -0.9957600 0.0917463
vn 0.4107796 0.8816914 0.2321213
vn 0.4107796 0.8816914 0.2321213
vn 0.4107796 0.8816914 0.2321213
vn -0.0361508 -0.9883814 -0.1476322
vn -0.0361508 -0.9883814 -0.1476322
vn -0.0361508 -0.9883814 -0.1476322
vn -0.1063774 -0.8883813 0.4466122
vn -0.1063774 -0.8883813 0.4466122
vn -0.1063774 -0.8883813 0.4466122
vn -0.0626123 -0.9959891 0.0639179
vn -0.0626123 -0.9959891 0.0639179
vn -0.0626123 -0.9959891 0.0639179
vn 0.0363336 0.9963951 0.0766591
vn 0.0363336 0.9963951 0.0766591
vn 0.0363336 0.9963951 0.0766591
vn 0.2082333 -0.0200350 -0.9778740
vn 0.0072847 0.0003543 0.9999734
vn 0.0072847 0.0003543 0.9999734
vn -0.0836410 -0.0021395 0.9964937
vn -0.0836410 -0.0021395 0.9964937
vn -0.0836410 -0.0021395 0.9964937
vn 0.0072847 0.0003543 0.9999734
vn -0.9687646 -0.0003130 0.2479819
vn -0.9687646 -0.0003130 0.2479819
vn -0.9687646 -0.0003130 0.2479819
vn -0.1733607 0.0001893 0.9848584
vn -0.1733607 0.0001893 0.9848584
vn -0.1733607 0.0001893 0.9848584
vn -0.9725201 0.0008670 0.2328172
vn -0.9725201 0.0008670 0.2328172
vn -0.9725201 0.0008670 0.2328172
vn 0.8748930 -0.0059709 -0.4842795
vn 0.8748930 -0.0059709 -0.4842795
vn 0.8748930 -0.0059709 -0.4842795
vn -0.0037476 0.0425863 0.9990858
vn -0.0037476 0.0425863 0.9990858
vn -0.0037476 0.0425863 0.9990858
vn 0.5948174 -0.0112971 0.8037814
vn 0.5948174 -0.0112971 0.8037814
vn 0.5948174 -0.0112971 0.8037814
vn 0.9730305 -0.0003746 0.2306761
vn 0.9730305 -0.0003746 0.2306761
vn 0.9730305 -0.0003746 0.2306761
vn -0.1900973 0.0285254 0.9813508
vn -0.1900973 0.0285254 0.9813508
vn -0.1900973 0.0285254 0.9813508
vn 0.2814337 0.0145553 -0.9594703
vn 0.2900822 0.0146104 -0.9568902
vn 0.2916170 0.0146201 -0.9564234
vn -0.7177389 -0.0265430 -0.6958063
vn -0.7177389 -0.0265430 -0.6958063
vn -0.7177389 -0.0265430 -0.6958063
vn 0.2708514 0.0144865 -0.9625122
vn 0.0570007 -0.9951437 -0.0802492
vn 0.0570007 -0.9951437 -0.0802492
vn 0.0570007 -0.9951437 -0.0802492
vn -0.9761139 0.0011035 -0.2172568
vn -0.9763409 -0.0065526 -0.2161377
vn -0.9763639 -0.0074589 -0.2160044
vn -0.9764895 -0.0516968 -0.2092742
vn -0.0210636 -0.0031066 0.9997733
vn -0.0210636 -0.0031066 0.9997733
vn -0.0210636 -0.0031066 0.9997733
vn 0.4110431 -0.0052865 0.9116006
vn 0.4136066 -0.0053249 0.9104401
vn 0.1016536 -0.0006885 0.9948196
vn -0.0012746 -0.9948401 0.1014477
vn -0.0012746 -0.9948401 0.1014477
vn -0.0012746 -0.9948401 0.1014477
vn 0.0887194 -0.0004981 0.9960565
vn 0.2142519 -0.0014216 -0.9767774
vn 0.2142519 -0.0014216 -0.9767774
vn 0.2142519 -0.0014216 -0.9767774
vn -0.4162132 -0.0314802 -0.9087220
vn -0.4162132 -0.0314802 -0.9087220
vn -0.4162132 -0.0314802 -0.9087220
vn -0.2159820 -0.0351807 0.9757633
vn -0.2159820 -0.0351807 0.9757633
vn -0.2159820 -0.0351807 0.9757633
vn 0.2997978 0.0249108 0.9536775
vn 0.2997978 0.0249108 0.9536775
vn 0.2997978 0.0249108 0.9536775
vn 0.0069889 -0.0252285 -0.9996573
vn 0.0071585 -0.0051266 -0.9999612
vn 0.0068654 -0.0396494 -0.9991901
vn 0.0071965 -0.0005746 -0.9999739
vn -0.3003266 -0.0368710 -0.9531235
vn -0.3003266 -0.0368710 -0.9531235
vn -0.3003266 -0.0368710 -0.9531235
vn 0.9735953 -0.0000927 -0.2282810
vn 0.9735953 -0.0000927 -0.2282810
vn 0.9735953 -0.0000927 -0.2282810
vn -0.0234946 -0.0000989 -0.9997240
vn -0.0237180 -0.0001052 -0.9997187
vn 0.0019581 0.0006177 -0.9999979
vn -0.0908822 -0.9804405 -0.1745760
vn -0.1360933 -0.9788998 -0.1524266
vn -0.0482625 -0.9796249 -0.1949506
vn 0.0049836 -0.9755493 -0.2197243
vn 0.0024263 0.0006308 -0.9999969
vn -0.9721905 -0.0004548 -0.2341910
vn -0.9720731 -0.0003606 -0.2346779
vn -0.9730973 -0.0011897 -0.2303914
vn 0.2376225 0.0075478 0.9713283
vn 0.3294843 0.0566595 0.9424594
vn 0.3112858 0.0468178 0.9491624
vn -0.9731347 -0.0012203 -0.2302333
vn 0.2109119 -0.0064766 0.9774836
vn -0.6234819 -0.0782836 0.7779087
vn -0.6234819 -0.0782836 0.7779087
vn -0.6234819 -0.0782836 0.7779087
vn -0.0174322 -0.0045768 -0.9998376
vn -0.2036238 -0.0547752 -0.9775157
vn -0.2124079 -0.0571435 -0.9755088
vn -0.0004665 -0.0000030 -0.9999999
vn -0.0282315 -0.9987127 0.0421407
vn -0.0282315 -0.9987127 0.0421407
vn -0.0282315 -0.9987127 0.0421407
vn 0.1761574 0.0001294 0.9843620
vn 0.1761574 0.0001294 0.9843620
vn 0.1761574 0.0001294 0.9843620
vn 0.0306528 0.9994855 -0.0094416
vn 0.0306528 0.9994855 -0.0094416
vn 0.0306528 0.9994855 -0.0094416
vn -0.1713258 -0.1020893 -0.9799108
vn -0.1713258 -0.1020893 -0.9799108
vn -0.1713258 -0.1020893 -0.9799108
vn -0.0002151 -0.0009617 0.9999995
vn -0.0002151 -0.0009617 0.9999995
vn -0.0002151 -0.0009617 0.9999995
vn 0.3613930 0.0095703 0.9323645
vn 0.7407445 0.0219353 0.6714287
vn -0.3746129 0.0463153 0.9260238
vn -0.5160470 -0.0009893 0.8565597
vn -0.9202951 0.0155191 0.3909170
vn -0.9687518 -0.0003934 0.2480320
vn -0.7230462 -0.0031462 0.6907925
vn -0.7230462 -0.0031462 0.6907925
vn -0.7230462 -0.0031462 0.6907925
vn 0.4589346 -0.0014086 -0.8884690
vn 0.4589346 -0.0014086 -0.8884690
vn 0.4589346 -0.0014086 -0.8884690
vn 0.1195300 0.0066539 0.9928083
vn 0.1195300 0.0066539 0.9928083
vn -0.0051128 0.0019506 0.9999850
vn 0.7178452 -0.0305061 0.6955341
vn -0.0423577 0.0035941 0.9990960
vn -0.9640025 -0.0006801 0.2658924
vn -0.9329983 -0.0017692 0.3598764
vn -0.9521361 -0.0108448 0.3054819
vn -0.9582453 -0.0005811 0.2859468
vn -0.9035937 -0.0042893 0.4283689
vn 0.1195300 0.0066539 0.9928083
vn 0.9776122 -0.0088034 0.2102304
vn 0.9723491 -0.0006951 0.2335311
vn 0.9742286 -0.0034832 0.2255361
vn 0.9785788 -0.0104052 0.2056096
vn 0.7431596 -0.0316711 0.6683642
vn -0.9247911 -0.0247508 0.3796694
vn 0.9716179 0.0001027 0.2365560
vn 0.9719524 -0.0000150 0.2351775
vn 0.9696864 0.0007692 0.2443517
vn 0.8588006 0.0066203 0.5122672
vn 0.8588006 0.0066203 0.5122672
vn -0.1808225 -0.0004567 0.9835156
vn -0.2760422 -0.0107661 0.9610852
vn -0.1773521 -0.0001200 0.9841475
vn 0.9696237 0.0007905 0.2446003
vn -0.1773490 -0.0001201 0.9841480
vn 0.0366909 -0.0010062 0.9993262
vn -0.2832518 -0.0115544 0.9589760
vn -0.9760545 -0.0008279 0.2175247
vn -0.9727115 0.0008399 0.2320165
vn -0.9726526 0.0007953 0.2322634
vn -0.9662407 0.0000495 0.2576411
vn -0.9478744 0.0015486 0.3186406
vn 0.0366909 -0.0010062 0.9993262
vn 0.0366909 -0.0010062 0.9993262
vn 0.9633295 0.0119898 0.2680533
vn 0.9633295 0.0119898 0.2680533
vn 0.9633295 0.0119898 0.2680533
vn -0.8038589 0.0051469 0.5947978
vn -0.8038589 0.0051469 0.5947978
vn -0.8038589 0.0051469 0.5947978
vn 0.1524536 -0.0011009 -0.9883100
vn 0.1524536 -0.0011009 -0.9883100
vn 0.6523923 0.0350134 0.7570722
vn -0.1062006 -0.0071004 0.9943194
vn 0.4565388 -0.0021115 0.8897010
vn 0.1385968 0.0091118 0.9903070
vn 0.9630114 0.0020917 0.2694526
vn -0.6421972 -0.0090955 -0.7664855
vn -0.6421972 -0.0090955 -0.7664855
vn -0.6421972 -0.0090955 -0.7664855
vn 0.7944436 0.0412196 0.6059376
vn -0.0133256 -0.0026661 0.9999077
vn 0.0924363 0.0005779 0.9957184
vn -0.0154360 -0.0027305 0.9998771
vn -0.9688883 0.0005324 0.2474979
vn -0.9680423 0.0009234 0.2507854
vn -0.9681014 0.0008962 0.2505573
vn -0.9689200 0.0005176 0.2473738
vn 0.9273531 0.1204687 -0.3542648
vn 0.9273531 0.1204687 -0.3542648
vn 0.9273531 0.1204687 -0.3542648
vn -0.4717318 0.0004202 -0.8817420
vn 0.1385968 0.0091118 0.9903070
vn 0.1385968 0.0091118 0.9903070
vn 0.0042411 0.0003802 -0.9999909
vn -0.6759453 0.0004015 -0.7369517
vn -0.7760025 0.0003789 -0.6307297
vn 0.9716665 -0.0078859 0.2362246
vn 0.9716665 -0.0078859 0.2362246
vn 0.9716665 -0.0078859 0.2362246
vn 0.0125286 -0.0133438 -0.9998325
vn 0.0125286 -0.0133438 -0.9998325
vn 0.0125286 -0.0133438 -0.9998325
vn -0.8749258 0.0085075 0.4841823
vn -0.8749258 0.0085075 0.4841823
vn -0.8749258 0.0085075 0.4841823
vn 0.0256348 0.0030402 0.9996668
vn 0.0256348 0.0030402 0.9996668
vn 0.0256348 0.0030402 0.9996668
vn 0.8277112 0.1734274 -0.5336825
vn 0.8277112 0.1734274 -0.5336825
vn 0.8277112 0.1734274 -0.5336825
vn 0.8588006 0.0066203 0.5122672
vn 0.1524536 -0.0011009 -0.9883100
vn 0.0817367 0.0002485 0.9966539
vn 0.0012128 0.9927882 0.1198758
vn 0.0147396 0.9909938 0.1330939
vn -0.0070690 0.9912647 0.1316976
vn 0.0483720 0.4354955 -0.8988903
vn 0.0665087 0.6895474 -0.7211803
vn 0.0029980 0.6713513 -0.7411333
vn 0.0164844 -0.0132926 -0.9997758
vn -0.0245570 -0.0066751 -0.9996761
vn 0.9612166 0.0005866 0.2757940
vn 0.9612166 0.0005866 0.2757940
vn 0.9612166 0.0005866 0.2757940
vn -0.0608104 0.0045331 0.9981390
vn -0.0129907 0.0054388 0.9999008
vn 0.0004606 -0.0171707 0.9998525
vn 0.1319747 -0.9756539 0.1751635
vn 0.1319747 -0.9756539 0.1751635
vn 0.1319747 -0.9756539 0.1751635
vn -0.3583352 -0.0004041 0.9335929
vn -0.1062430 0.0021570 0.9943379
vn -0.3597813 -0.0004194 0.9330366
vn -0.1048386 0.0021707 0.9944869
vn -0.9716013 -0.0025449 0.2366102
vn -0.9697171 -0.0001679 0.2442309
vn -0.9688606 -0.0004709 0.2476062
vn 0.0469004 -0.0015740 -0.9988983
vn 0.0485509 -0.0015987 -0.9988194
vn -0.1097159 0.0007796 -0.9939627
vn -0.9719188 -0.0027889 0.2353001
vn 0.9728623 0.0009104 -0.2313832
vn 0.9683125 0.0002595 -0.2497417
vn 0.9727995 0.0009011 -0.2316468
vn -0.9706023 -0.0000214 0.2406891
vn 0.9681975 0.0002437 -0.2501869
vn 0.2077383 -0.0017461 -0.9781829
vn 0.2077323 -0.0017460 -0.9781842
vn 0.2064673 -0.0017353 -0.9784520
vn 0.0112794 -0.9779361 -0.2085995
vn -0.0121072 -0.9732272 -0.2295263
vn -0.0337463 -0.9819471 -0.1861212
vn -0.0586405 0.0060273 0.9982610
vn -0.0822536 0.0545934 0.9951150
vn 0.0189355 -0.9626823 -0.2699707
vn -0.0565282 -0.9794267 -0.1937213
vn 0.2064575 -0.0017353 -0.9784540
vn -0.0141690 0.0003119 0.9998996
vn -0.0325047 -0.0336047 -0.9989065
vn -0.9741571 0.0006134 -0.2258706
vn -0.9700883 0.0000162 -0.2427525
vn -0.9742644 0.0006297 -0.2254075
vn -0.0129194 -0.0000007 0.9999165
vn -0.0129093 -0.0000010 0.9999167
vn 0.9422188 -0.2981002 0.1528399
vn 0.9422188 -0.2981002 0.1528399
vn 0.9422188 -0.2981002 0.1528399
vn 0.9682143 0.0000586 0.2501222
vn 0.9677446 -0.0000129 0.2519334
vn 0.9677164 -0.0012027 0.2520386
vn -0.2253014 -0.9018837 0.3685717
vn -0.2253014 -0.9018837 0.3685717
vn -0.2253014 -0.9018837 0.3685717
vn 0.9751473 -0.0098260 0.2213395
vn 0.9770301 -0.0106208 0.2128366
vn 0.4049459 -0.4770996 0.7799966
vn 0.4049459 -0.4770996 0.7799966
vn 0.4049459 -0.4770996 0.7799966
vn -0.0334225 -0.0217920 -0.9992037
vn -0.9700273 0.0000075 -0.2429959
vn 0.0053678 0.0013418 -0.9999847
vn 0.0061881 0.0013718 -0.9999799
vn 0.0010731 0.5380486 -0.8429131
vn 0.0032675 -0.9999503 0.0094151
vn -0.0041398 -0.9998769 0.0151326
vn -0.0101584 -0.9997528 0.0197775
vn 0.9710186 -0.0066694 0.2389108
vn -0.0418359 0.0005117 0.9991244
vn -0.0412343 0.0005386 0.9991494
vn 0.0007509 0.0024126 0.9999968
vn 0.0163702 -0.9998658 -0.0007012
vn -0.0652508 -0.0173802 0.9977175
vn 0.0019898 0.0024678 0.9999950
vn -0.9699133 -0.0009246 0.2434490
vn -0.9872327 0.0105305 0.1589363
vn -0.9740618 0.0005308 0.2262813
vn -0.9878342 0.0110825 0.1551153
vn -0.9782543 0.0025998 0.2073930
vn 0.9729808 -0.0002890 -0.2308860
vn 0.9737223 0.0007718 -0.2277374
vn 0.9641580 -0.0098296 -0.2651466
vn 0.8655331 0.0066880 -0.5008070
vn -0.8777969 -0.0007946 0.4790324
vn -0.4700533 -0.0013563 0.8826370
vn 0.9675873 0.0177995 -0.2519087
vn 0.0485346 -0.9413646 -0.3338819
vn 0.0600661 -0.9679412 -0.2438893
vn 0.0373223 -0.9848406 -0.1693993
vn -0.0167397 -0.0007865 -0.9998596
vn 0.7773496 0.0048779 -0.6290499
vn 0.0103139 0.0352572 -0.9993250
vn 0.7095837 0.0145043 -0.7044718
vn -0.0237545 -0.8462519 -0.5322532
vn 0.9708881 0.0199986 -0.2386973
vn -0.9362071 -0.3086928 0.1680031
vn -0.9362071 -0.3086928 0.1680031
vn -0.9362071 -0.3086928 0.1680031
vn -0.2466314 -0.0238801 -0.9688151
vn -0.3822423 -0.0294447 -0.9235929
vn -0.0057461 0.0358792 -0.9993396
vn -0.0479561 -0.0015077 0.9988483
vn -0.1263318 0.0000048 0.9919880
vn -0.0115238 -0.9809127 -0.1941067
vn -0.0094714 0.9943235 0.1059763
vn -0.0864003 -0.0017446 0.9962590
vn -0.9669159 -0.0069233 -0.2550014
vn -0.9447004 -0.0114332 -0.3277353
vn -0.9712245 -0.0043561 -0.2381260
vn -0.9710383 0.0033567 -0.2389003
vn -0.9705770 0.0032111 -0.2407696
vn -0.9621935 0.0006956 -0.2723658
vn 0.0102988 0.9978021 0.0654595
vn 0.9656163 -0.0002981 0.2599713
vn 0.9626997 -0.0006224 0.2705713
vn 0.9703249 -0.0037495 0.2417759
vn 0.9527043 -0.0008900 0.3038977
vn 0.9367528 0.0015440 0.3499883
vn -0.0082587 0.0161658 0.9998352
vn 0.9626244 -0.0006343 0.2708390
vn -0.0314384 0.2016210 -0.9789589
vn 0.0300752 0.1024787 -0.9942804
vn 0.1688595 -0.9366915 0.3067497
vn 0.1614484 -0.9204926 0.3558479
vn 0.1675415 -0.9619969 0.2156195
vn 0.0593938 -0.8313062 0.5526322
vn 0.0009854 0.0012798 0.9999987
vn 0.0002169 0.0012735 0.9999992
vn -0.1358515 0.0001495 0.9907292
vn 0.1132709 -0.9632821 0.2434284
vn -0.9604008 0.0005491 0.2786215
vn -0.9662193 -0.0001600 0.2577214
vn -0.9661169 -0.0001470 0.2581047
vn -0.1365360 0.0001438 0.9906351
vn -0.0424736 0.0551473 -0.9975744
vn 0.0067316 -0.0021718 -0.9999750
vn 0.0063789 -0.0021632 -0.9999773
vn -0.9602414 0.0005678 0.2791703
vn -0.0301500 -0.0020203 0.9995433
vn 0.4446629 0.0140857 0.8955872
vn -0.1120527 -0.0002106 0.9937022
vn 0.9789471 -0.0009817 -0.2041119
vn 0.9787260 -0.0009477 -0.2051693
vn 0.9687816 0.0004327 -0.2479155
vn 0.9650096 0.0008977 -0.2622131
vn -0.2122258 0.0023777 -0.9772178
vn -0.4414854 -0.0006716 -0.8972682
vn -0.2138517 0.0024176 -0.9768632
vn -0.1074872 -0.0041271 -0.9941979
vn -0.5033138 -0.0035990 -0.8640962
vn 0.0074405 -0.9808045 -0.1948518
vn -0.0963295 -0.9489753 -0.3002775
vn -0.0623830 -0.9618686 -0.2663026
vn 0.1738595 -0.9846403 -0.0160118
vn -0.0064643 0.0159376 0.9998521
vn -0.1537360 0.0009370 0.9881115
vn 0.9697821 -0.0004428 0.2439723
vn 0.9645347 0.0004782 0.2639555
vn 0.9734506 -0.0017104 0.2288910
vn 0.0015793 -0.0335936 -0.9994343
vn 0.4571361 0.0145142 0.8892783
vn -0.7646729 -0.0024461 -0.6444140
vn 0.9644557 0.0004913 0.2642441
vn -0.0666901 -0.0003736 0.9977737
vn -0.0666901 -0.0003736 0.9977737
vn -0.0666901 -0.0003736 0.9977737
vn -0.7923927 0.0014118 -0.6100097
vn 0.9737687 -0.0018024 0.2275328
vn -0.4576786 0.0000918 0.8891177
vn -0.4914047 0.0003861 0.8709313
vn -0.0261174 0.0002152 0.9996589
vn 0.1726763 -0.9676773 0.1838029
vn -0.0252795 -0.9974754 0.0663603
vn 0.1059025 -0.9837943 0.1446842
vn 0.2198635 -0.9524098 0.2111295
vn -0.0252238 0.0001291 0.9996818
vn -0.0426595 0.0001288 0.9990897
vn 0.0428594 -0.7140064 0.6988261
vn 0.0428594 -0.7140064 0.6988261
vn 0.0428594 -0.7140064 0.6988261
vn -0.7972486 0.0004219 0.6036510
vn 0.0297697 0.0482328 -0.9983924
vn -0.9050489 0.0624751 -0.4206940
vn -0.9050489 0.0624751 -0.4206940
vn -0.9050489 0.0624751 -0.4206940
vn 0.9597894 0.0007358 -0.2807202
vn 0.9752700 -0.0012815 -0.2210130
vn 0.9749975 -0.0012413 -0.2222122
vn 0.9590811 0.0008180 -0.2831305
vn 0.0004117 -0.9788824 -0.2044237
vn -0.0029711 -0.9791892 -0.2029280
vn -0.0074539 -0.9795749 -0.2009415
vn 0.0018062 -0.9787520 -0.2050395
vn 0.1257372 0.0135738 -0.9919707
vn -0.8497126 0.0447298 -0.5253453
vn -0.3655851 0.0802438 -0.9273125
vn 0.0074074 0.9772719 0.2118601
vn 0.0074074 0.9772719 0.2118601
vn 0.0074074 0.9772719 0.2118601
vn -0.7150991 0.0179030 -0.6987938
vn -0.9127604 -0.0009705 -0.4084942
vn -0.9162367 -0.0014381 -0.4006349
vn -0.7069102 0.0184997 -0.7070613
vn 0.3916500 -0.0186950 -0.9199243
vn 0.9704578 -0.0165769 0.2407006
vn 0.8264576 0.0030098 0.5629909
vn 0.9711035 -0.0550449 0.2322239
vn 0.9680368 -0.0265612 0.2493979
vn 0.9262844 0.0078369 0.3767436
vn -0.1337704 0.0054102 0.9909976
vn -0.1337704 0.0054102 0.9909976
vn -0.1337704 0.0054102 0.9909976
vn 0.7819954 -0.0529573 0.6210304
vn 0.7950335 -0.0550651 0.6040609
vn 0.3828106 0.0018586 0.9238250
vn 0.3593927 0.0046972 0.9331746
vn 0.4057567 -0.8915030 0.2014543
vn 0.4057567 -0.8915030 0.2014543
vn 0.4057567 -0.8915030 0.2014543
vn -0.0054887 -0.1874591 0.9822571
vn -0.0054887 -0.1874591 0.9822571
vn 0.8489590 -0.0276049 0.5277372
vn 0.5997076 0.0168944 0.8000409
vn -0.8518789 0.0443977 -0.5218535
vn 0.6036313 0.0144205 0.7971332
vn -0.0542992 -0.8531093 0.5188989
vn -0.0542992 -0.8531093 0.5188989
vn -0.0067701 0.0152356 0.9998610
vn -0.3711441 0.0336678 -0.9279647
vn -0.3711441 0.0336678 -0.9279647
vn -0.3711441 0.0336678 -0.9279647
vn 0.0298498 -0.0024887 0.9995513
vn 0.0298498 -0.0024887 0.9995513
vn -0.1073214 0.0007434 -0.9942241
vn 0.6523726 -0.0185854 -0.7576705
vn 0.6778842 -0.0141950 -0.7350317
vn -0.0054887 -0.1874591 0.9822571
vn 0.8610018 -0.0331100 0.5075231
vn -0.0542992 -0.8531093 0.5188989
vn 0.0298498 -0.0024887 0.9995513
vn -0.0122388 0.9974225 0.0707005
vn 0.0201405 0.9997297 0.0116164
vn -0.0318782 0.9938090 0.1064302
vn -0.9745841 0.0004356 -0.2240217
vn -0.9745841 0.0004356 -0.2240217
vn -0.9745841 0.0004356 -0.2240217
vn -0.0038672 0.0092403 -0.9999498
vn -0.0577947 0.0013371 -0.9983276
vn -0.0273432 0.0029738 -0.9996217
vn -0.9626851 0.0015115 0.2706198
vn -0.9626851 0.0015115 0.2706198
vn -0.9626851 0.0015115 0.2706198
vn 0.1372449 -0.0042771 0.9905279
vn 0.1372449 -0.0042771 0.9905279
vn 0.1372449 -0.0042771 0.9905279
vn -0.0026202 0.0061106 -0.9999779
vn 0.8979693 -0.0019482 0.4400537
vn 0.8979693 -0.0019482 0.4400537
vn 0.8979693 -0.0019482 0.4400537
vn 0.0110003 -0.0006685 -0.9999393
vn 0.1539150 -0.0007427 -0.9880838
vn 0.1539150 -0.0007427 -0.9880838
vn 0.1539150 -0.0007427 -0.9880838
vn -0.1040976 -0.9271682 -0.3598929
vn -0.1040976 -0.9271682 -0.3598929
vn -0.1040976 -0.9271682 -0.3598929
vn -0.9689954 0.0006833 -0.2470779
vn -0.9689954 0.0006833 -0.2470779
vn -0.9689954 0.0006833 -0.2470779
vn 0.0278627 -0.0106225 -0.9995553
vn 0.0444723 -0.0019979 -0.9990086
vn 0.0275130 0.0003117 0.9996214
vn 0.0071051 -0.0000440 0.9999748
vn 0.0072206 -0.0000420 0.9999739
vn 0.0370615 -0.9977128 0.0565292
vn 0.0370615 -0.9977128 0.0565292
vn 0.0370615 -0.9977128 0.0565292
vn 0.0277236 0.0003154 0.9996156
vn 0.9438030 0.0063539 -0.3304476
vn 0.9699627 0.0015416 -0.2432488
vn 0.9432266 0.0064453 -0.3320875
vn 0.9707230 0.0013750 -0.2401979
vn -0.9687597 0.0001201 0.2480012
vn -0.9687597 0.0001201 0.2480012
vn -0.9687597 0.0001201 0.2480012
vn -0.0005714 0.0000482 -0.9999998
vn -0.0005714 0.0000482 -0.9999998
vn -0.0005714 0.0000482 -0.9999998
vn -0.0029099 -0.0004308 -0.9999957
vn 0.1617972 -0.9653518 -0.2047379
vn 0.7441811 -0.5877272 -0.3174448
vn -0.1130392 -0.9844562 -0.1344181
vn 0.2390117 0.0503329 -0.9697113
vn 0.2356928 0.1299567 -0.9630992
vn 0.2099445 0.4183251 -0.8837010
vn 0.2403518 -0.0017035 -0.9706843
vn -0.1744363 -0.9781835 -0.1128233
vn -0.1607001 -0.9814073 -0.1049533
vn 0.0849789 -0.7944172 -0.6013983
vn 0.0849789 -0.7944172 -0.6013983
vn 0.0849789 -0.7944172 -0.6013983
vn -0.9754473 -0.0015953 -0.2202274
vn -0.9693221 -0.0003640 -0.2457936
vn -0.9729336 0.0004734 -0.2310842
vn -0.9729702 0.0005800 -0.2309301
vn 0.1460505 0.0319946 0.9887596
vn 0.1460505 0.0319946 0.9887596
vn 0.1460505 0.0319946 0.9887596
vn 0.0021793 -0.9795181 0.2013444
vn 0.0065338 -0.9799574 0.1991001
vn 0.0040775 -0.9797125 0.2003667
vn -0.9642731 0.0006963 -0.2649092
vn 0.0031766 -0.0019197 -0.9999931
vn -0.0931172 0.0001334 -0.9956551
vn -0.0901378 -0.0001624 -0.9959293
vn 0.1992951 0.0091898 0.9798964
vn -0.0081607 -0.0012732 0.9999659
vn -0.0049195 -0.0011100 0.9999873
vn 0.0129439 -0.9805609 0.1957874
vn -0.9711911 -0.0015173 0.2382972
vn -0.9664702 0.0002559 0.2567786
vn -0.9688055 0.0598634 0.2404836
vn 0.2048955 0.0094727 0.9787380
vn -0.9721076 0.0089693 0.2343638
vn -0.9645325 0.0094872 0.2637937
vn -0.9664060 0.0002997 0.2570201
vn 0.9673165 0.0002309 -0.2535718
vn 0.9673165 0.0002309 -0.2535718
vn 0.9673165 0.0002309 -0.2535718
vn -0.0021380 -0.0015672 -0.9999965
vn -0.0021380 -0.0015672 -0.9999965
vn -0.0021380 -0.0015672 -0.9999965
vn 0.1548301 0.0040257 -0.9879329
vn 0.0133395 0.0004022 -0.9999109
vn 0.0122661 0.0003747 -0.9999247
vn -0.0092994 -0.0191380 -0.9997736
vn 0.0448973 -0.0291938 -0.9985649
vn -0.9690407 0.0003351 -0.2469007
vn -0.9717539 -0.0011487 -0.2359936
vn -0.9691618 0.0002732 -0.2464250
vn -0.0820617 -0.9632930 -0.2556021
vn -0.0535404 -0.9635526 -0.2621065
vn -0.0732713 -0.9625379 -0.2610595
vn 0.1573834 0.0040911 -0.9875291
vn -0.0914421 -0.9557438 -0.2796285
vn -0.9243665 0.0265524 -0.3805806
vn -0.9480380 0.0166386 -0.3177216
vn -0.9706232 -0.0011295 -0.2406022
vn -0.0457445 -0.9626376 -0.2669012
vn -0.2115860 0.8779982 0.4293605
vn 0.0318895 0.5936643 -0.8040807
vn 0.0318895 0.5936643 -0.8040807
vn 0.0349586 -0.0037457 -0.9993817
vn 0.3094710 -0.0574294 -0.9491731
vn 0.4447510 0.0105004 -0.8955927
vn 0.2623823 0.0043202 -0.9649543
vn 0.0050007 -0.0313106 0.9994972
vn 0.0050009 -0.0320873 0.9994726
vn 0.0049992 -0.0267875 0.9996286
vn -0.9694817 0.0047300 -0.2451179
vn 0.6358166 0.0041478 -0.7718290
vn 0.0049981 -0.0235629 0.9997099
vn 0.7456024 -0.0152774 -0.6662159
vn 0.8818866 0.0028283 -0.4714532
vn -0.9753512 -0.0426500 0.2164972
vn -0.9753512 -0.0426500 0.2164972
vn -0.9753512 -0.0426500 0.2164972
vn 0.7368627 0.0076744 -0.6759989
vn 0.9149984 -0.0085300 -0.4033672
vn -0.0607578 0.0125218 -0.9980740
vn 0.6241007 0.0155126 -0.7811899
vn 0.0027894 -0.0030833 -0.9999914
vn 0.9170389 -0.0089064 -0.3986984
vn 0.9743975 0.0026156 -0.2248168
vn -0.0217891 -0.9955686 -0.0914792
vn -0.0217891 -0.9955686 -0.0914792
vn -0.0217891 -0.9955686 -0.0914792
vn 0.7211819 -0.5040881 -0.4751756
vn 0.7211819 -0.5040881 -0.4751756
vn 0.7211819 -0.5040881 -0.4751756
vn -0.0141440 -0.0035878 -0.9998935
vn -0.0602298 -0.9421931 -0.3296127
vn -0.1069416 -0.9591428 -0.2619325
vn -0.2047038 -0.9725885 -0.1103082
vn 0.0544990 -0.8735799 -0.4836196
vn 0.9700217 -0.0005901 0.2430175
vn 0.9700217 -0.0005901 0.2430175
vn 0.9700217 -0.0005901 0.2430175
vn -0.9702845 -0.0907883 -0.2242890
vn -0.9708547 0.0064585 -0.2395817
vn -0.9745635 -0.0080674 -0.2239665
vn -0.9698041 0.0000264 -0.2438851
vn -0.9656696 0.0296264 -0.2580784
vn -0.9696031 -0.0000811 -0.2446830
vn -0.0409316 -0.1237251 -0.9914720
vn -0.0409316 -0.1237251 -0.9914720
vn 0.0065516 -0.9718268 0.2356049
vn 0.0065516 -0.9718268 0.2356049
vn 0.0065516 -0.9718268 0.2356049
vn -0.0074467 -0.0065348 -0.9999509
vn 0.0046723 0.0016483 -0.9999877
vn 0.0318895 0.5936643 -0.8040807
vn 0.8854567 0.0042998 -0.4647019
vn 0.8940496 -0.0127753 -0.4477857
vn -0.0409316 -0.1237251 -0.9914720
vn -0.0767347 0.0002606 0.9970515
vn -0.0767347 0.0002606 0.9970515
vn -0.0767347 0.0002606 0.9970515
vn 0.0164448 0.0010404 -0.9998642
vn 0.0164448 0.0010404 -0.9998642
vn 0.0164448 0.0010404 -0.9998642
vn -0.9632992 -0.0008868 -0.2684286
vn -0.9632992 -0.0008868 -0.2684286
vn -0.9632992 -0.0008868 -0.2684286
vn 0.0868088 -0.0012128 -0.9962243
vn -0.0561372 -0.0161142 0.9982930
vn -0.9676044 0.0006955 0.2524704
vn -0.9607838 -0.0048975 0.2772554
vn -0.9700745 -0.0002943 0.2428074
vn -0.9704973 -0.0000609 0.2411120
vn -0.9678960 0.0010362 0.2513488
vn -0.0471592 -0.0152872 0.9987704
vn 0.0655057 -0.0042433 0.9978432
vn -0.0353558 0.0050892 0.9993618
vn -0.0103588 0.0004185 0.9999463
vn -0.0120341 0.0003544 0.9999275
vn 0.9671928 -0.0003833 0.2540433
vn 0.9671928 -0.0003833 0.2540433
vn 0.9671928 -0.0003833 0.2540433
vn 0.0868088 -0.0012128 -0.9962243
vn 0.0868088 -0.0012128 -0.9962243
vn 0.9775166 -0.0004922 -0.2108578
vn 0.9775166 -0.0004922 -0.2108578
vn 0.9775166 -0.0004922 -0.2108578
vn 0.0810631 0.0055543 -0.9966935
vn 0.0827756 0.0055014 -0.9965530
vn 0.2410449 0.0005046 -0.9705138
vn 0.2443583 0.0003977 -0.9696849
vn -0.9722091 -0.0005742 -0.2341136
vn -0.9764987 0.0018626 -0.2155151
vn -0.9767446 0.0020088 -0.2143966
vn -0.1225495 0.0037103 -0.9924555
vn -0.2282412 0.0026391 -0.9736010
vn -0.7522158 -0.0037519 -0.6589061
vn -0.0562657 -0.0064696 0.9983949
vn 0.1410230 0.0061402 -0.9899873
vn -0.0562657 -0.0064696 0.9983949
vn -0.0562657 -0.0064696 0.9983949
vn 0.9656856 0.0005509 -0.2597132
vn 0.9656856 0.0005509 -0.2597132
vn -0.1234080 0.0054545 -0.9923410
vn -0.1234080 0.0054545 -0.9923410
vn -0.1234080 0.0054545 -0.9923410
vn 0.9656856 0.0005509 -0.2597132
vn -0.7947486 0.0011180 -0.6069377
vn -0.7947486 0.0011180 -0.6069377
vn 0.9574418 -0.0040510 0.2885978
vn 0.9574418 -0.0040510 0.2885978
vn 0.9574418 -0.0040510 0.2885978
vn 0.0461837 -0.0014026 0.9989320
vn 0.0461837 -0.0014026 0.9989320
vn 0.0461837 -0.0014026 0.9989320
vn -0.6008815 0.0015191 -0.7993366
vn -0.6191471 0.0162017 -0.7851079
vn -0.6615688 0.0518100 -0.7480926
vn -0.7139245 0.0992745 -0.6931496
vn -0.9716449 0.0578311 0.2292634
vn -0.9716449 0.0578311 0.2292634
vn -0.9716449 0.0578311 0.2292634
vn 0.1794251 -0.3145081 0.9321434
vn 0.1794251 -0.3145081 0.9321434
vn 0.1794251 -0.3145081 0.9321434
vn -0.9719709 -0.0007037 -0.2351002
vn -0.7947486 0.0011180 -0.6069377
vn 0.0002971 0.0036723 -0.9999932
vn 0.0158127 0.0113385 0.9998107
vn 0.0158127 0.0113385 0.9998107
vn 0.0158127 0.0113385 0.9998107
vn -0.9636252 -0.0005749 0.2672566
vn -0.9636252 -0.0005749 0.2672566
vn -0.9636252 -0.0005749 0.2672566
vn 0.8714787 -0.0677060 -0.4857374
vn 0.8714787 -0.0677060 -0.4857374
vn 0.8714787 -0.0677060 -0.4857374
vn 0.9721261 -0.0002997 -0.2344584
vn 0.9721261 -0.0002997 -0.2344584
vn 0.9721261 -0.0002997 -0.2344584
vn -0.0196251 -0.0001540 -0.9998074
vn -0.0196251 -0.0001540 -0.9998074
vn -0.0196251 -0.0001540 -0.9998074
vn -0.9701752 -0.0003013 -0.2424045
vn -0.9701752 -0.0003013 -0.2424045
vn -0.9701752 -0.0003013 -0.2424045
vn 0.7335074 0.0024894 -0.6796769
vn 0.7335074 0.0024894 -0.6796769
vn 0.7335074 0.0024894 -0.6796769
vn 0.1572229 -0.0017348 0.9875616
vn 0.1586021 -0.0017490 0.9873410
vn -0.1962114 0.0019079 0.9805598
vn -0.1986080 0.0019326 0.9800771
vn -0.9669280 -0.0008516 0.2550482
vn -0.8204164 -0.0306098 0.5709465
vn -0.9617876 -0.0019503 0.2737898
vn -0.7978115 -0.0316111 0.6020777
vn 0.4584795 0.0015084 -0.8887037
vn 0.4584795 0.0015084 -0.8887037
vn 0.4584795 0.0015084 -0.8887037
vn -0.7591390 0.0302682 0.6502244
vn -0.7591390 0.0302682 0.6502244
vn -0.7591390 0.0302682 0.6502244
vn -0.1396783 -0.0086266 0.9901594
vn 0.9564274 -0.0033722 0.2919509
vn 0.9564274 -0.0033722 0.2919509
vn 0.9564274 -0.0033722 0.2919509
vn -0.0013055 0.0028086 -0.9999952
vn 0.0002971 0.0036723 -0.9999932
vn -0.0093837 0.0002838 0.9999559
vn -0.0093837 0.0002838 0.9999559
vn -0.0093837 0.0002838 0.9999559
vn -0.9662292 0.0002191 0.2576840
vn -0.9679789 -0.0003239 0.2510312
vn -0.9661316 0.0002490 0.2580497
vn -0.9680281 -0.0003394 0.2508415
vn 0.9814078 0.0483543 0.1857434
vn 0.9814078 0.0483543 0.1857434
vn 0.9814078 0.0483543 0.1857434
vn -0.0005895 -0.0002865 0.9999998
vn -0.0005895 -0.0002865 0.9999998
vn -0.0005895 -0.0002865 0.9999998
vn -0.9722552 0.0006822 -0.2339218
vn -0.9722552 0.0006822 -0.2339218
vn -0.9722552 0.0006822 -0.2339218
vn 0.9671768 0.0001503 0.2541043
vn 0.9671768 0.0001503 0.2541043
vn 0.9671768 0.0001503 0.2541043
vn -0.0028496 0.0019765 -0.9999940
vn -0.0028496 0.0019765 -0.9999940
vn 0.1198569 0.0129671 0.9927065
vn -0.1306749 0.0906647 0.9872710
vn -0.1984968 0.1110900 0.9737854
vn 0.1597461 0.0002715 0.9871581
vn 0.9628337 0.0149080 -0.2696832
vn 0.9693605 0.0005137 -0.2456419
vn 0.9652277 0.0098304 -0.2612257
vn -0.1716461 -0.0095457 0.9851124
vn -0.9702037 -0.0105042 0.2420628
vn -0.9686495 -0.0046138 0.2483885
vn -0.9736274 -0.0246330 0.2268101
vn -0.9672163 0.0005831 0.2539532
vn 0.9445476 0.0483740 -0.3247920
vn -0.1716461 -0.0095457 0.9851124
vn -0.1716461 -0.0095457 0.9851124
vn -0.0489858 -0.0051918 -0.9987860
vn -0.0094099 -0.0066109 -0.9999339
vn 0.0239541 0.0000502 -0.9997131
vn 0.0222140 0.0002334 -0.9997532
vn 0.5370199 -0.0249145 -0.8432016
vn 0.0106514 0.0040455 -0.9999351
vn 0.0106514 0.0040455 -0.9999351
vn 0.0106514 0.0040455 -0.9999351
vn -0.9728174 0.0046048 -0.2315276
vn -0.9655179 -0.0022016 -0.2603272
vn -0.9686160 -0.0001009 -0.2485618
vn -0.9685883 -0.0014851 -0.2486656
vn -0.8501631 -0.0091249 -0.5264404
vn -0.5384730 -0.0031123 -0.8426370
vn 0.4400278 -0.0035515 -0.8979771
vn -0.2299145 -0.0900203 -0.9690385
vn 0.9179900 0.2383588 0.3169849
vn 0.9179900 0.2383588 0.3169849
vn 0.9179900 0.2383588 0.3169849
vn 0.2475813 0.0075758 -0.9688375
vn 0.0018259 -0.0319782 0.9994869
vn 0.0018259 -0.0319782 0.9994869
vn 0.0018259 -0.0319782 0.9994869
vn -0.9674386 0.0158900 0.2526064
vn -0.9674386 0.0158900 0.2526064
vn -0.9674386 0.0158900 0.2526064
vn 0.3363839 0.0061994 -0.9417045
vn 0.8347061 -0.0479287 -0.5486061
vn 0.8834257 -0.1342900 -0.4489157
vn 0.8688686 0.0026230 -0.4950358
vn 0.8664571 0.0027562 -0.4992440
usemtl meshy
f 2589/2589/2589 2590/2590/2590 2591/2591/2591
f 2753/2753/2753 2751/2751/2751 2752/2752/2752
f 2778/2778/2778 2765/2765/2765 2766/2766/2766
f 2637/2637/2637 2642/2642/2642 2638/2638/2638
f 2767/2767/2767 2766/2766/2766 2765/2765/2765
f 2571/2571/2571 2570/2570/2570 2572/2572/2572
f 2572/2572/2572 2570/2570/2570 2573/2573/2573
f 2574/2574/2574 2575/2575/2575 2576/2576/2576
f 2571/2571/2571 2569/2569/2569 2570/2570/2570
f 2754/2754/2754 2753/2753/2753 2755/2755/2755
f 2753/2753/2753 2754/2754/2754 2751/2751/2751
f 2643/2643/2643 2644/2644/2644 2645/2645/2645
f 2768/2768/2768 2769/2769/2769 2770/2770/2770
f 2768/2768/2768 2770/2770/2770 2779/2779/2779
f 2770/2770/2770 2769/2769/2769 2771/2771/2771
f 2592/2592/2592 2593/2593/2593 2594/2594/2594
f 2595/2595/2595 2596/2596/2596 2597/2597/2597
f 2755/2755/2755 2756/2756/2756 2754/2754/2754
f 2598/2598/2598 2599/2599/2599 2600/2600/2600
f 2772/2772/2772 2771/2771/2771 2769/2769/2769
f 2601/2601/2601 2602/2602/2602 2603/2603/2603
f 2639/2639/2639 2640/2640/2640 2641/2641/2641
f 2748/2748/2748 2749/2749/2749 2750/2750/2750
f 2604/2604/2604 2605/2605/2605 2606/2606/2606
f 2577/2577/2577 2578/2578/2578 2579/2579/2579
f 2575/2575/2575 2574/2574/2574 2580/2580/2580
f 2763/2763/2763 2773/2773/2773 2764/2764/2764
f 2757/2757/2757 2758/2758/2758 2759/2759/2759
f 2780/2780/2780 2781/2781/2781 2782/2782/2782
f 2774/2774/2774 2775/2775/2775 2776/2776/2776
f 2774/2774/2774 2776/2776/2776 2777/2777/2777
f 3096/3096/3096 3097/3097/3097 3098/3098/3098
f 2607/2607/2607 2608/2608/2608 2609/2609/2609
f 2581/2581/2581 2582/2582/2582 2583/2583/2583
f 2847/2847/2847 2783/2783/2783 2784/2784/2784
f 2785/2785/2785 2786/2786/2786 2787/2787/2787
f 2610/2610/2610 2611/2611/2611 2612/2612/2612
f 2646/2646/2646 2647/2647/2647 2648/2648/2648
f 2788/2788/2788 2780/2780/2780 2782/2782/2782
f 2787/2787/2787 2789/2789/2789 2785/2785/2785
f 2583/2583/2583 2584/2584/2584 2581/2581/2581
f 2786/2786/2786 2785/2785/2785 2791/2791/2791
f 2792/2792/2792 2793/2793/2793 2794/2794/2794
f 2794/2794/2794 2795/2795/2795 2792/2792/2792
f 2794/2794/2794 2796/2796/2796 2795/2795/2795
f 2575/2575/2575 2580/2580/2580 2585/2585/2585
f 2760/2760/2760 2761/2761/2761 2762/2762/2762
f 2649/2649/2649 2650/2650/2650 2651/2651/2651
f 2613/2613/2613 2636/2636/2636 2614/2614/2614
f 2652/2652/2652 2653/2653/2653 2654/2654/2654
f 2586/2586/2586 2587/2587/2587 2588/2588/2588
f 2655/2655/2655 2656/2656/2656 2657/2657/2657
f 2798/2798/2798 2790/2790/2790 2797/2797/2797
f 2799/2799/2799 2800/2800/2800 2801/2801/2801
f 2658/2658/2658 2659/2659/2659 2660/2660/2660
f 2615/2615/2615 2616/2616/2616 2617/2617/2617
f 2661/2661/2661 2662/2662/2662 2663/2663/2663
f 2802/2802/2802 2803/2803/2803 2804/2804/2804
f 2618/2618/2618 2619/2619/2619 2620/2620/2620
f 2621/2621/2621 2622/2622/2622 2623/2623/2623
f 2664/2664/2664 2665/2665/2665 2666/2666/2666
f 2667/2667/2667 2668/2668/2668 2669/2669/2669
f 2670/2670/2670 2671/2671/2671 2672/2672/2672
f 2848/2848/2848 2805/2805/2805 2806/2806/2806
f 2807/2807/2807 2808/2808/2808 2809/2809/2809
f 2667/2667/2667 2673/2673/2673 2668/2668/2668
f 2624/2624/2624 2625/2625/2625 2626/2626/2626
f 2674/2674/2674 2675/2675/2675 2676/2676/2676
f 2677/2677/2677 2678/2678/2678 2679/2679/2679
f 2680/2680/2680 2679/2679/2679 2678/2678/2678
f 2627/2627/2627 2628/2628/2628 2629/2629/2629
f 2812/2812/2812 2813/2813/2813 2814/2814/2814
f 2630/2630/2630 2631/2631/2631 2632/2632/2632
f 2815/2815/2815 2807/2807/2807 2809/2809/2809
f 2681/2681/2681 2682/2682/2682 2683/2683/2683
f 2811/2811/2811 2815/2815/2815 2809/2809/2809
f 2684/2684/2684 2685/2685/2685 2686/2686/2686
f 2687/2687/2687 2688/2688/2688 2689/2689/2689
f 2849/2849/2849 2816/2816/2816 2817/2817/2817
f 2818/2818/2818 2816/2816/2816 2849/2849/2849
f 2686/2686/2686 2690/2690/2690 2684/2684/2684
f 2819/2819/2819 2820/2820/2820 2821/2821/2821
f 2819/2819/2819 2821/2821/2821 2822/2822/2822
f 2691/2691/2691 2692/2692/2692 2693/2693/2693
f 2694/2694/2694 2695/2695/2695 2696/2696/2696
f 2823/2823/2823 2824/2824/2824 2825/2825/2825
f 2633/2633/2633 2634/2634/2634 2635/2635/2635
f 2827/2827/2827 2828/2828/2828 2810/2810/2810
f 2830/2830/2830 2826/2826/2826 2829/2829/2829
f 2831/2831/2831 2826/2826/2826 2830/2830/2830
f 2697/2697/2697 2698/2698/2698 2699/2699/2699
f 2700/2700/2700 2701/2701/2701 2702/2702/2702
f 2703/2703/2703 2704/2704/2704 2705/2705/2705
f 2832/2832/2832 2833/2833/2833 2834/2834/2834
f 2703/2703/2703 2706/2706/2706 2704/2704/2704
f 3331/3331/3331 3332/3332/3332 3333/3333/3333
f 2835/2835/2835 2836/2836/2836 2837/2837/2837
f 2838/2838/2838 2839/2839/2839 2840/2840/2840
f 3334/3334/3334 3335/3335/3335 3336/3336/3336
f 2707/2707/2707 2708/2708/2708 2709/2709/2709
f 3337/3337/3337 3338/3338/3338 3339/3339/3339
f 2841/2841/2841 2842/2842/2842 2843/2843/2843
f 3340/3340/3340 3341/3341/3341 3342/3342/3342
f 2710/2710/2710 2711/2711/2711 2712/2712/2712
f 2713/2713/2713 2714/2714/2714 2715/2715/2715
f 2716/2716/2716 2717/2717/2717 2718/2718/2718
f 3343/3343/3343 3345/3345/3345 3344/3344/3344
f 2718/2718/2718 2719/2719/2719 2716/2716/2716
f 2715/2715/2715 2720/2720/2720 2713/2713/2713
f 2721/2721/2721 2722/2722/2722 2723/2723/2723
f 3346/3346/3346 3347/3347/3347 3348/3348/3348
f 3099/3099/3099 3100/3100/3100 3101/3101/3101
f 2724/2724/2724 2725/2725/2725 2726/2726/2726
f 2723/2723/2723 2727/2727/2727 2721/2721/2721
f 2724/2724/2724 2726/2726/2726 2728/2728/2728
f 2729/2729/2729 2730/2730/2730 2731/2731/2731
f 3102/3102/3102 3103/3103/3103 3104/3104/3104
f 3349/3349/3349 3350/3350/3350 3351/3351/3351
f 3352/3352/3352 3353/3353/3353 3354/3354/3354
f 3352/3352/3352 3354/3354/3354 3355/3355/3355
f 3356/3356/3356 3357/3357/3357 3358/3358/3358
f 3105/3105/3105 3106/3106/3106 3107/3107/3107
f 3108/3108/3108 3109/3109/3109 3110/3110/3110
f 2732/2732/2732 2733/2733/2733 2734/2734/2734
f 3104/3104/3104 3111/3111/3111 3102/3102/3102
f 3358/3358/3358 3357/3357/3357 3359/3359/3359
f 3112/3112/3112 3113/3113/3113 3114/3114/3114
f 3102/3102/3102 3115/3115/3115 3103/3103/3103
f 3116/3116/3116 3117/3117/3117 3118/3118/3118
f 3360/3360/3360 3361/3361/3361 3362/3362/3362
f 3119/3119/3119 3120/3120/3120 3121/3121/3121
f 3363/3363/3363 3364/3364/3364 3365/3365/3365
f 3366/3366/3366 3358/3358/3358 3359/3359/3359
f 2733/2733/2733 2732/2732/2732 2735/2735/2735
f 2844/2844/2844 2845/2845/2845 2846/2846/2846
f 3367/3367/3367 3368/3368/3368 3369/3369/3369
f 3122/3122/3122 3123/3123/3123 3124/3124/3124
f 2736/2736/2736 2737/2737/2737 2738/2738/2738
f 3125/3125/3125 3102/3102/3102 3111/3111/3111
f 3370/3370/3370 3330/3330/3330 3371/3371/3371
f 3126/3126/3126 3115/3115/3115 3102/3102/3102
f 2739/2739/2739 2740/2740/2740 2741/2741/2741
f 3372/3372/3372 3373/3373/3373 3374/3374/3374
f 3127/3127/3127 3128/3128/3128 3129/3129/3129
f 3130/3130/3130 3131/3131/3131 3132/3132/3132
f 3133/3133/3133 3127/3127/3127 3129/3129/3129
f 3375/3375/3375 3376/3376/3376 3377/3377/3377
f 2742/2742/2742 2743/2743/2743 2744/2744/2744
f 3126/3126/3126 3102/3102/3102 3125/3125/3125
f 3376/3376/3376 3375/3375/3375 3378/3378/3378
f 2745/2745/2745 2746/2746/2746 2747/2747/2747
f 3134/3134/3134 3135/3135/3135 3136/3136/3136
f 3137/3137/3137 3135/3135/3135 3134/3134/3134
f 3379/3379/3379 3380/3380/3380 3381/3381/3381
f 3138/3138/3138 3139/3139/3139 3140/3140/3140
f 3141/3141/3141 3142/3142/3142 3143/3143/3143
f 3125/3125/3125 3111/3111/3111 3144/3144/3144
f 3145/3145/3145 3146/3146/3146 3147/3147/3147
f 3148/3148/3148 3149/3149/3149 3150/3150/3150
f 3148/3148/3148 3151/3151/3151 3149/3149/3149
f 3147/3147/3147 3152/3152/3152 3145/3145/3145
f 3383/3383/3383 3384/3384/3384 3382/3382/3382
f 3385/3385/3385 3386/3386/3386 3387/3387/3387
f 3145/3145/3145 3152/3152/3152 3153/3153/3153
f 3154/3154/3154 3155/3155/3155 3156/3156/3156
f 3157/3157/3157 3158/3158/3158 3159/3159/3159
f 3157/3157/3157 3159/3159/3159 3160/3160/3160
f 3161/3161/3161 3162/3162/3162 3163/3163/3163
f 3388/3388/3388 3389/3389/3389 3390/3390/3390
f 3164/3164/3164 3165/3165/3165 3166/3166/3166
f 3167/3167/3167 3159/3159/3159 3158/3158/3158
f 3391/3391/3391 3392/3392/3392 3370/3370/3370
f 3168/3168/3168 3169/3169/3169 3170/3170/3170
f 3171/3171/3171 3172/3172/3172 3173/3173/3173
f 3111/3111/3111 3168/3168/3168 3144/3144/3144
f 3174/3174/3174 3166/3166/3166 3165/3165/3165
f 3393/3393/3393 3394/3394/3394 3395/3395/3395
f 3175/3175/3175 3176/3176/3176 3177/3177/3177
f 3394/3394/3394 3393/3393/3393 3396/3396/3396
f 3171/3171/3171 3173/3173/3173 3178/3178/3178
f 3168/3168/3168 3170/3170/3170 3144/3144/3144
f 3179/3179/3179 3175/3175/3175 3177/3177/3177
f 3177/3177/3177 3180/3180/3180 3179/3179/3179
f 3397/3397/3397 3398/3398/3398 3399/3399/3399
f 3176/3176/3176 3175/3175/3175 3181/3181/3181
f 3401/3401/3401 3402/3402/3402 3403/3403/3403
f 3182/3182/3182 3183/3183/3183 3184/3184/3184
f 3402/3402/3402 3401/3401/3401 3404/3404/3404
f 3177/3177/3177 3176/3176/3176 3180/3180/3180
f 3405/3405/3405 3397/3397/3397 3399/3399/3399
f 3400/3400/3400 3406/3406/3406 3407/3407/3407
f 3185/3185/3185 3186/3186/3186 3187/3187/3187
f 3188/3188/3188 3189/3189/3189 3190/3190/3190
f 3255/3255/3255 3191/3191/3191 3192/3192/3192
f 3408/3408/3408 3409/3409/3409 3410/3410/3410
f 3411/3411/3411 3410/3410/3410 3412/3412/3412
f 3193/3193/3193 3194/3194/3194 3195/3195/3195
f 3196/3196/3196 3197/3197/3197 3198/3198/3198
f 3413/3413/3413 3414/3414/3414 3415/3415/3415
f 3188/3188/3188 3199/3199/3199 3189/3189/3189
f 3196/3196/3196 3198/3198/3198 3200/3200/3200
f 3201/3201/3201 3202/3202/3202 3203/3203/3203
f 3416/3416/3416 3417/3417/3417 3418/3418/3418
f 3410/3410/3410 3409/3409/3409 3412/3412/3412
f 3111/3111/3111 3256/3256/3256 3168/3168/3168
f 3418/3418/3418 3417/3417/3417 3419/3419/3419
f 3197/3197/3197 3204/3204/3204 3198/3198/3198
f 3418/3418/3418 3420/3420/3420 3416/3416/3416
f 3203/3203/3203 3194/3194/3194 3201/3201/3201
f 3096/3096/3096 3098/3098/3098 3205/3205/3205
f 3206/3206/3206 3207/3207/3207 3257/3257/3257
f 3203/3203/3203 3195/3195/3195 3194/3194/3194
f 3420/3420/3420 3418/3418/3418 3421/3421/3421
f 3421/3421/3421 3422/3422/3422 3423/3423/3423
f 3424/3424/3424 3425/3425/3425 3426/3426/3426
f 3208/3208/3208 3192/3192/3192 3209/3209/3209
f 3208/3208/3208 3209/3209/3209 3210/3210/3210
f 3210/3210/3210 3211/3211/3211 3208/3208/3208
f 3421/3421/3421 3423/3423/3423 3420/3420/3420
f 3212/3212/3212 3213/3213/3213 3214/3214/3214
f 3202/3202/3202 3215/3215/3215 3203/3203/3203
f 3422/3422/3422 3421/3421/3421 3427/3427/3427
f 3421/3421/3421 3418/3418/3418 3419/3419/3419
f 3216/3216/3216 3211/3211/3211 3210/3210/3210
f 3191/3191/3191 3209/3209/3209 3192/3192/3192
f 3217/3217/3217 3212/3212/3212 3214/3214/3214
f 3428/3428/3428 3429/3429/3429 3430/3430/3430
f 2850/2850/2850 2851/2851/2851 2852/2852/2852
f 3431/3431/3431 3432/3432/3432 3433/3433/3433
f 3434/3434/3434 3422/3422/3422 3427/3427/3427
f 3435/3435/3435 3423/3423/3423 3422/3422/3422
f 3216/3216/3216 3218/3218/3218 3219/3219/3219
f 3435/3435/3435 3422/3422/3422 3434/3434/3434
f 3218/3218/3218 3216/3216/3216 3210/3210/3210
f 3220/3220/3220 3221/3221/3221 3222/3222/3222
f 3223/3223/3223 3224/3224/3224 3258/3258/3258
f 3218/3218/3218 3210/3210/3210 3209/3209/3209
f 3435/3435/3435 3436/3436/3436 3423/3423/3423
f 3435/3435/3435 3437/3437/3437 3436/3436/3436
f 3261/3261/3261 3262/3262/3262 3263/3263/3263
f 3209/3209/3209 3191/3191/3191 3225/3225/3225
f 3224/3224/3224 3223/3223/3223 3226/3226/3226
f 3227/3227/3227 3226/3226/3226 3223/3223/3223
f 3437/3437/3437 3435/3435/3435 3438/3438/3438
f 3209/3209/3209 3259/3259/3259 3218/3218/3218
f 3228/3228/3228 3224/3224/3224 3226/3226/3226
f 3229/3229/3229 3259/3259/3259 3209/3209/3209
f 2853/2853/2853 2854/2854/2854 2855/2855/2855
f 3230/3230/3230 3231/3231/3231 3232/3232/3232
f 3233/3233/3233 3234/3234/3234 3235/3235/3235
f 3227/3227/3227 3236/3236/3236 3226/3226/3226
f 3264/3264/3264 3265/3265/3265 3266/3266/3266
f 3237/3237/3237 3238/3238/3238 3239/3239/3239
f 3237/3237/3237 3240/3240/3240 3238/3238/3238
f 3267/3267/3267 3269/3269/3269 3268/3268/3268
f 3241/3241/3241 3242/3242/3242 3243/3243/3243
f 2853/2853/2853 2856/2856/2856 2857/2857/2857
f 3244/3244/3244 3245/3245/3245 3246/3246/3246
f 3247/3247/3247 3246/3246/3246 3245/3245/3245
f 3244/3244/3244 3248/3248/3248 3245/3245/3245
f 3245/3245/3245 3249/3249/3249 3247/3247/3247
f 3250/3250/3250 3260/3260/3260 3251/3251/3251
f 2858/2858/2858 2859/2859/2859 2860/2860/2860
f 3252/3252/3252 3253/3253/3253 3254/3254/3254
f 2861/2861/2861 2862/2862/2862 2863/2863/2863
f 2864/2864/2864 2865/2865/2865 2866/2866/2866
f 2867/2867/2867 2868/2868/2868 2869/2869/2869
f 2867/2867/2867 2870/2870/2870 2868/2868/2868
f 2871/2871/2871 2872/2872/2872 2873/2873/2873
f 3272/3272/3272 3273/3273/3273 3274/3274/3274
f 2874/2874/2874 3089/3089/3089 2875/2875/2875
f 2876/2876/2876 3089/3089/3089 2874/2874/2874
f 2873/2873/2873 2877/2877/2877 2871/2871/2871
f 2878/2878/2878 2879/2879/2879 2880/2880/2880
f 2881/2881/2881 2873/2873/2873 2872/2872/2872
f 3274/3274/3274 3275/3275/3275 3272/3272/3272
f 3273/3273/3273 3272/3272/3272 3276/3276/3276
f 3271/3271/3271 3277/3277/3277 3278/3278/3278
f 3279/3279/3279 3280/3280/3280 3281/3281/3281
f 2880/2880/2880 2879/2879/2879 2882/2882/2882
f 2883/2883/2883 2884/2884/2884 2885/2885/2885
f 2886/2886/2886 2887/2887/2887 2888/2888/2888
f 2889/2889/2889 2890/2890/2890 2861/2861/2861
f 2887/2887/2887 2891/2891/2891 2892/2892/2892
f 2885/2885/2885 2884/2884/2884 2893/2893/2893
f 2894/2894/2894 2889/2889/2889 2861/2861/2861
f 2887/2887/2887 2892/2892/2892 2888/2888/2888
f 2895/2895/2895 2856/2856/2856 2853/2853/2853
f 2896/2896/2896 2897/2897/2897 2898/2898/2898
f 2899/2899/2899 2889/2889/2889 2900/2900/2900
f 2901/2901/2901 2902/2902/2902 2903/2903/2903
f 3280/3280/3280 3279/3279/3279 3278/3278/3278
f 2904/2904/2904 2905/2905/2905 2906/2906/2906
f 3277/3277/3277 3280/3280/3280 3278/3278/3278
f 2889/2889/2889 2894/2894/2894 2900/2900/2900
f 2907/2907/2907 2908/2908/2908 2909/2909/2909
f 2910/2910/2910 2911/2911/2911 2906/2906/2906
f 2912/2912/2912 2913/2913/2913 2914/2914/2914
f 2853/2853/2853 2915/2915/2915 2895/2895/2895
f 2916/2916/2916 2897/2897/2897 2896/2896/2896
f 3282/3282/3282 3283/3283/3283 3284/3284/3284
f 2915/2915/2915 2917/2917/2917 2895/2895/2895
f 2917/2917/2917 2918/2918/2918 2895/2895/2895
f 2862/2862/2862 2861/2861/2861 2890/2890/2890
f 2853/2853/2853 2855/2855/2855 2919/2919/2919
f 2920/2920/2920 2921/2921/2921 2922/2922/2922
f 2906/2906/2906 2923/2923/2923 2910/2910/2910
f 2905/2905/2905 2923/2923/2923 2906/2906/2906
f 2924/2924/2924 2925/2925/2925 2926/2926/2926
f 3285/3285/3285 3270/3270/3270 3286/3286/3286
f 2921/2921/2921 2920/2920/2920 2927/2927/2927
f 2890/2890/2890 2928/2928/2928 2862/2862/2862
f 2929/2929/2929 2926/2926/2926 2925/2925/2925
f 2930/2930/2930 2931/2931/2931 2932/2932/2932
f 2931/2931/2931 2933/2933/2933 2934/2934/2934
f 2935/2935/2935 2936/2936/2936 2937/2937/2937
f 2934/2934/2934 2932/2932/2932 2931/2931/2931
f 2938/2938/2938 2935/2935/2935 2937/2937/2937
f 2928/2928/2928 2939/2939/2939 2940/2940/2940
f 2938/2938/2938 2937/2937/2937 2941/2941/2941
f 3289/3289/3289 3288/3288/3288 3287/3287/3287
f 2942/2942/2942 2943/2943/2943 2944/2944/2944
f 2915/2915/2915 2853/2853/2853 2945/2945/2945
f 2946/2946/2946 2947/2947/2947 2948/2948/2948
f 2942/2942/2942 2949/2949/2949 2943/2943/2943
f 2950/2950/2950 2946/2946/2946 2941/2941/2941
f 2951/2951/2951 2952/2952/2952 2953/2953/2953
f 3090/3090/3090 2954/2954/2954 2955/2955/2955
f 2956/2956/2956 2947/2947/2947 2946/2946/2946
f 2957/2957/2957 2958/2958/2958 2940/2940/2940
f 3290/3290/3290 3291/3291/3291 3292/3292/3292
f 2941/2941/2941 2946/2946/2946 2938/2938/2938
f 2946/2946/2946 2948/2948/2948 2938/2938/2938
f 3292/3292/3292 3291/3291/3291 3293/3293/3293
f 2944/2944/2944 2943/2943/2943 2959/2959/2959
f 2850/2850/2850 2852/2852/2852 2960/2960/2960
f 2958/2958/2958 2961/2961/2961 2928/2928/2928
f 3090/3090/3090 3091/3091/3091 2954/2954/2954
f 2962/2962/2962 2954/2954/2954 2963/2963/2963
f 2928/2928/2928 2940/2940/2940 2958/2958/2958
f 2955/2955/2955 2954/2954/2954 2962/2962/2962
f 2963/2963/2963 2954/2954/2954 3091/3091/3091
f 2963/2963/2963 2964/2964/2964 2962/2962/2962
f 2965/2965/2965 2966/2966/2966 2967/2967/2967
f 2850/2850/2850 2960/2960/2960 2968/2968/2968
f 2928/2928/2928 2961/2961/2961 2862/2862/2862
f 3294/3294/3294 3295/3295/3295 3328/3328/3328
f 2969/2969/2969 2970/2970/2970 2971/2971/2971
f 2969/2969/2969 2972/2972/2972 2973/2973/2973
f 2974/2974/2974 2862/2862/2862 2961/2961/2961
f 2975/2975/2975 2970/2970/2970 2969/2969/2969
f 3295/3295/3295 3294/3294/3294 3296/3296/3296
f 2964/2964/2964 2963/2963/2963 2967/2967/2967
f 2855/2855/2855 2976/2976/2976 2919/2919/2919
f 3297/3297/3297 3298/3298/3298 3299/3299/3299
f 2977/2977/2977 2945/2945/2945 2853/2853/2853
f 2964/2964/2964 2967/2967/2967 2966/2966/2966
f 2978/2978/2978 2979/2979/2979 2980/2980/2980
f 2969/2969/2969 2971/2971/2971 2972/2972/2972
f 2979/2979/2979 2978/2978/2978 2981/2981/2981
f 2977/2977/2977 2919/2919/2919 2976/2976/2976
f 2982/2982/2982 2983/2983/2983 2984/2984/2984
f 2978/2978/2978 2980/2980/2980 2985/2985/2985
f 2986/2986/2986 2987/2987/2987 2988/2988/2988
f 2989/2989/2989 2984/2984/2984 2983/2983/2983
f 2990/2990/2990 2991/2991/2991 2992/2992/2992
f 2945/2945/2945 2977/2977/2977 2990/2990/2990
f 2986/2986/2986 2988/2988/2988 2993/2993/2993
f 3301/3301/3301 3298/3298/3298 3297/3297/3297
f 2992/2992/2992 2945/2945/2945 2990/2990/2990
f 2977/2977/2977 2853/2853/2853 2919/2919/2919
f 3302/3302/3302 3300/3300/3300 3303/3303/3303
f 2994/2994/2994 2995/2995/2995 2996/2996/2996
f 2997/2997/2997 2998/2998/2998 2999/2999/2999
f 2998/2998/2998 3000/3000/3000 2999/2999/2999
f 3306/3306/3306 3307/3307/3307 3308/3308/3308
f 3305/3305/3305 3309/3309/3309 3304/3304/3304
f 3001/3001/3001 3002/3002/3002 3003/3003/3003
f 3004/3004/3004 3002/3002/3002 3001/3001/3001
f 3002/3002/3002 3004/3004/3004 3005/3005/3005
f 3006/3006/3006 3007/3007/3007 3008/3008/3008
f 3310/3310/3310 3311/3311/3311 3329/3329/3329
f 3006/3006/3006 3008/3008/3008 3009/3009/3009
f 2862/2862/2862 2974/2974/2974 3010/3010/3010
f 2994/2994/2994 2996/2996/2996 3011/3011/3011
f 3012/3012/3012 3013/3013/3013 3014/3014/3014
f 2977/2977/2977 3015/3015/3015 2990/2990/2990
f 2995/2995/2995 2994/2994/2994 3016/3016/3016
f 3312/3312/3312 3313/3313/3313 3314/3314/3314
f 3005/3005/3005 3017/3017/3017 3002/3002/3002
f 3013/3013/3013 3018/3018/3018 3014/3014/3014
f 3019/3019/3019 3020/3020/3020 3021/3021/3021
f 3022/3022/3022 3002/3002/3002 3017/3017/3017
f 3023/3023/3023 3012/3012/3012 3014/3014/3014
f 3315/3315/3315 3316/3316/3316 3317/3317/3317
f 3024/3024/3024 3025/3025/3025 3026/3026/3026
f 3027/3027/3027 3028/3028/3028 3029/3029/3029
f 3030/3030/3030 3027/3027/3027 3029/3029/3029
f 3031/3031/3031 3032/3032/3032 3026/3026/3026
f 3032/3032/3032 3024/3024/3024 3026/3026/3026
f 3033/3033/3033 3034/3034/3034 3035/3035/3035
f 3036/3036/3036 3024/3024/3024 3032/3032/3032
f 3024/3024/3024 3036/3036/3036 3025/3025/3025
f 3318/3318/3318 3319/3319/3319 3320/3320/3320
f 2976/2976/2976 3037/3037/3037 2977/2977/2977
f 3319/3319/3319 3321/3321/3321 3320/3320/3320
f 3038/3038/3038 3039/3039/3039 3040/3040/3040
f 3041/3041/3041 3042/3042/3042 3043/3043/3043
f 3044/3044/3044 3041/3041/3041 3043/3043/3043
f 3045/3045/3045 3046/3046/3046 3047/3047/3047
f 3048/3048/3048 3046/3046/3046 3045/3045/3045
f 3049/3049/3049 3050/3050/3050 3051/3051/3051
f 3052/3052/3052 3053/3053/3053 3054/3054/3054
f 3055/3055/3055 3056/3056/3056 3057/3057/3057
f 3056/3056/3056 3055/3055/3055 3058/3058/3058
f 3049/3049/3049 3051/3051/3051 3059/3059/3059
f 3037/3037/3037 3015/3015/3015 2977/2977/2977
f 3060/3060/3060 3061/3061/3061 3062/3062/3062
f 3322/3322/3322 3323/3323/3323 3324/3324/3324
f 3060/3060/3060 3062/3062/3062 3063/3063/3063
f 3064/3064/3064 3061/3061/3061 3060/3060/3060
f 3065/3065/3065 3066/3066/3066 3067/3067/3067
f 3068/3068/3068 3069/3069/3069 3070/3070/3070
f 3070/3070/3070 3071/3071/3071 3068/3068/3068
f 3072/3072/3072 3073/3073/3073 3074/3074/3074
f 3075/3075/3075 3092/3092/3092 3076/3076/3076
f 3093/3093/3093 3077/3077/3077 3064/3064/3064
f 3061/3061/3061 3064/3064/3064 3077/3077/3077
f 3061/3061/3061 3077/3077/3077 3078/3078/3078
f 3079/3079/3079 3050/3050/3050 3049/3049/3049
f 2295/2295/2295 2296/2296/2296 2297/2297/2297
f 3078/3078/3078 3077/3077/3077 3080/3080/3080
f 2298/2298/2298 2299/2299/2299 2300/2300/2300
f 3077/3077/3077 3093/3093/3093 3080/3080/3080
f 2301/2301/2301 2302/2302/2302 2303/2303/2303
f 2304/2304/2304 2564/2564/2564 2305/2305/2305
f 3081/3081/3081 3094/3094/3094 3082/3082/3082
f 2298/2298/2298 2306/2306/2306 2299/2299/2299
f 2307/2307/2307 2308/2308/2308 2309/2309/2309
f 2310/2310/2310 2311/2311/2311 2312/2312/2312
f 2313/2313/2313 2314/2314/2314 2315/2315/2315
f 2316/2316/2316 2307/2307/2307 2309/2309/2309
f 2317/2317/2317 2318/2318/2318 2319/2319/2319
f 3083/3083/3083 2862/2862/2862 3010/3010/3010
f 3084/3084/3084 3085/3085/3085 3086/3086/3086
f 3095/3095/3095 3087/3087/3087 3088/3088/3088
f 2301/2301/2301 2320/2320/2320 2302/2302/2302
f 2321/2321/2321 2322/2322/2322 2323/2323/2323
f 2324/2324/2324 2325/2325/2325 2326/2326/2326
f 2327/2327/2327 2328/2328/2328 2329/2329/2329
f 2330/2330/2330 2326/2326/2326 2325/2325/2325
f 2331/2331/2331 2332/2332/2332 2333/2333/2333
f 2334/2334/2334 2335/2335/2335 2327/2327/2327
f 2336/2336/2336 2335/2335/2335 2334/2334/2334
f 2337/2337/2337 2329/2329/2329 2328/2328/2328
f 2338/2338/2338 2339/2339/2339 2323/2323/2323
f 2303/2303/2303 2340/2340/2340 2301/2301/2301
f 2329/2329/2329 2334/2334/2334 2327/2327/2327
f 2341/2341/2341 2329/2329/2329 2342/2342/2342
f 2323/2323/2323 2322/2322/2322 2338/2338/2338
f 2337/2337/2337 2342/2342/2342 2329/2329/2329
f 2341/2341/2341 2336/2336/2336 2334/2334/2334
f 2343/2343/2343 2344/2344/2344 2345/2345/2345
f 2344/2344/2344 2346/2346/2346 2345/2345/2345
f 3325/3325/3325 3326/3326/3326 3327/3327/3327
f 2329/2329/2329 2341/2341/2341 2334/2334/2334
f 1962/1962/1962 1963/1963/1963 1964/1964/1964
f 2347/2347/2347 2348/2348/2348 2349/2349/2349
f 2350/2350/2350 2347/2347/2347 2349/2349/2349
f 2351/2351/2351 2352/2352/2352 2353/2353/2353
f 2352/2352/2352 2354/2354/2354 2355/2355/2355
f 2349/2349/2349 2348/2348/2348 2356/2356/2356
f 2357/2357/2357 2358/2358/2358 2359/2359/2359
f 2352/2352/2352 2351/2351/2351 2354/2354/2354
f 2360/2360/2360 2361/2361/2361 2362/2362/2362
f 2363/2363/2363 2303/2303/2303 2302/2302/2302
f 2364/2364/2364 2365/2365/2365 2366/2366/2366
f 2367/2367/2367 2368/2368/2368 2369/2369/2369
f 2370/2370/2370 2371/2371/2371 2372/2372/2372
f 2373/2373/2373 2374/2374/2374 2375/2375/2375
f 2370/2370/2370 2372/2372/2372 2376/2376/2376
f 2377/2377/2377 2378/2378/2378 2369/2369/2369
f 2362/2362/2362 2379/2379/2379 2360/2360/2360
f 2380/2380/2380 2381/2381/2381 2382/2382/2382
f 2383/2383/2383 2384/2384/2384 2385/2385/2385
f 2383/2383/2383 2385/2385/2385 2386/2386/2386
f 2367/2367/2367 2387/2387/2387 2368/2368/2368
f 2363/2363/2363 2388/2388/2388 2389/2389/2389
f 2390/2390/2390 2391/2391/2391 2392/2392/2392
f 2378/2378/2378 2367/2367/2367 2369/2369/2369
f 2386/2386/2386 2385/2385/2385 2393/2393/2393
f 2394/2394/2394 2395/2395/2395 2396/2396/2396
f 2395/2395/2395 2394/2394/2394 2391/2391/2391
f 2380/2380/2380 2382/2382/2382 2565/2565/2565
f 2394/2394/2394 2392/2392/2392 2391/2391/2391
f 2397/2397/2397 2385/2385/2385 2384/2384/2384
f 2398/2398/2398 2399/2399/2399 2400/2400/2400
f 2566/2566/2566 2388/2388/2388 2363/2363/2363
f 2401/2401/2401 2319/2319/2319 2318/2318/2318
f 2389/2389/2389 2303/2303/2303 2363/2363/2363
f 2402/2402/2402 2403/2403/2403 2404/2404/2404
f 2405/2405/2405 2406/2406/2406 2407/2407/2407
f 2408/2408/2408 2409/2409/2409 2410/2410/2410
f 2411/2411/2411 2412/2412/2412 2413/2413/2413
f 2565/2565/2565 2382/2382/2382 2414/2414/2414
f 2415/2415/2415 2416/2416/2416 2417/2417/2417
f 2418/2418/2418 2419/2419/2419 2420/2420/2420
f 2421/2421/2421 2416/2416/2416 2415/2415/2415
f 1965/1965/1965 1966/1966/1966 1967/1967/1967
f 2404/2404/2404 2403/2403/2403 2422/2422/2422
f 1968/1968/1968 1969/1969/1969 1970/1970/1970
f 2423/2423/2423 2424/2424/2424 2425/2425/2425
f 2418/2418/2418 2426/2426/2426 2419/2419/2419
f 1971/1971/1971 1972/1972/1972 1973/1973/1973
f 2427/2427/2427 2428/2428/2428 2429/2429/2429
f 2401/2401/2401 2430/2430/2430 2319/2319/2319
f 2431/2431/2431 2425/2425/2425 2424/2424/2424
f 2432/2432/2432 2423/2423/2423 2425/2425/2425
f 1974/1974/1974 1975/1975/1975 1976/1976/1976
f 2433/2433/2433 2434/2434/2434 2435/2435/2435
f 2436/2436/2436 2437/2437/2437 2438/2438/2438
f 2436/2436/2436 2438/2438/2438 2439/2439/2439
f 2440/2440/2440 2567/2567/2567 2568/2568/2568
f 2440/2440/2440 2441/2441/2441 2567/2567/2567
f 2442/2442/2442 2416/2416/2416 2421/2421/2421
f 2443/2443/2443 2441/2441/2441 2444/2444/2444
f 2441/2441/2441 2440/2440/2440 2444/2444/2444
f 2445/2445/2445 2446/2446/2446 2447/2447/2447
f 2448/2448/2448 2447/2447/2447 2446/2446/2446
f 2449/2449/2449 2450/2450/2450 2451/2451/2451
f 2452/2452/2452 2453/2453/2453 2454/2454/2454
f 2455/2455/2455 2456/2456/2456 2457/2457/2457
f 2455/2455/2455 2457/2457/2457 2458/2458/2458
f 2458/2458/2458 2457/2457/2457 2459/2459/2459
f 2460/2460/2460 2457/2457/2457 2456/2456/2456
f 2453/2453/2453 2461/2461/2461 2462/2462/2462
f 2453/2453/2453 2462/2462/2462 2454/2454/2454
f 2444/2444/2444 2463/2463/2463 2443/2443/2443
f 2464/2464/2464 2465/2465/2465 2466/2466/2466
f 2467/2467/2467 2443/2443/2443 2463/2463/2463
f 2468/2468/2468 2469/2469/2469 2470/2470/2470
f 2469/2469/2469 2471/2471/2471 2470/2470/2470
f 2472/2472/2472 2473/2473/2473 2474/2474/2474
f 2475/2475/2475 2476/2476/2476 2469/2469/2469
f 2477/2477/2477 2478/2478/2478 2479/2479/2479
f 2480/2480/2480 2481/2481/2481 2482/2482/2482
f 2469/2469/2469 2476/2476/2476 2471/2471/2471
f 2483/2483/2483 2484/2484/2484 2485/2485/2485
f 2486/2486/2486 2430/2430/2430 2401/2401/2401
f 2483/2483/2483 2487/2487/2487 2484/2484/2484
f 2567/2567/2567 2488/2488/2488 2489/2489/2489
f 1977/1977/1977 1978/1978/1978 1979/1979/1979
f 2481/2481/2481 2490/2490/2490 2482/2482/2482
f 2491/2491/2491 2483/2483/2483 2485/2485/2485
f 2487/2487/2487 2483/2483/2483 2492/2492/2492
f 2493/2493/2493 2494/2494/2494 2495/2495/2495
f 1980/1980/1980 1981/1981/1981 1982/1982/1982
f 2496/2496/2496 2497/2497/2497 2498/2498/2498
f 1983/1983/1983 1984/1984/1984 1985/1985/1985
f 2499/2499/2499 2480/2480/2480 2482/2482/2482
f 2567/2567/2567 2441/2441/2441 2488/2488/2488
f 2495/2495/2495 2500/2500/2500 2493/2493/2493
f 1986/1986/1986 1987/1987/1987 1988/1988/1988
f 2501/2501/2501 2502/2502/2502 2503/2503/2503
f 2504/2504/2504 2505/2505/2505 2506/2506/2506
f 2507/2507/2507 2508/2508/2508 2509/2509/2509
f 2507/2507/2507 2510/2510/2510 2511/2511/2511
f 2507/2507/2507 2509/2509/2509 2512/2512/2512
f 2486/2486/2486 2401/2401/2401 2513/2513/2513
f 2514/2514/2514 2515/2515/2515 2516/2516/2516
f 2517/2517/2517 2518/2518/2518 2519/2519/2519
f 2516/2516/2516 2515/2515/2515 2520/2520/2520
f 2521/2521/2521 2522/2522/2522 2523/2523/2523
f 2508/2508/2508 2507/2507/2507 2511/2511/2511
f 2524/2524/2524 2525/2525/2525 2526/2526/2526
f 2527/2527/2527 2526/2526/2526 2528/2528/2528
f 2529/2529/2529 2530/2530/2530 2531/2531/2531
f 2523/2523/2523 2532/2532/2532 2521/2521/2521
f 2533/2533/2533 2534/2534/2534 2535/2535/2535
f 2526/2526/2526 2527/2527/2527 2524/2524/2524
f 1989/1989/1989 1990/1990/1990 1991/1991/1991
f 2401/2401/2401 2536/2536/2536 2513/2513/2513
f 2530/2530/2530 2529/2529/2529 2537/2537/2537
f 2538/2538/2538 2539/2539/2539 2540/2540/2540
f 2541/2541/2541 2542/2542/2542 2543/2543/2543
f 2544/2544/2544 2545/2545/2545 2546/2546/2546
f 2045/2045/2045 2046/2046/2046 2047/2047/2047
f 2048/2048/2048 2049/2049/2049 2050/2050/2050
f 2289/2289/2289 2051/2051/2051 2052/2052/2052
f 2533/2533/2533 2547/2547/2547 2534/2534/2534
f 2548/2548/2548 2549/2549/2549 2550/2550/2550
f 2551/2551/2551 2552/2552/2552 2553/2553/2553
f 2554/2554/2554 2555/2555/2555 2556/2556/2556
f 2053/2053/2053 2054/2054/2054 2055/2055/2055
f 2056/2056/2056 2057/2057/2057 2058/2058/2058
f 2059/2059/2059 2057/2057/2057 2056/2056/2056
f 2557/2557/2557 2549/2549/2549 2558/2558/2558
f 2559/2559/2559 2560/2560/2560 2561/2561/2561
f 2557/2557/2557 2562/2562/2562 2563/2563/2563
f 2548/2548/2548 2558/2558/2558 2549/2549/2549
f 2558/2558/2558 2562/2562/2562 2557/2557/2557
f 2060/2060/2060 2056/2056/2056 2058/2058/2058
f 2049/2049/2049 2061/2061/2061 2050/2050/2050
f 2062/2062/2062 2063/2063/2063 2064/2064/2064
f 1992/1992/1992 1993/1993/1993 1994/1994/1994
f 1995/1995/1995 1996/1996/1996 1997/1997/1997
f 2065/2065/2065 2066/2066/2066 2067/2067/2067
f 2068/2068/2068 2069/2069/2069 2070/2070/2070
f 2071/2071/2071 2072/2072/2072 2073/2073/2073
f 2074/2074/2074 2075/2075/2075 2076/2076/2076
f 2075/2075/2075 2077/2077/2077 2076/2076/2076
f 2078/2078/2078 2079/2079/2079 2080/2080/2080
f 2080/2080/2080 2081/2081/2081 2078/2078/2078
f 2078/2078/2078 2082/2082/2082 2079/2079/2079
f 2290/2290/2290 2083/2083/2083 2291/2291/2291
f 1999/1999/1999 1998/1998/1998 2000/2000/2000
f 2084/2084/2084 2085/2085/2085 2290/2290/2290
f 2086/2086/2086 2087/2087/2087 2088/2088/2088
f 2089/2089/2089 2090/2090/2090 2091/2091/2091
f 2001/2001/2001 2002/2002/2002 2003/2003/2003
f 2085/2085/2085 2083/2083/2083 2290/2290/2290
f 2092/2092/2092 2093/2093/2093 2094/2094/2094
f 2095/2095/2095 2096/2096/2096 2097/2097/2097
f 2098/2098/2098 2099/2099/2099 2100/2100/2100
f 2101/2101/2101 2098/2098/2098 2100/2100/2100
f 2102/2102/2102 2097/2097/2097 2096/2096/2096
f 2103/2103/2103 2104/2104/2104 2105/2105/2105
f 2103/2103/2103 2105/2105/2105 2106/2106/2106
f 2104/2104/2104 2107/2107/2107 2105/2105/2105
f 2102/2102/2102 2096/2096/2096 2108/2108/2108
f 2109/2109/2109 2110/2110/2110 2111/2111/2111
f 2110/2110/2110 2109/2109/2109 2112/2112/2112
f 2092/2092/2092 2113/2113/2113 2093/2093/2093
f 2096/2096/2096 2095/2095/2095 2114/2114/2114
f 2112/2112/2112 2109/2109/2109 2115/2115/2115
f 2111/2111/2111 2116/2116/2116 2109/2109/2109
f 2117/2117/2117 2118/2118/2118 2119/2119/2119
f 2120/2120/2120 2121/2121/2121 2122/2122/2122
f 2089/2089/2089 2123/2123/2123 2124/2124/2124
f 2125/2125/2125 2126/2126/2126 2118/2118/2118
f 2089/2089/2089 2127/2127/2127 2123/2123/2123
f 2118/2118/2118 2126/2126/2126 2119/2119/2119
f 2128/2128/2128 2129/2129/2129 2130/2130/2130
f 2130/2130/2130 2131/2131/2131 2128/2128/2128
f 2132/2132/2132 2133/2133/2133 2134/2134/2134
f 2130/2130/2130 2135/2135/2135 2131/2131/2131
f 2136/2136/2136 2137/2137/2137 2138/2138/2138
f 2139/2139/2139 2140/2140/2140 2141/2141/2141
f 2142/2142/2142 2127/2127/2127 2089/2089/2089
f 2127/2127/2127 2142/2142/2142 2123/2123/2123
f 2143/2143/2143 2144/2144/2144 2145/2145/2145
f 2146/2146/2146 2147/2147/2147 2148/2148/2148
f 2149/2149/2149 2150/2150/2150 2151/2151/2151
f 2091/2091/2091 2142/2142/2142 2089/2089/2089
f 2152/2152/2152 2153/2153/2153 2154/2154/2154
f 2155/2155/2155 2144/2144/2144 2143/2143/2143
f 2006/2006/2006 2004/2004/2004 2005/2005/2005
f 2156/2156/2156 2157/2157/2157 2158/2158/2158
f 2159/2159/2159 2160/2160/2160 2161/2161/2161
f 2152/2152/2152 2154/2154/2154 2162/2162/2162
f 2163/2163/2163 2164/2164/2164 2165/2165/2165
f 2166/2166/2166 2167/2167/2167 2156/2156/2156
f 2168/2168/2168 2169/2169/2169 2170/2170/2170
f 2007/2007/2007 2008/2008/2008 2009/2009/2009
f 2159/2159/2159 2161/2161/2161 2166/2166/2166
f 2167/2167/2167 2166/2166/2166 2161/2161/2161
f 2157/2157/2157 2156/2156/2156 2167/2167/2167
f 2171/2171/2171 2157/2157/2157 2172/2172/2172
f 2172/2172/2172 2167/2167/2167 2161/2161/2161
f 2162/2162/2162 2154/2154/2154 2173/2173/2173
f 2160/2160/2160 2172/2172/2172 2161/2161/2161
f 2011/2011/2011 2010/2010/2010 2042/2042/2042
f 2157/2157/2157 2167/2167/2167 2172/2172/2172
f 2174/2174/2174 2175/2175/2175 2176/2176/2176
f 2177/2177/2177 2171/2171/2171 2172/2172/2172
f 2178/2178/2178 2179/2179/2179 2180/2180/2180
f 2179/2179/2179 2181/2181/2181 2180/2180/2180
f 2182/2182/2182 2183/2183/2183 2184/2184/2184
f 2012/2012/2012 2013/2013/2013 2014/2014/2014
f 2015/2015/2015 2016/2016/2016 2017/2017/2017
f 2185/2185/2185 2186/2186/2186 2187/2187/2187
f 2188/2188/2188 2189/2189/2189 2190/2190/2190
f 2188/2188/2188 2190/2190/2190 2191/2191/2191
f 2189/2189/2189 2188/2188/2188 2192/2192/2192
f 2193/2193/2193 2194/2194/2194 2195/2195/2195
f 2196/2196/2196 2197/2197/2197 2198/2198/2198
f 2187/2187/2187 2186/2186/2186 2199/2199/2199
f 2200/2200/2200 2201/2201/2201 2202/2202/2202
f 2203/2203/2203 2204/2204/2204 2205/2205/2205
f 2206/2206/2206 2207/2207/2207 2208/2208/2208
f 2209/2209/2209 2210/2210/2210 2211/2211/2211
f 2203/2203/2203 2212/2212/2212 2204/2204/2204
f 2213/2213/2213 2214/2214/2214 2215/2215/2215
f 2216/2216/2216 2217/2217/2217 2218/2218/2218
f 2019/2019/2019 2018/2018/2018 2020/2020/2020
f 2021/2021/2021 2022/2022/2022 2023/2023/2023
f 2219/2219/2219 2215/2215/2215 2214/2214/2214
f 2220/2220/2220 2221/2221/2221 2222/2222/2222
f 2216/2216/2216 2223/2223/2223 2217/2217/2217
f 2091/2091/2091 2224/2224/2224 2142/2142/2142
f 2219/2219/2219 2225/2225/2225 2215/2215/2215
f 2226/2226/2226 2292/2292/2292 2227/2227/2227
f 2024/2024/2024 2019/2019/2019 2020/2020/2020
f 2221/2221/2221 2228/2228/2228 2229/2229/2229
f 2230/2230/2230 2231/2231/2231 2227/2227/2227
f 2229/2229/2229 2222/2222/2222 2221/2221/2221
f 2025/2025/2025 2026/2026/2026 2027/2027/2027
f 2232/2232/2232 2233/2233/2233 2234/2234/2234
f 2235/2235/2235 2236/2236/2236 2237/2237/2237
f 2238/2238/2238 2239/2239/2239 2240/2240/2240
f 2241/2241/2241 2242/2242/2242 2243/2243/2243
f 2230/2230/2230 2227/2227/2227 2292/2292/2292
f 2244/2244/2244 2245/2245/2245 2246/2246/2246
f 2247/2247/2247 2293/2293/2293 2248/2248/2248
f 2239/2239/2239 2249/2249/2249 2250/2250/2250
f 2238/2238/2238 2249/2249/2249 2239/2239/2239
f 2250/2250/2250 2251/2251/2251 2239/2239/2239
f 2028/2028/2028 2029/2029/2029 2030/2030/2030
f 2252/2252/2252 2253/2253/2253 2254/2254/2254
f 2255/2255/2255 2256/2256/2256 2294/2294/2294
f 2257/2257/2257 2258/2258/2258 2254/2254/2254
f 2254/2254/2254 2253/2253/2253 2257/2257/2257
f 2258/2258/2258 2257/2257/2257 2259/2259/2259
f 2247/2247/2247 2260/2260/2260 2293/2293/2293
f 1171/1171/1171 1172/1172/1172 1173/1173/1173
f 1171/1171/1171 1174/1174/1174 1172/1172/1172
f 2031/2031/2031 2032/2032/2032 2033/2033/2033
f 2261/2261/2261 2262/2262/2262 2263/2263/2263
f 1175/1175/1175 1176/1176/1176 1177/1177/1177
f 2264/2264/2264 2265/2265/2265 2266/2266/2266
f 1178/1178/1178 1179/1179/1179 1180/1180/1180
f 2033/2033/2033 2032/2032/2032 2034/2034/2034
f 2035/2035/2035 2036/2036/2036 2043/2043/2043
f 1178/1178/1178 1181/1181/1181 1182/1182/1182
f 1183/1183/1183 1184/1184/1184 1185/1185/1185
f 1178/1178/1178 1180/1180/1180 1181/1181/1181
f 1186/1186/1186 1187/1187/1187 1188/1188/1188
f 2261/2261/2261 2263/2263/2263 2267/2267/2267
f 1189/1189/1189 1190/1190/1190 1191/1191/1191
f 2268/2268/2268 2269/2269/2269 2270/2270/2270
f 1191/1191/1191 1192/1192/1192 1193/1193/1193
f 1194/1194/1194 1195/1195/1195 1196/1196/1196
f 1197/1197/1197 1188/1188/1188 1187/1187/1187
f 1189/1189/1189 1198/1198/1198 1190/1190/1190
f 1190/1190/1190 1192/1192/1192 1191/1191/1191
f 2271/2271/2271 2272/2272/2272 2273/2273/2273
f 1199/1199/1199 1177/1177/1177 1200/1200/1200
f 2274/2274/2274 2275/2275/2275 2276/2276/2276
f 2277/2277/2277 2278/2278/2278 2279/2279/2279
f 2037/2037/2037 2038/2038/2038 2044/2044/2044
f 1876/1876/1876 1877/1877/1877 1878/1878/1878
f 2038/2038/2038 2037/2037/2037 2039/2039/2039
f 2280/2280/2280 2281/2281/2281 2282/2282/2282
f 2039/2039/2039 2037/2037/2037 2040/2040/2040
f 1201/1201/1201 1202/1202/1202 1203/1203/1203
f 1204/1204/1204 1192/1192/1192 1190/1190/1190
f 1205/1205/1205 1206/1206/1206 1207/1207/1207
f 1199/1199/1199 1175/1175/1175 1177/1177/1177
f 1208/1208/1208 1209/1209/1209 1210/1210/1210
f 1209/1209/1209 1338/1338/1338 1211/1211/1211
f 1210/1210/1210 1209/1209/1209 1211/1211/1211
f 2041/2041/2041 2039/2039/2039 2040/2040/2040
f 1879/1879/1879 1960/1960/1960 1880/1880/1880
f 1207/1207/1207 1212/1212/1212 1205/1205/1205
f 1881/1881/1881 1882/1882/1882 1883/1883/1883
f 1881/1881/1881 1883/1883/1883 1884/1884/1884
f 1885/1885/1885 1886/1886/1886 1887/1887/1887
f 1213/1213/1213 1214/1214/1214 1215/1215/1215
f 1216/1216/1216 1217/1217/1217 1218/1218/1218
f 1219/1219/1219 1220/1220/1220 1221/1221/1221
f 2283/2283/2283 2284/2284/2284 2285/2285/2285
f 1200/1200/1200 1222/1222/1222 1199/1199/1199
f 2286/2286/2286 2287/2287/2287 2288/2288/2288
f 1889/1889/1889 1890/1890/1890 1891/1891/1891
f 1223/1223/1223 1224/1224/1224 1225/1225/1225
f 1226/1226/1226 1223/1223/1223 1225/1225/1225
f 1227/1227/1227 1228/1228/1228 1229/1229/1229
f 1230/1230/1230 1231/1231/1231 1232/1232/1232
f 1893/1893/1893 1894/1894/1894 1895/1895/1895
f 1233/1233/1233 1339/1339/1339 1234/1234/1234
f 1200/1200/1200 1177/1177/1177 1235/1235/1235
f 1236/1236/1236 1230/1230/1230 1237/1237/1237
f 1232/1232/1232 1237/1237/1237 1230/1230/1230
f 1233/1233/1233 1238/1238/1238 1339/1339/1339
f 1896/1896/1896 1888/1888/1888 1897/1897/1897
f 1340/1340/1340 1239/1239/1239 1240/1240/1240
f 1892/1892/1892 1897/1897/1897 1888/1888/1888
f 1226/1226/1226 1217/1217/1217 1223/1223/1223
f 1241/1241/1241 1242/1242/1242 1243/1243/1243
f 1898/1898/1898 1899/1899/1899 1900/1900/1900
f 1899/1899/1899 1901/1901/1901 1900/1900/1900
f 1898/1898/1898 1902/1902/1902 1899/1899/1899
f 1903/1903/1903 1904/1904/1904 1961/1961/1961
f 1242/1242/1242 1241/1241/1241 1244/1244/1244
f 1217/1217/1217 1226/1226/1226 1218/1218/1218
f 1245/1245/1245 1246/1246/1246 1247/1247/1247
f 1239/1239/1239 1340/1340/1340 1248/1248/1248
f 1249/1249/1249 1235/1235/1235 1250/1250/1250
f 1251/1251/1251 1252/1252/1252 1253/1253/1253
f 1235/1235/1235 1177/1177/1177 1254/1254/1254
f 1905/1905/1905 1906/1906/1906 1907/1907/1907
f 1255/1255/1255 1252/1252/1252 1251/1251/1251
f 1256/1256/1256 1257/1257/1257 1258/1258/1258
f 1259/1259/1259 1256/1256/1256 1258/1258/1258
f 1906/1906/1906 1908/1908/1908 1907/1907/1907
f 1260/1260/1260 1261/1261/1261 1262/1262/1262
f 1252/1252/1252 1255/1255/1255 1263/1263/1263
f 1264/1264/1264 1265/1265/1265 1266/1266/1266
f 1260/1260/1260 1262/1262/1262 1267/1267/1267
f 1254/1254/1254 1250/1250/1250 1235/1235/1235
f 1909/1909/1909 1910/1910/1910 1911/1911/1911
f 1912/1912/1912 1909/1909/1909 1913/1913/1913
f 1268/1268/1268 1269/1269/1269 1270/1270/1270
f 1271/1271/1271 1272/1272/1272 1273/1273/1273
f 1914/1914/1914 1915/1915/1915 1916/1916/1916
f 1914/1914/1914 1916/1916/1916 1917/1917/1917
f 1254/1254/1254 1177/1177/1177 1274/1274/1274
f 1275/1275/1275 1268/1268/1268 1270/1270/1270
f 1275/1275/1275 1270/1270/1270 1276/1276/1276
f 1911/1911/1911 1910/1910/1910 1918/1918/1918
f 1910/1910/1910 1909/1909/1909 1912/1912/1912
f 1277/1277/1277 1278/1278/1278 1279/1279/1279
f 1280/1280/1280 1281/1281/1281 1277/1277/1277
f 1919/1919/1919 1920/1920/1920 1921/1921/1921
f 1277/1277/1277 1282/1282/1282 1283/1283/1283
f 1284/1284/1284 1285/1285/1285 1286/1286/1286
f 1922/1922/1922 1923/1923/1923 1919/1919/1919
f 1277/1277/1277 1287/1287/1287 1282/1282/1282
f 1288/1288/1288 1285/1285/1285 1289/1289/1289
f 1919/1919/1919 1921/1921/1921 1924/1924/1924
f 1277/1277/1277 1283/1283/1283 1278/1278/1278
f 1288/1288/1288 1286/1286/1286 1285/1285/1285
f 1919/1919/1919 1923/1923/1923 1925/1925/1925
f 1277/1277/1277 1281/1281/1281 1287/1287/1287
f 1919/1919/1919 1925/1925/1925 1920/1920/1920
f 1274/1274/1274 1290/1290/1290 1254/1254/1254
f 1291/1291/1291 1292/1292/1292 1293/1293/1293
f 1926/1926/1926 1927/1927/1927 1928/1928/1928
f 1929/1929/1929 1920/1920/1920 1925/1925/1925
f 1923/1923/1923 1930/1930/1930 1929/1929/1929
f 1292/1292/1292 1294/1294/1294 1295/1295/1295
f 1291/1291/1291 1294/1294/1294 1292/1292/1292
f 1292/1292/1292 1296/1296/1296 1341/1341/1341
f 1931/1931/1931 1920/1920/1920 1929/1929/1929
f 1929/1929/1929 1925/1925/1925 1923/1923/1923
f 1292/1292/1292 1341/1341/1341 1293/1293/1293
f 1297/1297/1297 1298/1298/1298 1299/1299/1299
f 1932/1932/1932 1933/1933/1933 1934/1934/1934
f 1300/1300/1300 1301/1301/1301 1302/1302/1302
f 1303/1303/1303 1304/1304/1304 1305/1305/1305
f 1935/1935/1935 1936/1936/1936 1937/1937/1937
f 1306/1306/1306 1307/1307/1307 1308/1308/1308
f 1935/1935/1935 1938/1938/1938 1936/1936/1936
f 939/939/939 940/940/940 941/941/941
f 1309/1309/1309 1307/1307/1307 1306/1306/1306
f 1310/1310/1310 1311/1311/1311 1312/1312/1312
f 1313/1313/1313 1314/1314/1314 1315/1315/1315
f 1316/1316/1316 1317/1317/1317 1318/1318/1318
f 1939/1939/1939 1940/1940/1940 1941/1941/1941
f 1940/1940/1940 1942/1942/1942 1941/1941/1941
f 1319/1319/1319 1320/1320/1320 1321/1321/1321
f 1322/1322/1322 1323/1323/1323 1324/1324/1324
f 942/942/942 943/943/943 944/944/944
f 945/945/945 939/939/939 941/941/941
f 946/946/946 947/947/947 948/948/948
f 1325/1325/1325 1326/1326/1326 1327/1327/1327
f 949/949/949 939/939/939 945/945/945
f 1943/1943/1943 1944/1944/1944 1945/1945/1945
f 947/947/947 950/950/950 948/948/948
f 1946/1946/1946 1947/1947/1947 1948/1948/1948
f 951/951/951 944/944/944 952/952/952
f 1328/1328/1328 1329/1329/1329 1330/1330/1330
f 1949/1949/1949 1948/1948/1948 1947/1947/1947
f 953/953/953 954/954/954 955/955/955
f 956/956/956 953/953/953 957/957/957
f 958/958/958 959/959/959 960/960/960
f 1950/1950/1950 1947/1947/1947 1946/1946/1946
f 1951/1951/1951 1952/1952/1952 1953/1953/1953
f 1954/1954/1954 1955/1955/1955 1956/1956/1956
f 944/944/944 951/951/951 942/942/942
f 953/953/953 955/955/955 957/957/957
f 960/960/960 961/961/961 958/958/958
f 1006/1006/1006 1007/1007/1007 1008/1008/1008
f 1331/1331/1331 1332/1332/1332 1333/1333/1333
f 960/960/960 959/959/959 962/962/962
f 962/962/962 959/959/959 963/963/963
f 964/964/964 1005/1005/1005 965/965/965
f 1334/1334/1334 1335/1335/1335 1336/1336/1336
f 1957/1957/1957 1958/1958/1958 1959/1959/1959
f 966/966/966 1005/1005/1005 964/964/964
f 1009/1009/1009 1010/1010/1010 1011/1011/1011
f 967/967/967 968/968/968 969/969/969
f 1649/1649/1649 1650/1650/1650 1651/1651/1651
f 1652/1652/1652 1653/1653/1653 1654/1654/1654
f 1177/1177/1177 1337/1337/1337 1274/1274/1274
f 1655/1655/1655 1656/1656/1656 1657/1657/1657
f 1012/1012/1012 1013/1013/1013 1014/1014/1014
f 970/970/970 971/971/971 972/972/972
f 1482/1482/1482 1483/1483/1483 1484/1484/1484
f 970/970/970 973/973/973 971/971/971
f 1658/1658/1658 1659/1659/1659 1752/1752/1752
f 974/974/974 975/975/975 976/976/976
f 1168/1168/1168 1015/1015/1015 1016/1016/1016
f 1625/1625/1625 1485/1485/1485 1486/1486/1486
f 1017/1017/1017 1018/1018/1018 1019/1019/1019
f 977/977/977 978/978/978 979/979/979
f 1660/1660/1660 1661/1661/1661 1662/1662/1662
f 1487/1487/1487 1488/1488/1488 1489/1489/1489
f 1020/1020/1020 1021/1021/1021 1022/1022/1022
f 980/980/980 981/981/981 982/982/982
f 1490/1490/1490 1491/1491/1491 1492/1492/1492
f 942/942/942 951/951/951 983/983/983
f 984/984/984 985/985/985 986/986/986
f 987/987/987 988/988/988 989/989/989
f 1756/1756/1756 1757/1757/1757 1758/1758/1758
f 774/774/774 775/775/775 776/776/776
f 1663/1663/1663 1664/1664/1664 1665/1665/1665
f 777/777/777 778/778/778 779/779/779
f 780/780/780 781/781/781 782/782/782
f 1023/1023/1023 1024/1024/1024 1025/1025/1025
f 1026/1026/1026 1027/1027/1027 1028/1028/1028
f 990/990/990 991/991/991 992/992/992
f 1666/1666/1666 1667/1667/1667 1668/1668/1668
f 1669/1669/1669 1670/1670/1670 1671/1671/1671
f 778/778/778 777/777/777 783/783/783
f 1029/1029/1029 1026/1026/1026 1028/1028/1028
f 784/784/784 785/785/785 786/786/786
f 787/787/787 788/788/788 789/789/789
f 790/790/790 791/791/791 792/792/792
f 785/785/785 793/793/793 786/786/786
f 1759/1759/1759 1760/1760/1760 1761/1761/1761
f 992/992/992 991/991/991 993/993/993
f 1671/1671/1671 1670/1670/1670 1672/1672/1672
f 886/886/886 887/887/887 888/888/888
f 794/794/794 784/784/784 786/786/786
f 888/888/888 889/889/889 886/886/886
f 1673/1673/1673 1674/1674/1674 1675/1675/1675
f 994/994/994 995/995/995 996/996/996
f 1169/1169/1169 1030/1030/1030 1031/1031/1031
f 788/788/788 795/795/795 789/789/789
f 1676/1676/1676 1677/1677/1677 1753/1753/1753
f 1493/1493/1493 1494/1494/1494 1495/1495/1495
f 890/890/890 891/891/891 892/892/892
f 1032/1032/1032 1033/1033/1033 1034/1034/1034
f 796/796/796 797/797/797 798/798/798
f 1678/1678/1678 1679/1679/1679 1680/1680/1680
f 778/778/778 799/799/799 779/779/779
f 1496/1496/1496 1497/1497/1497 1498/1498/1498
f 997/997/997 998/998/998 999/999/999
f 800/800/800 801/801/801 802/802/802
f 997/997/997 999/999/999 1000/1000/1000
f 1499/1499/1499 1500/1500/1500 1501/1501/1501
f 1765/1765/1765 1766/1766/1766 1767/1767/1767
f 803/803/803 804/804/804 805/805/805
f 1035/1035/1035 1036/1036/1036 1037/1037/1037
f 1001/1001/1001 1002/1002/1002 1003/1003/1003
f 1502/1502/1502 1503/1503/1503 1504/1504/1504
f 1038/1038/1038 1039/1039/1039 1040/1040/1040
f 1681/1681/1681 1682/1682/1682 1683/1683/1683
f 806/806/806 807/807/807 808/808/808
f 1038/1038/1038 1041/1041/1041 1039/1039/1039
f 1768/1768/1768 1769/1769/1769 1770/1770/1770
f 1684/1684/1684 1681/1681/1681 1683/1683/1683
f 809/809/809 810/810/810 811/811/811
f 799/799/799 812/812/812 779/779/779
f 1685/1685/1685 1686/1686/1686 1687/1687/1687
f 893/893/893 894/894/894 895/895/895
f 811/811/811 810/810/810 813/813/813
f 814/814/814 815/815/815 816/816/816
f 1004/1004/1004 976/976/976 975/975/975
f 1042/1042/1042 1043/1043/1043 1038/1038/1038
f 1688/1688/1688 1689/1689/1689 1690/1690/1690
f 896/896/896 897/897/897 898/898/898
f 1851/1851/1851 1852/1852/1852 1853/1853/1853
f 1771/1771/1771 1772/1772/1772 1773/1773/1773
f 817/817/817 818/818/818 819/819/819
f 820/820/820 821/821/821 822/822/822
f 823/823/823 821/821/821 820/820/820
f 1044/1044/1044 1045/1045/1045 1038/1038/1038
f 1690/1690/1690 1691/1691/1691 1688/1688/1688
f 1038/1038/1038 1045/1045/1045 1041/1041/1041
f 897/897/897 896/896/896 938/938/938
f 938/938/938 899/899/899 900/900/900
f 811/811/811 824/824/824 809/809/809
f 1046/1046/1046 1038/1038/1038 1043/1043/1043
f 1038/1038/1038 1046/1046/1046 1047/1047/1047
f 1854/1854/1854 1849/1849/1849 1850/1850/1850
f 1774/1774/1774 1775/1775/1775 1776/1776/1776
f 1777/1777/1777 1778/1778/1778 1779/1779/1779
f 1688/1688/1688 1692/1692/1692 1689/1689/1689
f 1048/1048/1048 1049/1049/1049 1050/1050/1050
f 898/898/898 901/901/901 896/896/896
f 537/537/537 538/538/538 539/539/539
f 883/883/883 825/825/825 826/826/826
f 540/540/540 541/541/541 542/542/542
f 539/539/539 538/538/538 543/543/543
f 544/544/544 545/545/545 541/541/541
f 543/543/543 546/546/546 539/539/539
f 547/547/547 538/538/538 537/537/537
f 827/827/827 828/828/828 829/829/829
f 548/548/548 549/549/549 550/550/550
f 538/538/538 547/547/547 551/551/551
f 537/537/537 552/552/552 547/547/547
f 4/4/4 5/5/5 6/6/6
f 7/7/7 2/2/2 1/1/1
f 8/8/8 170/170/170 9/9/9
f 3/3/3 170/170/170 8/8/8
f 10/10/10 11/11/11 3/3/3
f 830/830/830 831/831/831 832/832/832
f 12/12/12 13/13/13 14/14/14
f 1851/1851/1851 1853/1853/1853 1855/1855/1855
f 1692/1692/1692 1688/1688/1688 1693/1693/1693
f 1505/1505/1505 1506/1506/1506 1507/1507/1507
f 1508/1508/1508 1507/1507/1507 1506/1506/1506
f 1047/1047/1047 1044/1044/1044 1038/1038/1038
f 897/897/897 938/938/938 900/900/900
f 14/14/14 15/15/15 16/16/16
f 14/14/14 16/16/16 12/12/12
f 175/175/175 176/176/176 177/177/177
f 17/17/17 2/2/2 7/7/7
f 542/542/542 541/541/541 545/545/545
f 4/4/4 18/18/18 5/5/5
f 17/17/17 7/7/7 19/19/19
f 20/20/20 21/21/21 22/22/22
f 833/833/833 834/834/834 884/884/884
f 835/835/835 836/836/836 837/837/837
f 831/831/831 838/838/838 832/832/832
f 839/839/839 840/840/840 841/841/841
f 18/18/18 4/4/4 24/24/24
f 548/548/548 553/553/553 549/549/549
f 549/549/549 553/553/553 554/554/554
f 555/555/555 556/556/556 557/557/557
f 555/555/555 557/557/557 558/558/558
f 842/842/842 884/884/884 834/834/834
f 551/551/551 547/547/547 559/559/559
f 175/175/175 177/177/177 178/178/178
f 1857/1857/1857 1856/1856/1856 1858/1858/1858
f 1859/1859/1859 1860/1860/1860 1861/1861/1861
f 831/831/831 843/843/843 838/838/838
f 1509/1509/1509 1510/1510/1510 1511/1511/1511
f 844/844/844 845/845/845 846/846/846
f 1862/1862/1862 1863/1863/1863 1864/1864/1864
f 1694/1694/1694 1695/1695/1695 1696/1696/1696
f 902/902/902 903/903/903 904/904/904
f 1697/1697/1697 1698/1698/1698 1699/1699/1699
f 1780/1780/1780 1781/1781/1781 1782/1782/1782
f 1782/1782/1782 1781/1781/1781 1783/1783/1783
f 1700/1700/1700 1701/1701/1701 1702/1702/1702
f 905/905/905 906/906/906 907/907/907
f 1697/1697/1697 1699/1699/1699 1703/1703/1703
f 1051/1051/1051 1052/1052/1052 1053/1053/1053
f 1054/1054/1054 1053/1053/1053 1052/1052/1052
f 1865/1865/1865 1866/1866/1866 1864/1864/1864
f 1784/1784/1784 1782/1782/1782 1783/1783/1783
f 1862/1862/1862 1864/1864/1864 1866/1866/1866
f 1055/1055/1055 1056/1056/1056 1057/1057/1057
f 1780/1780/1780 1785/1785/1785 1781/1781/1781
f 908/908/908 906/906/906 905/905/905
f 1697/1697/1697 1703/1703/1703 1704/1704/1704
f 1058/1058/1058 1059/1059/1059 1060/1060/1060
f 1512/1512/1512 1513/1513/1513 1514/1514/1514
f 1060/1060/1060 1061/1061/1061 1062/1062/1062
f 1063/1063/1063 1064/1064/1064 1060/1060/1060
f 907/907/907 909/909/909 910/910/910
f 1063/1063/1063 1060/1060/1060 1051/1051/1051
f 11/11/11 23/23/23 3/3/3
f 905/905/905 911/911/911 908/908/908
f 11/11/11 25/25/25 23/23/23
f 1065/1065/1065 1066/1066/1066 1067/1067/1067
f 1515/1515/1515 1512/1512/1512 1514/1514/1514
f 1705/1705/1705 1697/1697/1697 1704/1704/1704
f 1698/1698/1698 1706/1706/1706 1699/1699/1699
f 906/906/906 909/909/909 907/907/907
f 1061/1061/1061 1060/1060/1060 1059/1059/1059
f 1060/1060/1060 1064/1064/1064 1058/1058/1058
f 1707/1707/1707 1708/1708/1708 1709/1709/1709
f 307/307/307 308/308/308 309/309/309
f 912/912/912 911/911/911 905/905/905
f 1786/1786/1786 1787/1787/1787 1847/1847/1847
f 227/227/227 228/228/228 229/229/229
f 26/26/26 27/27/27 28/28/28
f 1706/1706/1706 1710/1710/1710 1703/1703/1703
f 913/913/913 914/914/914 915/915/915
f 1342/1342/1342 1343/1343/1343 1344/1344/1344
f 847/847/847 779/779/779 812/812/812
f 1789/1789/1789 1790/1790/1790 1786/1786/1786
f 1790/1790/1790 1787/1787/1787 1786/1786/1786
f 1699/1699/1699 1706/1706/1706 1703/1703/1703
f 1068/1068/1068 1069/1069/1069 1070/1070/1070
f 1051/1051/1051 1060/1060/1060 1052/1052/1052
f 907/907/907 916/916/916 905/905/905
f 556/556/556 560/560/560 557/557/557
f 26/26/26 28/28/28 29/29/29
f 1791/1791/1791 1792/1792/1792 1788/1788/1788
f 848/848/848 849/849/849 850/850/850
f 1416/1416/1416 1417/1417/1417 1418/1418/1418
f 262/262/262 263/263/263 264/264/264
f 1419/1419/1419 1420/1420/1420 1421/1421/1421
f 1516/1516/1516 1517/1517/1517 1518/1518/1518
f 343/343/343 344/344/344 345/345/345
f 1519/1519/1519 1520/1520/1520 1521/1521/1521
f 459/459/459 460/460/460 461/461/461
f 345/345/345 344/344/344 346/346/346
f 1793/1793/1793 1788/1788/1788 1792/1792/1792
f 230/230/230 231/231/231 232/232/232
f 1071/1071/1071 1072/1072/1072 1073/1073/1073
f 1346/1346/1346 1345/1345/1345 1347/1347/1347
f 1522/1522/1522 1518/1518/1518 1517/1517/1517
f 347/347/347 348/348/348 349/349/349
f 350/350/350 351/351/351 352/352/352
f 353/353/353 354/354/354 355/355/355
f 1523/1523/1523 1524/1524/1524 1525/1525/1525
f 851/851/851 852/852/852 853/853/853
f 462/462/462 463/463/463 464/464/464
f 356/356/356 357/357/357 358/358/358
f 264/264/264 265/265/265 262/262/262
f 179/179/179 180/180/180 181/181/181
f 536/536/536 465/465/465 466/466/466
f 467/467/467 466/466/466 465/465/465
f 182/182/182 183/183/183 184/184/184
f 1422/1422/1422 1423/1423/1423 1424/1424/1424
f 185/185/185 186/186/186 187/187/187
f 353/353/353 359/359/359 354/354/354
f 837/837/837 836/836/836 854/854/854
f 1074/1074/1074 1075/1075/1075 1076/1076/1076
f 1794/1794/1794 1795/1795/1795 1796/1796/1796
f 1630/1630/1630 1631/1631/1631 1629/1629/1629
f 1632/1632/1632 1633/1633/1633 1634/1634/1634
f 1762/1762/1762 1763/1763/1763 1764/1764/1764
f 1077/1077/1077 1078/1078/1078 1079/1079/1079
f 1526/1526/1526 1527/1527/1527 1528/1528/1528
f 1529/1529/1529 1530/1530/1530 1531/1531/1531
f 1348/1348/1348 1349/1349/1349 1350/1350/1350
f 1080/1080/1080 1081/1081/1081 1082/1082/1082
f 1529/1529/1529 1532/1532/1532 1530/1530/1530
f 561/561/561 562/562/562 563/563/563
f 1533/1533/1533 1522/1522/1522 1534/1534/1534
f 1083/1083/1083 1084/1084/1084 1085/1085/1085
f 1086/1086/1086 1087/1087/1087 1088/1088/1088
f 360/360/360 361/361/361 362/362/362
f 188/188/188 189/189/189 190/190/190
f 1797/1797/1797 1798/1798/1798 1799/1799/1799
f 1711/1711/1711 1712/1712/1712 1713/1713/1713
f 363/363/363 364/364/364 365/365/365
f 562/562/562 561/561/561 564/564/564
f 181/181/181 180/180/180 191/191/191
f 855/855/855 856/856/856 857/857/857
f 1351/1351/1351 1352/1352/1352 1353/1353/1353
f 564/564/564 565/565/565 562/562/562
f 1425/1425/1425 1426/1426/1426 1418/1418/1418
f 351/351/351 366/366/366 352/352/352
f 1800/1800/1800 1795/1795/1795 1794/1794/1794
f 190/190/190 192/192/192 188/188/188
f 1070/1070/1070 1069/1069/1069 1089/1089/1089
f 1090/1090/1090 1091/1091/1091 1092/1092/1092
f 858/858/858 859/859/859 860/860/860
f 179/179/179 193/193/193 180/180/180
f 266/266/266 267/267/267 268/268/268
f 566/566/566 567/567/567 568/568/568
f 1425/1425/1425 1418/1418/1418 1417/1417/1417
f 854/854/854 836/836/836 861/861/861
f 859/859/859 862/862/862 860/860/860
f 30/30/30 31/31/31 32/32/32
f 1535/1535/1535 1536/1536/1536 1537/1537/1537
f 190/190/190 194/194/194 192/192/192
f 310/310/310 311/311/311 312/312/312
f 1354/1354/1354 1355/1355/1355 1356/1356/1356
f 863/863/863 864/864/864 865/865/865
f 1538/1538/1538 1539/1539/1539 1540/1540/1540
f 1093/1093/1093 1094/1094/1094 1095/1095/1095
f 267/267/267 269/269/269 270/270/270
f 866/866/866 885/885/885 867/867/867
f 33/33/33 34/34/34 35/35/35
f 36/36/36 37/37/37 38/38/38
f 569/569/569 570/570/570 571/571/571
f 468/468/468 469/469/469 470/470/470
f 313/313/313 314/314/314 315/315/315
f 367/367/367 368/368/368 369/369/369
f 1427/1427/1427 1428/1428/1428 1429/1429/1429
f 267/267/267 266/266/266 269/269/269
f 1430/1430/1430 1426/1426/1426 1425/1425/1425
f 233/233/233 234/234/234 235/235/235
f 271/271/271 272/272/272 273/273/273
f 1790/1790/1790 1801/1801/1801 1787/1787/1787
f 1541/1541/1541 1542/1542/1542 1543/1543/1543
f 1544/1544/1544 1545/1545/1545 1546/1546/1546
f 1092/1092/1092 1091/1091/1091 1096/1096/1096
f 913/913/913 917/917/917 914/914/914
f 39/39/39 33/33/33 35/35/35
f 40/40/40 41/41/41 42/42/42
f 572/572/572 573/573/573 574/574/574
f 43/43/43 44/44/44 45/45/45
f 575/575/575 576/576/576 577/577/577
f 38/38/38 46/46/46 47/47/47
f 578/578/578 579/579/579 580/580/580
f 1533/1533/1533 1518/1518/1518 1522/1522/1522
f 1547/1547/1547 1548/1548/1548 1549/1549/1549
f 370/370/370 371/371/371 372/372/372
f 1097/1097/1097 1098/1098/1098 1099/1099/1099
f 862/862/862 858/858/858 860/860/860
f 1431/1431/1431 1420/1420/1420 1419/1419/1419
f 1714/1714/1714 1715/1715/1715 1716/1716/1716
f 1089/1089/1089 1090/1090/1090 1070/1070/1070
f 1100/1100/1100 1101/1101/1101 1102/1102/1102
f 195/195/195 196/196/196 197/197/197
f 32/32/32 31/31/31 48/48/48
f 38/38/38 47/47/47 36/36/36
f 581/581/581 582/582/582 768/768/768
f 1103/1103/1103 1098/1098/1098 1097/1097/1097
f 1104/1104/1104 1105/1105/1105 1106/1106/1106
f 1432/1432/1432 1433/1433/1433 1434/1434/1434
f 1717/1717/1717 1718/1718/1718 1719/1719/1719
f 918/918/918 919/919/919 920/920/920
f 369/369/369 373/373/373 367/367/367
f 1715/1715/1715 1714/1714/1714 1754/1754/1754
f 921/921/921 913/913/913 922/922/922
f 471/471/471 472/472/472 473/473/473
f 41/41/41 40/40/40 49/49/49
f 575/575/575 577/577/577 583/583/583
f 570/570/570 584/584/584 571/571/571
f 50/50/50 51/51/51 52/52/52
f 374/374/374 375/375/375 376/376/376
f 1528/1528/1528 1527/1527/1527 1550/1550/1550
f 1551/1551/1551 1552/1552/1552 1553/1553/1553
f 377/377/377 378/378/378 379/379/379
f 380/380/380 381/381/381 367/367/367
f 1554/1554/1554 1555/1555/1555 1556/1556/1556
f 1099/1099/1099 1107/1107/1107 1108/1108/1108
f 585/585/585 568/568/568 567/567/567
f 1798/1798/1798 1802/1802/1802 1803/1803/1803
f 1090/1090/1090 1089/1089/1089 1091/1091/1091
f 369/369/369 382/382/382 373/373/373
f 474/474/474 475/475/475 476/476/476
f 572/572/572 586/586/586 573/573/573
f 270/270/270 274/274/274 275/275/275
f 587/587/587 588/588/588 589/589/589
f 1099/1099/1099 1108/1108/1108 1097/1097/1097
f 1720/1720/1720 1721/1721/1721 1722/1722/1722
f 1351/1351/1351 1353/1353/1353 1357/1357/1357
f 1804/1804/1804 1805/1805/1805 1806/1806/1806
f 1358/1358/1358 1359/1359/1359 1360/1360/1360
f 383/383/383 384/384/384 385/385/385
f 1723/1723/1723 1724/1724/1724 1725/1725/1725
f 918/918/918 920/920/920 923/923/923
f 581/581/581 768/768/768 590/590/590
f 574/574/574 573/573/573 591/591/591
f 316/316/316 317/317/317 318/318/318
f 921/921/921 917/917/917 913/913/913
f 180/180/180 198/198/198 199/199/199
f 1430/1430/1430 1425/1425/1425 1435/1435/1435
f 1806/1806/1806 1807/1807/1807 1804/1804/1804
f 266/266/266 270/270/270 269/269/269
f 1097/1097/1097 1108/1108/1108 1109/1109/1109
f 274/274/274 270/270/270 266/266/266
f 592/592/592 593/593/593 594/594/594
f 1717/1717/1717 1726/1726/1726 1718/1718/1718
f 924/924/924 920/920/920 919/919/919
f 924/924/924 923/923/923 920/920/920
f 1808/1808/1808 1807/1807/1807 1806/1806/1806
f 595/595/595 596/596/596 597/597/597
f 768/768/768 769/769/769 590/590/590
f 1361/1361/1361 1362/1362/1362 1363/1363/1363
f 276/276/276 277/277/277 278/278/278
f 386/386/386 387/387/387 388/388/388
f 39/39/39 35/35/35 53/53/53
f 568/568/568 598/598/598 599/599/599
f 1109/1109/1109 1108/1108/1108 1107/1107/1107
f 1727/1727/1727 1728/1728/1728 1729/1729/1729
f 1099/1099/1099 1110/1110/1110 1107/1107/1107
f 1111/1111/1111 1110/1110/1110 1099/1099/1099
f 1098/1098/1098 1111/1111/1111 1099/1099/1099
f 857/857/857 856/856/856 868/868/868
f 54/54/54 55/55/55 56/56/56
f 856/856/856 869/869/869 868/868/868
f 57/57/57 58/58/58 59/59/59
f 593/593/593 600/600/600 594/594/594
f 200/200/200 201/201/201 202/202/202
f 598/598/598 568/568/568 585/585/585
f 601/601/601 602/602/602 603/603/603
f 46/46/46 60/60/60 47/47/47
f 61/61/61 58/58/58 57/57/57
f 1351/1351/1351 1364/1364/1364 1352/1352/1352
f 1363/1363/1363 1365/1365/1365 1361/1361/1361
f 1434/1434/1434 1433/1433/1433 1436/1436/1436
f 604/604/604 605/605/605 606/606/606
f 604/604/604 593/593/593 605/605/605
f 870/870/870 871/871/871 872/872/872
f 180/180/180 193/193/193 198/198/198
f 873/873/873 874/874/874 875/875/875
f 62/62/62 63/63/63 64/64/64
f 607/607/607 608/608/608 609/609/609
f 610/610/610 611/611/611 612/612/612
f 65/65/65 64/64/64 63/63/63
f 599/599/599 598/598/598 613/613/613
f 614/614/614 615/615/615 605/605/605
f 615/615/615 606/606/606 605/605/605
f 615/615/615 616/616/616 606/606/606
f 617/617/617 618/618/618 619/619/619
f 620/620/620 621/621/621 622/622/622
f 66/66/66 67/67/67 68/68/68
f 389/389/389 374/374/374 376/376/376
f 390/390/390 391/391/391 392/392/392
f 623/623/623 624/624/624 570/570/570
f 569/569/569 623/623/623 570/570/570
f 607/607/607 609/609/609 625/625/625
f 626/626/626 609/609/609 608/608/608
f 1366/1366/1366 1367/1367/1367 1368/1368/1368
f 1557/1557/1557 1558/1558/1558 1559/1559/1559
f 1425/1425/1425 1437/1437/1437 1435/1435/1435
f 555/555/555 558/558/558 627/627/627
f 628/628/628 626/626/626 608/608/608
f 1438/1438/1438 1439/1439/1439 1440/1440/1440
f 368/368/368 367/367/367 381/381/381
f 393/393/393 394/394/394 395/395/395
f 592/592/592 605/605/605 593/593/593
f 27/27/27 70/70/70 28/28/28
f 71/71/71 50/50/50 52/52/52
f 1730/1730/1730 1731/1731/1731 1732/1732/1732
f 629/629/629 555/555/555 627/627/627
f 1560/1560/1560 1561/1561/1561 1562/1562/1562
f 203/203/203 204/204/204 205/205/205
f 389/389/389 376/376/376 396/396/396
f 630/630/630 590/590/590 769/769/769
f 1798/1798/1798 1803/1803/1803 1799/1799/1799
f 397/397/397 398/398/398 361/361/361
f 1635/1635/1635 1636/1636/1636 1637/1637/1637
f 72/72/72 73/73/73 74/74/74
f 1561/1561/1561 1560/1560/1560 1563/1563/1563
f 1564/1564/1564 1565/1565/1565 1566/1566/1566
f 631/631/631 587/587/587 632/632/632
f 75/75/75 73/73/73 72/72/72
f 633/633/633 612/612/612 634/634/634
f 612/612/612 633/633/633 610/610/610
f 1369/1369/1369 1370/1370/1370 1371/1371/1371
f 1112/1112/1112 1113/1113/1113 1114/1114/1114
f 1733/1733/1733 1734/1734/1734 1735/1735/1735
f 1372/1372/1372 1373/1373/1373 1374/1374/1374
f 319/319/319 320/320/320 321/321/321
f 876/876/876 873/873/873 875/875/875
f 635/635/635 636/636/636 637/637/637
f 76/76/76 77/77/77 78/78/78
f 276/276/276 278/278/278 279/279/279
f 1638/1638/1638 1639/1639/1639 1640/1640/1640
f 360/360/360 397/397/397 361/361/361
f 1431/1431/1431 1441/1441/1441 1420/1420/1420
f 925/925/925 926/926/926 927/927/927
f 399/399/399 400/400/400 401/401/401
f 236/236/236 237/237/237 238/238/238
f 1735/1735/1735 1736/1736/1736 1733/1733/1733
f 631/631/631 588/588/588 587/587/587
f 638/638/638 639/639/639 640/640/640
f 79/79/79 51/51/51 50/50/50
f 1115/1115/1115 1116/1116/1116 1117/1117/1117
f 1375/1375/1375 1376/1376/1376 1377/1377/1377
f 1551/1551/1551 1553/1553/1553 1567/1567/1567
f 477/477/477 478/478/478 479/479/479
f 1568/1568/1568 1569/1569/1569 1570/1570/1570
f 1424/1424/1424 1442/1442/1442 1443/1443/1443
f 1424/1424/1424 1423/1423/1423 1442/1442/1442
f 80/80/80 81/81/81 82/82/82
f 1118/1118/1118 1119/1119/1119 1120/1120/1120
f 1737/1737/1737 1755/1755/1755 1738/1738/1738
f 402/402/402 403/403/403 404/404/404
f 83/83/83 84/84/84 85/85/85
f 239/239/239 240/240/240 241/241/241
f 1121/1121/1121 1122/1122/1122 1123/1123/1123
f 405/405/405 404/404/404 403/403/403
f 1638/1638/1638 1641/1641/1641 1639/1639/1639
f 1571/1571/1571 1565/1565/1565 1564/1564/1564
f 1572/1572/1572 1573/1573/1573 1574/1574/1574
f 1575/1575/1575 1576/1576/1576 1577/1577/1577
f 1809/1809/1809 1810/1810/1810 1811/1811/1811
f 1123/1123/1123 1122/1122/1122 1124/1124/1124
f 1114/1114/1114 1125/1125/1125 1112/1112/1112
f 1812/1812/1812 1809/1809/1809 1811/1811/1811
f 1739/1739/1739 1740/1740/1740 1741/1741/1741
f 1568/1568/1568 1570/1570/1570 1578/1578/1578
f 1106/1106/1106 1126/1126/1126 1104/1104/1104
f 641/641/641 642/642/642 643/643/643
f 644/644/644 645/645/645 646/646/646
f 1378/1378/1378 1379/1379/1379 1380/1380/1380
f 1742/1742/1742 1741/1741/1741 1740/1740/1740
f 631/631/631 647/647/647 588/588/588
f 642/642/642 648/648/648 643/643/643
f 649/649/649 650/650/650 651/651/651
f 652/652/652 653/653/653 654/654/654
f 87/87/87 88/88/88 89/89/89
f 560/560/560 655/655/655 557/557/557
f 644/644/644 646/646/646 656/656/656
f 80/80/80 82/82/82 90/90/90
f 641/641/641 657/657/657 658/658/658
f 653/653/653 659/659/659 654/654/654
f 91/91/91 92/92/92 93/93/93
f 649/649/649 651/651/651 660/660/660
f 661/661/661 662/662/662 663/663/663
f 84/84/84 94/94/94 85/85/85
f 86/86/86 95/95/95 69/69/69
f 641/641/641 658/658/658 642/642/642
f 93/93/93 92/92/92 95/95/95
f 661/661/661 664/664/664 662/662/662
f 665/665/665 666/666/666 667/667/667
f 96/96/96 70/70/70 27/27/27
f 95/95/95 86/86/86 93/93/93
f 1444/1444/1444 1445/1445/1445 1446/1446/1446
f 480/480/480 481/481/481 482/482/482
f 1127/1127/1127 1128/1128/1128 1129/1129/1129
f 483/483/483 484/484/484 485/485/485
f 1130/1130/1130 1131/1131/1131 1132/1132/1132
f 1642/1642/1642 1643/1643/1643 1644/1644/1644
f 486/486/486 485/485/485 484/484/484
f 1447/1447/1447 1448/1448/1448 1449/1449/1449
f 484/484/484 483/483/483 487/487/487
f 1579/1579/1579 1580/1580/1580 1581/1581/1581
f 1127/1127/1127 1133/1133/1133 1128/1128/1128
f 1133/1133/1133 1134/1134/1134 1128/1128/1128
f 1813/1813/1813 1814/1814/1814 1815/1815/1815
f 488/488/488 489/489/489 490/490/490
f 1645/1645/1645 1646/1646/1646 1647/1647/1647
f 1450/1450/1450 1451/1451/1451 1452/1452/1452
f 659/659/659 653/653/653 668/668/668
f 1582/1582/1582 1583/1583/1583 1584/1584/1584
f 406/406/406 407/407/407 408/408/408
f 409/409/409 410/410/410 411/411/411
f 409/409/409 411/411/411 412/412/412
f 1585/1585/1585 1586/1586/1586 1587/1587/1587
f 413/413/413 414/414/414 415/415/415
f 1453/1453/1453 1454/1454/1454 1455/1455/1455
f 416/416/416 406/406/406 408/408/408
f 1588/1588/1588 1580/1580/1580 1579/1579/1579
f 481/481/481 491/491/491 482/482/482
f 669/669/669 670/670/670 671/671/671
f 417/417/417 418/418/418 419/419/419
f 1582/1582/1582 1589/1589/1589 1583/1583/1583
f 414/414/414 420/420/420 415/415/415
f 421/421/421 410/410/410 409/409/409
f 1816/1816/1816 1817/1817/1817 1818/1818/1818
f 492/492/492 493/493/493 494/494/494
f 1590/1590/1590 1591/1591/1591 1592/1592/1592
f 280/280/280 281/281/281 282/282/282
f 1381/1381/1381 1382/1382/1382 1383/1383/1383
f 1819/1819/1819 1820/1820/1820 1821/1821/1821
f 1456/1456/1456 1457/1457/1457 1458/1458/1458
f 416/416/416 408/408/408 422/422/422
f 1822/1822/1822 1823/1823/1823 1824/1824/1824
f 495/495/495 496/496/496 497/497/497
f 1825/1825/1825 1826/1826/1826 1848/1848/1848
f 206/206/206 207/207/207 208/208/208
f 498/498/498 492/492/492 494/494/494
f 1591/1591/1591 1593/1593/1593 1592/1592/1592
f 1594/1594/1594 1590/1590/1590 1592/1592/1592
f 672/672/672 673/673/673 674/674/674
f 1384/1384/1384 1385/1385/1385 1386/1386/1386
f 413/413/413 415/415/415 423/423/423
f 424/424/424 425/425/425 426/426/426
f 1459/1459/1459 1477/1477/1477 1478/1478/1478
f 1135/1135/1135 1136/1136/1136 1137/1137/1137
f 78/78/78 77/77/77 98/98/98
f 283/283/283 284/284/284 285/285/285
f 99/99/99 70/70/70 96/96/96
f 877/877/877 878/878/878 879/879/879
f 1138/1138/1138 1139/1139/1139 1140/1140/1140
f 1387/1387/1387 1388/1388/1388 1389/1389/1389
f 1141/1141/1141 1142/1142/1142 1143/1143/1143
f 650/650/650 675/675/675 651/651/651
f 928/928/928 929/929/929 930/930/930
f 242/242/242 243/243/243 244/244/244
f 1383/1383/1383 1382/1382/1382 1390/1390/1390
f 671/671/671 670/670/670 676/676/676
f 1450/1450/1450 1452/1452/1452 1460/1460/1460
f 674/674/674 677/677/677 672/672/672
f 499/499/499 500/500/500 501/501/501
f 102/102/102 103/103/103 104/104/104
f 1388/1388/1388 1391/1391/1391 1389/1389/1389
f 1595/1595/1595 1596/1596/1596 1597/1597/1597
f 245/245/245 246/246/246 247/247/247
f 678/678/678 679/679/679 680/680/680
f 681/681/681 682/682/682 683/683/683
f 105/105/105 106/106/106 107/107/107
f 427/427/427 428/428/428 429/429/429
f 109/109/109 110/110/110 111/111/111
f 677/677/677 674/674/674 684/684/684
f 685/685/685 686/686/686 687/687/687
f 688/688/688 689/689/689 690/690/690
f 682/682/682 691/691/691 692/692/692
f 107/107/107 106/106/106 112/112/112
f 1598/1598/1598 1599/1599/1599 1600/1600/1600
f 100/100/100 113/113/113 101/101/101
f 1827/1827/1827 1828/1828/1828 1829/1829/1829
f 1388/1388/1388 1392/1392/1392 1391/1391/1391
f 1392/1392/1392 1393/1393/1393 1391/1391/1391
f 1392/1392/1392 1394/1394/1394 1393/1393/1393
f 931/931/931 932/932/932 933/933/933
f 502/502/502 503/503/503 493/493/493
f 286/286/286 287/287/287 288/288/288
f 93/93/93 86/86/86 114/114/114
f 50/50/50 71/71/71 115/115/115
f 633/633/633 634/634/634 693/693/693
f 683/683/683 682/682/682 692/692/692
f 683/683/683 694/694/694 681/681/681
f 116/116/116 117/117/117 118/118/118
f 113/113/113 100/100/100 119/119/119
f 117/117/117 109/109/109 118/118/118
f 109/109/109 111/111/111 118/118/118
f 695/695/695 694/694/694 683/683/683
f 100/100/100 120/120/120 119/119/119
f 322/322/322 323/323/323 324/324/324
f 1395/1395/1395 1396/1396/1396 1397/1397/1397
f 242/242/242 248/248/248 249/249/249
f 118/118/118 121/121/121 122/122/122
f 118/118/118 111/111/111 121/121/121
f 504/504/504 505/505/505 506/506/506
f 695/695/695 683/683/683 696/696/696
f 697/697/697 698/698/698 699/699/699
f 1144/1144/1144 1145/1145/1145 1146/1146/1146
f 700/700/700 701/701/701 702/702/702
f 115/115/115 71/71/71 123/123/123
f 699/699/699 703/703/703 697/697/697
f 1601/1601/1601 1602/1602/1602 1603/1603/1603
f 101/101/101 113/113/113 124/124/124
f 1648/1648/1648 1644/1644/1644 1643/1643/1643
f 424/424/424 430/430/430 425/425/425
f 242/242/242 244/244/244 248/248/248
f 125/125/125 126/126/126 127/127/127
f 630/630/630 704/704/704 705/705/705
f 1830/1830/1830 1831/1831/1831 1832/1832/1832
f 492/492/492 502/502/502 493/493/493
f 209/209/209 210/210/210 211/211/211
f 770/770/770 771/771/771 706/706/706
f 707/707/707 640/640/640 639/639/639
f 705/705/705 590/590/590 630/630/630
f 128/128/128 129/129/129 130/130/130
f 1147/1147/1147 1148/1148/1148 1149/1149/1149
f 708/708/708 709/709/709 710/710/710
f 105/105/105 131/131/131 106/106/106
f 1462/1462/1462 1463/1463/1463 1464/1464/1464
f 1397/1397/1397 1396/1396/1396 1398/1398/1398
f 325/325/325 326/326/326 341/341/341
f 507/507/507 508/508/508 509/509/509
f 431/431/431 432/432/432 433/433/433
f 510/510/510 511/511/511 512/512/512
f 629/629/629 627/627/627 711/711/711
f 686/686/686 712/712/712 687/687/687
f 1147/1147/1147 1149/1149/1149 1150/1150/1150
f 93/93/93 114/114/114 132/132/132
f 1151/1151/1151 1152/1152/1152 1153/1153/1153
f 1833/1833/1833 1834/1834/1834 1835/1835/1835
f 211/211/211 210/210/210 212/212/212
f 713/713/713 714/714/714 715/715/715
f 513/513/513 514/514/514 515/515/515
f 706/706/706 771/771/771 716/716/716
f 171/171/171 108/108/108 97/97/97
f 1154/1154/1154 1155/1155/1155 1156/1156/1156
f 1479/1479/1479 1465/1465/1465 1466/1466/1466
f 1399/1399/1399 1400/1400/1400 1401/1401/1401
f 247/247/247 250/250/250 251/251/251
f 213/213/213 214/214/214 215/215/215
f 516/516/516 517/517/517 518/518/518
f 713/713/713 717/717/717 714/714/714
f 434/434/434 435/435/435 436/436/436
f 880/880/880 881/881/881 882/882/882
f 1743/1743/1743 1744/1744/1744 1745/1745/1745
f 289/289/289 290/290/290 291/291/291
f 509/509/509 508/508/508 519/519/519
f 132/132/132 114/114/114 133/133/133
f 718/718/718 719/719/719 720/720/720
f 126/126/126 125/125/125 134/134/134
f 721/721/721 722/722/722 723/723/723
f 520/520/520 521/521/521 522/522/522
f 489/489/489 488/488/488 523/523/523
f 1467/1467/1467 1468/1468/1468 1469/1469/1469
f 1587/1587/1587 1586/1586/1586 1604/1604/1604
f 702/702/702 724/724/724 700/700/700
f 1836/1836/1836 1828/1828/1828 1827/1827/1827
f 1828/1828/1828 1836/1836/1836 1837/1837/1837
f 1470/1470/1470 1471/1471/1471 1461/1461/1461
f 1394/1394/1394 1392/1392/1392 1402/1402/1402
f 930/930/930 929/929/929 934/934/934
f 425/425/425 437/437/437 426/426/426
f 431/431/431 433/433/433 438/438/438
f 433/433/433 432/432/432 439/439/439
f 135/135/135 136/136/136 137/137/137
f 138/138/138 139/139/139 140/140/140
f 725/725/725 726/726/726 727/727/727
f 70/70/70 99/99/99 141/141/141
f 108/108/108 171/171/171 172/172/172
f 418/418/418 417/417/417 440/440/440
f 216/216/216 217/217/217 218/218/218
f 1403/1403/1403 1387/1387/1387 1389/1389/1389
f 728/728/728 724/724/724 702/702/702
f 509/509/509 519/519/519 524/524/524
f 521/521/521 525/525/525 522/522/522
f 629/629/629 711/711/711 770/770/770
f 725/725/725 727/727/727 729/729/729
f 730/730/730 731/731/731 732/732/732
f 142/142/142 138/138/138 143/143/143
f 723/723/723 732/732/732 731/731/731
f 723/723/723 731/731/731 721/721/721
f 705/705/705 624/624/624 623/623/623
f 441/441/441 442/442/442 443/443/443
f 1838/1838/1838 1839/1839/1839 1840/1840/1840
f 439/439/439 438/438/438 433/433/433
f 287/287/287 286/286/286 292/292/292
f 733/733/733 734/734/734 735/735/735
f 144/144/144 145/145/145 146/146/146
f 444/444/444 445/445/445 446/446/446
f 1841/1841/1841 1818/1818/1818 1817/1817/1817
f 728/728/728 702/702/702 701/701/701
f 1472/1472/1472 1447/1447/1447 1473/1473/1473
f 327/327/327 328/328/328 329/329/329
f 447/447/447 448/448/448 449/449/449
f 293/293/293 294/294/294 295/295/295
f 526/526/526 527/527/527 528/528/528
f 143/143/143 138/138/138 140/140/140
f 730/730/730 732/732/732 736/736/736
f 519/519/519 529/529/529 524/524/524
f 1867/1867/1867 1875/1875/1875 1868/1868/1868
f 251/251/251 250/250/250 252/252/252
f 720/720/720 737/737/737 718/718/718
f 734/734/734 738/738/738 735/735/735
f 722/722/722 721/721/721 739/739/739
f 1447/1447/1447 1449/1449/1449 1473/1473/1473
f 1404/1404/1404 1396/1396/1396 1395/1395/1395
f 296/296/296 287/287/287 292/292/292
f 1605/1605/1605 1626/1626/1626 1606/1606/1606
f 1607/1607/1607 1608/1608/1608 1609/1609/1609
f 1395/1395/1395 1397/1397/1397 1405/1405/1405
f 114/114/114 147/147/147 133/133/133
f 125/125/125 148/148/148 134/134/134
f 330/330/330 327/327/327 329/329/329
f 247/247/247 251/251/251 245/245/245
f 740/740/740 741/741/741 742/742/742
f 331/331/331 342/342/342 332/332/332
f 1157/1157/1157 1170/1170/1170 1158/1158/1158
f 1407/1407/1407 1406/1406/1406 1408/1408/1408
f 528/528/528 530/530/530 531/531/531
f 1869/1869/1869 1870/1870/1870 1871/1871/1871
f 1610/1610/1610 1611/1611/1611 1612/1612/1612
f 450/450/450 458/458/458 451/451/451
f 1842/1842/1842 1843/1843/1843 1844/1844/1844
f 743/743/743 744/744/744 745/745/745
f 746/746/746 747/747/747 748/748/748
f 705/705/705 623/623/623 590/590/590
f 1613/1613/1613 1614/1614/1614 1615/1615/1615
f 1406/1406/1406 1409/1409/1409 1408/1408/1408
f 527/527/527 530/530/530 528/528/528
f 452/452/452 441/441/441 443/443/443
f 1159/1159/1159 1160/1160/1160 1161/1161/1161
f 141/141/141 99/99/99 149/149/149
f 1474/1474/1474 1465/1465/1465 1479/1479/1479
f 1162/1162/1162 1163/1163/1163 1164/1164/1164
f 1615/1615/1615 1616/1616/1616 1617/1617/1617
f 1466/1466/1466 1480/1480/1480 1479/1479/1479
f 453/453/453 441/441/441 452/452/452
f 217/217/217 219/219/219 218/218/218
f 253/253/253 254/254/254 255/255/255
f 1844/1844/1844 1843/1843/1843 1845/1845/1845
f 297/297/297 298/298/298 299/299/299
f 333/333/333 334/334/334 335/335/335
f 935/935/935 936/936/936 937/937/937
f 1616/1616/1616 1615/1615/1615 1614/1614/1614
f 1618/1618/1618 1619/1619/1619 1620/1620/1620
f 629/629/629 770/770/770 706/706/706
f 1481/1481/1481 1475/1475/1475 1476/1476/1476
f 1621/1621/1621 1627/1627/1627 1628/1628/1628
f 254/254/254 256/256/256 255/255/255
f 220/220/220 221/221/221 222/222/222
f 150/150/150 151/151/151 152/152/152
f 153/153/153 154/154/154 155/155/155
f 298/298/298 297/297/297 300/300/300
f 531/531/531 532/532/532 533/533/533
f 255/255/255 257/257/257 253/253/253
f 301/301/301 302/302/302 306/306/306
f 254/254/254 258/258/258 256/256/256
f 259/259/259 260/260/260 261/261/261
f 1410/1410/1410 1411/1411/1411 1412/1412/1412
f 1746/1746/1746 1747/1747/1747 1748/1748/1748
f 1410/1410/1410 1413/1413/1413 1414/1414/1414
f 534/534/534 528/528/528 533/533/533
f 1165/1165/1165 1166/1166/1166 1167/1167/1167
f 336/336/336 337/337/337 338/338/338
f 336/336/336 339/339/339 340/340/340
f 1410/1410/1410 1412/1412/1412 1415/1415/1415
f 454/454/454 455/455/455 456/456/456
f 223/223/223 218/218/218 219/219/219
f 1622/1622/1622 1623/1623/1623 1624/1624/1624
f 1410/1410/1410 1414/1414/1414 1411/1411/1411
f 1872/1872/1872 1873/1873/1873 1874/1874/1874
f 336/336/336 340/340/340 337/337/337
f 1845/1845/1845 1842/1842/1842 1844/1844/1844
f 152/152/152 151/151/151 156/156/156
f 1845/1845/1845 1846/1846/1846 1842/1842/1842
f 1749/1749/1749 1750/1750/1750 1751/1751/1751
f 224/224/224 220/220/220 222/222/222
f 457/457/457 454/454/454 456/456/456
f 749/749/749 750/750/750 751/751/751
f 732/732/732 723/723/723 722/722/722
f 157/157/157 158/158/158 159/159/159
f 303/303/303 304/304/304 305/305/305
f 740/740/740 742/742/742 752/752/752
f 535/535/535 534/534/534 533/533/533
f 533/533/533 528/528/528 531/531/531
f 752/752/752 742/742/742 753/753/753
f 160/160/160 161/161/161 162/162/162
f 741/741/741 754/754/754 742/742/742
f 772/772/772 755/755/755 773/773/773
f 218/218/218 225/225/225 216/216/216
f 159/159/159 163/163/163 157/157/157
f 218/218/218 223/223/223 226/226/226
f 756/756/756 757/757/757 758/758/758
f 164/164/164 163/163/163 165/165/165
f 759/759/759 756/756/756 755/755/755
f 157/157/157 173/173/173 166/166/166
f 759/759/759 757/757/757 756/756/756
f 760/760/760 761/761/761 762/762/762
f 753/753/753 742/742/742 754/754/754
f 167/167/167 173/173/173 168/168/168
f 152/152/152 174/174/174 150/150/150
f 755/755/755 772/772/772 759/759/759
f 157/157/157 168/168/168 173/173/173
f 760/760/760 763/763/763 761/761/761
f 159/159/159 165/165/165 163/163/163
f 764/764/764 754/754/754 765/765/765
f 754/754/754 764/764/764 766/766/766
f 761/761/761 763/763/763 766/766/766
f 753/753/753 754/754/754 766/766/766
f 753/753/753 766/766/766 763/763/763
f 157/157/157 163/163/163 168/168/168
f 150/150/150 174/174/174 169/169/169
f 754/754/754 767/767/767 765/765/765
