mtllib model.mtl
o dunnage-airbag
v 0.2955276 0.3921742 0.2558536
v 0.3633250 0.4427708 0.1438752
v 0.2198565 0.4260518 0.1819141
v 0.3264936 0.4576600 0.0701686
v 0.2236111 0.4398947 0.1199175
v 0.2891055 0.4541099 0.0086245
v 0.3633250 0.4427708 0.1438752
v 0.2955276 0.3921742 0.2558536
v 0.3223628 0.4105819 0.2025382
v 0.3223628 0.4105819 0.2025382
v 0.3398764 0.3680991 0.2351493
v 0.3598589 0.4386014 0.1714406
v 0.3633250 0.4427708 0.1438752
v 0.3223628 0.4105819 0.2025382
v 0.3223628 0.4105819 0.2025382
v 0.3357741 0.3943573 0.2237738
v 0.3424150 0.4225001 0.2034794
v 0.3424150 0.4225001 0.2034794
v 0.2955276 0.3921742 0.2558536
v 0.3751462 0.4086931 0.3167221
v 0.3904815 0.4217840 0.2934760
v 0.3639982 0.4089221 0.2676390
v 0.3754326 0.4244463 0.2534414
v 0.3751462 0.4086931 0.3167221
v 0.3854615 0.3949724 0.3120142
v 0.3904815 0.4217840 0.2934760
v 0.3754326 0.4244463 0.2534414
v 0.3904815 0.4217840 0.2934760
v 0.4027152 0.4062998 0.2268386
v 0.3754326 0.4244463 0.2534414
v 0.4027152 0.4062998 0.2268386
v 0.3956220 0.4249176 0.2229425
v 0.4071903 0.4147680 0.2778781
v 0.3877596 0.3905461 0.2345917
v 0.4027152 0.4062998 0.2268386
v 0.3918724 0.4171602 0.2311104
v 0.4071443 0.3978232 0.2864592
v 0.4071903 0.4147680 0.2778781
v 0.3835786 0.4316697 0.1546439
v 0.4140715 0.4121468 0.1684086
v 0.4091463 0.4181991 0.1348366
v 0.3877596 0.3905461 0.2345917
v 0.4027152 0.4062998 0.2268386
v 0.4071443 0.3978232 0.2864592
v 0.4055360 0.3943605 0.1956345
v 0.3960415 0.4202338 0.1878732
v 0.4093323 0.4125196 0.2147892
v 0.4098417 0.3938976 0.2244560
v 0.4140715 0.4121468 0.1684086
v 0.3960415 0.4202338 0.1878732
v 0.4055360 0.3943605 0.1956345
v 0.3826184 0.4332900 0.1933322
v 0.4093323 0.4125196 0.2147892
v 0.3956220 0.4249176 0.2229425
v 0.4093323 0.4125196 0.2147892
v 0.3960415 0.4202338 0.1878732
v 0.4027152 0.4062998 0.2268386
v 0.4071903 0.4147680 0.2778781
v 0.4071443 0.3978232 0.2864592
v 0.3984373 0.3751293 0.1989945
v 0.4140715 0.4121468 0.1684086
v 0.4055360 0.3943605 0.1956345
v 0.4098417 0.3938976 0.2244560
v 0.3612422 0.4284429 0.2197874
v 0.3424150 0.4225001 0.2034794
v 0.3370876 0.4041235 0.2421218
v 0.3493220 0.3990158 0.2430319
v 0.3526000 0.4094060 0.2727454
v 0.3612422 0.4284429 0.2197874
v 0.3526000 0.4094060 0.2727454
v 0.3728090 0.4312048 0.2432860
v 0.3612422 0.4284429 0.2197874
v 0.3612422 0.4284429 0.2197874
v 0.3826184 0.4332900 0.1933322
v 0.3424150 0.4225001 0.2034794
v 0.3598589 0.4386014 0.1714406
v 0.3424150 0.4225001 0.2034794
v 0.3835786 0.4316697 0.1546439
v 0.3526000 0.4094060 0.2727454
v 0.3639982 0.4089221 0.2676390
v 0.3728090 0.4312048 0.2432860
v 0.3835786 0.4316697 0.1546439
v 0.3598589 0.4386014 0.1714406
v 0.3835786 0.4316697 0.1546439
v 0.3633250 0.4427708 0.1438752
v 0.3754326 0.4244463 0.2534414
v 0.3612422 0.4284429 0.2197874
v 0.3960415 0.4202338 0.1878732
v 0.3826184 0.4332900 0.1933322
v 0.3728090 0.4312048 0.2432860
v 0.3960415 0.4202338 0.1878732
v 0.3612422 0.4284429 0.2197874
v 0.3728090 0.4312048 0.2432860
v 0.3804317 0.4272845 0.2992564
v 0.3754326 0.4244463 0.2534414
v 0.3956220 0.4249176 0.2229425
v 0.3728090 0.4312048 0.2432860
v 0.3754326 0.4244463 0.2534414
v 0.3956220 0.4249176 0.2229425
v 0.3835786 0.4316697 0.1546439
v 0.3826184 0.4332900 0.1933322
v 0.4140715 0.4121468 0.1684086
v 0.3357741 0.3943573 0.2237738
v 0.3223628 0.4105819 0.2025382
v 0.3398764 0.3680991 0.2351493
v 0.3477124 0.3821115 0.2404213
v 0.3424150 0.4225001 0.2034794
v 0.3357741 0.3943573 0.2237738
v 0.3370876 0.4041235 0.2421218
v 0.3357741 0.3943573 0.2237738
v 0.3477124 0.3821115 0.2404213
v 0.3370876 0.4041235 0.2421218
v 0.3370876 0.4041235 0.2421218
v 0.3493220 0.3990158 0.2430319
v 0.3612422 0.4284429 0.2197874
v 0.3477124 0.3821115 0.2404213
v 0.3477124 0.3821115 0.2404213
v 0.3398764 0.3680991 0.2351493
v 0.3860691 0.3699200 0.1792544
v 0.3493220 0.3990158 0.2430319
v 0.3614826 0.3898299 0.2850982
v 0.3526000 0.4094060 0.2727454
v 0.3794638 0.3795408 0.2261909
v 0.3526000 0.4094060 0.2727454
v 0.3614826 0.3898299 0.2850982
v 0.3639982 0.4089221 0.2676390
v 0.3673639 0.3957306 0.2560488
v 0.3639982 0.4089221 0.2676390
v 0.3614826 0.3898299 0.2850982
v 0.3614826 0.3898299 0.2850982
v 0.3493220 0.3990158 0.2430319
v 0.3794638 0.3795408 0.2261909
v 0.3477124 0.3821115 0.2404213
v 0.3984373 0.3751293 0.1989945
v 0.3794638 0.3795408 0.2261909
v 0.3810268 0.3502780 0.1682889
v 0.3860691 0.3699200 0.1792544
v 0.3751462 0.4086931 0.3167221
v 0.3639982 0.4089221 0.2676390
v 0.3854615 0.3949724 0.3120142
v 0.3673639 0.3957306 0.2560488
v 0.3826651 0.3813664 0.2591546
v 0.3826651 0.3813664 0.2591546
v 0.3673639 0.3957306 0.2560488
v 0.3614826 0.3898299 0.2850982
v 0.3854615 0.3949724 0.3120142
v 0.3673639 0.3957306 0.2560488
v 0.3877596 0.3905461 0.2345917
v 0.3877596 0.3905461 0.2345917
v 0.3826651 0.3813664 0.2591546
v 0.3794638 0.3795408 0.2261909
v 0.4098417 0.3938976 0.2244560
v 0.3877596 0.3905461 0.2345917
v 0.3826651 0.3813664 0.2591546
v 0.4027152 0.4062998 0.2268386
v 0.4027152 0.4062998 0.2268386
v 0.3826651 0.3813664 0.2591546
v 0.4098417 0.3938976 0.2244560
v 0.4071443 0.3978232 0.2864592
v 0.4055360 0.3943605 0.1956345
v 0.3984373 0.3751293 0.1989945
v 0.4055360 0.3943605 0.1956345
v 0.3794638 0.3795408 0.2261909
v 0.3810268 0.3502780 0.1682889
v 0.4023417 0.3840519 0.1421042
v 0.3860691 0.3699200 0.1792544
v 0.4042322 0.3529098 0.0778807
v 0.3984373 0.3751293 0.1989945
v 0.3860691 0.3699200 0.1792544
v 0.4023417 0.3840519 0.1421042
v 0.4120716 0.4007088 0.0939247
v 0.4119322 0.4003812 0.1229823
v 0.4233102 0.4016998 0.0025014
v 0.4091463 0.4181991 0.1348366
v 0.4119322 0.4003812 0.1229823
v 0.4120716 0.4007088 0.0939247
v 0.4140715 0.4121468 0.1684086
v 0.4023361 0.3423796 0.0042298
v 0.4140715 0.4121468 0.1684086
v 0.3984373 0.3751293 0.1989945
v 0.4091463 0.4181991 0.1348366
v 0.4120716 0.4007088 0.0939247
v 0.4271958 0.4081386 0.0591507
v 0.2930510 0.3589653 -0.2794164
v 0.4364895 0.4665779 -0.0658299
v 0.3993648 0.4083266 -0.1441444
v 0.4075415 0.4914860 0.0054679
v 0.3324537 0.4595329 0.0061041
v 0.4346694 0.4747449 0.0016881
v 0.3633250 0.4427708 0.1438752
v 0.4653686 0.4798715 0.0123256
v 0.3264936 0.4576600 0.0701686
v 0.3520439 0.4647017 -0.0035823
v 0.4299211 0.4745116 -0.0107582
v 0.4364895 0.4665779 -0.0658299
v 0.4075415 0.4914860 0.0054679
v 0.4299211 0.4745116 -0.0107582
v 0.3520439 0.4647017 -0.0035823
v 0.4022880 0.3877052 -0.1317227
v 0.3874370 0.3447307 -0.1415010
v 0.4653686 0.4798715 0.0123256
v 0.4346694 0.4747449 0.0016881
v 0.3835786 0.4316697 0.1546439
v 0.4091463 0.4181991 0.1348366
v 0.4448543 0.4300332 -0.0029100
v 0.4005292 0.3406298 -0.0076244
v 0.4022880 0.3877052 -0.1317227
v 0.4239743 0.4037565 -0.0065881
v 0.4005292 0.3406298 -0.0076244
v 0.4239743 0.4037565 -0.0065881
v 0.4439763 0.3837023 -0.0021556
v 0.4448543 0.4300332 -0.0029100
v 0.4697475 0.4821947 0.0044298
v 0.4233102 0.4016998 0.0025014
v 0.4271958 0.4081386 0.0591507
v 0.4120716 0.4007088 0.0939247
v 0.4023361 0.3423796 0.0042298
v 0.4439763 0.3837023 -0.0021556
v 0.4233102 0.4016998 0.0025014
v 0.4653686 0.4798715 0.0123256
v 0.4091463 0.4181991 0.1348366
v 0.4271958 0.4081386 0.0591507
v 0.4448543 0.4300332 -0.0029100
v 0.4935089 0.4986451 0.0027687
v 0.4833923 0.4497952 0.0060402
v 0.4697475 0.4821947 0.0044298
v 0.4653686 0.4798715 0.0123256
v 0.4935089 0.4986451 0.0027687
v 0.4653686 0.4798715 0.0123256
v 0.4833923 0.4497952 0.0060402
v 0.4653686 0.4798715 0.0123256
v 0.4935089 0.4986451 0.0027687
v 0.4697475 0.4821947 0.0044298
v 0.4299211 0.4745116 -0.0107582
v 0.4697475 0.4821947 0.0044298
v 0.4833923 0.4497952 0.0060402
v 0.4697475 0.4821947 0.0044298
v 0.4881544 0.4606013 -0.0116617
v 0.4653686 0.4798715 0.0123256
v 0.4881544 0.4606013 -0.0116617
v 0.4935089 0.4986451 0.0027687
v 0.4833923 0.4497952 0.0060402
v 0.4697475 0.4821947 0.0044298
v 0.4935089 0.4986451 0.0027687
v 0.4881544 0.4606013 -0.0116617
v 0.3264936 0.4576600 0.0701686
v 0.2416049 0.4598178 0.0165908
v 0.3052958 0.4574577 -0.0050024
v 0.2099628 0.4461650 0.0013076
v 0.3054777 0.4709668 0.0108415
v 0.2416049 0.4598178 0.0165908
v 0.2891055 0.4541099 0.0086245
v 0.3054777 0.4709668 0.0108415
v 0.3520439 0.4647017 -0.0035823
v 0.3034799 0.4291807 -0.1717573
v 0.2291245 0.4415876 -0.1087030
v 0.3052958 0.4574577 -0.0050024
v 0.3324537 0.4595329 0.0061041
v 0.2891055 0.4541099 0.0086245
v 0.3264936 0.4576600 0.0701686
v 0.3324537 0.4595329 0.0061041
v 0.3520439 0.4647017 -0.0035823
v 0.4075415 0.4914860 0.0054679
v 0.4364895 0.4665779 -0.0658299
v 0.2930510 0.3589653 -0.2794164
v 0.4346694 0.4747449 0.0016881
v 0.4364895 0.4665779 -0.0658299
v 0.4075415 0.4914860 0.0054679
v 0.3034799 0.4291807 -0.1717573
v 0.2624459 0.3380980 0.3219039
v 0.1635513 0.2312890 0.4296467
v 0.2660227 0.2389643 0.3636276
v 0.3398764 0.3680991 0.2351493
v 0.2955276 0.3921742 0.2558536
v 0.3468232 0.2478021 0.2123771
v 0.3181623 0.2311232 0.2825581
v 0.3810268 0.3502780 0.1682889
v 0.3181623 0.2311232 0.2825581
v 0.3636351 0.2254815 0.0646457
v 0.3741281 0.2891280 0.1470270
v 0.2930510 0.3589653 -0.2794164
v 0.3993648 0.4083266 -0.1441444
v 0.2693007 0.2372897 -0.3512110
v 0.3208430 0.2382607 -0.2699431
v 0.3733776 0.2830320 -0.1316571
v 0.3642915 0.2329256 -0.0965354
v 0.3874370 0.3447307 -0.1415010
v 0.3741281 0.2891280 0.1470270
v 0.3636351 0.2254815 0.0646457
v 0.3701972 0.2384219 0.0057778
v 0.3839312 0.2838423 0.0073963
v 0.3906731 0.2403923 -0.0178979
v 0.3690774 0.2388895 -0.0079097
v 0.3933399 0.2448976 0.0046037
v 0.3880802 0.2954284 -0.0035085
v 0.3690774 0.2388895 -0.0079097
v 0.4005292 0.3406298 -0.0076244
v 0.3955252 0.3239808 0.0695275
v 0.3810268 0.3502780 0.1682889
v 0.3906731 0.2403923 -0.0178979
v 0.3933399 0.2448976 0.0046037
v 0.3701972 0.2384219 0.0057778
v 0.3880802 0.2954284 -0.0035085
v 0.3933399 0.2448976 0.0046037
v 0.3690774 0.2388895 -0.0079097
v 0.4101246 0.2921310 0.0053613
v 0.3701972 0.2384219 0.0057778
v 0.3933399 0.2448976 0.0046037
v 0.3839312 0.2838423 0.0073963
v 0.4101246 0.2921310 0.0053613
v 0.4023361 0.3423796 0.0042298
v 0.4234043 0.3293913 -0.0032822
v 0.4023361 0.3423796 0.0042298
v 0.4042322 0.3529098 0.0778807
v 0.3810268 0.3502780 0.1682889
v 0.4023361 0.3423796 0.0042298
v 0.4005292 0.3406298 -0.0076244
v 0.4234043 0.3293913 -0.0032822
v 0.4022880 0.3877052 -0.1317227
v 0.4439763 0.3837023 -0.0021556
v 0.4439763 0.3837023 -0.0021556
v 0.0340865 0.4348318 0.0446579
v 0.0340865 0.4348318 0.0446579
v 0.0340865 0.4348318 0.0446579
v -0.0274582 0.4157775 0.1786083
v 0.0238479 0.4199347 0.1471926
v -0.0234925 0.4349039 0.0124469
v 0.0462742 0.4347328 0.0104513
v -0.0209797 0.4352209 0.0028015
v 0.0458401 0.4346901 -0.0026607
v 0.0344823 0.4327823 -0.0469293
v 0.0388397 0.3738444 0.3062961
v -0.0234925 0.4349039 0.0124469
v 0.0462742 0.4347328 0.0104513
v 0.1455590 0.4514881 0.0001352
v 0.0453056 0.4021078 0.2088843
v -0.0135145 0.3270960 0.3771298
v -0.0031365 0.2904976 0.4156443
v 0.0602605 0.4224459 0.1527811
v 0.1309156 0.4384609 0.0625139
v 0.0458401 0.4346901 -0.0026607
v -0.1001628 0.4464536 -0.0043809
v 0.1455590 0.4514881 0.0001352
v 0.0622882 0.1605087 0.4807763
v 0.2624459 0.3380980 0.3219039
v 0.1246329 0.3709547 0.3123815
v 0.1635513 0.2312890 0.4296467
v 0.1355183 0.4037355 0.2422005
v 0.1849122 0.4362524 0.1269392
v 0.2198565 0.4260518 0.1819141
v 0.2955276 0.3921742 0.2558536
v 0.1360764 0.4054668 -0.2268946
v 0.0649620 0.4112322 -0.1988668
v 0.0344823 0.4327823 -0.0469293
v 0.0458401 0.4346901 -0.0026607
v 0.1281631 0.4379690 -0.0539428
v 0.1615291 0.4392565 -0.0044547
v 0.0462742 0.4347328 0.0104513
v 0.1309156 0.4384609 0.0625139
v 0.1635311 0.4394555 0.0120993
v 0.1635311 0.4394555 0.0120993
v 0.1455590 0.4514881 0.0001352
v 0.0462742 0.4347328 0.0104513
v 0.1455590 0.4514881 0.0001352
v 0.1615291 0.4392565 -0.0044547
v 0.0458401 0.4346901 -0.0026607
v 0.1826147 0.4352046 -0.1245879
v 0.1849122 0.4362524 0.1269392
v 0.2072995 0.4460650 0.0133833
v 0.2291245 0.4415876 -0.1087030
v 0.2072995 0.4460650 0.0133833
v 0.2032906 0.4231447 -0.1840527
v 0.2416049 0.4598178 0.0165908
v 0.2416049 0.4598178 0.0165908
v 0.2236111 0.4398947 0.1199175
v 0.2198565 0.4260518 0.1819141
v 0.2099628 0.4461650 0.0013076
v 0.2099628 0.4461650 0.0013076
v 0.3034799 0.4291807 -0.1717573
v 0.2930510 0.3589653 -0.2794164
v 0.1301066 0.3735406 -0.2992746
v 0.2891055 0.4541099 0.0086245
v 0.2891055 0.4541099 0.0086245
v 0.3052958 0.4574577 -0.0050024
v -0.0238730 0.3224259 -0.3754574
v 0.0288972 0.3635475 -0.3182687
v 0.0920119 0.2638344 -0.4202704
v 0.1301066 0.3735406 -0.2992746
v 0.0649620 0.4112322 -0.1988668
v 0.0344823 0.4327823 -0.0469293
v 0.1360764 0.4054668 -0.2268946
v 0.2032906 0.4231447 -0.1840527
v 0.2930510 0.3589653 -0.2794164
v 0.2073455 0.2877021 -0.3727008
v 0.2693007 0.2372897 -0.3512110
v 0.0622882 0.1605087 0.4807763
v -0.1056553 0.0338471 0.4933161
v 0.1329525 0.0743715 0.4810338
v 0.1635513 0.2312890 0.4296467
v 0.2536274 0.0766600 0.3834547
v 0.2645085 0.1453462 0.3686471
v 0.2660227 0.2389643 0.3636276
v 0.1808043 -0.0558601 0.4582945
v 0.3108433 0.0498478 0.2699939
v 0.3043328 0.1010447 0.2974871
v 0.3163073 0.1212322 0.2614520
v 0.2645085 0.1453462 0.3686471
v 0.3043328 0.1010447 0.2974871
v 0.3142007 0.1612627 0.2778666
v 0.2660227 0.2389643 0.3636276
v 0.3433139 0.2153483 0.2064344
v 0.3482461 0.1332078 0.1391313
v 0.3433139 0.2153483 0.2064344
v 0.3181623 0.2311232 0.2825581
v 0.2660227 0.2389643 0.3636276
v 0.3518982 0.0976878 0.0670415
v 0.3636351 0.2254815 0.0646457
v 0.3181623 0.2311232 0.2825581
v 0.3540459 0.0984787 0.0075915
v 0.3598589 0.1396493 0.0060009
v 0.3622310 0.1650303 -0.0019506
v 0.3560646 0.0864804 -0.0066585
v 0.3487820 0.1345553 -0.1272083
v 0.3598589 0.1396493 0.0060009
v 0.3540459 0.0984787 0.0075915
v 0.3826678 0.1603286 -0.0020293
v 0.3701972 0.2384219 0.0057778
v 0.3676412 0.2070976 -0.0034215
v 0.3642915 0.2329256 -0.0965354
v 0.3826678 0.1603286 -0.0020293
v 0.3560646 0.0864804 -0.0066585
v 0.3622310 0.1650303 -0.0019506
v 0.3701972 0.2384219 0.0057778
v 0.3690774 0.2388895 -0.0079097
v 0.3758535 0.1021431 0.0060386
v 0.3707303 0.0826186 -0.0180176
v 0.3826678 0.1603286 -0.0020293
v 0.3758535 0.1021431 0.0060386
v 0.3676412 0.2070976 -0.0034215
v 0.3906731 0.2403923 -0.0178979
v 0.3690774 0.2388895 -0.0079097
v 0.3909539 0.2307645 -0.0003616
v 0.3909539 0.2307645 -0.0003616
v 0.3906731 0.2403923 -0.0178979
v 0.3701972 0.2384219 0.0057778
v 0.3826678 0.1603286 -0.0020293
v 0.3906731 0.2403923 -0.0178979
v 0.3909539 0.2307645 -0.0003616
v 0.3108433 0.0498478 0.2699939
v 0.3356131 -0.0556895 0.1682546
v 0.3425021 0.0317092 0.1436917
v 0.3043328 0.1010447 0.2974871
v 0.3518982 0.0976878 0.0670415
v 0.3398987 0.0313580 -0.1473059
v 0.3511910 0.0112711 -0.0031313
v 0.3352292 -0.0597773 -0.1632219
v 0.3487820 0.1345553 -0.1272083
v 0.3560646 0.0864804 -0.0066585
v 0.3205350 0.1139624 -0.2397032
v 0.3482461 0.1332078 0.1391313
v 0.3540459 0.0984787 0.0075915
v 0.3541149 0.0847280 -0.0627125
v 0.3541149 0.0847280 -0.0627125
v 0.3032666 0.0997862 -0.2902523
v 0.3560646 0.0864804 -0.0066585
v 0.3506544 0.0050461 0.0091018
v 0.3511910 0.0112711 -0.0031313
v 0.3560646 0.0864804 -0.0066585
v 0.3707303 0.0826186 -0.0180176
v 0.3560646 0.0864804 -0.0066585
v 0.3506544 0.0050461 0.0091018
v 0.3701275 0.0098762 0.0048383
v 0.3738270 0.0662356 0.0076670
v 0.3540459 0.0984787 0.0075915
v 0.3540459 0.0984787 0.0075915
v 0.3738270 0.0662356 0.0076670
v 0.3707303 0.0826186 -0.0180176
v 0.3707303 0.0826186 -0.0180176
v 0.3758535 0.1021431 0.0060386
v 0.3540459 0.0984787 0.0075915
v 0.3701275 0.0098762 0.0048383
v 0.3738270 0.0662356 0.0076670
v 0.3701275 0.0098762 0.0048383
v 0.3707303 0.0826186 -0.0180176
v 0.3826678 0.1603286 -0.0020293
v -0.0282087 0.1745205 -0.4695240
v 0.0920119 0.2638344 -0.4202704
v 0.0646972 0.1686414 -0.4679088
v -0.0165123 0.0325675 -0.5000000
v 0.1322333 -0.0179333 -0.4771786
v 0.1771822 0.1484613 -0.4382034
v 0.2073455 0.2877021 -0.3727008
v 0.2712016 -0.0722516 -0.3530705
v 0.2740977 0.0566194 -0.3410621
v 0.2693007 0.2372897 -0.3512110
v 0.2802584 0.1415628 -0.3358836
v 0.3032666 0.0997862 -0.2902523
v 0.3205350 0.1139624 -0.2397032
v 0.3117311 0.0515402 -0.2574591
v 0.2740977 0.0566194 -0.3410621
v 0.3117311 0.0515402 -0.2574591
v 0.3398987 0.0313580 -0.1473059
v 0.3208430 0.2382607 -0.2699431
v 0.3398987 0.0313580 -0.1473059
v 0.3352292 -0.0597773 -0.1632219
v 0.3560646 0.0864804 -0.0066585
v 0.3487820 0.1345553 -0.1272083
v 0.3541149 0.0847280 -0.0627125
v 0.3642915 0.2329256 -0.0965354
v 0.2740977 0.0566194 -0.3410621
v 0.3398987 0.0313580 -0.1473059
v -0.1481658 0.3591069 0.3261281
v -0.2772955 0.3363314 0.3137295
v -0.1530632 0.2721805 0.4092162
v -0.1843673 0.3985440 0.2494206
v -0.1856104 0.4336070 0.1155621
v -0.2848959 0.4424838 0.1034635
v -0.1575906 0.4054421 0.2367087
v -0.1575906 0.4054421 0.2367087
v -0.1743077 0.4366705 0.0456599
v -0.1856104 0.4336070 0.1155621
v -0.1803737 0.2177774 0.4226759
v -0.1231982 0.4249313 0.1304960
v -0.1743077 0.4366705 0.0456599
v -0.0569651 0.3727781 0.2966819
v -0.0135145 0.3270960 0.3771298
v -0.0569651 0.3727781 0.2966819
v -0.0935881 0.4082813 0.2071887
v -0.1231982 0.4249313 0.1304960
v -0.0935881 0.4082813 0.2071887
v -0.0740411 0.4227050 0.1422567
v -0.0031365 0.2904976 0.4156443
v -0.0274582 0.4157775 0.1786083
v 0.0622882 0.1605087 0.4807763
v 0.0388397 0.3738444 0.3062961
v -0.1481658 0.3591069 0.3261281
v -0.0569651 0.3727781 0.2966819
v -0.1231982 0.4249313 0.1304960
v -0.1836440 0.4363046 0.0088836
v -0.2326289 0.4441141 0.0116319
v -0.1856104 0.4336070 0.1155621
v -0.1981612 0.4359444 -0.1050658
v -0.2414982 0.4457417 -0.0005798
v -0.1772191 0.4369022 -0.0018523
v -0.1772191 0.4369022 -0.0018523
v -0.3128920 0.4698894 0.0010715
v -0.1764122 0.4501269 -0.0019933
v -0.3128920 0.4698894 0.0010715
v -0.1836440 0.4363046 0.0088836
v -0.1764122 0.4501269 -0.0019933
v -0.2324979 0.4146443 -0.2070184
v -0.1594985 0.4059623 -0.2229361
v -0.1743077 0.4366705 0.0456599
v -0.1594985 0.4059623 -0.2229361
v -0.0740411 0.4227050 0.1422567
v -0.1772191 0.4369022 -0.0018523
v -0.1233926 0.4232663 -0.1214280
v -0.1594985 0.4059623 -0.2229361
v -0.1144396 0.3842784 -0.2723619
v -0.0994827 0.4340961 0.0003762
v -0.1001628 0.4464536 -0.0043809
v -0.0994827 0.4340961 0.0003762
v -0.1001628 0.4464536 -0.0043809
v -0.0956807 0.4332779 0.0136391
v -0.1231982 0.4249313 0.1304960
v -0.1743077 0.4366705 0.0456599
v -0.0956807 0.4332779 0.0136391
v -0.0880085 0.4114391 -0.1850792
v -0.0443126 0.4301843 -0.0810736
v -0.0209797 0.4352209 0.0028015
v -0.0234925 0.4349039 0.0124469
v -0.0274582 0.4157775 0.1786083
v -0.0214981 0.4127350 -0.1849628
v -0.0234925 0.4349039 0.0124469
v -0.0209797 0.4352209 0.0028015
v 0.1455590 0.4514881 0.0001352
v 0.0340865 0.4348318 0.0446579
v 0.0458401 0.4346901 -0.0026607
v 0.0344823 0.4327823 -0.0469293
v 0.0288972 0.3635475 -0.3182687
v -0.1981612 0.4359444 -0.1050658
v -0.0740411 0.4227050 0.1422567
v -0.0238730 0.3224259 -0.3754574
v -0.2990055 0.3836802 -0.2518888
v -0.2324979 0.4146443 -0.2070184
v -0.2177312 0.2191485 -0.3871984
v -0.2762077 0.3359781 -0.3033102
v -0.1503017 0.2557538 -0.4109004
v -0.1594985 0.4059623 -0.2229361
v -0.1144396 0.3842784 -0.2723619
v -0.0238730 0.3224259 -0.3754574
v -0.1594985 0.4059623 -0.2229361
v 0.0920119 0.2638344 -0.4202704
v -0.1144396 0.3842784 -0.2723619
v -0.0214981 0.4127350 -0.1849628
v 0.0288972 0.3635475 -0.3182687
v -0.1503017 0.2557538 -0.4109004
v -0.0238730 0.3224259 -0.3754574
v -0.3953280 0.3788379 -0.1035916
v -0.3735588 0.4070718 -0.1735529
v -0.3061383 0.3165389 -0.2839587
v -0.3154815 0.4543921 -0.0019441
v -0.3099124 0.4505361 -0.0806276
v -0.3950339 0.4638323 -0.0792780
v -0.3761482 0.4082081 0.1813451
v -0.2772955 0.3363314 0.3137295
v -0.4068690 0.4518472 0.1144995
v -0.3119820 0.4537518 0.0099429
v -0.4060230 0.4692928 0.0125847
v -0.2848959 0.4424838 0.1034635
v -0.3950339 0.4638323 -0.0792780
v -0.2990055 0.3836802 -0.2518888
v -0.3154815 0.4543921 -0.0019441
v -0.3801760 0.4846359 0.0088344
v -0.3128920 0.4698894 0.0010715
v -0.3128920 0.4698894 0.0010715
v -0.3801760 0.4846359 0.0088344
v -0.3119820 0.4537518 0.0099429
v -0.2762077 0.3359781 -0.3033102
v -0.2326289 0.4441141 0.0116319
v -0.2414982 0.4457417 -0.0005798
v -0.2414982 0.4457417 -0.0005798
v -0.2326289 0.4441141 0.0116319
v -0.1981612 0.4359444 -0.1050658
v -0.1481658 0.3591069 0.3261281
v -0.1843673 0.3985440 0.2494206
v -0.2324979 0.4146443 -0.2070184
v -0.1856104 0.4336070 0.1155621
v -0.1772191 0.4369022 -0.0018523
v -0.1836440 0.4363046 0.0088836
v -0.3735588 0.4070718 -0.1735529
v -0.4068690 0.4518472 0.1144995
v -0.2324979 0.4146443 -0.2070184
v -0.2848959 0.4424838 0.1034635
v -0.4533084 0.4792333 -0.0107549
v -0.4812397 0.4644337 -0.0096218
v -0.4465908 0.5000000 0.0119205
v -0.4749494 0.4533547 0.0127700
v -0.4455114 0.4600005 0.0138949
v -0.4812397 0.4644337 -0.0096218
v -0.4465908 0.5000000 0.0119205
v -0.4851309 0.4991496 0.0135407
v -0.4812397 0.4644337 -0.0096218
v -0.4383744 0.3965578 0.0020357
v -0.4749494 0.4533547 0.0127700
v -0.4574288 0.4798620 -0.0002207
v -0.4533084 0.4792333 -0.0107549
v -0.4455686 0.4589216 0.0011355
v -0.4812397 0.4644337 -0.0096218
v -0.4383744 0.3965578 0.0020357
v -0.4417701 0.4662888 0.0512156
v -0.4574288 0.4798620 -0.0002207
v -0.4455114 0.4600005 0.0138949
v -0.4182651 0.4092354 0.0091804
v -0.4455114 0.4600005 0.0138949
v -0.4749494 0.4533547 0.0127700
v -0.4533084 0.4792333 -0.0107549
v -0.4082787 0.4028382 -0.0814803
v -0.4455686 0.4589216 0.0011355
v -0.4182651 0.4092354 0.0091804
v -0.4229346 0.4945574 0.0078062
v -0.4105121 0.4904413 -0.0133770
v -0.4068690 0.4518472 0.1144995
v -0.4574288 0.4798620 -0.0002207
v -0.4417701 0.4662888 0.0512156
v -0.3735588 0.4070718 -0.1735529
v -0.4465908 0.5000000 0.0119205
v -0.4229346 0.4945574 0.0078062
v -0.4105121 0.4904413 -0.0133770
v -0.4574288 0.4798620 -0.0002207
v -0.4060230 0.4692928 0.0125847
v -0.4105121 0.4904413 -0.0133770
v -0.4105121 0.4904413 -0.0133770
v -0.4229346 0.4945574 0.0078062
v -0.4574288 0.4798620 -0.0002207
v -0.4533084 0.4792333 -0.0107549
v -0.3950339 0.4638323 -0.0792780
v -0.3966715 0.4630277 0.0926112
v -0.4417701 0.4662888 0.0512156
v -0.3761482 0.4082081 0.1813451
v -0.4533084 0.4792333 -0.0107549
v -0.4105121 0.4904413 -0.0133770
v -0.4066530 0.4698341 -0.0005372
v -0.4060230 0.4692928 0.0125847
v -0.4574288 0.4798620 -0.0002207
v -0.3966715 0.4630277 0.0926112
v -0.3801760 0.4846359 0.0088344
v -0.3950339 0.4638323 -0.0792780
v -0.4533084 0.4792333 -0.0107549
v -0.4066530 0.4698341 -0.0005372
v -0.3801760 0.4846359 0.0088344
v -0.3154815 0.4543921 -0.0019441
v -0.3154815 0.4543921 -0.0019441
v -0.2848959 0.4424838 0.1034635
v -0.3119820 0.4537518 0.0099429
v -0.3735588 0.4070718 -0.1735529
v -0.4068690 0.4518472 0.1144995
v -0.2848959 0.4424838 0.1034635
v -0.4383744 0.3965578 0.0020357
v -0.4182651 0.4092354 0.0091804
v -0.4749494 0.4533547 0.0127700
v -0.4127643 0.4001674 -0.0011242
v -0.4383744 0.3965578 0.0020357
v -0.4455686 0.4589216 0.0011355
v -0.4336213 0.3874520 0.0228434
v -0.4383744 0.3965578 0.0020357
v -0.4127643 0.4001674 -0.0011242
v -0.4336213 0.3874520 0.0228434
v -0.4182651 0.4092354 0.0091804
v -0.4383744 0.3965578 0.0020357
v -0.4082787 0.4028382 -0.0814803
v -0.4127643 0.4001674 -0.0011242
v -0.4455686 0.4589216 0.0011355
v -0.4083477 0.4018030 0.0894709
v -0.4417701 0.4662888 0.0512156
v -0.4182651 0.4092354 0.0091804
v -0.4336213 0.3874520 0.0228434
v -0.4135050 0.3228182 -0.0015850
v -0.3992024 0.3686093 0.0107924
v -0.4182651 0.4092354 0.0091804
v -0.4336213 0.3874520 0.0228434
v -0.4127643 0.4001674 -0.0011242
v -0.3992986 0.3697657 -0.0004486
v -0.3992024 0.3686093 0.0107924
v -0.4083477 0.4018030 0.0894709
v -0.3761482 0.4082081 0.1813451
v -0.4417701 0.4662888 0.0512156
v -0.3992986 0.3697657 -0.0004486
v -0.3953280 0.3788379 -0.1035916
v -0.4135050 0.3228182 -0.0015850
v -0.3957363 0.3795098 0.1155703
v -0.3735588 0.4070718 -0.1735529
v -0.3953280 0.3788379 -0.1035916
v -0.3522265 0.3281444 0.2138185
v -0.4082787 0.4028382 -0.0814803
v -0.3957363 0.3795098 0.1155703
v -0.3712376 0.2975788 0.1085847
v -0.3786959 0.3008952 0.0115926
v -0.3730877 0.2586541 0.0422868
v -0.3828720 0.3159244 0.0059024
v -0.3522265 0.3281444 0.2138185
v -0.3957363 0.3795098 0.1155703
v -0.3340397 0.2231520 0.2194447
v -0.3050059 0.3170391 0.2974723
v -0.3522265 0.3281444 0.2138185
v -0.2772955 0.3363314 0.3137295
v -0.3761482 0.4082081 0.1813451
v -0.2870624 0.2420604 0.3147872
v -0.1481658 0.3591069 0.3261281
v -0.4068690 0.4518472 0.1144995
v -0.2144491 0.1668317 0.4108396
v -0.3522265 0.3281444 0.2138185
v -0.2772955 0.3363314 0.3137295
v -0.4135050 0.3228182 -0.0015850
v -0.3836093 0.3176146 -0.0052057
v -0.4070753 0.3024548 0.0004238
v -0.3992024 0.3686093 0.0107924
v -0.4135050 0.3228182 -0.0015850
v -0.3828720 0.3159244 0.0059024
v -0.3771572 0.2946996 -0.0074030
v -0.3992986 0.3697657 -0.0004486
v -0.3982861 0.2629272 0.0042151
v -0.3720125 0.2651445 0.0108186
v -0.4070753 0.3024548 0.0004238
v -0.3957363 0.3795098 0.1155703
v -0.3992024 0.3686093 0.0107924
v -0.3828720 0.3159244 0.0059024
v -0.3992986 0.3697657 -0.0004486
v -0.3953280 0.3788379 -0.1035916
v -0.3836093 0.3176146 -0.0052057
v -0.3982861 0.2629272 0.0042151
v -0.3740480 0.2698399 -0.0003436
v -0.3786959 0.3008952 0.0115926
v -0.3550668 0.3196182 -0.1893116
v -0.3740480 0.2698399 -0.0003436
v -0.3771572 0.2946996 -0.0074030
v -0.3644079 0.2663304 -0.0889464
v -0.3730877 0.2586541 0.0422868
v -0.3786959 0.3008952 0.0115926
v -0.3720125 0.2651445 0.0108186
v -0.3715219 0.2914902 -0.0871098
v -0.3061383 0.3165389 -0.2839587
v -0.3550668 0.3196182 -0.1893116
v -0.3953280 0.3788379 -0.1035916
v -0.3332021 0.2256263 -0.2111605
v -0.3550668 0.3196182 -0.1893116
v -0.3715219 0.2914902 -0.0871098
v -0.2757081 0.1703875 -0.3300228
v -0.3735588 0.4070718 -0.1735529
v -0.2762077 0.3359781 -0.3033102
v -0.2177312 0.2191485 -0.3871984
v -0.2990055 0.3836802 -0.2518888
v -0.1503017 0.2557538 -0.4109004
v -0.3061383 0.3165389 -0.2839587
v -0.3061383 0.3165389 -0.2839587
v -0.2762077 0.3359781 -0.3033102
v -0.3897574 0.2184187 0.0091854
v -0.3720125 0.2651445 0.0108186
v -0.3982861 0.2629272 0.0042151
v -0.3740480 0.2698399 -0.0003436
v -0.3631905 0.2122137 -0.0051237
v -0.3897574 0.2184187 0.0091854
v -0.3982861 0.2629272 0.0042151
v -0.3543504 0.1612127 -0.0036396
v -0.3638623 0.2142546 0.0060583
v -0.3801703 0.1583445 -0.0027213
v -0.3801703 0.1583445 -0.0027213
v -0.3543302 0.1610616 0.0075833
v -0.3644079 0.2663304 -0.0889464
v -0.3631905 0.2122137 -0.0051237
v -0.3740480 0.2698399 -0.0003436
v -0.3730877 0.2586541 0.0422868
v -0.3720125 0.2651445 0.0108186
v -0.3638623 0.2142546 0.0060583
v -0.3340397 0.2231520 0.2194447
v -0.3543504 0.1612127 -0.0036396
v -0.3505387 0.1516081 -0.0994363
v -0.3513575 0.1509131 0.1083306
v -0.3543302 0.1610616 0.0075833
v -0.3332021 0.2256263 -0.2111605
v -0.3288496 0.1765515 -0.2054818
v -0.3286998 0.1448802 0.2114474
v -0.3525679 0.1240556 0.0070422
v -0.3332021 0.2256263 -0.2111605
v -0.3715219 0.2914902 -0.0871098
v -0.2757081 0.1703875 -0.3300228
v -0.2775310 0.1715407 0.3355063
v -0.3513575 0.1509131 0.1083306
v -0.2757081 0.1703875 -0.3300228
v -0.3259160 0.0532721 0.2016626
v -0.2870624 0.2420604 0.3147872
v -0.2144491 0.1668317 0.4108396
v -0.2526567 0.0586662 0.3773594
v -0.1803737 0.2177774 0.4226759
v -0.2772955 0.3363314 0.3137295
v -0.1056553 0.0338471 0.4933161
v 0.0622882 0.1605087 0.4807763
v -0.1530632 0.2721805 0.4092162
v -0.3513575 0.1509131 0.1083306
v -0.3286998 0.1448802 0.2114474
v -0.2775310 0.1715407 0.3355063
v -0.2144491 0.1668317 0.4108396
v -0.3801703 0.1583445 -0.0027213
v -0.3741824 0.0970049 -0.0001238
v -0.3525679 0.1240556 0.0070422
v -0.3543302 0.1610616 0.0075833
v -0.3458260 0.0606124 0.0074374
v -0.3728006 0.0672966 -0.0037544
v -0.3706000 0.0444616 0.0011700
v -0.3728006 0.0672966 -0.0037544
v -0.3441118 0.0446843 -0.0051663
v -0.3741824 0.0970049 -0.0001238
v -0.3801703 0.1583445 -0.0027213
v -0.3543504 0.1612127 -0.0036396
v -0.3706000 0.0444616 0.0011700
v -0.3668134 -0.0515255 0.0123159
v -0.3522599 0.1218703 -0.0034560
v -0.3543302 0.1610616 0.0075833
v -0.3525679 0.1240556 0.0070422
v -0.3513575 0.1509131 0.1083306
v -0.3505387 0.1516081 -0.0994363
v -0.3522599 0.1218703 -0.0034560
v -0.3543504 0.1612127 -0.0036396
v -0.3522599 0.1218703 -0.0034560
v -0.3505387 0.1516081 -0.0994363
v -0.3168856 0.1487863 -0.2377781
v -0.3251285 0.0547812 -0.1918795
v -0.3441118 0.0446843 -0.0051663
v -0.3441160 0.0081623 -0.0035822
v -0.3259160 0.0532721 0.2016626
v -0.3458260 0.0606124 0.0074374
v -0.3441160 0.0081623 -0.0035822
v -0.3397238 0.0254189 -0.1127893
v -0.3441006 0.0079859 0.0075719
v -0.3396360 0.0308683 0.1282380
v -0.3286998 0.1448802 0.2114474
v -0.3186201 0.0239987 0.2228310
v -0.3268323 0.0218993 -0.1820668
v -0.3168856 0.1487863 -0.2377781
v -0.3505387 0.1516081 -0.0994363
v -0.2757081 0.1703875 -0.3300228
v -0.3288496 0.1765515 -0.2054818
v -0.2757081 0.1703875 -0.3300228
v -0.3397238 0.0254189 -0.1127893
v -0.2537737 0.0583176 -0.3686586
v -0.3268323 0.0218993 -0.1820668
v -0.3396360 0.0308683 0.1282380
v -0.2526567 0.0586662 0.3773594
v -0.3251285 0.0547812 -0.1918795
v -0.3168856 0.1487863 -0.2377781
v -0.2440396 0.1437881 -0.3729550
v -0.3397238 0.0254189 -0.1127893
v -0.2537737 0.0583176 -0.3686586
v -0.3186201 0.0239987 0.2228310
v -0.3396360 0.0308683 0.1282380
v -0.2775310 0.1715407 0.3355063
v -0.1056553 0.0338471 0.4933161
v -0.2144491 0.1668317 0.4108396
v -0.3525679 0.1240556 0.0070422
v -0.3505387 0.1516081 -0.0994363
v -0.3259160 0.0532721 0.2016626
v -0.3251285 0.0547812 -0.1918795
v -0.2526567 0.0586662 0.3773594
v -0.2526567 0.0586662 0.3773594
v -0.2757081 0.1703875 -0.3300228
v -0.2440396 0.1437881 -0.3729550
v -0.3168856 0.1487863 -0.2377781
v -0.2537737 0.0583176 -0.3686586
v -0.3251285 0.0547812 -0.1918795
v -0.2177312 0.2191485 -0.3871984
v -0.3061383 0.3165389 -0.2839587
v -0.1154131 0.1203180 -0.4680678
v -0.2040049 -0.1038871 -0.4286432
v -0.1503017 0.2557538 -0.4109004
v -0.0282087 0.1745205 -0.4695240
v -0.0165123 0.0325675 -0.5000000
v -0.1027390 -0.0934422 -0.4834755
v 0.0920119 0.2638344 -0.4202704
v 0.0646972 0.1686414 -0.4679088
v 0.1329525 0.0743715 0.4810338
v -0.0353429 -0.1246664 0.5000000
v 0.0804771 -0.1952836 0.4743434
v 0.1808043 -0.0558601 0.4582945
v 0.2310164 -0.3209568 0.3596741
v 0.2582474 -0.2866827 0.3550645
v 0.2676868 -0.1602649 0.3597921
v 0.2694526 -0.0717103 0.3650494
v 0.3108433 0.0498478 0.2699939
v 0.3194131 -0.0869991 0.2336309
v 0.3237606 -0.1506961 0.2385422
v 0.3356131 -0.0556895 0.1682546
v 0.3439229 -0.0784230 0.1134452
v 0.2694526 -0.0717103 0.3650494
v 0.3194131 -0.0869991 0.2336309
v 0.3439229 -0.0784230 0.1134452
v 0.2310164 -0.3209568 0.3596741
v 0.1808043 -0.0558601 0.4582945
v 0.3439229 -0.0784230 0.1134452
v 0.3194131 -0.0869991 0.2336309
v 0.3484747 -0.0952141 0.0072751
v 0.3244777 -0.0876937 -0.2054998
v 0.3461974 -0.0833390 -0.0868178
v 0.3412555 -0.1114228 -0.1346268
v 0.3237606 -0.1506961 0.2385422
v 0.3490454 -0.0909431 -0.0010683
v 0.3484747 -0.0952141 0.0072751
v 0.3356131 -0.0556895 0.1682546
v 0.3439229 -0.0784230 0.1134452
v 0.3352292 -0.0597773 -0.1632219
v 0.3600025 -0.1735333 -0.0033985
v 0.3556027 -0.1506071 0.0590967
v 0.3506544 0.0050461 0.0091018
v 0.3511910 0.0112711 -0.0031313
v 0.3670810 -0.0952230 -0.0002041
v 0.3600025 -0.1735333 -0.0033985
v 0.3490454 -0.0909431 -0.0010683
v 0.3571371 -0.1593950 0.0058058
v 0.3511910 0.0112711 -0.0031313
v 0.3701275 0.0098762 0.0048383
v 0.3701275 0.0098762 0.0048383
v 0.3506544 0.0050461 0.0091018
v 0.3484747 -0.0952141 0.0072751
v 0.3670810 -0.0952230 -0.0002041
v 0.3813167 -0.1794956 0.0011782
v 0.2582474 -0.2866827 0.3550645
v 0.3363769 -0.2738476 0.2396229
v 0.2676868 -0.1602649 0.3597921
v 0.3344125 -0.2092512 0.2194613
v 0.3237606 -0.1506961 0.2385422
v 0.3127220 -0.1375747 -0.2583545
v 0.3412555 -0.1114228 -0.1346268
v 0.3669931 -0.2162561 -0.0050301
v 0.3770276 -0.2635764 0.0407619
v 0.3183622 -0.2136997 -0.2648481
v 0.3556027 -0.1506071 0.0590967
v 0.3767252 -0.2662087 -0.0438676
v 0.3207907 -0.2709220 -0.2701677
v 0.3600025 -0.1735333 -0.0033985
v 0.3663764 -0.2142483 0.0593197
v 0.3571371 -0.1593950 0.0058058
v 0.3804937 -0.2925460 0.0098775
v 0.3813167 -0.1794956 0.0011782
v 0.3484747 -0.0952141 0.0072751
v 0.3571371 -0.1593950 0.0058058
v 0.3600025 -0.1735333 -0.0033985
v 0.3813167 -0.1794956 0.0011782
v 0.3669931 -0.2162561 -0.0050301
v 0.3910264 -0.2291096 0.0038151
v 0.3804937 -0.2925460 0.0098775
v 0.3670810 -0.0952230 -0.0002041
v 0.3910264 -0.2291096 0.0038151
v 0.4044377 -0.2875889 0.0044136
v 0.0648512 -0.1215476 -0.4880293
v 0.1408135 -0.2446670 -0.4307782
v -0.0820966 -0.2082808 -0.4601490
v -0.0165123 0.0325675 -0.5000000
v 0.1322333 -0.0179333 -0.4771786
v 0.1308906 -0.1162567 -0.4710883
v 0.2359667 -0.0964647 -0.3969898
v 0.2636096 -0.2020758 -0.3597625
v 0.2582962 -0.2912148 -0.3504385
v 0.2712016 -0.0722516 -0.3530705
v 0.3207907 -0.2709220 -0.2701677
v 0.3183622 -0.2136997 -0.2648481
v 0.3127220 -0.1375747 -0.2583545
v 0.3244777 -0.0876937 -0.2054998
v 0.3244777 -0.0876937 -0.2054998
v 0.3461974 -0.0833390 -0.0868178
v 0.3352292 -0.0597773 -0.1632219
v 0.2712016 -0.0722516 -0.3530705
v 0.3461974 -0.0833390 -0.0868178
v 0.3244777 -0.0876937 -0.2054998
v 0.2740977 0.0566194 -0.3410621
v 0.3412555 -0.1114228 -0.1346268
v 0.3244777 -0.0876937 -0.2054998
v 0.2712016 -0.0722516 -0.3530705
v 0.3127220 -0.1375747 -0.2583545
v 0.3129464 -0.3399121 0.2922545
v 0.2582474 -0.2866827 0.3550645
v 0.2310164 -0.3209568 0.3596741
v 0.2700595 -0.3830862 0.2815875
v 0.4024894 -0.4199532 0.1515367
v 0.3363769 -0.2738476 0.2396229
v 0.3670621 -0.2983329 0.1575794
v 0.3129464 -0.3399121 0.2922545
v 0.4024894 -0.4199532 0.1515367
v 0.3664448 -0.3590116 0.2017824
v 0.3770276 -0.2635764 0.0407619
v 0.3804937 -0.2925460 0.0098775
v 0.3663764 -0.2142483 0.0593197
v 0.3770276 -0.2635764 0.0407619
v 0.3847061 -0.3314749 0.1013139
v 0.3917782 -0.3152788 0.0425329
v 0.3804937 -0.2925460 0.0098775
v 0.3917782 -0.3152788 0.0425329
v 0.3917782 -0.3152788 0.0425329
v 0.4010330 -0.3620073 0.0909961
v 0.3942075 -0.3313938 0.0059075
v 0.3669931 -0.2162561 -0.0050301
v 0.4044377 -0.2875889 0.0044136
v 0.3813689 -0.2951688 -0.0021374
v 0.3804937 -0.2925460 0.0098775
v 0.4044377 -0.2875889 0.0044136
v 0.3910264 -0.2291096 0.0038151
v 0.4129224 -0.3143005 0.0117912
v 0.4129224 -0.3143005 0.0117912
v 0.3942075 -0.3313938 0.0059075
v 0.3917782 -0.3152788 0.0425329
v 0.3942075 -0.3313938 0.0059075
v 0.3813689 -0.2951688 -0.0021374
v 0.4084920 -0.3720010 -0.0035280
v 0.4017305 -0.3486715 -0.0269741
v 0.4119664 -0.3933658 0.1083996
v 0.4290577 -0.3562661 -0.0023998
v 0.4084920 -0.3720010 -0.0035280
v 0.4097560 -0.3740061 0.0060059
v 0.4173947 -0.3923991 0.0027263
v 0.4097560 -0.3740061 0.0060059
v 0.4290577 -0.3562661 -0.0023998
v 0.1894333 -0.3016550 -0.3812606
v 0.2582962 -0.2912148 -0.3504385
v 0.3265452 -0.3417214 -0.2660189
v 0.2561123 -0.3852235 -0.2730898
v 0.3961795 -0.4240493 -0.1498934
v 0.3207907 -0.2709220 -0.2701677
v 0.3425070 -0.2939793 -0.2293115
v 0.3654998 -0.3420384 -0.1885341
v 0.3661242 -0.2969875 -0.1405333
v 0.3961795 -0.4240493 -0.1498934
v 0.3767252 -0.2662087 -0.0438676
v 0.3872976 -0.3091375 -0.0557169
v 0.3813689 -0.2951688 -0.0021374
v 0.3813689 -0.2951688 -0.0021374
v 0.3669931 -0.2162561 -0.0050301
v 0.4017305 -0.3486715 -0.0269741
v 0.4062286 -0.4031568 -0.1278772
v 0.2582962 -0.2912148 -0.3504385
v 0.3265452 -0.3417214 -0.2660189
v 0.3654998 -0.3420384 -0.1885341
v 0.3425070 -0.2939793 -0.2293115
v 0.3207907 -0.2709220 -0.2701677
v 0.3767252 -0.2662087 -0.0438676
v 0.3661242 -0.2969875 -0.1405333
v 0.4062286 -0.4031568 -0.1278772
v 0.3961795 -0.4240493 -0.1498934
v 0.3654998 -0.3420384 -0.1885341
v 0.4024894 -0.4199532 0.1515367
v 0.4119664 -0.3933658 0.1083996
v 0.3664448 -0.3590116 0.2017824
v 0.4226782 -0.4077663 -0.0715641
v 0.4010330 -0.3620073 0.0909961
v 0.4210664 -0.4043542 0.0750604
v 0.4062286 -0.4031568 -0.1278772
v 0.4017305 -0.3486715 -0.0269741
v 0.4173947 -0.3923991 0.0027263
v 0.4097560 -0.3740061 0.0060059
v 0.4367125 -0.4639071 -0.0614021
v 0.4173947 -0.3923991 0.0027263
v 0.4226782 -0.4077663 -0.0715641
v 0.4062286 -0.4031568 -0.1278772
v 0.4275574 -0.4141552 0.0043874
v 0.4282361 -0.4141330 -0.0067552
v 0.4275574 -0.4141552 0.0043874
v 0.4497448 -0.4030604 -0.0027802
v 0.4097560 -0.3740061 0.0060059
v 0.4084920 -0.3720010 -0.0035280
v 0.4290577 -0.3562661 -0.0023998
v 0.4497448 -0.4030604 -0.0027802
v 0.4290577 -0.3562661 -0.0023998
v 0.4173947 -0.3923991 0.0027263
v 0.4282361 -0.4141330 -0.0067552
v 0.4465469 -0.4639530 0.0556564
v 0.4532937 -0.4515676 -0.0032787
v 0.4465469 -0.4639530 0.0556564
v 0.4612544 -0.4200300 0.0179127
v 0.4612544 -0.4200300 0.0179127
v 0.4532937 -0.4515676 -0.0032787
v 0.4553954 -0.4532410 0.0091560
v 0.4241415 -0.4696093 -0.0019652
v 0.3506725 -0.4608952 -0.0003352
v 0.4367125 -0.4639071 -0.0614021
v 0.3506725 -0.4608952 -0.0003352
v 0.4241415 -0.4696093 -0.0019652
v 0.3900083 -0.4861392 0.0042563
v 0.3846245 -0.4654705 0.0071686
v 0.4265554 -0.4651035 0.0689291
v 0.3132565 -0.4454089 0.1144013
v 0.4265554 -0.4651035 0.0689291
v 0.4465469 -0.4639530 0.0556564
v 0.4024894 -0.4199532 0.1515367
v 0.3900083 -0.4861392 0.0042563
v 0.4758344 -0.5000000 0.0124521
v 0.3846245 -0.4654705 0.0071686
v 0.4758344 -0.5000000 0.0124521
v 0.4226782 -0.4077663 -0.0715641
v 0.4532937 -0.4515676 -0.0032787
v 0.4367125 -0.4639071 -0.0614021
v 0.4715258 -0.4736291 0.0154661
v 0.4697795 -0.4730325 -0.0041150
v 0.4715258 -0.4736291 0.0154661
v 0.4465469 -0.4639530 0.0556564
v 0.4553954 -0.4532410 0.0091560
v 0.4275574 -0.4141552 0.0043874
v 0.4715258 -0.4736291 0.0154661
v 0.4715258 -0.4736291 0.0154661
v 0.4697795 -0.4730325 -0.0041150
v 0.4532937 -0.4515676 -0.0032787
v 0.4612544 -0.4200300 0.0179127
v 0.4908422 -0.4547565 0.0123258
v 0.4697795 -0.4730325 -0.0041150
v 0.4553954 -0.4532410 0.0091560
v 0.4908422 -0.4547565 0.0123258
v 0.5000000 -0.4971634 0.0022393
v 0.4612544 -0.4200300 0.0179127
v 0.4758344 -0.5000000 0.0124521
v 0.4908422 -0.4547565 0.0123258
v 0.5000000 -0.4971634 0.0022393
v 0.2377109 -0.4059781 0.2393572
v 0.3132565 -0.4454089 0.1144013
v 0.2700595 -0.3830862 0.2815875
v 0.2447309 -0.4344442 -0.0745781
v 0.2406955 -0.4254452 -0.1741529
v 0.2936628 -0.4501274 -0.0622860
v 0.2296680 -0.4557538 -0.0114598
v 0.2894135 -0.4516582 0.0156514
v 0.2520797 -0.4423890 0.0091823
v 0.2368865 -0.4281486 0.1777377
v 0.2368865 -0.4281486 0.1777377
v 0.2520797 -0.4423890 0.0091823
v 0.2894135 -0.4516582 0.0156514
v 0.2733751 -0.4478074 -0.0034066
v 0.3201259 -0.4711700 0.0005224
v 0.3254066 -0.4537292 0.0078999
v 0.3132565 -0.4454089 0.1144013
v 0.2733751 -0.4478074 -0.0034066
v 0.3201259 -0.4711700 0.0005224
v 0.2296680 -0.4557538 -0.0114598
v 0.3506725 -0.4608952 -0.0003352
v 0.3506725 -0.4608952 -0.0003352
v 0.3254066 -0.4537292 0.0078999
v 0.3900083 -0.4861392 0.0042563
v 0.3900083 -0.4861392 0.0042563
v 0.4367125 -0.4639071 -0.0614021
v 0.3846245 -0.4654705 0.0071686
v 0.4265554 -0.4651035 0.0689291
v 0.3846245 -0.4654705 0.0071686
v 0.2561123 -0.3852235 -0.2730898
v 0.3961795 -0.4240493 -0.1498934
v 0.4024894 -0.4199532 0.1515367
v 0.0153060 -0.4351135 0.0265988
v 0.0403441 -0.4181649 0.1781772
v 0.0106553 -0.3862403 0.2876303
v 0.1435855 -0.3005145 0.4043329
v 0.0804771 -0.1952836 0.4743434
v -0.0091899 -0.2890543 0.4288482
v 0.0917666 -0.4331699 0.0953712
v 0.0428890 -0.3467548 0.3640393
v 0.0106553 -0.3862403 0.2876303
v 0.1528855 -0.3736102 0.3081395
v 0.1436880 -0.4180433 0.1750747
v 0.2310164 -0.3209568 0.3596741
v 0.2281614 -0.4402538 0.0845746
v 0.1979068 -0.4104281 0.2091288
v 0.2377109 -0.4059781 0.2393572
v 0.2700595 -0.3830862 0.2815875
v 0.2368865 -0.4281486 0.1777377
v 0.0917666 -0.4331699 0.0953712
v 0.0153060 -0.4351135 0.0265988
v 0.0077175 -0.4351530 0.0088576
v 0.0807656 -0.4247965 -0.1430882
v 0.0156970 -0.4361556 -0.0017849
v 0.0373401 -0.4126903 -0.1936520
v 0.1280927 -0.4398210 0.0012505
v 0.0064520 -0.4485462 0.0107991
v 0.0156970 -0.4361556 -0.0017849
v 0.0064520 -0.4485462 0.0107991
v 0.1248120 -0.4516634 0.0060109
v 0.0077175 -0.4351530 0.0088576
v 0.1248120 -0.4516634 0.0060109
v 0.1280927 -0.4398210 0.0012505
v 0.1187475 -0.4392871 0.0091462
v 0.1187475 -0.4392871 0.0091462
v 0.1864982 -0.3978164 -0.2498896
v 0.1387774 -0.4174325 -0.1799775
v 0.1543510 -0.4388384 -0.0611873
v 0.1436880 -0.4180433 0.1750747
v 0.2181374 -0.4543000 0.0157547
v 0.2127801 -0.4442431 -0.0336908
v 0.2281614 -0.4402538 0.0845746
v 0.2193311 -0.4444543 0.0140443
v 0.2193311 -0.4444543 0.0140443
v 0.2388962 -0.4439082 0.0012423
v 0.2181374 -0.4543000 0.0157547
v 0.2388962 -0.4439082 0.0012423
v 0.2388962 -0.4439082 0.0012423
v 0.2296680 -0.4557538 -0.0114598
v 0.2181374 -0.4543000 0.0157547
v 0.2561123 -0.3852235 -0.2730898
v 0.2406955 -0.4254452 -0.1741529
v 0.2520797 -0.4423890 0.0091823
v 0.2181374 -0.4543000 0.0157547
v 0.2296680 -0.4557538 -0.0114598
v 0.2193311 -0.4444543 0.0140443
v 0.2296680 -0.4557538 -0.0114598
v 0.2520797 -0.4423890 0.0091823
v 0.2193311 -0.4444543 0.0140443
v 0.2368865 -0.4281486 0.1777377
v 0.2447309 -0.4344442 -0.0745781
v 0.2733751 -0.4478074 -0.0034066
v 0.2296680 -0.4557538 -0.0114598
v 0.2388962 -0.4439082 0.0012423
v 0.2733751 -0.4478074 -0.0034066
v 0.0373401 -0.4126903 -0.1936520
v 0.0156970 -0.4361556 -0.0017849
v 0.0138392 -0.3875452 -0.2745165
v 0.0338712 -0.3484661 -0.3511289
v 0.0138392 -0.3875452 -0.2745165
v 0.1864982 -0.3978164 -0.2498896
v 0.1408135 -0.2446670 -0.4307782
v 0.1894333 -0.3016550 -0.3812606
v 0.0143709 -0.2880343 -0.4210984
v 0.2561123 -0.3852235 -0.2730898
v 0.2582962 -0.2912148 -0.3504385
v 0.0373401 -0.4126903 -0.1936520
v -0.3285012 -0.1632810 0.2059737
v -0.2839900 -0.1102464 0.3207283
v -0.3142955 -0.1020073 0.2475710
v -0.3033572 -0.1708546 0.2856526
v -0.3431571 -0.2150256 0.1791545
v -0.2626075 -0.2309989 0.3577260
v -0.3186201 0.0239987 0.2228310
v -0.2722002 -0.0755811 0.3479018
v -0.2526567 0.0586662 0.3773594
v -0.3142955 -0.1020073 0.2475710
v -0.2004224 -0.0997351 0.4413715
v -0.3142955 -0.1020073 0.2475710
v -0.2839900 -0.1102464 0.3207283
v -0.2004224 -0.0997351 0.4413715
v -0.1654579 -0.2138171 0.4408697
v -0.1056553 0.0338471 0.4933161
v -0.1306285 -0.1466610 0.4745238
v -0.0353429 -0.1246664 0.5000000
v -0.0091899 -0.2890543 0.4288482
v 0.0804771 -0.1952836 0.4743434
v 0.1329525 0.0743715 0.4810338
v -0.3679931 -0.0567290 -0.0069307
v -0.3441027 -0.0835959 -0.0067651
v -0.3692885 -0.0993955 0.0076129
v -0.3441027 -0.0835959 -0.0067651
v -0.3668134 -0.0515255 0.0123159
v -0.3706000 0.0444616 0.0011700
v -0.3679931 -0.0567290 -0.0069307
v -0.3692885 -0.0993955 0.0076129
v -0.3432756 -0.0590759 0.0088116
v -0.3668134 -0.0515255 0.0123159
v -0.3441027 -0.0835959 -0.0067651
v -0.3679931 -0.0567290 -0.0069307
v -0.3432756 -0.0590759 0.0088116
v -0.3668134 -0.0515255 0.0123159
v -0.3679931 -0.0567290 -0.0069307
v -0.3441006 0.0079859 0.0075719
v -0.3668134 -0.0515255 0.0123159
v -0.3432756 -0.0590759 0.0088116
v -0.3446100 -0.1027250 -0.0025868
v -0.3441160 0.0081623 -0.0035822
v -0.3458260 0.0606124 0.0074374
v -0.3440261 -0.1011037 0.0105973
v -0.3441160 0.0081623 -0.0035822
v -0.3268323 0.0218993 -0.1820668
v -0.3401663 -0.0887220 -0.0951514
v -0.3441027 -0.0835959 -0.0067651
v -0.3392646 -0.0910052 0.1091128
v -0.3441006 0.0079859 0.0075719
v -0.3432756 -0.0590759 0.0088116
v -0.3392214 -0.0069912 0.1152605
v -0.3440261 -0.1011037 0.0105973
v -0.3450121 -0.1133016 0.0885774
v -0.3446100 -0.1027250 -0.0025868
v -0.3186201 0.0239987 0.2228310
v -0.3212409 -0.0947301 -0.2096452
v -0.3332334 -0.1076273 -0.1535749
v -0.3446100 -0.1027250 -0.0025868
v -0.3212409 -0.0947301 -0.2096452
v -0.3142955 -0.1020073 0.2475710
v -0.2750538 -0.0771766 -0.3340436
v -0.2722002 -0.0755811 0.3479018
v -0.2537737 0.0583176 -0.3686586
v -0.3401663 -0.0887220 -0.0951514
v -0.2750538 -0.0771766 -0.3340436
v -0.3212409 -0.0947301 -0.2096452
v -0.2040049 -0.1038871 -0.4286432
v -0.3212409 -0.0947301 -0.2096452
v -0.2750538 -0.0771766 -0.3340436
v -0.3594771 -0.2080344 0.0038971
v -0.3869854 -0.2185441 -0.0064190
v -0.3999166 -0.2815308 0.0091560
v -0.3556856 -0.1797136 -0.0034526
v -0.3869854 -0.2185441 -0.0064190
v -0.3795077 -0.1674135 0.0049433
v -0.3795077 -0.1674135 0.0049433
v -0.3440261 -0.1011037 0.0105973
v -0.3729678 -0.2884077 0.0071308
v -0.3478169 -0.1848365 0.1195175
v -0.3594771 -0.2080344 0.0038971
v -0.3597844 -0.2176805 -0.0067503
v -0.3692885 -0.0993955 0.0076129
v -0.3692885 -0.0993955 0.0076129
v -0.3446100 -0.1027250 -0.0025868
v -0.3581928 -0.2177095 -0.0781628
v -0.3597844 -0.2176805 -0.0067503
v -0.3556856 -0.1797136 -0.0034526
v -0.3649598 -0.2770713 0.1159607
v -0.3431571 -0.2150256 0.1791545
v -0.3421174 -0.1674509 -0.1274066
v -0.3440261 -0.1011037 0.0105973
v -0.3417948 -0.2162651 -0.1749663
v -0.3446100 -0.1027250 -0.0025868
v -0.3332334 -0.1076273 -0.1535749
v -0.3450121 -0.1133016 0.0885774
v -0.3142955 -0.1020073 0.2475710
v -0.3285012 -0.1632810 0.2059737
v -0.3036137 -0.1740567 -0.2766073
v -0.3033572 -0.1708546 0.2856526
v -0.3212409 -0.0947301 -0.2096452
v -0.2599003 -0.2283924 -0.3536460
v -0.2040049 -0.1038871 -0.4286432
v -0.3036137 -0.1740567 -0.2766073
v -0.2040049 -0.1038871 -0.4286432
v -0.2599003 -0.2283924 -0.3536460
v -0.2750538 -0.0771766 -0.3340436
v -0.2537737 0.0583176 -0.3686586
v -0.1027390 -0.0934422 -0.4834755
v -0.1154131 0.1203180 -0.4680678
v -0.1507212 -0.2485230 -0.4242829
v -0.0820966 -0.2082808 -0.4601490
v 0.0648512 -0.1215476 -0.4880293
v -0.0165123 0.0325675 -0.5000000
v -0.2040049 -0.1038871 -0.4286432
v -0.1027390 -0.0934422 -0.4834755
v -0.2040049 -0.1038871 -0.4286432
v -0.1326194 -0.3659081 0.3267678
v -0.1489644 -0.3322127 0.3723401
v -0.2468799 -0.3799611 0.2908689
v -0.1498836 -0.4191080 0.1827654
v -0.2360072 -0.4335649 0.1485260
v -0.2360072 -0.4335649 0.1485260
v -0.2180712 -0.4439619 0.0092446
v -0.2215143 -0.4443495 0.0000108
v -0.2269002 -0.4443684 -0.0431887
v -0.1395947 -0.4403554 -0.0033312
v -0.2666743 -0.3425433 0.3210104
v -0.1654579 -0.2138171 0.4408697
v -0.1873616 -0.4098073 -0.2154157
v -0.1364506 -0.4403423 0.0108188
v -0.2180712 -0.4439619 0.0092446
v -0.2264201 -0.4562514 0.0109172
v -0.1364506 -0.4403423 0.0108188
v -0.2215143 -0.4443495 0.0000108
v -0.1395947 -0.4403554 -0.0033312
v 0.0064520 -0.4485462 0.0107991
v -0.2264201 -0.4562514 0.0109172
v 0.0064520 -0.4485462 0.0107991
v -0.0577470 -0.4382408 -0.0002565
v -0.1395947 -0.4403554 -0.0033312
v -0.1289436 -0.4336233 -0.0911796
v -0.0091899 -0.2890543 0.4288482
v -0.0540210 -0.4160060 0.1948476
v -0.0577470 -0.4382408 -0.0002565
v 0.0077175 -0.4351530 0.0088576
v -0.0108052 -0.3334480 0.3828890
v -0.0862469 -0.4251219 -0.1443918
v 0.0077175 -0.4351530 0.0088576
v 0.0016083 -0.4082634 0.2123855
v 0.0153060 -0.4351135 0.0265988
v 0.0156970 -0.4361556 -0.0017849
v 0.0156970 -0.4361556 -0.0017849
v 0.0016083 -0.4082634 0.2123855
v 0.0106553 -0.3862403 0.2876303
v -0.0108052 -0.3334480 0.3828890
v 0.0428890 -0.3467548 0.3640393
v 0.0106553 -0.3862403 0.2876303
v 0.0016083 -0.4082634 0.2123855
v 0.0153060 -0.4351135 0.0265988
v 0.0106553 -0.3862403 0.2876303
v -0.2368482 -0.4323859 -0.1468811
v -0.2456033 -0.3803734 -0.2826319
v -0.1998664 -0.3919804 -0.2647284
v -0.1873616 -0.4098073 -0.2154157
v -0.2368482 -0.4323859 -0.1468811
v -0.2269002 -0.4443684 -0.0431887
v -0.1345657 -0.3999732 -0.2449620
v -0.1395947 -0.4403554 -0.0033312
v -0.0757811 -0.3600184 -0.3285518
v -0.1395947 -0.4403554 -0.0033312
v -0.1345657 -0.3999732 -0.2449620
v -0.1289436 -0.4336233 -0.0911796
v -0.1507212 -0.2485230 -0.4242829
v -0.0140155 -0.3317993 -0.3765461
v -0.1289436 -0.4336233 -0.0911796
v -0.0862469 -0.4251219 -0.1443918
v -0.0340001 -0.3951914 -0.2494977
v -0.0024947 -0.4152241 -0.1766979
v 0.0143709 -0.2880343 -0.4210984
v -0.0820966 -0.2082808 -0.4601490
v 0.0156970 -0.4361556 -0.0017849
v -0.0024947 -0.4152241 -0.1766979
v 0.0138392 -0.3875452 -0.2745165
v 0.0156970 -0.4361556 -0.0017849
v -0.0024947 -0.4152241 -0.1766979
v 0.0138392 -0.3875452 -0.2745165
v 0.0338712 -0.3484661 -0.3511289
v 0.1408135 -0.2446670 -0.4307782
v -0.1873616 -0.4098073 -0.2154157
v -0.3896718 -0.3334896 0.0072407
v -0.4049659 -0.3877184 0.1062268
v -0.3781273 -0.3209399 0.1053314
v -0.3760709 -0.3005661 0.0663972
v -0.3760709 -0.3005661 0.0663972
v -0.3366431 -0.3316403 0.2399311
v -0.3729678 -0.2884077 0.0071308
v -0.3649598 -0.2770713 0.1159607
v -0.3478169 -0.1848365 0.1195175
v -0.3491137 -0.4200063 0.1919386
v -0.2666743 -0.3425433 0.3210104
v -0.3128098 -0.2785130 0.2782767
v -0.3431571 -0.2150256 0.1791545
v -0.2626075 -0.2309989 0.3577260
v -0.2468799 -0.3799611 0.2908689
v -0.1489644 -0.3322127 0.3723401
v -0.1654579 -0.2138171 0.4408697
v -0.2666743 -0.3425433 0.3210104
v -0.4141572 -0.3248986 -0.0098282
v -0.4087686 -0.3798263 -0.0051399
v -0.4323761 -0.3701501 0.0106745
v -0.3896718 -0.3334896 0.0072407
v -0.4141572 -0.3248986 -0.0098282
v -0.4323761 -0.3701501 0.0106745
v -0.4067199 -0.3009626 -0.0029688
v -0.3726835 -0.2887262 -0.0066420
v -0.4087846 -0.3781144 0.0044399
v -0.4087686 -0.3798263 -0.0051399
v -0.3726835 -0.2887262 -0.0066420
v -0.4048949 -0.3864921 -0.0944495
v -0.3729678 -0.2884077 0.0071308
v -0.4067199 -0.3009626 -0.0029688
v -0.3999166 -0.2815308 0.0091560
v -0.3869854 -0.2185441 -0.0064190
v -0.3999166 -0.2815308 0.0091560
v -0.3800742 -0.3116440 -0.0641243
v -0.3896718 -0.3334896 0.0072407
v -0.3760709 -0.3005661 0.0663972
v -0.3729678 -0.2884077 0.0071308
v -0.3594771 -0.2080344 0.0038971
v -0.3800742 -0.3116440 -0.0641243
v -0.3460072 -0.3201948 -0.1908988
v -0.3661159 -0.2788690 -0.1010268
v -0.3985509 -0.4022506 -0.1311831
v -0.3103632 -0.3521974 -0.2707236
v -0.3597844 -0.2176805 -0.0067503
v -0.3597844 -0.2176805 -0.0067503
v -0.3581928 -0.2177095 -0.0781628
v -0.3417948 -0.2162651 -0.1749663
v -0.3132154 -0.3157264 -0.2727471
v -0.2599003 -0.2283924 -0.3536460
v -0.1507212 -0.2485230 -0.4242829
v -0.2456033 -0.3803734 -0.2826319
v -0.4048949 -0.3864921 -0.0944495
v -0.4381075 -0.4665863 -0.0454500
v -0.3263111 -0.3971608 -0.2267960
v -0.3265361 -0.4415181 -0.1323293
v -0.3985509 -0.4022506 -0.1311831
v -0.3103632 -0.3521974 -0.2707236
v -0.3700878 -0.4634538 -0.0035411
v -0.3374375 -0.4547407 -0.0003713
v -0.3323443 -0.4731031 0.0067947
v -0.3700878 -0.4634538 -0.0035411
v -0.3374375 -0.4547407 -0.0003713
v -0.3197956 -0.4442373 0.1217953
v -0.3792213 -0.4652715 0.0099185
v -0.2977630 -0.4518040 0.0111074
v -0.2806452 -0.4454347 -0.0901006
v -0.3792213 -0.4652715 0.0099185
v -0.3323443 -0.4731031 0.0067947
v -0.2977630 -0.4518040 0.0111074
v -0.2879578 -0.4621542 0.0047302
v -0.2666743 -0.3425433 0.3210104
v -0.3491137 -0.4200063 0.1919386
v -0.2468799 -0.3799611 0.2908689
v -0.2890128 -0.4480444 -0.0035362
v -0.2879578 -0.4621542 0.0047302
v -0.2890128 -0.4480444 -0.0035362
v -0.2894351 -0.4496657 0.0680239
v -0.2456033 -0.3803734 -0.2826319
v -0.2977630 -0.4518040 0.0111074
v -0.2360072 -0.4335649 0.1485260
v -0.2894351 -0.4496657 0.0680239
v -0.2264201 -0.4562514 0.0109172
v -0.2368482 -0.4323859 -0.1468811
v -0.2180712 -0.4439619 0.0092446
v -0.2264201 -0.4562514 0.0109172
v -0.2368482 -0.4323859 -0.1468811
v -0.2360072 -0.4335649 0.1485260
v -0.2269002 -0.4443684 -0.0431887
v -0.2180712 -0.4439619 0.0092446
v -0.2215143 -0.4443495 0.0000108
v -0.2215143 -0.4443495 0.0000108
v -0.5000000 -0.4953705 0.0044137
v -0.4850898 -0.4432742 0.0040972
v -0.4725299 -0.4717930 -0.0074767
v -0.4618892 -0.4601290 0.0012029
v -0.4850898 -0.4432742 0.0040972
v -0.5000000 -0.4953705 0.0044137
v -0.4687231 -0.4732568 0.0108254
v -0.4250481 -0.4065420 0.0091413
v -0.4311615 -0.4178706 -0.0033427
v -0.4331015 -0.4953810 0.0027821
v -0.4331015 -0.4953810 0.0027821
v -0.4323761 -0.3701501 0.0106745
v -0.4323761 -0.3701501 0.0106745
v -0.4087686 -0.3798263 -0.0051399
v -0.4618892 -0.4601290 0.0012029
v -0.3985509 -0.4022506 -0.1311831
v -0.4725299 -0.4717930 -0.0074767
v -0.4427366 -0.4644901 0.0574651
v -0.4049659 -0.3877184 0.1062268
v -0.4687231 -0.4732568 0.0108254
v -0.4311615 -0.4178706 -0.0033427
v -0.4087846 -0.3781144 0.0044399
v -0.4250481 -0.4065420 0.0091413
v -0.4687231 -0.4732568 0.0108254
v -0.3792213 -0.4652715 0.0099185
v -0.4427366 -0.4644901 0.0574651
v -0.4687231 -0.4732568 0.0108254
v -0.3792213 -0.4652715 0.0099185
v -0.4087686 -0.3798263 -0.0051399
v -0.4048949 -0.3864921 -0.0944495
v -0.3700878 -0.4634538 -0.0035411
v -0.4087846 -0.3781144 0.0044399
v -0.4725299 -0.4717930 -0.0074767
v -0.3263111 -0.3971608 -0.2267960
v -0.4381075 -0.4665863 -0.0454500
v -0.3896718 -0.3334896 0.0072407
v -0.4381075 -0.4665863 -0.0454500
v -0.3700878 -0.4634538 -0.0035411
v -0.4725299 -0.4717930 -0.0074767
v -0.3366431 -0.3316403 0.2399311
v -0.3197956 -0.4442373 0.1217953
v -0.3265361 -0.4415181 -0.1323293
v -0.3491137 -0.4200063 0.1919386
v -0.3323443 -0.4731031 0.0067947
v -0.3460072 -0.3201948 -0.1908988
v -0.3323443 -0.4731031 0.0067947
v -0.4049659 -0.3877184 0.1062268
v -0.3985509 -0.4022506 -0.1311831
v -0.3491137 -0.4200063 0.1919386
vt 0.9118850 0.5951850
vt 0.9118850 0.6977060
vt 0.8221660 0.5894620
vt 0.8618180 0.7020400
vt 0.8050120 0.6154010
vt 0.8183840 0.6941140
vt 0.6229010 0.9568940
vt 0.5203800 0.9568940
vt 0.5613060 0.9526910
vt 0.9483030 0.1504280
vt 0.9756320 0.2018450
vt 0.9733480 0.2524880
vt 0.9816420 0.2426050
vt 0.9804640 0.3043320
vt 0.0146990 0.9950110
vt 0.0084400 0.9699100
vt 0.0389910 0.9913950
vt 0.9704330 0.2819140
vt 0.9894440 0.1504280
vt 0.2563110 0.0452900
vt 0.2113640 0.0452900
vt 0.2534470 0.0031290
vt 0.2100920 0.0042430
vt 0.5006720 0.0684910
vt 0.5134920 0.0332690
vt 0.5374900 0.0942740
vt 0.6211360 0.0877900
vt 0.6349400 0.0491120
vt 0.6891400 0.0870630
vt 0.9003600 0.4034410
vt 0.9102110 0.3361500
vt 0.9332080 0.3758780
vt 0.6710000 0.0465980
vt 0.9866040 0.4054680
vt 0.9634950 0.3654410
vt 0.9858250 0.3420620
vt 0.5573410 0.0331970
vt 0.5665220 0.0727360
vt 0.0025790 0.3179520
vt 0.0025790 0.2457830
vt 0.0260770 0.2652710
vt 0.1552930 0.0410080
vt 0.1824590 0.0036170
vt 0.2103200 0.0452960
vt 0.9474340 0.0575500
vt 0.9462010 0.1212960
vt 0.9211430 0.0950980
vt 0.8993010 0.3060450
vt 0.7815680 0.9181900
vt 0.8124180 0.9440760
vt 0.7497520 0.9558220
vt 0.8505440 0.9536540
vt 0.9312560 0.3372270
vt 0.6189260 0.9640880
vt 0.6416740 0.9953980
vt 0.6058560 0.9898050
vt 0.6664240 0.0035470
vt 0.6801280 0.0457220
vt 0.6395360 0.0458610
vt 0.2435290 0.9786870
vt 0.1487640 0.9786870
vt 0.1971670 0.9694350
vt 0.9252640 0.0506410
vt 0.8988200 0.2920700
vt 0.9369990 0.2981170
vt 0.9435720 0.3512100
vt 0.0368140 0.9879320
vt 0.0089630 0.9684300
vt 0.0374790 0.9127600
vt 0.9611860 0.7410370
vt 0.9611860 0.6739820
vt 0.9874300 0.6842610
vt 0.4807530 0.1030510
vt 0.4359260 0.1030500
vt 0.5076710 0.0753090
vt 0.1229940 0.9649510
vt 0.1707170 0.9925040
vt 0.0852120 0.9935470
vt 0.9646330 0.4363630
vt 0.9825010 0.4470990
vt 0.9674260 0.5033600
vt 0.4221700 0.0766250
vt 0.0963200 0.0422480
vt 0.0489370 0.0422480
vt 0.0884960 0.0195110
vt 0.9807240 0.4906060
vt 0.9875810 0.4819110
vt 0.9875810 0.5516860
vt 0.9640000 0.5200350
vt 0.9606150 0.6715790
vt 0.9880020 0.6128480
vt 0.9865520 0.6826070
vt 0.6895980 0.0391260
vt 0.6895980 0.0848860
vt 0.6755200 0.0510130
vt 0.9618800 0.6253580
vt 0.2827540 0.0221020
vt 0.2884480 0.0045780
vt 0.3289060 0.0192920
vt 0.0041260 0.3464350
vt 0.0339170 0.3464350
vt 0.0053670 0.4188810
vt 0.0073780 0.6768740
vt 0.0055000 0.6410430
vt 0.0310610 0.7176520
vt 0.0069780 0.7053540
vt 0.7504560 0.0270360
vt 0.6986550 0.0270360
vt 0.7132030 0.0129830
vt 0.9750240 0.9744830
vt 0.9870620 0.9486690
vt 0.9879200 0.9900670
vt 0.9419330 0.9733410
vt 0.9234950 0.9704210
vt 0.9434880 0.9181680
vt 0.9068720 0.9953690
vt 0.9154550 0.0519990
vt 0.9130980 0.0789380
vt 0.8499840 0.0500320
vt 0.1758440 0.0102620
vt 0.1563810 0.0370510
vt 0.1527130 0.0000040
vt 0.8697530 0.9729020
vt 0.2570670 0.0409240
vt 0.2685710 0.0055180
vt 0.2725770 0.0406060
vt 0.0641120 0.0187260
vt 0.0499850 0.0389010
vt 0.0495240 0.0035890
vt 0.9727570 0.9523150
vt 0.9456320 0.9713080
vt 0.9442390 0.9175260
vt 0.9474260 0.1468440
vt 0.9274850 0.2167930
vt 0.9290880 0.1861680
vt 0.8394860 0.0843550
vt 0.9489980 0.2123260
vt 0.5163320 0.0274980
vt 0.4848760 0.0247460
vt 0.5231710 0.0003380
vt 0.4832520 0.0001700
vt 0.9636760 0.9182930
vt 0.6256470 0.0087360
vt 0.6449150 0.0350640
vt 0.6258630 0.0439480
vt 0.9888350 0.0647460
vt 0.9999480 0.1030880
vt 0.9687900 0.1047210
vt 0.6475740 0.0039770
vt 0.3283810 0.0203940
vt 0.3266860 0.0397730
vt 0.2816520 0.0236160
vt 0.8892350 0.0133270
vt 0.8681500 0.0056530
vt 0.9228580 0.0054470
vt 0.9483080 0.1194990
vt 0.9483080 0.0647900
vt 0.9686880 0.1069640
vt 0.9560790 0.0654870
vt 0.2798200 0.0408710
vt 0.6820080 0.0076410
vt 0.7173330 0.0076410
vt 0.6818760 0.0383070
vt 0.0781610 0.2017260
vt 0.1588670 0.1791060
vt 0.1168440 0.2116640
vt 0.0929030 0.1421390
vt 0.5425610 0.9930440
vt 0.5425610 0.9703940
vt 0.5794740 0.9869310
vt 0.1903130 0.1664090
vt 0.1850100 0.1811310
vt 0.1930290 0.1012800
vt 0.4770100 0.0365140
vt 0.4997680 0.0609670
vt 0.4895340 0.0745480
vt 0.4983960 0.0267360
vt 0.0792270 0.0925900
vt 0.2024710 0.2060480
vt 0.1600600 0.2171920
vt 0.9335220 0.9169840
vt 0.9342210 0.8769470
vt 0.9661810 0.8740240
vt 0.6076940 0.3508660
vt 0.6001560 0.4969960
vt 0.5842120 0.4385020
vt 0.8820660 0.5357700
vt 0.9015310 0.4822910
vt 0.8994450 0.5510700
vt 0.9198820 0.7439990
vt 0.9484070 0.6656290
vt 0.9500160 0.7607550
vt 0.1717700 0.0659480
vt 0.1196340 0.0638300
vt 0.1165980 0.0466100
vt 0.3182440 0.9640490
vt 0.3305360 0.9816030
vt 0.2783570 0.9815610
vt 0.5684020 0.4289780
vt 0.5469510 0.3965110
vt 0.9383590 0.7555720
vt 0.9455340 0.7752830
vt 0.9069830 0.7332400
vt 0.8943510 0.7160630
vt 0.5638130 0.4876670
vt 0.0114830 0.1709720
vt 0.0507700 0.2078960
vt 0.0157510 0.2281140
vt 0.1069140 0.5568420
vt 0.1135910 0.6137530
vt 0.0946580 0.6025840
vt 0.0153520 0.2549170
vt 0.5906250 0.5280860
vt 0.0338950 0.6453480
vt 0.0181100 0.6518130
vt 0.0076070 0.6405500
vt 0.5440800 0.8521400
vt 0.5882680 0.8416030
vt 0.5970860 0.8605130
vt 0.0310750 0.2555250
vt 0.0310750 0.3294550
vt 0.0069680 0.3200010
vt 0.1095300 0.6402500
vt 0.3752990 0.9668060
vt 0.6516660 0.8414560
vt 0.0925580 0.0685080
vt 0.0324710 0.7191340
vt 0.8851520 0.5928080
vt 0.6708410 0.8630890
vt 0.0924370 0.6659430
vt 0.8989540 0.5720410
vt 0.9933200 0.1671510
vt 0.9988300 0.1877130
vt 0.9917830 0.2142720
vt 0.1115350 0.6887120
vt 0.9892810 0.6964300
vt 0.9892810 0.6667120
vt 0.9968850 0.6883100
vt 0.4484250 0.0500900
vt 0.4265750 0.0589180
vt 0.4382490 0.0273260
vt 0.4274720 0.0700060
vt 0.7423690 0.0001870
vt 0.7586760 0.0138700
vt 0.7250200 0.0151290
vt 0.9416580 0.8506540
vt 0.1285330 0.8212770
vt 0.1419660 0.7843700
vt 0.1352050 0.8428310
vt 0.5154670 0.1059220
vt 0.4754800 0.1065590
vt 0.5025370 0.0950720
vt 0.1307190 0.7813450
vt 0.7621160 0.1698280
vt 0.8220160 0.1726370
vt 0.8254490 0.2217280
vt 0.7774560 0.1945500
vt 0.0477870 0.3367920
vt 0.0477870 0.3635860
vt 0.0312640 0.3410270
vt 0.5292500 0.0929960
vt 0.1437000 0.7553280
vt 0.5798560 0.1071020
vt 0.2109110 0.5846360
vt 0.2109110 0.7197120
vt 0.0474810 0.2732720
vt 0.7501440 0.1172050
vt 0.1316860 0.7169520
vt 0.1744640 0.6677620
vt 0.2189950 0.3347030
vt 0.2180290 0.2229740
vt 0.2677250 0.2676310
vt 0.2463080 0.3871810
vt 0.2116870 0.3865800
vt 0.3138370 0.3135100
vt 0.3026790 0.2863640
vt 0.2799990 0.3951090
vt 0.3030490 0.2862140
vt 0.3579770 0.3205030
vt 0.3123940 0.3555150
vt 0.8253470 0.5528390
vt 0.7998200 0.6269740
vt 0.7774830 0.4713460
vt 0.7520520 0.4959950
vt 0.7411080 0.5511980
vt 0.7123350 0.5246720
vt 0.7703370 0.5884440
vt 0.9055820 0.4346880
vt 0.9238440 0.3855730
vt 0.9386420 0.3952890
vt 0.9398770 0.4304580
vt 0.9998540 0.8574230
vt 0.9945240 0.8688540
vt 0.9942170 0.8539730
vt 0.7213480 0.5779680
vt 0.6973810 0.5409850
vt 0.7420400 0.6063030
vt 0.9264680 0.4622400
vt 0.9003210 0.4810280
vt 0.6189170 0.1060760
vt 0.6123080 0.1060760
vt 0.6176330 0.0930340
vt 0.8280950 0.1849800
vt 0.8394810 0.2215830
vt 0.8265910 0.2290250
vt 0.0883950 0.5248910
vt 0.0769030 0.4798060
vt 0.0883950 0.4879530
vt 0.0755690 0.5149710
vt 0.8410960 0.1846800
vt 0.9430580 0.4757950
vt 0.0884460 0.5541100
vt 0.0741420 0.5603970
vt 0.9911600 0.3613330
vt 0.9999470 0.3371900
vt 0.9991460 0.3792130
vt 0.8273650 0.1501030
vt 0.8420190 0.1554750
vt 0.7872690 0.6175000
vt 0.8443580 0.1128720
vt 0.0889010 0.5967750
vt 0.6531910 0.3165960
vt 0.6531910 0.3165960
vt 0.6531910 0.3165960
vt 0.6239100 0.3253190
vt 0.6367830 0.3118910
vt 0.6459730 0.3359490
vt 0.6597730 0.3158860
vt 0.9999220 0.8065140
vt 0.9999220 0.8298500
vt 0.9931600 0.8261260
vt 0.6115150 0.2919200
vt 0.9593770 0.6841340
vt 0.9551490 0.6601530
vt 0.9569420 0.6246610
vt 0.6301490 0.2991010
vt 0.5818150 0.2971540
vt 0.5677130 0.2856380
vt 0.6437240 0.2997530
vt 0.6697840 0.2869900
vt 0.0392890 0.2709510
vt 0.0348220 0.3220000
vt 0.0308700 0.2363000
vt 0.5249500 0.2367480
vt 0.6330550 0.2149400
vt 0.6239230 0.2645610
vt 0.5710560 0.2209570
vt 0.6442960 0.2690920
vt 0.6726790 0.2660360
vt 0.6687470 0.2477690
vt 0.6621870 0.2170270
vt 0.7593330 0.7068580
vt 0.7864470 0.7404610
vt 0.7637800 0.7732160
vt 0.7531480 0.7715460
vt 0.7331890 0.7301820
vt 0.7148210 0.7204290
vt 0.1871040 0.8619250
vt 0.1443300 0.8581170
vt 0.1328140 0.8428350
vt 0.6114110 0.1162710
vt 0.6190330 0.1069650
vt 0.6687460 0.1113140
vt 0.3550220 0.9561400
vt 0.3614370 0.9653020
vt 0.3050240 0.9588950
vt 0.7248330 0.6961760
vt 0.1148690 0.8619170
vt 0.5895640 0.1151570
vt 0.7045760 0.6815550
vt 0.1123130 0.8352030
vt 0.7322640 0.6773690
vt 0.4024860 0.9580810
vt 0.5715700 0.1089210
vt 0.0974410 0.8539380
vt 0.0946110 0.8695160
vt 0.3856170 0.9647470
vt 0.6929920 0.7052860
vt 0.6905760 0.6541080
vt 0.7290250 0.5909150
vt 0.7646550 0.6451240
vt 0.5491390 0.1163550
vt 0.0747540 0.8202070
vt 0.6493240 0.6937940
vt 0.3163420 0.3538650
vt 0.3578880 0.3598190
vt 0.3162210 0.4154760
vt 0.3915530 0.4042860
vt 0.3948700 0.3635890
vt 0.4035790 0.3371520
vt 0.4068950 0.3888480
vt 0.4322960 0.3866240
vt 0.3879030 0.4779540
vt 0.3333240 0.4697060
vt 0.3195660 0.5086980
vt 0.7603330 0.3412380
vt 0.7603330 0.4199320
vt 0.7170300 0.3513530
vt 0.7584740 0.2949750
vt 0.6884070 0.3201800
vt 0.7072880 0.2963220
vt 0.7363930 0.2673210
vt 0.6647080 0.3794570
vt 0.6625920 0.3108290
vt 0.6817830 0.2978200
vt 0.1838260 0.3590990
vt 0.1656470 0.3114120
vt 0.2024950 0.3454500
vt 0.1482240 0.3545150
vt 0.0828150 0.3113750
vt 0.0963400 0.3803680
vt 0.1727640 0.4020540
vt 0.3279730 0.0412540
vt 0.2984640 0.0491610
vt 0.2570070 0.0419260
vt 0.2017540 0.4073500
vt 0.0902180 0.4271580
vt 0.0741850 0.3813040
vt 0.1955730 0.4414780
vt 0.1719770 0.4411140
vt 0.2189980 0.4748610
vt 0.1997650 0.5413240
vt 0.1770390 0.4918130
vt 0.4047800 0.1039010
vt 0.4411820 0.1039010
vt 0.3850690 0.1171940
vt 0.0795630 0.4450480
vt 0.2285150 0.4389410
vt 0.2087980 0.4102570
vt 0.8062800 0.6973830
vt 0.7945940 0.7636580
vt 0.7923840 0.6945030
vt 0.3177110 0.1013880
vt 0.2345220 0.4115990
vt 0.4364660 0.1179790
vt 0.9506540 0.5517540
vt 0.9506540 0.4828300
vt 0.9564600 0.5339050
vt 0.7925950 0.6573450
vt 0.8054750 0.6266580
vt 0.7910520 0.6293930
vt 0.3229130 0.1159280
vt 0.9999700 0.8812360
vt 0.9906430 0.8782050
vt 0.9995210 0.8658000
vt 0.3812140 0.0491780
vt 0.3104850 0.0491780
vt 0.3192080 0.0446950
vt 0.8917180 0.7394680
vt 0.8908590 0.8097660
vt 0.8674660 0.7598180
vt 0.8872920 0.7070270
vt 0.8391070 0.7256470
vt 0.1085050 0.9688670
vt 0.1076790 0.9367650
vt 0.1620040 0.9483130
vt 0.9485430 0.8369930
vt 0.9865730 0.8450770
vt 0.9373400 0.8640940
vt 0.8448740 0.6996210
vt 0.8271550 0.7296220
vt 0.0704090 0.9664480
vt 0.9553580 0.6361330
vt 0.9507690 0.6885820
vt 0.9509240 0.6256470
vt 0.8472250 0.7847250
vt 0.9330930 0.8754340
vt 0.9325490 0.9226800
vt 0.9251380 0.9205490
vt 0.0647740 0.9565570
vt 0.8655310 0.0150780
vt 0.8620610 0.0241950
vt 0.8266520 0.0241950
vt 0.8069000 0.0138490
vt 0.9920510 0.8340110
vt 0.9989410 0.8552180
vt 0.9901890 0.8476030
vt 0.9901260 0.8930620
vt 0.9901260 0.8796660
vt 0.9999930 0.8835300
vt 0.9239610 0.8746930
vt 0.9946410 0.2304860
vt 0.9977270 0.1952120
vt 0.9994300 0.2410530
vt 0.9226380 0.9696750
vt 0.7401830 0.8531580
vt 0.7108740 0.8669090
vt 0.7276280 0.8319800
vt 0.7794130 0.7953500
vt 0.7455770 0.7674090
vt 0.6965660 0.8130300
vt 0.6725730 0.8638050
vt 0.7043270 0.7279530
vt 0.6740990 0.7713490
vt 0.6578270 0.8372180
vt 0.6637040 0.8014880
vt 0.6572390 0.7830690
vt 0.6490070 0.7890640
vt 0.6605410 0.7659650
vt 0.9923290 0.6200910
vt 0.9963070 0.6349390
vt 0.9935520 0.6526360
vt 0.6395190 0.8357680
vt 0.9707630 0.9060860
vt 0.9368450 0.9169160
vt 0.6270490 0.7775900
vt 0.6317850 0.7936010
vt 0.6396150 0.7618030
vt 0.6168320 0.8317250
vt 0.9684910 0.8735970
vt 0.6512610 0.7541240
vt 0.2704150 0.6988720
vt 0.2271080 0.7158200
vt 0.2385120 0.6635010
vt 0.1732870 0.9274810
vt 0.2008130 0.9242390
vt 0.2286480 0.9498620
vt 0.1687400 0.9185730
vt 0.9999210 0.5959170
vt 0.9999210 0.6288850
vt 0.9931620 0.6196990
vt 0.2119900 0.6699010
vt 0.1548860 0.8942480
vt 0.1601610 0.8702950
vt 0.1172020 0.9361840
vt 0.3010530 0.6531150
vt 0.9934850 0.3526790
vt 0.9912930 0.3276170
vt 0.9943790 0.3103650
vt 0.3268210 0.7018200
vt 0.3421840 0.7021980
vt 0.2894980 0.6368300
vt 0.3370960 0.6907150
vt 0.2700660 0.5742000
vt 0.3297130 0.6597040
vt 0.1455990 0.9437350
vt 0.3038890 0.6863800
vt 0.3428520 0.7126850
vt 0.0271650 0.7842200
vt 0.0258500 0.7992470
vt 0.0134640 0.7837000
vt 0.0646100 0.0203800
vt 0.0744440 0.0040140
vt 0.0789890 0.0231630
vt 0.8701490 0.4247800
vt 0.8777470 0.3825240
vt 0.8754060 0.4243200
vt 0.8135880 0.4644010
vt 0.8010030 0.4251880
vt 0.8067220 0.4231070
vt 0.2578990 0.9777720
vt 0.2356780 0.9801960
vt 0.0227280 0.7809930
vt 0.0519400 0.0389700
vt 0.0138370 0.7491020
vt 0.7097170 0.0745860
vt 0.7324860 0.0774700
vt 0.7328050 0.0957620
vt 0.7500840 0.0951440
vt 0.8721520 0.4481380
vt 0.8057640 0.4001100
vt 0.7282820 0.0602680
vt 0.8770450 0.4472780
vt 0.8000480 0.3986740
vt 0.9958800 0.6060350
vt 0.9922230 0.5869700
vt 0.0298150 0.7578210
vt 0.7466920 0.0781040
vt 0.7478280 0.0579790
vt 0.8756870 0.4715260
vt 0.0330140 0.7363030
vt 0.0104640 0.7344460
vt 0.7621550 0.0652790
vt 0.8010270 0.3769410
vt 0.7464050 0.0450680
vt 0.8084970 0.3261130
vt 0.0314960 0.7185400
vt 0.8783690 0.4914880
vt 0.7634480 0.0396130
vt 0.7907770 0.0746000
vt 0.2521230 0.9955490
vt 0.9907800 0.6200460
vt 0.6261520 0.7321490
vt 0.5292830 0.7671030
vt 0.5374650 0.7399080
vt 0.8390450 0.0728870
vt 0.7907300 0.0377840
vt 0.8505740 0.0456930
vt 0.5604330 0.7272850
vt 0.9600950 0.4595360
vt 0.9600950 0.4137300
vt 0.9633240 0.4795500
vt 0.6757570 0.7290530
vt 0.1087680 0.0419560
vt 0.1185430 0.0054750
vt 0.1529140 0.0134870
vt 0.6105070 0.7845730
vt 0.1545720 0.0415510
vt 0.0389910 0.4385750
vt 0.0118980 0.4385750
vt 0.0277770 0.3652790
vt 0.9349280 0.1278250
vt 0.9177040 0.1318910
vt 0.9161380 0.0870410
vt 0.9004180 0.5581460
vt 0.9070900 0.4818860
vt 0.9078830 0.5942010
vt 0.8537420 0.3909160
vt 0.8537420 0.4406190
vt 0.8325560 0.3758500
vt 0.3378550 0.8652690
vt 0.2794340 0.9242450
vt 0.8926170 0.4928690
vt 0.8826430 0.5309310
vt 0.8820870 0.4947260
vt 0.9010860 0.3535870
vt 0.9010860 0.3897970
vt 0.8904160 0.3501600
vt 0.2461370 0.9390570
vt 0.8534560 0.3494200
vt 0.9370600 0.1664190
vt 0.8869500 0.4546340
vt 0.8949880 0.3089150
vt 0.9150400 0.1906270
vt 0.3147310 0.6554950
vt 0.3405460 0.6291840
vt 0.3074430 0.9548890
vt 0.8305460 0.3242030
vt 0.8829080 0.4211440
vt 0.8968500 0.2831280
vt 0.2958260 0.8822490
vt 0.4634310 0.6119140
vt 0.8875450 0.1772590
vt 0.4014270 0.5989520
vt 0.9332670 0.9908340
vt 0.9100950 0.9949200
vt 0.9450950 0.9739530
vt 0.3297190 0.0396230
vt 0.3369670 0.0197090
vt 0.3412220 0.0452610
vt 0.3738390 0.0207500
vt 0.3736700 0.0473450
vt 0.9587930 0.4770000
vt 0.9587930 0.5457270
vt 0.9527690 0.4883070
vt 0.3552610 0.0285740
vt 0.0839510 0.4755630
vt 0.0643470 0.4755630
vt 0.0763630 0.4532900
vt 0.0084410 0.4637750
vt 0.9434920 0.6492980
vt 0.9275550 0.6648970
vt 0.9316350 0.6449820
vt 0.9880700 0.1429020
vt 0.9380830 0.1446480
vt 0.9353490 0.1236330
vt 0.6211410 0.0901030
vt 0.6962010 0.1150390
vt 0.6350030 0.1039640
vt 0.9302210 0.5949840
vt 0.3684280 0.0045320
vt 0.9644110 0.9933730
vt 0.1285400 0.7046260
vt 0.1535750 0.7533430
vt 0.1398680 0.7357510
vt 0.7192730 0.0870360
vt 0.9898110 0.7081860
vt 0.9978370 0.7232820
vt 0.9974090 0.7345010
vt 0.6778460 0.9568810
vt 0.6409180 0.9562940
vt 0.6500060 0.9373870
vt 0.9992150 0.5923360
vt 0.9912760 0.5843970
vt 0.9998310 0.5583550
vt 0.9292590 0.8743940
vt 0.9057210 0.8336250
vt 0.1423000 0.7023040
vt 0.0479710 0.0431590
vt 0.1274240 0.0431590
vt 0.6217950 0.9605190
vt 0.5965550 0.9789400
vt 0.5883710 0.9613900
vt 0.3709020 0.2211080
vt 0.3345290 0.2146950
vt 0.3847880 0.2003340
vt 0.6274720 0.9380100
vt 0.4086430 0.9571110
vt 0.4505730 0.9785120
vt 0.4172050 0.9806360
vt 0.5740130 0.9792040
vt 0.3527870 0.9789790
vt 0.5239560 0.9631750
vt 0.4619130 0.2192030
vt 0.5746240 0.9526290
vt 0.9252160 0.7762980
vt 0.0793790 0.0536790
vt 0.1530360 0.6236330
vt 0.9232960 0.0064690
vt 0.9232960 0.0256450
vt 0.8642530 0.0213500
vt 0.9795960 0.8175340
vt 0.9606220 0.8175340
vt 0.9664910 0.7575650
vt 0.1072030 0.0424510
vt 0.0963540 0.0389260
vt 0.1044750 0.0217780
vt 0.9998990 0.8015200
vt 0.9924420 0.8244680
vt 0.9892320 0.8055630
vt 0.0636880 0.9559050
vt 0.0385190 0.9567220
vt 0.0385190 0.8953380
vt 0.0803170 0.2316110
vt 0.0591860 0.2959310
vt 0.0540870 0.2371860
vt 0.0268590 0.1820230
vt 0.0262490 0.1176710
vt 0.0468740 0.1581700
vt 0.0434710 0.1995230
vt 0.0256800 0.1637600
vt 0.0066540 0.1722920
vt 0.0039640 0.1415500
vt 0.0603180 0.1961640
vt 0.6406180 0.4348470
vt 0.6756890 0.4220820
vt 0.6501190 0.5018790
vt 0.0375960 0.9875680
vt 0.0701120 0.9809620
vt 0.0233610 0.0994470
vt 0.0916640 0.2096810
vt 0.5238460 0.0149230
vt 0.5601460 0.0031290
vt 0.6539980 0.3454530
vt 0.5594330 0.0289860
vt 0.6405160 0.4101560
vt 0.3177330 0.8175410
vt 0.3059470 0.8075990
vt 0.3242340 0.7970400
vt 0.2996490 0.8116600
vt 0.3187820 0.8406660
vt 0.2857170 0.8443460
vt 0.3584710 0.8064140
vt 0.3389540 0.8505600
vt 0.3189750 0.8406560
vt 0.3402970 0.8645210
vt 0.2860100 0.8643610
vt 0.3687760 0.8286310
vt 0.8282190 0.8521220
vt 0.8268150 0.7422450
vt 0.4158640 0.8221880
vt 0.3187210 0.8411860
vt 0.8594500 0.8149020
vt 0.9616310 0.2123050
vt 0.9750730 0.2139550
vt 0.9656590 0.2238430
vt 0.9607360 0.2224320
vt 0.9711460 0.2479380
vt 0.9583110 0.2539230
vt 0.9793320 0.2269510
vt 0.9650010 0.1844070
vt 0.9697150 0.2835090
vt 0.9580040 0.2839910
vt 0.9701110 0.2601150
vt 0.5129450 0.0325130
vt 0.5275760 0.0178820
vt 0.5557310 0.0321970
vt 0.7104490 0.9874860
vt 0.7052430 0.9680580
vt 0.7416260 0.9859120
vt 0.9717870 0.2464230
vt 0.9820450 0.2413260
vt 0.9577070 0.2629270
vt 0.7428080 0.9491950
vt 0.7697620 0.9875740
vt 0.7552930 0.9854160
vt 0.7732220 0.9706660
vt 0.9963120 0.7511200
vt 0.9963120 0.7765480
vt 0.9913370 0.7560770
vt 0.7582080 0.9704430
vt 0.9651460 0.7490610
vt 0.9859410 0.7677850
vt 0.9832640 0.8097340
vt 0.8001920 0.9472090
vt 0.0790060 0.6563180
vt 0.0528870 0.6588560
vt 0.0581960 0.7527730
vt 0.5763690 0.8236820
vt 0.5143830 0.8413370
vt 0.4409230 0.8286100
vt 0.3473130 0.1005570
vt 0.2435960 0.1005570
vt 0.0987930 0.6761040
vt 0.5123240 0.8236820
vt 0.3181620 0.0896610
vt 0.9992400 0.3978300
vt 0.9912740 0.3802610
vt 0.9992400 0.3799740
vt 0.9989080 0.2659130
vt 0.9995690 0.2890080
vt 0.9917340 0.2856230
vt 0.9913440 0.2677720
vt 0.9997630 0.3094170
vt 0.9917920 0.4006040
vt 0.9998330 0.4218800
vt 0.9919420 0.3096800
vt 0.9919010 0.4219040
vt 0.0461720 0.0191040
vt 0.0251060 0.0076360
vt 0.0482100 0.0075460
vt 0.8541760 0.9730850
vt 0.8498830 0.9751790
vt 0.8513470 0.9548830
vt 0.8798280 0.9594110
vt 0.0047300 0.0064470
vt 0.0002090 0.0184630
vt 0.8657680 0.9302330
vt 0.8527190 0.9336270
vt 0.0284090 0.0356970
vt 0.0089390 0.0341660
vt 0.9973230 0.7186650
vt 0.9967090 0.6904260
vt 0.9870490 0.4525340
vt 0.9842050 0.4850410
vt 0.9828120 0.4210850
vt 0.9021350 0.9387340
vt 0.4352890 0.0142220
vt 0.0042740 0.0563000
vt 0.4762730 0.0041290
vt 0.8984940 0.9667490
vt 0.9233390 0.9367890
vt 0.9110370 0.8938920
vt 0.8094270 0.7960300
vt 0.8251410 0.7412290
vt 0.8089750 0.8729010
vt 0.7462420 0.8393050
vt 0.7953660 0.7776380
vt 0.9898310 0.7056890
vt 0.4461560 0.0245370
vt 0.4495560 0.0487360
vt 0.8253980 0.8121620
vt 0.5669380 0.8612800
vt 0.5974420 0.8627130
vt 0.5842460 0.8712730
vt 0.5658630 0.8711460
vt 0.6158010 0.8729100
vt 0.6122110 0.8627260
vt 0.2634730 0.0562050
vt 0.2520800 0.0562050
vt 0.2640140 0.0462310
vt 0.2373190 0.0557160
vt 0.2067820 0.0558300
vt 0.2060360 0.0460680
vt 0.6235860 0.8633680
vt 0.6712910 0.8638170
vt 0.2255740 0.0466400
vt 0.3346380 0.9816230
vt 0.3521210 0.9759420
vt 0.3443710 0.9954010
vt 0.3480690 0.0064360
vt 0.3546420 0.0266670
vt 0.3370570 0.0181300
vt 0.0006550 0.8669980
vt 0.0134210 0.8499830
vt 0.0388710 0.8499830
vt 0.0353460 0.8971920
vt 0.0053720 0.9051490
vt 0.2821070 0.0474390
vt 0.3850750 0.0825710
vt 0.4166460 0.0770050
vt 0.0066380 0.9232380
vt 0.0233470 0.9132370
vt 0.4184080 0.1030790
vt 0.3983460 0.0931100
vt 0.3809990 0.0372370
vt 0.3821120 0.0992450
vt 0.0354180 0.9148800
vt 0.9911940 0.1576190
vt 0.9977810 0.1330360
vt 0.9989250 0.1802050
vt 0.6014750 0.0827620
vt 0.6105490 0.0559550
vt 0.9202830 0.0319020
vt 0.8657840 0.0319020
vt 0.9096800 0.0259040
vt 0.8412690 0.0739530
vt 0.8032020 0.1111440
vt 0.8379390 0.0739050
vt 0.7906060 0.0730790
vt 0.7885440 0.0382490
vt 0.7650380 0.0250150
vt 0.8194480 0.0218900
vt 0.7637270 0.0230300
vt 0.7785620 0.0140250
vt 0.7600150 0.0736390
vt 0.0922270 0.8486030
vt 0.0135040 0.8486030
vt 0.4153740 0.0454320
vt 0.6109750 0.1031360
vt 0.8249000 0.0783390
vt 0.7814510 0.0135230
vt 0.7253900 0.0162700
vt 0.0502160 0.8065350
vt 0.4731820 0.2115130
vt 0.4860830 0.2189620
vt 0.4659810 0.2154460
vt 0.4931600 0.2439050
vt 0.4724390 0.2535830
vt 0.4798050 0.1912500
vt 0.4409560 0.1771590
vt 0.5244690 0.2166070
vt 0.5046850 0.2849370
vt 0.4891530 0.1716880
vt 0.5297380 0.1833520
vt 0.5580860 0.2024170
vt 0.5817710 0.2186310
vt 0.5256970 0.1424340
vt 0.5482120 0.1730500
vt 0.4175450 0.9487850
vt 0.4847360 0.9082640
vt 0.5016520 0.9461390
vt 0.4558170 0.9815590
vt 0.5419420 0.9794370
vt 0.6917850 0.6004580
vt 0.6744390 0.6510740
vt 0.6525280 0.6815650
vt 0.6064010 0.7084500
vt 0.6785610 0.6861650
vt 0.6984410 0.6719270
vt 0.6365980 0.7081830
vt 0.6403140 0.7158820
vt 0.9930950 0.5362720
vt 0.9985060 0.5564680
vt 0.9942380 0.5714360
vt 0.6942880 0.5830310
vt 0.6324760 0.6669390
vt 0.9589810 0.0031660
vt 0.9854870 0.0203790
vt 0.9317080 0.0075500
vt 0.1612310 0.2989670
vt 0.1910930 0.2944450
vt 0.1807720 0.3153640
vt 0.9703890 0.0640280
vt 0.2113270 0.2989870
vt 0.0001470 0.8448410
vt 0.0383900 0.8164530
vt 0.0251820 0.8331670
vt 0.1723160 0.2774220
vt 0.2147580 0.3589780
vt 0.9276180 0.0494020
vt 0.0007620 0.7722540
vt 0.2091900 0.2250140
vt 0.6554420 0.2110990
vt 0.5988320 0.2061470
vt 0.6587250 0.2012920
vt 0.9137230 0.0506510
vt 0.7326900 0.2037200
vt 0.7314870 0.2142220
vt 0.7865390 0.4727550
vt 0.7756180 0.4700310
vt 0.7692910 0.3977180
vt 0.7795890 0.3969640
vt 0.7827740 0.3355450
vt 0.6484070 0.8770840
vt 0.6963270 0.8703490
vt 0.6790940 0.9579000
vt 0.7124240 0.9116540
vt 0.7184430 0.9517720
vt 0.8653960 0.8088580
vt 0.9009340 0.8117020
vt 0.8860250 0.8884030
vt 0.7446730 0.8631440
vt 0.8357560 0.8516690
vt 0.7592260 0.9393620
vt 0.8613870 0.9139680
vt 0.8127700 0.8833010
vt 0.9021510 0.8638320
vt 0.7486080 0.8972800
vt 0.7690830 0.9306470
vt 0.7456200 0.8420010
vt 0.5978020 0.8301720
vt 0.6570430 0.8396510
vt 0.6130150 0.8408250
vt 0.1004710 0.5705910
vt 0.0901430 0.5649520
vt 0.1012140 0.5412100
vt 0.5635630 0.8296300
vt 0.5213170 0.8406760
vt 0.0890030 0.6229390
vt 0.0900710 0.5307090
vt 0.0890870 0.4902030
vt 0.6189450 0.5739770
vt 0.6693670 0.5647930
vt 0.6583820 0.6208010
vt 0.5494570 0.5890880
vt 0.5790610 0.5550600
vt 0.6200770 0.5530880
vt 0.6103300 0.5212430
vt 0.6510130 0.5033740
vt 0.6879390 0.5195130
vt 0.6000040 0.5109870
vt 0.6906620 0.5028520
vt 0.6672260 0.4960950
vt 0.6662240 0.4765150
vt 0.6020730 0.4888010
vt 0.6730890 0.4577560
vt 0.6079720 0.1065480
vt 0.5982690 0.0971790
vt 0.9911310 0.4623130
vt 0.9911310 0.4225680
vt 0.9955300 0.4380270
vt 0.5688960 0.0530370
vt 0.0843570 0.9679980
vt 0.0707820 0.9679070
vt 0.5684120 0.1027100
vt 0.0781400 0.9871320
vt 0.4039160 0.8748350
vt 0.3836780 0.9172740
vt 0.3648030 0.8983360
vt 0.3767320 0.8508830
vt 0.4398200 0.8075280
vt 0.4308980 0.9134260
vt 0.4494370 0.8916460
vt 0.0302050 0.3726180
vt 0.0863960 0.3465260
vt 0.0647330 0.3872340
vt 0.4786390 0.9101070
vt 0.8490530 0.0257670
vt 0.9029230 0.0257670
vt 0.8693990 0.0285810
vt 0.0509870 0.4155690
vt 0.4726520 0.8728100
vt 0.4820350 0.8898490
vt 0.4737420 0.8742390
vt 0.0379520 0.4240030
vt 0.0735990 0.4193560
vt 0.4809960 0.8629830
vt 0.8515720 0.1112050
vt 0.8590690 0.1619850
vt 0.8464800 0.1642050
vt 0.0882390 0.5990580
vt 0.0756460 0.5989520
vt 0.0721890 0.5594340
vt 0.8592760 0.1804120
vt 0.0762200 0.6173710
vt 0.0883840 0.6259440
vt 0.0476100 0.4314280
vt 0.0567460 0.4386780
vt 0.9596810 0.5399350
vt 0.9616210 0.4868220
vt 0.9662080 0.5029180
vt 0.0854850 0.4177200
vt 0.8595470 0.2097780
vt 0.8468520 0.2173520
vt 0.0815480 0.4390470
vt 0.9610040 0.4724170
vt 0.0882100 0.6554870
vt 0.0754750 0.6467290
vt 0.2864500 0.8813260
vt 0.2647760 0.9157230
vt 0.2189740 0.9203100
vt 0.2293600 0.8366070
vt 0.1626610 0.8788300
vt 0.1544550 0.5812430
vt 0.1522060 0.6048360
vt 0.1458910 0.6431630
vt 0.8286710 0.2939570
vt 0.1202520 0.7005290
vt 0.8172450 0.3224800
vt 0.8162350 0.2691330
vt 0.5726760 0.0564530
vt 0.8010100 0.2731280
vt 0.6096360 0.1055370
vt 0.8191040 0.2350630
vt 0.8625100 0.2097060
vt 0.1123430 0.5682460
vt 0.1192200 0.6250200
vt 0.8557350 0.2653540
vt 0.8549560 0.3042270
vt 0.8664800 0.3263610
vt 0.5943320 0.0684570
vt 0.6007130 0.0347790
vt 0.8064390 0.4616280
vt 0.7892040 0.4777000
vt 0.7940390 0.3908310
vt 0.3575200 0.5559050
vt 0.3632040 0.5876390
vt 0.2906910 0.6127990
vt 0.8254200 0.4739880
vt 0.3460710 0.6218520
vt 0.3893910 0.5698910
vt 0.4885870 0.0750410
vt 0.4244560 0.0750410
vt 0.4580930 0.0425480
vt 0.3848560 0.6003560
vt 0.8137610 0.5306110
vt 0.6913080 0.0442990
vt 0.7114390 0.0651020
vt 0.7048170 0.0867630
vt 0.4109600 0.5966360
vt 0.7149360 0.0429860
vt 0.5068010 0.8910060
vt 0.4868080 0.8867440
vt 0.5047450 0.8482770
vt 0.0892710 0.8125870
vt 0.0690200 0.8220300
vt 0.0706570 0.7722170
vt 0.4843060 0.8369660
vt 0.0902300 0.7908150
vt 0.0899110 0.7671530
vt 0.3870200 0.4794330
vt 0.7563210 0.0337900
vt 0.4711670 0.6128710
vt 0.0673790 0.7520820
vt 0.4854170 0.9070960
vt 0.0863710 0.7249070
vt 0.5036370 0.9357610
vt 0.6551440 0.9755180
vt 0.7074500 0.9925130
vt 0.6409310 0.9917790
vt 0.3620020 0.8538900
vt 0.3644300 0.9088340
vt 0.3434870 0.8872920
vt 0.2561970 0.1268170
vt 0.2303290 0.1009490
vt 0.3174510 0.1032720
vt 0.0564360 0.5321590
vt 0.0682350 0.5222590
vt 0.0726230 0.5839370
vt 0.0305290 0.1233090
vt 0.0203680 0.0591560
vt 0.0505480 0.1283170
vt 0.3424630 0.9522370
vt 0.9451110 0.5487160
vt 0.9150400 0.5050560
vt 0.9371990 0.4932740
vt 0.1934190 0.1107180
vt 0.6225890 0.9659850
vt 0.0754810 0.4990670
vt 0.9820490 0.4188720
vt 0.9640970 0.4122420
vt 0.9640970 0.3687770
vt 0.9643980 0.4355700
vt 0.0459950 0.0636670
vt 0.3679620 0.9425710
vt 0.3874120 0.9280230
vt 0.4193950 0.9309680
vt 0.3879200 0.9563870
vt 0.9076550 0.4819170
vt 0.0654360 0.0765650
vt 0.0651590 0.0502930
vt 0.0239930 0.0411490
vt 0.0982090 0.0736270
vt 0.4720110 0.0272070
vt 0.4861170 0.0706190
vt 0.4580530 0.0391450
vt 0.3162730 0.2697430
vt 0.2565390 0.2526150
vt 0.3244710 0.2429560
vt 0.1536690 0.3053880
vt 0.1283720 0.3107650
vt 0.1560700 0.2741900
vt 0.9127860 0.6914750
vt 0.9263860 0.6583700
vt 0.9271200 0.6814380
vt 0.2964660 0.2815220
vt 0.8924600 0.7287950
vt 0.9301680 0.7520390
vt 0.9222750 0.7737270
vt 0.1712520 0.2855430
vt 0.9156150 0.6371380
vt 0.9167370 0.7942290
vt 0.8936210 0.7780730
vt 0.2870390 0.9765000
vt 0.2561670 0.9652640
vt 0.3105720 0.9645060
vt 0.1680360 0.2384120
vt 0.2406280 0.9771930
vt 0.9296050 0.6373790
vt 0.9143060 0.5945920
vt 0.2136370 0.9635180
vt 0.1466940 0.1902230
vt 0.9062070 0.8285180
vt 0.2071500 0.2043630
vt 0.9291170 0.6015130
vt 0.0876410 0.3094200
vt 0.1137530 0.2205410
vt 0.2492580 0.1957510
vt 0.3338920 0.5539320
vt 0.3125200 0.5315440
vt 0.3161280 0.5021610
vt 0.2408440 0.4760610
vt 0.2397360 0.4097190
vt 0.2975210 0.4431290
vt 0.2990630 0.5559360
vt 0.2909880 0.4836900
vt 0.3142350 0.5019900
vt 0.2549200 0.5187070
vt 0.2721600 0.5491330
vt 0.2119780 0.5034840
vt 0.2473620 0.5823760
vt 0.2479830 0.5514440
vt 0.2300570 0.5529920
vt 0.2115630 0.5444600
vt 0.2368660 0.5683020
vt 0.1105940 0.7800050
vt 0.0953670 0.8195450
vt 0.0914540 0.8234580
vt 0.1231740 0.5436130
vt 0.1560290 0.5764680
vt 0.1105390 0.5667950
vt 0.5008680 0.1073430
vt 0.4382790 0.1164710
vt 0.4426600 0.1073430
vt 0.8691660 0.5918070
vt 0.8691660 0.5305250
vt 0.8783630 0.5914640
vt 0.4995550 0.1155890
vt 0.1558790 0.5182610
vt 0.0912530 0.7659460
vt 0.8775530 0.5339570
vt 0.0903010 0.4906240
vt 0.1120420 0.5141500
vt 0.1420530 0.5047590
vt 0.1304310 0.7527580
vt 0.8692490 0.4821600
vt 0.1482430 0.4743340
vt 0.1058530 0.7087910
vt 0.0902130 0.7137860
vt 0.8760190 0.4818100
vt 0.5582620 0.1074350
vt 0.5479190 0.1157520
vt 0.1560040 0.4608660
vt 0.9999440 0.8991750
vt 0.9936340 0.8916550
vt 0.9999020 0.8859040
vt 0.0791250 0.4542920
vt 0.1146030 0.4603250
vt 0.0889370 0.6967990
vt 0.6180810 0.0902380
vt 0.6130800 0.0971210
vt 0.6126500 0.0861800
vt 0.3920930 0.0244140
vt 0.3830110 0.0369150
vt 0.3821160 0.0199030
vt 0.1275920 0.7027890
vt 0.1381190 0.4578510
vt 0.9983240 0.8492830
vt 0.9911160 0.8271000
vt 0.9999910 0.8312950
vt 0.1560530 0.4428010
vt 0.9464670 0.2429850
vt 0.9337880 0.2903030
vt 0.9314970 0.2180960
vt 0.5363110 0.7392490
vt 0.5623550 0.7157990
vt 0.4840680 0.6617570
vt 0.4471660 0.7772510
vt 0.4454280 0.7270550
vt 0.5224830 0.7848960
vt 0.4458300 0.6523570
vt 0.4091040 0.7130380
vt 0.5632280 0.6867680
vt 0.1781480 0.7186820
vt 0.1831050 0.7477630
vt 0.1749400 0.7393020
vt 0.1886720 0.7216310
vt 0.1883340 0.6968740
vt 0.2083100 0.7189760
vt 0.1572720 0.8274490
vt 0.1802690 0.7867460
vt 0.1745060 0.8333200
vt 0.1663790 0.7830200
vt 0.1975460 0.7726270
vt 0.9983790 0.5477810
vt 0.9942100 0.5363290
vt 0.9971560 0.5095320
vt 0.2326340 0.7423630
vt 0.2196840 0.8277240
vt 0.2302430 0.7672460
vt 0.2615340 0.7827790
vt 0.2904610 0.7316210
vt 0.3022140 0.7677380
vt 0.2723180 0.8663680
vt 0.9898060 0.7254260
vt 0.9999030 0.7402380
vt 0.9892280 0.7491950
vt 0.0064870 0.1331660
vt 0.0026520 0.1131010
vt 0.0190980 0.0624870
vt 0.9892110 0.8018460
vt 0.9892110 0.7780690
vt 0.9999200 0.8004850
vt 0.9933450 0.8519400
vt 0.9933450 0.8723680
vt 0.9898560 0.8547850
vt 0.9926500 0.8924450
vt 0.9989510 0.9011170
vt 0.9948660 0.9030100
vt 0.9524980 0.4416500
vt 0.9603230 0.4750570
vt 0.9502500 0.4787240
vt 0.9997440 0.7508590
vt 0.0230400 0.0851170
vt 0.9547220 0.4125810
vt 0.9998030 0.7772060
vt 0.0055610 0.6335140
vt 0.0102140 0.6004080
vt 0.0614990 0.6377320
vt 0.0531180 0.6514290
vt 0.9369550 0.5696860
vt 0.9519440 0.6254620
vt 0.9317210 0.5943080
vt 0.9634630 0.6079390
vt 0.9191530 0.5747130
vt 0.9268560 0.5613420
vt 0.0627150 0.6559830
vt 0.9904320 0.6106770
vt 0.0734980 0.6191740
vt 0.9980220 0.4985820
vt 0.9932630 0.5255700
vt 0.9911080 0.4872760
vt 0.9566640 0.5506030
vt 0.0739850 0.5884130
vt 0.9839970 0.5484510
vt 0.0080250 0.5510330
vt 0.7944740 0.0049510
vt 0.8453480 0.0049510
vt 0.8153000 0.0123420
vt 0.9630950 0.3639880
vt 0.9818140 0.3039960
vt 0.9860150 0.3346530
vt 0.8625130 0.9297880
vt 0.8697400 0.9192100
vt 0.9045560 0.9192100
vt 0.9617400 0.3899310
vt 0.9512750 0.4123740
vt 0.9511900 0.3842920
vt 0.8416620 0.9187220
vt 0.8039420 0.9284780
vt 0.2663590 0.8148910
vt 0.3515010 0.7708820
vt 0.3253450 0.7954300
vt 0.9623470 0.4106730
vt 0.8043890 0.9180380
vt 0.9514350 0.3470130
vt 0.9618770 0.3477600
vt 0.8628290 0.2039320
vt 0.8631390 0.1914320
vt 0.8838900 0.1914320
vt 0.3453840 0.6872590
vt 0.3562870 0.7389050
vt 0.8905640 0.2138150
vt 0.4046680 0.8157060
vt 0.8639840 0.2221350
vt 0.9260510 0.1923570
vt 0.9232290 0.2191550
vt 0.4013590 0.8048990
vt 0.4263280 0.8004020
vt 0.3760920 0.7731800
vt 0.8883200 0.2444670
vt 0.3794410 0.7508300
vt 0.9311250 0.2295190
vt 0.8598830 0.2683790
vt 0.9290100 0.2912760
vt 0.7567050 0.1830220
vt 0.7113560 0.1891700
vt 0.7527450 0.1601630
vt 0.9646250 0.7472090
vt 0.9828260 0.6972020
vt 0.6848170 0.1685020
vt 0.6200920 0.9632380
vt 0.7306530 0.1281450
vt 0.7053490 0.1245650
vt 0.6532700 0.1324550
vt 0.6341050 0.1853250
vt 0.9859680 0.7622840
vt 0.7032310 0.9600150
vt 0.7069830 0.9905780
vt 0.4826500 0.4773180
vt 0.5022070 0.4935240
vt 0.4609850 0.5185650
vt 0.4346980 0.4821990
vt 0.4203870 0.5072540
vt 0.4013850 0.4932240
vt 0.3879730 0.4798580
vt 0.6010930 0.0228450
vt 0.6004270 0.0304550
vt 0.5703500 0.0114540
vt 0.5293300 0.5289630
vt 0.5710190 0.5023490
vt 0.5717490 0.0552460
vt 0.8300840 0.9788710
vt 0.8627340 0.9791470
vt 0.8663860 0.9854740
vt 0.4030640 0.4639150
vt 0.9331760 0.7801980
vt 0.9352400 0.8129190
vt 0.9301380 0.8712270
vt 0.9266280 0.7782110
vt 0.7733070 0.9860500
vt 0.9543950 0.3168890
vt 0.9553890 0.2841970
vt 0.9706150 0.2887950
vt 0.5341040 0.4429190
vt 0.4494760 0.4371240
vt 0.9360180 0.8456170
vt 0.7724470 0.9789990
vt 0.5160610 0.4232300
vt 0.9801090 0.3061820
vt 0.4237420 0.4000570
vt 0.4610310 0.4136160
vt 0.4283060 0.3971000
vt 0.9370080 0.8749510
vt 0.9541790 0.3462380
vt 0.9919580 0.1043340
vt 0.9979940 0.1209200
vt 0.9911360 0.1535710
vt 0.5383880 0.4157690
vt 0.5355140 0.3929740
vt 0.8474060 0.0056070
vt 0.8818770 0.0116850
vt 0.8305740 0.0109190
vt 0.6269960 0.6733690
vt 0.6047930 0.6665810
vt 0.6072560 0.6507760
vt 0.6165690 0.6493380
vt 0.9892950 0.6646000
vt 0.9998360 0.6767630
vt 0.6076220 0.6274980
vt 0.6391360 0.6448740
vt 0.5796170 0.6172960
vt 0.9955120 0.4531030
vt 0.9955120 0.4920550
vt 0.9911480 0.4657620
vt 0.5197680 0.6713000
vt 0.5498090 0.6047180
vt 0.6299940 0.6116450
vt 0.6158000 0.6066870
vt 0.5876960 0.5993440
vt 0.5942530 0.5861430
vt 0.5169260 0.6158910
vt 0.4943280 0.6605680
vt 0.6184780 0.5752550
vt 0.5316450 0.5687250
vt 0.5342000 0.5829160
vt 0.9912720 0.2220340
vt 0.9983530 0.2484620
vt 0.9914210 0.2666020
vt 0.5339930 0.5971740
vt 0.4838880 0.5983320
vt 0.9984920 0.6448770
vt 0.3322640 0.2969150
vt 0.3169060 0.2709790
vt 0.3459870 0.2863750
vt 0.3535430 0.2965060
vt 0.3535430 0.2965060
vt 0.3580480 0.2636480
vt 0.3563330 0.3084520
vt 0.3761580 0.2983880
vt 0.3661110 0.3545400
vt 0.3277890 0.2151240
vt 0.3737870 0.2227300
vt 0.3920860 0.2661540
vt 0.4140500 0.2993450
vt 0.4346550 0.2524300
vt 0.9483300 0.9747110
vt 0.9884290 0.9412880
vt 0.4716310 0.2202500
vt 0.9673820 0.9885540
vt 0.8070350 0.8976250
vt 0.8397800 0.9088900
vt 0.8296860 0.9173150
vt 0.9000670 0.4169130
vt 0.8869820 0.4191520
vt 0.8869820 0.3891390
vt 0.8869320 0.4346660
vt 0.7939460 0.8705350
vt 0.8992000 0.3874430
vt 0.3874620 0.3177370
vt 0.4474800 0.3283280
vt 0.3881900 0.3339380
vt 0.9006170 0.4463310
vt 0.7945310 0.8884410
vt 0.7842400 0.8807170
vt 0.7511290 0.8579500
vt 0.8871560 0.4475320
vt 0.4397790 0.3408140
vt 0.2092500 0.0413890
vt 0.1968770 0.0199570
vt 0.2087020 0.0119710
vt 0.8950260 0.4969450
vt 0.4655140 0.3648020
vt 0.4902960 0.3637730
vt 0.4603010 0.3490090
vt 0.5095340 0.4213120
vt 0.5227710 0.3806370
vt 0.7561250 0.8460240
vt 0.4691280 0.2970520
vt 0.4803110 0.2974870
vt 0.4961540 0.2955860
vt 0.5191200 0.3560070
vt 0.5497660 0.2957760
vt 0.6135260 0.3004450
vt 0.5519500 0.3954160
vt 0.4717000 0.4012720
vt 0.6888480 0.2801050
vt 0.7470670 0.2174800
vt 0.7563300 0.2606800
vt 0.7209170 0.1898840
vt 0.7691460 0.1911740
vt 0.1280070 0.0449050
vt 0.1456830 0.0426480
vt 0.1456830 0.0555110
vt 0.7584190 0.2930730
vt 0.7686340 0.2864580
vt 0.6063800 0.1578880
vt 0.6466300 0.1471030
vt 0.6205260 0.1811220
vt 0.7967990 0.2711890
vt 0.0271420 0.5605930
vt 0.0179750 0.5376610
vt 0.0294560 0.5177760
vt 0.0215760 0.5139180
vt 0.5223420 0.1350000
vt 0.5956060 0.1330280
vt 0.5379420 0.1584950
vt 0.7897790 0.2918770
vt 0.1695510 0.0528650
vt 0.1710010 0.0431880
vt 0.6077340 0.1777280
vt 0.7950640 0.2074070
vt 0.4160370 0.0030710
vt 0.3860360 0.0371910
vt 0.4036010 0.0075970
vt 0.0207850 0.4820010
vt 0.8143260 0.2877890
vt 0.0283900 0.4764620
vt 0.2013540 0.0556720
vt 0.8036220 0.2512510
vt 0.5752560 0.1891070
vt 0.8185640 0.3101360
vt 0.4178180 0.0443600
vt 0.8178310 0.3180210
vt 0.2054910 0.0478920
vt 0.9090800 0.0851840
vt 0.9024150 0.1266680
vt 0.8933820 0.1045700
vt 0.8876590 0.1144080
vt 0.1109390 0.9290440
vt 0.0744750 0.9499180
vt 0.0854130 0.9268110
vt 0.1277530 0.8861900
vt 0.8717550 0.1489490
vt 0.0621870 0.9120080
vt 0.8692550 0.0866260
vt 0.1564220 0.8816870
vt 0.8754900 0.1865550
vt 0.8604600 0.1797700
vt 0.7228110 0.3631050
vt 0.7204370 0.4310930
vt 0.7156600 0.3542510
vt 0.4621210 0.6309160
vt 0.3975940 0.6434580
vt 0.4728230 0.6132460
vt 0.7404380 0.3967990
vt 0.1461600 0.8701080
vt 0.0943420 0.2725910
vt 0.0762110 0.3283940
vt 0.0849480 0.1269360
vt 0.0514160 0.1056710
vt 0.0514160 0.0850130
vt 0.0749740 0.8741510
vt 0.7576600 0.4247440
vt 0.7361730 0.4338170
vt 0.8325950 0.1131010
vt 0.1030490 0.2497520
vt 0.7145730 0.0944330
vt 0.8244590 0.1397570
vt 0.7314050 0.1101280
vt 0.1145040 0.2145900
vt 0.9086690 0.5708560
vt 0.9327340 0.5364880
vt 0.9107020 0.5937800
vt 0.3438770 0.6867050
vt 0.0838150 0.1751920
vt 0.9090170 0.4981170
vt 0.0527710 0.1798090
vt 0.8097930 0.1060140
vt 0.7429530 0.5009860
vt 0.0604750 0.8494890
vt 0.0762080 0.2473250
vt 0.7910660 0.1031720
vt 0.4149610 0.6881370
vn 0.0035428 0.9104798 0.4135384
vn -0.0334912 0.9553474 0.2935807
vn -0.0302738 0.9495602 0.3121201
vn -0.1040293 0.9857625 0.1320993
vn -0.0844544 0.9808325 0.1755994
vn -0.1530982 0.9875535 0.0360415
vn 0.7165179 -0.6865287 0.1236137
vn 0.7165179 -0.6865287 0.1236137
vn 0.7165179 -0.6865287 0.1236137
vn 0.5819793 0.6323841 0.5112636
vn 0.5819793 0.6323841 0.5112636
vn -0.5621581 0.8244686 0.0650375
vn -0.5694853 0.8203252 0.0524694
vn -0.5282648 0.8405064 0.1203550
vn -0.3880977 0.5975544 0.7016473
vn -0.3880977 0.5975544 0.7016473
vn -0.3880977 0.5975544 0.7016473
vn -0.5104320 0.8471186 0.1478149
vn 0.5819793 0.6323841 0.5112636
vn -0.5287753 0.8396526 0.1240168
vn -0.5584331 0.8123591 0.1680034
vn -0.6005457 0.7642392 0.2351239
vn -0.6289658 0.7234910 0.2845397
vn 0.7039810 0.3100038 0.6389901
vn 0.7060420 0.3085357 0.6374248
vn 0.7093744 0.3096919 0.6331499
vn 0.4678980 0.8759189 -0.1176328
vn 0.3528295 0.9236121 -0.1498400
vn 0.3995546 0.9063756 -0.1372567
vn 0.7623620 0.3973478 0.5108022
vn 0.8099350 0.3986143 0.4302463
vn 0.7507504 0.3858370 0.5361937
vn 0.2340822 0.9555834 -0.1790693
vn 0.4132332 0.0550412 0.9089603
vn 0.4132332 0.0550412 0.9089603
vn 0.4132332 0.0550412 0.9089603
vn 0.7115548 0.3102059 0.6304459
vn 0.7149747 0.3143225 0.6245098
vn 0.5119406 0.8553712 0.0791004
vn 0.5119406 0.8553712 0.0791004
vn 0.5119406 0.8553712 0.0791004
vn 0.6781627 -0.7188962 -0.1525898
vn 0.6781627 -0.7188962 -0.1525898
vn 0.6781627 -0.7188962 -0.1525898
vn 0.9487356 0.1130151 -0.2951750
vn 0.8987186 0.2151709 -0.3821079
vn 0.9642527 0.0684410 -0.2559931
vn 0.7350107 0.3648191 0.5715473
vn 0.7399797 0.4529637 0.4972464
vn 0.7255898 0.5125240 0.4591717
vn 0.7449011 0.4270991 0.5125511
vn 0.7131283 0.5530536 0.4307897
vn 0.6911950 0.3477564 0.6334942
vn 0.6361498 0.7657367 -0.0946616
vn 0.6361498 0.7657367 -0.0946616
vn 0.6361498 0.7657367 -0.0946616
vn 0.9958440 -0.0432830 -0.0801332
vn 0.9958440 -0.0432830 -0.0801332
vn 0.9958440 -0.0432830 -0.0801332
vn 0.9396433 -0.3334345 0.0767581
vn 0.9396433 -0.3334345 0.0767581
vn 0.9396433 -0.3334345 0.0767581
vn 0.9876697 -0.0499948 -0.1483544
vn -0.5184931 0.7977298 0.3078832
vn -0.5184931 0.7977298 0.3078832
vn -0.5184931 0.7977298 0.3078832
vn -0.9327667 0.3597527 -0.0228966
vn -0.9327667 0.3597527 -0.0228966
vn -0.9327667 0.3597527 -0.0228966
vn -0.5776033 0.7936496 0.1910362
vn -0.5776033 0.7936496 0.1910362
vn -0.5776033 0.7936496 0.1910362
vn -0.2685576 0.9624047 -0.0406704
vn -0.2696011 0.9619043 -0.0453368
vn -0.2691225 0.9621369 -0.0431933
vn 0.5831039 0.5528168 0.5953011
vn 0.5831039 0.5528168 0.5953011
vn 0.5831039 0.5528168 0.5953011
vn 0.3398029 0.6294088 0.6988409
vn 0.2769197 0.6569210 0.7012633
vn -0.0862700 0.7503685 0.6553660
vn -0.2699663 0.9617231 -0.0469765
vn 0.3945058 0.8999291 0.1857222
vn 0.3945058 0.8999291 0.1857222
vn 0.3945058 0.8999291 0.1857222
vn -0.3037735 0.7550925 0.5809965
vn 0.6640753 0.4257719 0.6145911
vn 0.6640753 0.4257719 0.6145911
vn 0.6640753 0.4257719 0.6145911
vn 0.1100722 0.9827783 -0.1484280
vn 0.1192004 0.9822980 -0.1445058
vn 0.0868153 0.9835616 -0.1583338
vn 0.9726989 0.1995371 -0.1184977
vn 0.9726989 0.1995371 -0.1184977
vn 0.9726989 0.1995371 -0.1184977
vn 0.1549344 0.9794711 -0.1289641
vn 0.5366728 0.7597968 0.3670030
vn 0.5366728 0.7597968 0.3670030
vn 0.5366728 0.7597968 0.3670030
vn 0.5459484 0.8375422 -0.0215250
vn 0.5459484 0.8375422 -0.0215250
vn 0.5459484 0.8375422 -0.0215250
vn -0.7774267 0.1438069 0.6123131
vn -0.7864289 0.1379655 0.6020757
vn -0.7502210 0.1606469 0.6413743
vn -0.7386985 0.1674431 0.6529068
vn -0.9783657 0.2033283 -0.0381867
vn -0.9783657 0.2033283 -0.0381867
vn -0.9783657 0.2033283 -0.0381867
vn -0.8523070 -0.4339478 0.2919969
vn -0.8523070 -0.4339478 0.2919969
vn -0.8523070 -0.4339478 0.2919969
vn 0.0694251 0.3337983 0.9400845
vn 0.1092610 0.1014386 0.9888237
vn 0.1760430 0.5652708 0.8059018
vn 0.2659616 -0.1718129 0.9485488
vn 0.6486938 -0.5576255 0.5179288
vn 0.6545372 -0.5458044 0.5231430
vn 0.6794200 -0.4907313 0.5455008
vn -0.9334824 -0.2937633 0.2057028
vn -0.9334824 -0.2937633 0.2057028
vn -0.9334824 -0.2937633 0.2057028
vn 0.3905974 -0.1767150 0.9034409
vn 0.3459720 0.6079343 0.7146462
vn 0.3459720 0.6079343 0.7146462
vn 0.3459720 0.6079343 0.7146462
vn 0.9755018 0.0639535 0.2104901
vn 0.9755018 0.0639535 0.2104901
vn 0.9755018 0.0639535 0.2104901
vn -0.4595179 -0.8880444 0.0148452
vn -0.5514610 -0.8338923 -0.0226786
vn -0.4659078 -0.8847475 0.0123188
vn 0.0224956 -0.9809644 0.1928802
vn 0.0415505 -0.9756596 0.2153179
vn -0.0118813 -0.9883053 0.1520248
vn 0.6831226 -0.4817720 0.5488526
vn 0.0501213 -0.9729851 0.2253616
vn -0.7589475 -0.6287193 0.1694424
vn -0.8382822 -0.4825898 0.2537520
vn -0.7781980 -0.5992099 0.1880300
vn -0.8500403 -0.4530011 0.2687406
vn -0.2833098 -0.9556490 0.0804402
vn 0.6065581 0.7193355 0.3385909
vn 0.6121149 0.7218544 0.3228647
vn 0.6277770 0.7281919 0.2750137
vn 0.0687776 -0.9958872 0.0589771
vn -0.1961584 -0.9792882 0.0501640
vn -0.0587112 -0.9967454 0.0552419
vn 0.5879925 0.7100977 0.3873320
vn 0.4276726 -0.9038935 0.0085262
vn 0.4262732 -0.9043743 -0.0199560
vn 0.4245932 -0.9041406 -0.0474372
vn -0.6883500 0.7146482 0.1243071
vn -0.6883500 0.7146482 0.1243071
vn -0.6883500 0.7146482 0.1243071
vn 0.7043568 0.2793699 0.6525595
vn 0.7043568 0.2793699 0.6525595
vn 0.7043568 0.2793699 0.6525595
vn 0.2014410 -0.9775449 0.0618664
vn 0.4223753 -0.9030930 -0.0776030
vn 0.7904583 -0.1900420 0.5822883
vn 0.7904583 -0.1900420 0.5822883
vn 0.7904583 -0.1900420 0.5822883
vn 0.8939166 -0.3806239 0.2367246
vn 0.9137872 -0.3879053 0.1205089
vn 0.8945151 -0.3698314 0.2511323
vn 0.9596667 -0.2562760 0.1155963
vn 0.5152727 -0.8513855 -0.0981672
vn 0.5152727 -0.8513855 -0.0981672
vn 0.5152727 -0.8513855 -0.0981672
vn 0.9595656 -0.2618638 0.1032530
vn 0.8724712 -0.4882287 0.0206600
vn 0.9570166 -0.2837445 0.0600696
vn 0.9758106 0.2043163 -0.0777723
vn 0.9854358 0.1686347 -0.0218779
vn 0.9886201 0.1502960 0.0064350
vn 0.9700875 0.2199796 -0.1026604
vn 0.9427601 -0.3326573 0.0232908
vn 0.9143382 -0.4042381 0.0240248
vn 0.9219530 -0.3872935 0.0025311
vn 0.8392524 -0.4756978 0.2633760
vn 0.8392524 -0.4756978 0.2633760
vn 0.8392524 -0.4756978 0.2633760
vn 0.5915717 0.4869224 -0.6426114
vn 0.8917871 0.0378105 -0.4508726
vn 0.7973058 0.2327842 -0.5568797
vn 0.0572968 -0.1306241 0.9897749
vn 0.0612839 -0.1242935 0.9903512
vn 0.0055083 -0.0424530 0.9990833
vn 0.1181961 0.9279751 0.3534004
vn 0.1549420 0.9214762 0.3561946
vn -0.0609874 0.9720230 0.2268299
vn -0.1376777 0.9779067 -0.1573001
vn -0.1333640 0.9785715 -0.1568814
vn -0.1342913 0.9784303 -0.1569716
vn -0.1251627 0.5943589 -0.7944003
vn -0.0983038 0.6168686 -0.7809030
vn -0.1466362 0.5756471 -0.8044428
vn 0.9025252 -0.1210108 -0.4132852
vn 0.8482645 -0.1798015 -0.4981151
vn -0.1616308 0.9868091 -0.0091264
vn -0.1616308 0.9868091 -0.0091264
vn 0.4123748 0.7642593 0.4958374
vn 0.6812501 0.4788678 0.5537001
vn 0.8996792 -0.3691482 -0.2330385
vn 0.9315886 -0.3440640 -0.1173140
vn 0.8965948 -0.4314030 -0.1000462
vn 0.8576338 -0.5074299 -0.0835420
vn 0.1707229 -0.0472487 -0.9841856
vn 0.1865802 -0.0309391 -0.9819524
vn 0.1902775 -0.0345979 -0.9811205
vn 0.7855181 -0.6161995 -0.0570920
vn 0.9080576 -0.3187897 -0.2716699
vn 0.8450724 -0.5346445 0.0028050
vn 0.6682044 -0.7429749 0.0386155
vn 0.5441189 -0.8370137 0.0578152
vn 0.1881328 -0.0379241 0.9814111
vn 0.1345595 -0.1005738 0.9857883
vn 0.1207044 -0.1152589 0.9859746
vn 0.9125048 -0.3161110 0.2596320
vn 0.9125048 -0.3161110 0.2596320
vn 0.9125048 -0.3161110 0.2596320
vn 0.2229520 -0.0088204 -0.9747895
vn -0.0769614 0.6340566 -0.7694473
vn 0.0727562 -0.1632811 0.9838932
vn -0.1292271 0.9791911 -0.1564773
vn 0.8809604 -0.4731434 -0.0066469
vn -0.1800393 0.4026564 0.8974707
vn 0.0720854 -0.1624567 0.9840790
vn 0.2146470 0.0236265 -0.9764059
vn -0.3211052 0.7652989 0.5578612
vn 0.3811645 -0.6198308 -0.6859471
vn 0.3811645 -0.6198308 -0.6859471
vn 0.3811645 -0.6198308 -0.6859471
vn 0.2071937 0.0386727 -0.9775353
vn -0.8178107 -0.3664676 -0.4437197
vn -0.8178107 -0.3664676 -0.4437197
vn -0.8178107 -0.3664676 -0.4437197
vn 0.6643636 -0.1305020 0.7359281
vn 0.7474957 0.0604288 0.6615123
vn 0.5092017 -0.3669591 0.7784951
vn 0.8034960 0.3869675 0.4523830
vn -0.3204618 0.3750476 -0.8698526
vn -0.3204618 0.3750476 -0.8698526
vn -0.3204618 0.3750476 -0.8698526
vn -0.1616308 0.9868091 -0.0091264
vn -0.1412011 0.8489423 -0.5092732
vn -0.1404521 0.7658966 -0.6274357
vn -0.1344565 0.8608999 -0.4906861
vn 0.0939811 -0.2146101 0.9721677
vn 0.1304103 -0.2527494 0.9587027
vn 0.1190177 -0.2422351 0.9628899
vn -0.1493202 0.7356892 -0.6606549
vn -0.1148197 0.9833925 -0.1405547
vn -0.0561505 0.9800254 -0.1907811
vn -0.0292917 0.9828867 -0.1818674
vn -0.1518342 0.9876118 -0.0396152
vn -0.1359285 0.9905843 0.0163148
vn -0.1231133 0.9922373 0.0175554
vn -0.1368827 0.9904544 0.0162223
vn 0.0887418 -0.1953182 0.9767168
vn -0.1526197 0.6260921 -0.7646672
vn 0.0901083 -0.1922912 0.9771922
vn 0.2090344 0.8097076 -0.5483413
vn 0.2090344 0.8097076 -0.5483413
vn -0.1465376 0.9890870 0.0152841
vn -0.1431495 0.9758865 -0.1647841
vn -0.1618964 0.6001369 -0.7833424
vn 0.2090344 0.8097076 -0.5483413
vn 0.6073408 0.3462316 0.7150251
vn 0.4877642 0.3535399 0.7981827
vn 0.6344653 0.2835826 0.7190513
vn 0.7957294 0.1301555 0.5915017
vn 0.5701868 0.4722449 0.6722141
vn 0.8905177 -0.3292471 0.3139660
vn 0.7404717 0.5198739 0.4259492
vn 0.8907970 -0.1073613 0.4415364
vn 0.7841380 -0.5942068 0.1790136
vn 0.8963780 -0.4117506 0.1642195
vn 0.9357846 -0.2804879 0.2136203
vn 0.7167242 0.2452818 -0.6527964
vn 0.8818935 -0.0329955 -0.4702927
vn 0.7992901 0.1078983 -0.5911796
vn 0.8809570 -0.0734389 -0.4674628
vn 0.9435704 -0.2719856 -0.1889412
vn 0.9486467 -0.2888362 -0.1290080
vn 0.9472510 -0.2380241 -0.2146162
vn 0.9614113 -0.2376894 0.1385352
vn 0.9706667 -0.2336112 0.0568497
vn 0.9595029 -0.2725667 0.0711448
vn 0.9484989 -0.3113817 0.0582342
vn -0.1495776 0.9727707 -0.1770413
vn -0.1495776 0.9727707 -0.1770413
vn -0.1495776 0.9727707 -0.1770413
vn 0.9573062 -0.2839885 -0.0539948
vn 0.9481700 -0.3163522 -0.0299141
vn 0.9609833 -0.2626111 -0.0868707
vn 0.9813752 -0.1618551 0.1034678
vn 0.9751517 -0.1316194 0.1782005
vn 0.2735050 -0.9488766 0.1575699
vn 0.2735050 -0.9488766 0.1575699
vn 0.2735050 -0.9488766 0.1575699
vn 0.3260183 -0.1737026 -0.9292683
vn 0.4481783 -0.0960325 -0.8887710
vn 0.4742179 -0.0912187 -0.8756692
vn 0.0288866 0.1430493 0.9892939
vn 0.0737944 -0.0471334 0.9961590
vn 0.0611604 -0.0377315 0.9974145
vn 0.1110875 -0.0114597 0.9937446
vn 0.3342985 -0.2261730 -0.9149264
vn 0.9738429 -0.2239409 0.0384782
vn 0.2574103 -0.0479138 0.9651136
vn 0.2888808 -0.0830323 0.9537576
vn 0.5172933 -0.8489583 0.1080623
vn 0.5172933 -0.8489583 0.1080623
vn 0.5172933 -0.8489583 0.1080623
vn 0.1449976 -0.0857204 -0.9857118
vn 0.1751157 -0.1182518 -0.9774206
vn 0.9471630 -0.3041221 -0.1019416
vn 0.1661351 -0.0424939 -0.9851870
vn 0.2664954 -0.1207786 0.9562388
vn 0.1107427 0.9818899 0.1537150
vn -0.0730586 0.9954935 0.0604583
vn 0.0023947 0.9999951 -0.0020406
vn 0.0667567 0.9691473 0.2372699
vn 0.1497613 0.9716075 0.1831680
vn 0.0023947 0.9999951 -0.0020406
vn -0.0172969 0.9998094 -0.0090562
vn 0.0043253 0.9990150 -0.0441629
vn 0.0043253 0.9990150 -0.0441629
vn 0.0043253 0.9990150 -0.0441629
vn 0.0125935 0.8894797 0.4568012
vn 0.0271619 0.4024364 0.9150449
vn 0.0271619 0.4024364 0.9150449
vn 0.0271619 0.4024364 0.9150449
vn -0.1690920 0.9512155 0.2580640
vn 0.2119198 0.7363228 0.6425875
vn 0.1568868 0.6405011 0.7517611
vn -0.2049591 0.9554154 0.2125398
vn -0.0694366 0.9876938 0.1401413
vn 0.0170026 0.0651307 -0.9977319
vn 0.0170026 0.0651307 -0.9977319
vn 0.0170026 0.0651307 -0.9977319
vn 0.1379156 0.5694947 0.8103426
vn 0.1229208 0.7003483 0.7031378
vn 0.0400118 0.8355800 0.5479097
vn -0.2959410 0.8002014 0.5216289
vn -0.0773374 0.9298312 0.3597677
vn -0.1565182 0.9660668 0.2054680
vn -0.0293990 0.9458450 0.3232845
vn 0.0673995 0.8498087 0.5227643
vn -0.0761710 0.9799699 -0.1840027
vn 0.0270716 0.9904685 -0.1350531
vn -0.0517817 0.9936740 -0.0996523
vn -0.0520062 0.9984535 -0.0196452
vn -0.0498976 0.9954635 -0.0810096
vn -0.0698572 0.9969078 -0.0359828
vn -0.0401558 0.9991738 -0.0062650
vn -0.0131979 0.9998503 0.0111886
vn -0.0763984 0.9966681 0.0285657
vn -0.0954972 0.6265077 0.7735428
vn -0.0614986 0.6417174 0.7644715
vn -0.0375658 0.6758171 0.7361115
vn 0.0091535 0.3617647 -0.9322245
vn 0.0690435 0.4570744 -0.8867446
vn -0.0273073 0.3197455 -0.9471099
vn -0.1183072 0.9799662 -0.1602177
vn -0.0648491 0.9912618 0.1148675
vn -0.1558374 0.2110955 0.9649629
vn -0.0864454 0.9872910 -0.1333556
vn -0.1169239 0.9910356 0.0646315
vn -0.0487939 0.9551144 -0.2921910
vn 0.0284343 0.6587708 -0.7518062
vn 0.0679933 -0.3843296 0.9206887
vn -0.0732181 0.9896420 0.1234824
vn -0.0528597 0.9752787 0.2145629
vn -0.0377621 0.7828065 -0.6211184
vn -0.1280057 0.9897399 -0.0634780
vn 0.0396018 0.9181560 -0.3942351
vn 0.1406902 0.8229780 -0.5503758
vn 0.0858336 0.8651134 -0.4941775
vn 0.0956332 -0.4460866 0.8898657
vn -0.0934770 0.9930272 0.0718268
vn -0.1214746 0.9906326 -0.0623776
vn 0.1252886 0.7470925 -0.6528059
vn 0.0154242 0.8264459 -0.5628048
vn 0.1114400 0.7292145 -0.6751499
vn 0.0503919 0.8242547 -0.5639724
vn -0.3099413 0.9090367 -0.2785474
vn -0.4455397 0.8696228 -0.2127218
vn -0.0277575 0.9154375 -0.4015018
vn 0.0175061 0.9142726 -0.4047212
vn 0.3111597 0.5917867 -0.7436183
vn 0.2724679 0.6273070 -0.7295527
vn 0.5453391 0.3444519 -0.7641715
vn 0.1677644 0.1405457 0.9757572
vn 0.0446545 0.0396172 0.9982166
vn 0.4230938 0.1179916 0.8983705
vn 0.4657040 0.1920779 0.8638436
vn 0.7771091 -0.0467812 0.6276248
vn 0.7171477 0.0206196 0.6966162
vn 0.5878318 0.0975930 0.8030750
vn 0.7164877 0.0002369 0.6975997
vn 0.8638292 -0.1673814 0.4751658
vn 0.8694549 -0.1101935 0.4815657
vn 0.9518342 -0.0831801 0.2951147
vn 0.8844363 0.0090673 0.4665729
vn 0.9245975 0.0994662 0.3677309
vn 0.9164823 -0.0432149 0.3977344
vn 0.8853472 0.0374643 0.4634185
vn 0.9467836 0.2256621 0.2295155
vn 0.9680363 -0.1805987 0.1740400
vn 0.3186244 -0.9017390 0.2921391
vn 0.3186244 -0.9017390 0.2921391
vn 0.3186244 -0.9017390 0.2921391
vn 0.9322287 -0.3036497 0.1968413
vn 0.9925732 -0.0684552 0.1005605
vn 0.8199961 0.5504551 0.1568617
vn 0.9874626 -0.1363500 0.0795378
vn 0.9896618 -0.1177716 0.0818500
vn 0.9910827 -0.1061096 -0.0805968
vn 0.9933800 -0.0726492 -0.0889843
vn 0.9907953 -0.1098363 -0.0791239
vn 0.3462071 -0.0176182 0.9379927
vn 0.1206306 0.0978403 0.9878641
vn 0.3195533 -0.0173781 0.9474089
vn 0.9907562 -0.1035021 0.0876897
vn 0.9927730 -0.1010104 -0.0647967
vn 0.9904900 -0.1192062 -0.0686976
vn -0.0551491 -0.0044415 -0.9984683
vn 0.0097435 0.0590629 -0.9982067
vn -0.0017497 0.0091348 -0.9999567
vn 0.2852589 -0.0501347 0.9571384
vn 0.9973685 -0.0521638 -0.0503488
vn 0.0483895 0.1316215 0.9901183
vn 0.9859961 -0.1299647 -0.1045033
vn 0.9859961 -0.1299647 -0.1045033
vn 0.9859961 -0.1299647 -0.1045033
vn -0.3296056 -0.1246953 -0.9358479
vn -0.3945481 -0.1229941 -0.9106065
vn -0.4110007 -0.1092058 -0.9050704
vn 0.2648681 -0.0539543 0.9627740
vn 0.4217798 0.7976245 0.4311577
vn 0.4217798 0.7976245 0.4311577
vn 0.4217798 0.7976245 0.4311577
vn 0.9902785 -0.1146311 -0.0787926
vn 0.9902785 -0.1146311 -0.0787926
vn 0.9902785 -0.1146311 -0.0787926
vn 0.9696972 -0.0078142 0.2441850
vn 0.9858607 -0.0314505 0.1645888
vn 0.9873384 0.0048179 0.1585548
vn 0.9732425 0.0306379 0.2277289
vn 0.9982602 -0.0177988 0.0562127
vn 0.9944360 -0.0604048 -0.0863034
vn 0.9945260 -0.0768860 -0.0707566
vn 0.9958731 -0.0365148 -0.0830875
vn 0.9349795 -0.3064100 -0.1786793
vn 0.9349795 -0.3064100 -0.1786793
vn 0.9349795 -0.3064100 -0.1786793
vn 0.9989228 0.0286927 0.0364686
vn 0.9976231 -0.0418384 0.0547519
vn 0.9925868 -0.0979128 -0.0720039
vn 0.4584066 0.8876678 -0.0436958
vn 0.4584066 0.8876678 -0.0436958
vn 0.4584066 0.8876678 -0.0436958
vn 0.9967673 -0.0417458 0.0686460
vn 0.2283002 -0.2583738 -0.9386810
vn -0.5854406 0.1303291 -0.8001710
vn -0.5266249 0.0910826 -0.8452042
vn 0.9972760 -0.0661550 -0.0326201
vn 0.1774608 -0.0441509 0.9831370
vn 0.2285086 -0.0637568 0.9714520
vn 0.0463325 0.0058776 0.9989088
vn 0.0212683 0.0153870 0.9996554
vn 0.8302586 0.5098884 0.2251322
vn 0.8302586 0.5098884 0.2251322
vn 0.8302586 0.5098884 0.2251322
vn 0.1740496 -0.7824067 0.5979519
vn 0.1740496 -0.7824067 0.5979519
vn 0.1740496 -0.7824067 0.5979519
vn 0.3542626 -0.2829845 -0.8913012
vn 0.9862352 -0.0569467 -0.1552330
vn 0.9862352 -0.0569467 -0.1552330
vn 0.9862352 -0.0569467 -0.1552330
vn -0.5513709 0.2485479 -0.7963756
vn 0.0432811 0.4371500 -0.8983466
vn 0.2404895 0.3761059 -0.8948235
vn 0.1893404 0.3037603 -0.9337451
vn 0.1892875 0.1169570 -0.9749314
vn 0.4581212 0.0652361 -0.8864927
vn 0.4897778 0.1601436 -0.8570133
vn 0.4133445 0.3127570 -0.8551780
vn 0.6942115 0.0181806 -0.7195415
vn 0.7854279 -0.0054365 -0.6189293
vn 0.7260987 0.0664099 -0.6843759
vn 0.8338281 0.0092915 -0.5519460
vn 0.9289697 -0.0127622 -0.3699357
vn 0.9391859 -0.2118168 -0.2703025
vn 0.9614773 -0.0086129 -0.2747492
vn 0.5116826 -0.8123769 -0.2796867
vn 0.5116826 -0.8123769 -0.2796867
vn 0.5116826 -0.8123769 -0.2796867
vn 0.9056714 -0.1049662 -0.4107814
vn 0.9471560 0.0074761 -0.3206863
vn 0.9471560 0.0074761 -0.3206863
vn 0.8877367 -0.4215206 -0.1850513
vn 0.9682522 -0.0695957 -0.2400917
vn 0.9716674 0.0747752 -0.2242122
vn 0.9666434 -0.0761548 -0.2445424
vn 0.9471560 0.0074761 -0.3206863
vn 0.9679665 0.1042244 -0.2284253
vn -0.1152928 0.7376471 0.6652701
vn -0.2595655 0.6107799 0.7480465
vn -0.2388406 0.5613782 0.7923444
vn -0.0375209 0.9323945 0.3594894
vn 0.0353811 0.9668386 0.2529253
vn 0.0555962 0.9659941 0.2525163
vn 0.0110428 0.9491889 0.3145130
vn 0.4302131 0.8961424 0.1088371
vn 0.4302131 0.8961424 0.1088371
vn 0.4302131 0.8961424 0.1088371
vn -0.4139010 0.4089885 0.8132738
vn 0.0026295 0.9834239 0.1813021
vn -0.0479823 0.9850890 0.1652192
vn 0.0790229 0.9251491 0.3712876
vn -0.0654689 0.8018837 0.5938825
vn -0.9346016 -0.1204090 0.3346963
vn -0.9346016 -0.1204090 0.3346963
vn -0.9346016 -0.1204090 0.3346963
vn 0.1812928 0.9470654 0.2649529
vn -0.0016262 0.9668067 0.2555036
vn -0.0976320 0.5425547 0.8343275
vn -0.0887087 0.9359045 0.3409010
vn -0.0890124 0.4100210 0.9077222
vn -0.2323735 0.8818669 0.4102600
vn 0.0103223 0.8882749 0.4591962
vn 0.1349889 0.9013093 0.4116060
vn -0.0071568 0.9766339 0.2147905
vn 0.1040674 0.9941713 0.0281678
vn 0.1589025 0.9869004 0.0278851
vn 0.0900524 0.9955754 0.0268353
vn 0.3668515 0.9265665 -0.0830329
vn 0.1354304 0.9901081 -0.0366672
vn 0.1876847 0.9810953 -0.0471859
vn 0.0035642 -0.0108808 -0.9999345
vn -0.0237824 -0.0092093 -0.9996747
vn -0.0021497 -0.0289945 -0.9995773
vn 0.1023315 0.5815404 0.8070558
vn 0.0771870 0.6100979 0.7885574
vn 0.0731815 0.5928172 0.8020051
vn 0.0664419 0.9719874 -0.2254462
vn 0.0664419 0.9719874 -0.2254462
vn 0.0281088 0.9994589 -0.0170814
vn 0.4173092 0.9039871 -0.0930612
vn 0.0441927 0.9943008 0.0970200
vn 0.0143595 0.9941653 -0.1069068
vn 0.0300593 0.9894639 -0.1416249
vn 0.1570968 0.9627670 -0.2200005
vn 0.0501398 0.9640149 -0.2610771
vn -0.0004989 -0.3415438 -0.9398657
vn -0.0037257 0.7913493 0.6113530
vn 0.0026676 0.9959066 -0.0903484
vn -0.0118263 -0.3749953 -0.9269513
vn -0.0065874 0.8064369 0.5912835
vn 0.0141156 0.9915822 0.1287067
vn 0.0141156 0.9915822 0.1287067
vn 0.0075037 0.9967125 0.0806712
vn -0.0611356 0.9707830 -0.2320403
vn 0.0451747 0.9919102 -0.1186315
vn -0.0518740 -0.7712978 -0.6343570
vn -0.0276144 0.9945210 0.1008234
vn 0.0211553 0.9931604 0.1148252
vn 0.1223660 0.9679931 -0.2191254
vn -0.0257143 0.7656960 0.6426884
vn -0.0046703 0.9963132 -0.0856635
vn -0.0275040 0.7612949 0.6478222
vn -0.0617920 0.9917083 0.1126784
vn -0.0563211 -0.7885764 -0.6123522
vn -0.0088257 0.9900817 -0.1402156
vn 0.2663027 0.9326379 -0.2434531
vn 0.0664419 0.9719874 -0.2254462
vn 0.0141156 0.9915822 0.1287067
vn -0.0803189 0.6324874 -0.7703951
vn -0.0813753 0.8089639 -0.5821988
vn -0.0346879 0.8578957 -0.5126517
vn -0.4725748 0.3455823 -0.8107070
vn -0.4725748 0.3455823 -0.8107070
vn -0.4725748 0.3455823 -0.8107070
vn -0.0005392 0.8768630 -0.4807401
vn -0.6990845 0.1438369 -0.7004226
vn -0.6990845 0.1438369 -0.7004226
vn -0.6990845 0.1438369 -0.7004226
vn -0.0505104 0.5417925 -0.8389932
vn 0.1265522 0.8957239 -0.4262198
vn 0.0122286 0.9034739 -0.4284686
vn -0.2365817 0.8790871 -0.4138056
vn -0.1380007 0.6561063 -0.7419436
vn -0.0545962 0.9025161 -0.4271815
vn -0.9024149 -0.2208897 -0.3699393
vn -0.9024149 -0.2208897 -0.3699393
vn -0.9024149 -0.2208897 -0.3699393
vn 0.1303465 0.9906883 -0.0393246
vn 0.1323465 0.9846359 -0.1139149
vn 0.1518826 0.9829035 -0.1040785
vn -0.2826708 0.7385604 0.6120668
vn -0.2826708 0.7385604 0.6120668
vn -0.2826708 0.7385604 0.6120668
vn 0.1458442 0.9863376 0.0765998
vn 0.1645744 0.9838153 0.0708711
vn 0.1130073 0.9909773 0.0720647
vn -0.1943762 0.8439217 -0.5000140
vn -0.4216074 0.6503832 -0.6318615
vn -0.0097834 0.1925726 -0.9812340
vn -0.0685497 0.2015816 -0.9770700
vn -0.0185574 0.1890851 -0.9817853
vn 0.1387172 0.4915473 0.8597318
vn 0.2037158 0.4804353 0.8530427
vn 0.1054365 0.4836144 0.8689075
vn -0.5701378 0.4607444 -0.6801893
vn 0.1010328 0.9920434 0.0751152
vn 0.1186358 0.9920502 -0.0419760
vn -0.0136636 0.0279527 -0.9995159
vn 0.1481608 0.7332552 0.6636152
vn 0.0940964 0.9831477 -0.1567370
vn -0.0878301 0.8684474 0.4879395
vn -0.0626585 0.8885971 0.4543888
vn -0.0975339 0.8808304 -0.4632764
vn 0.0811496 0.9946550 0.0638449
vn -0.0175079 0.0166002 -0.9997089
vn 0.1554861 0.7483610 0.6448100
vn -0.3476405 0.7548094 -0.5562453
vn 0.0602453 0.9583258 0.2792528
vn 0.0975601 0.9714804 -0.2161200
vn 0.0949057 0.9693852 0.2264626
vn -0.3451026 0.7408418 -0.5762443
vn -0.4090411 0.7300681 -0.5474358
vn -0.2901971 0.7469975 -0.5981475
vn -0.2105646 0.8513960 0.4804033
vn -0.3975369 0.5777289 0.7128771
vn -0.2507877 0.1549654 0.9555581
vn 0.0299969 -0.5329855 0.8455925
vn 0.0471843 -0.5507237 0.8333529
vn -0.8428921 -0.5372977 -0.0290545
vn -0.8428921 -0.5372977 -0.0290545
vn -0.8428921 -0.5372977 -0.0290545
vn -0.1895231 -0.2766518 0.9420959
vn 0.1967211 -0.4384161 -0.8769790
vn 0.2652222 -0.1441583 -0.9533497
vn 0.2554055 -0.1951616 -0.9469319
vn 0.2914726 0.0198176 -0.9563739
vn -0.8730771 -0.4588726 0.1648401
vn -0.8925252 -0.4214762 0.1604887
vn -0.8788934 -0.4480844 0.1636054
vn -0.0153037 -0.1006001 0.9948092
vn -0.0153037 -0.1006001 0.9948092
vn -0.0153037 -0.1006001 0.9948092
vn -0.9113186 -0.3699897 -0.1805711
vn -0.9140361 -0.2284578 -0.3351791
vn -0.9008469 -0.4159858 -0.1242206
vn -0.8621909 -0.4782602 0.1670154
vn 0.0266225 -0.5266083 0.8496911
vn -0.2344084 0.7505090 -0.6178907
vn -0.0530601 0.9013023 0.4299289
vn -0.2139445 0.9230491 0.3197001
vn -0.1367319 0.9467602 0.2914611
vn -0.9115649 -0.2101264 -0.3534067
vn 0.2130809 0.9749046 -0.0644794
vn 0.2130809 0.9749046 -0.0644794
vn 0.2130809 0.9749046 -0.0644794
vn 0.0021744 0.7754976 0.6313468
vn -0.1283833 0.6421244 0.7557738
vn -0.1272878 0.7581177 0.6395744
vn 0.2979216 -0.8891027 0.3474754
vn 0.2979216 -0.8891027 0.3474754
vn 0.2979216 -0.8891027 0.3474754
vn -0.4379099 0.7226289 -0.5348293
vn -0.4379099 0.7226289 -0.5348293
vn -0.0957676 0.9038219 0.4170545
vn -0.8427674 0.1824368 0.5064188
vn -0.8427674 0.1824368 0.5064188
vn 0.0828354 -0.5157862 -0.8527033
vn 0.2522426 -0.4772574 -0.8417832
vn 0.2868985 -0.2743655 -0.9178305
vn 0.1842052 0.9813309 0.0553008
vn 0.1879715 0.9806441 0.0548069
vn 0.1778130 0.9824618 0.0561363
vn -0.0723223 0.3501097 0.9339126
vn 0.1810371 0.9822964 -0.0481591
vn 0.2065568 0.9774437 -0.0440235
vn 0.1871565 0.9811968 -0.0471723
vn 0.1866967 0.2649934 -0.9460036
vn 0.1660231 0.9848245 -0.0505673
vn 0.0627165 0.4513858 -0.8901222
vn 0.1751724 0.9829164 0.0564804
vn 0.0528715 0.1521678 0.9869395
vn -0.4379099 0.7226289 -0.5348293
vn -0.8427674 0.1824368 0.5064188
vn 0.1108297 0.8631959 0.4925542
vn -0.1589531 -0.2812205 0.9463873
vn -0.1589531 -0.2812205 0.9463873
vn -0.1589531 -0.2812205 0.9463873
vn -0.1185209 -0.0280008 -0.9925567
vn -0.1185209 -0.0280008 -0.9925567
vn -0.1185209 -0.0280008 -0.9925567
vn 0.0766888 -0.9068663 -0.4143819
vn 0.0766888 -0.9068663 -0.4143819
vn 0.0766888 -0.9068663 -0.4143819
vn -0.5857507 0.6848198 0.4334951
vn -0.5857507 0.6848198 0.4334951
vn -0.5857507 0.6848198 0.4334951
vn -0.8980897 -0.4343229 -0.0692710
vn -0.8929778 -0.4454333 -0.0646514
vn -0.8723496 -0.4845689 -0.0648006
vn -0.9027718 -0.4238352 0.0732588
vn -0.9023630 -0.4248987 0.0721259
vn -0.9032831 -0.4228878 0.0724257
vn 0.3539963 0.0493112 0.9339460
vn 0.1620475 -0.3043395 0.9386789
vn 0.2474493 -0.1592423 0.9557252
vn 0.4345902 0.2383799 0.8685082
vn -0.5874836 -0.0795293 -0.8053186
vn -0.6363351 -0.2976640 -0.7116697
vn -0.5557958 0.0160036 -0.8311648
vn -0.9037128 -0.4218798 0.0729423
vn -0.9120739 -0.2349464 0.3360377
vn -0.9266471 -0.1646185 0.3379733
vn -0.9028955 -0.2691079 0.3352025
vn -0.9101600 -0.4089580 -0.0660468
vn -0.9039487 -0.4215571 -0.0718774
vn -0.4920762 0.1695719 -0.8538772
vn -0.9026270 -0.4240198 0.0739714
vn -0.9195378 -0.1695474 -0.3545474
vn -0.9195378 -0.1695474 -0.3545474
vn -0.9303977 -0.1407064 0.3384699
vn -0.9195378 -0.1695474 -0.3545474
vn -0.9317275 -0.1359032 0.3367702
vn -0.9882433 0.0329054 0.1493064
vn -0.9822019 -0.1390660 0.1262541
vn -0.9866373 -0.1269839 0.1020880
vn -0.9465109 -0.2823963 0.1561074
vn -0.9442796 -0.2936600 0.1486599
vn -0.8806174 -0.4473794 0.1560918
vn -0.9392739 -0.0470572 0.3399267
vn -0.7713062 0.2124445 0.5999617
vn -0.7036442 -0.6381580 0.3124728
vn -0.6983604 0.1835563 0.6918091
vn -0.8001661 0.0041841 0.5997639
vn -0.7969402 0.0132755 0.6039122
vn -0.1950604 0.7881064 0.5838148
vn -0.1950604 0.7881064 0.5838148
vn -0.7611585 0.0860719 0.6428292
vn -0.8008822 0.0637109 0.5954231
vn -0.1950604 0.7881064 0.5838148
vn -0.1251749 -0.0291147 -0.9917074
vn -0.1756330 -0.0037663 -0.9844485
vn -0.2013269 -0.1261095 -0.9713722
vn -0.2701968 -0.1716812 0.9473749
vn -0.2876314 -0.0649571 0.9555359
vn -0.2026648 0.1503991 0.9676296
vn -0.2930289 -0.1834338 -0.9383422
vn -0.1101894 0.0573615 -0.9922540
vn -0.2465993 0.0380478 0.9683704
vn -0.2978626 -0.0139902 0.9545062
vn -0.3481518 -0.0288854 0.9369930
vn -0.9516212 -0.3007936 0.0627725
vn -0.9516212 -0.3007936 0.0627725
vn -0.9516212 -0.3007936 0.0627725
vn -0.9573183 -0.2823758 -0.0616900
vn -0.9158314 -0.3806819 -0.1278050
vn -0.9484789 -0.2937000 -0.1188611
vn -0.1482322 -0.1270293 -0.9807603
vn -0.2163133 -0.1965460 -0.9563358
vn -0.3251322 0.0157823 0.9455369
vn -0.9471319 -0.2889088 -0.1395453
vn -0.9832627 -0.1516538 -0.1009728
vn -0.9752283 -0.1864502 -0.1190210
vn -0.9601661 -0.2525385 -0.1196051
vn -0.9807659 -0.1818120 -0.0710118
vn -0.9807659 -0.1818120 -0.0710118
vn -0.9807659 -0.1818120 -0.0710118
vn -0.9959115 0.0131538 -0.0893719
vn -0.8856767 0.0636007 -0.4599258
vn -0.8856767 0.0636007 -0.4599258
vn -0.8856767 0.0636007 -0.4599258
vn -0.9532198 -0.2580314 -0.1574540
vn -0.6240897 -0.7218211 -0.2991426
vn -0.8989559 -0.2827415 -0.3345676
vn -0.9412188 -0.0936802 -0.3245475
vn -0.6555664 0.3363171 -0.6761091
vn -0.6386388 0.2636388 -0.7229351
vn -0.6270512 0.2222345 -0.7466048
vn -0.1711154 0.6833333 -0.7097711
vn -0.1711154 0.6833333 -0.7097711
vn -0.9295553 -0.1649220 -0.3297389
vn -0.6463995 0.2946098 -0.7038272
vn -0.1711154 0.6833333 -0.7097711
vn 0.0372724 -0.0929695 0.9949711
vn -0.1375700 0.0176286 0.9903352
vn -0.2481050 0.0604274 0.9668466
vn -0.2680610 -0.0957525 -0.9586317
vn -0.4863850 -0.0750106 -0.8705188
vn -0.3838418 -0.0350532 -0.9227333
vn -0.1451500 -0.1372338 -0.9798461
vn -0.1827738 0.1060028 -0.9774237
vn 0.0267382 -0.1196019 0.9924618
vn -0.2470956 -0.0795731 0.9657183
vn -0.0555079 0.1855875 -0.9810587
vn -0.3665899 -0.0390411 0.9295631
vn -0.9591221 -0.2438933 -0.1435300
vn -0.9838974 -0.1524011 -0.0933800
vn -0.9792966 -0.1762516 -0.0995670
vn -0.9634910 -0.2581490 0.0710222
vn -0.9862592 -0.1518705 -0.0650240
vn -0.9828721 -0.1739816 0.0607681
vn -0.9340207 -0.1888688 0.3032062
vn -0.9849616 -0.1713656 -0.0220099
vn -0.9905413 -0.0317950 -0.1334805
vn -0.9869547 -0.0566298 0.1507097
vn -0.9843142 -0.1760616 0.0113089
vn -0.9560382 -0.1161332 -0.2692658
vn -0.9474398 -0.1184203 -0.2972112
vn -0.8318053 -0.5339836 0.1515304
vn -0.8318053 -0.5339836 0.1515304
vn -0.3029590 0.7997860 -0.5182259
vn -0.3029590 0.7997860 -0.5182259
vn -0.3029590 0.7997860 -0.5182259
vn -0.8172391 0.0271669 0.5756581
vn -0.7993601 0.5634768 0.2086082
vn -0.9147154 -0.1255715 -0.3840932
vn -0.9168140 -0.0698546 0.3931571
vn -0.8634906 0.0311938 0.5033993
vn -0.7622178 0.0750756 0.6429524
vn -0.7626272 0.0703591 0.6430003
vn -0.3836014 0.2456221 0.8902358
vn -0.5973014 0.2203463 0.7711540
vn -0.2199475 0.2706021 0.9372287
vn -0.1543424 0.3007971 0.9411161
vn -0.1519858 0.3086046 0.9389694
vn -0.8318053 -0.5339836 0.1515304
vn -0.8951946 0.3313833 0.2980131
vn -0.9273648 0.0666291 0.3681781
vn -0.5360154 0.1662215 0.8276823
vn -0.3509343 -0.0159067 0.9362650
vn -0.3219585 -0.0382854 0.9459794
vn -0.3240001 -0.0080603 0.9460227
vn -0.3674156 -0.0310897 0.9295371
vn -0.3378315 0.0397837 0.9403654
vn -0.3857257 -0.0119635 0.9225359
vn -0.2284379 -0.1586638 -0.9605425
vn -0.0255172 0.0300157 -0.9992237
vn -0.1866174 -0.0573229 -0.9807589
vn -0.1079353 0.0144160 -0.9940534
vn -0.0304850 -0.0452589 -0.9985100
vn -0.0555634 -0.0374713 -0.9977518
vn -0.3178624 0.1227412 0.9401586
vn -0.3036872 0.0980667 0.9477115
vn -0.1420719 -0.0073858 -0.9898288
vn -0.9985476 -0.0479137 0.0246375
vn -0.9985476 -0.0479137 0.0246375
vn -0.9985476 -0.0479137 0.0246375
vn -0.9979925 -0.0531907 -0.0343766
vn -0.9979925 -0.0531907 -0.0343766
vn -0.9979925 -0.0531907 -0.0343766
vn -0.9831407 -0.1307605 -0.1278123
vn -0.8115926 -0.5537799 -0.1861326
vn -0.9855572 -0.0652283 -0.1562765
vn -0.9907325 0.0259260 -0.1333306
vn -0.9966463 -0.0313026 -0.0756060
vn -0.2321056 -0.0421224 -0.9717781
vn -0.9933240 -0.0045616 0.1152675
vn -0.9957791 -0.0519079 0.0756935
vn -0.9981281 -0.0398019 -0.0464329
vn -0.9762978 -0.1861460 -0.1104187
vn -0.9951793 -0.0828200 0.0525272
vn -0.9735277 -0.1889750 0.1285778
vn -0.9918199 -0.0429782 0.1201919
vn -0.8090492 -0.5712467 0.1382628
vn -0.8136232 -0.5683343 -0.1225295
vn -0.7660471 0.6112639 -0.1988174
vn -0.7660471 0.6112639 -0.1988174
vn -0.7660471 0.6112639 -0.1988174
vn -0.7538736 -0.5882881 -0.2925606
vn -0.7538736 -0.5882881 -0.2925606
vn -0.7559551 0.6314184 -0.1727504
vn -0.7559551 0.6314184 -0.1727504
vn -0.7559551 0.6314184 -0.1727504
vn -0.7256534 -0.6084606 0.3212519
vn -0.9170367 -0.1021200 0.3855065
vn -0.8726140 -0.1503707 -0.4646865
vn -0.8726140 -0.1503707 -0.4646865
vn -0.8726140 -0.1503707 -0.4646865
vn -0.8000652 -0.4990588 -0.3329203
vn -0.8000652 -0.4990588 -0.3329203
vn -0.8034176 0.5537908 0.2187144
vn -0.8034176 0.5537908 0.2187144
vn -0.9206699 -0.0598654 0.3857241
vn -0.6215364 -0.0228289 0.7830526
vn -0.6215364 -0.0228289 0.7830526
vn -0.9907140 -0.0879508 0.1036839
vn -0.7538736 -0.5882881 -0.2925606
vn -0.7842229 -0.5171411 0.3428697
vn -0.8000652 -0.4990588 -0.3329203
vn -0.8034176 0.5537908 0.2187144
vn -0.6215364 -0.0228289 0.7830526
vn -0.8150996 -0.1004240 -0.5705504
vn -0.7320789 0.0490910 -0.6794487
vn -0.8471693 -0.2890038 -0.4458485
vn -0.7553514 0.0796991 -0.6504555
vn -0.9244243 0.0866122 -0.3714001
vn -0.6203274 0.1250729 -0.7743066
vn -0.7274507 0.0638632 -0.6831815
vn -0.3580013 0.1758622 -0.9170101
vn -0.6104427 0.1031167 -0.7853195
vn -0.2983849 0.3460229 -0.8895137
vn -0.0849965 0.3430175 -0.9354756
vn -0.1751150 0.1220946 -0.9769481
vn -0.2632449 0.0538208 -0.9632266
vn -0.0504388 0.5334952 -0.8442978
vn 0.0304097 0.2122052 -0.9767519
vn 0.2205610 -0.0670643 0.9730649
vn 0.1811172 -0.0596015 0.9816538
vn 0.3320092 -0.1477283 0.9316363
vn 0.3200621 -0.1221686 0.9394866
vn 0.4594646 -0.2319321 0.8573796
vn 0.5030309 -0.2065515 0.8392237
vn 0.7951508 -0.0501974 0.6043305
vn 0.8272380 0.0488241 0.5597263
vn 0.9165436 0.0006539 0.3999342
vn 0.9148746 0.0449851 0.4012242
vn 0.9007535 0.0941717 0.4239987
vn 0.9182539 -0.2734155 0.2864501
vn 0.9009518 -0.3351513 0.2756074
vn 0.7152033 0.6715182 0.1937718
vn 0.7152033 0.6715182 0.1937718
vn 0.7152033 0.6715182 0.1937718
vn 0.4446481 -0.2371091 0.8637519
vn 0.7074577 0.0331881 0.7059761
vn 0.8121389 -0.5699271 0.1249537
vn 0.9915634 0.0294263 0.1262380
vn 0.9884877 0.1205347 0.0914522
vn 0.9729516 0.1406962 -0.1832203
vn 0.9802394 0.1956041 -0.0294901
vn 0.9826315 0.1115240 -0.1483164
vn 0.9851837 0.1099157 0.1316496
vn 0.9952691 0.0586099 -0.0774874
vn 0.9968856 0.0035198 0.0787825
vn 0.9958064 0.0659957 0.0633568
vn 0.9205196 0.3900637 -0.0222251
vn 0.9956506 0.0566815 -0.0739396
vn 0.9879995 0.1332782 -0.0780630
vn 0.9643083 0.2361416 0.1197773
vn 0.9960866 -0.0232094 0.0852813
vn 0.9957545 -0.0227019 -0.0892059
vn 0.0573599 0.0402946 -0.9975401
vn 0.0562610 0.0356150 -0.9977807
vn 0.0799015 0.0371790 -0.9961092
vn 0.9910131 0.1336065 0.0065024
vn 0.3860904 -0.0267139 -0.9220741
vn 0.3519734 -0.0187743 -0.9358217
vn 0.2414063 -0.0272465 0.9700416
vn 0.2191551 -0.0225369 0.9754297
vn 0.3628857 0.0049176 0.9318207
vn 0.3729363 0.0142513 0.9277475
vn 0.3718646 0.0779907 0.9250050
vn 0.8295705 -0.0825950 0.5522598
vn 0.9301492 0.0702154 0.3604057
vn 0.8735687 -0.0037850 0.4866861
vn 0.9552931 0.1114673 0.2738434
vn 0.9433362 0.0656045 0.3252890
vn 0.9796995 0.0561055 -0.1924605
vn 0.9788280 -0.0122671 -0.2043168
vn 0.9721747 0.1861776 -0.1421768
vn 0.9729261 0.1261057 0.1936808
vn 0.9735493 0.0936309 -0.2084106
vn 0.9819135 0.1613331 0.0990829
vn 0.9406038 0.2878466 -0.1800243
vn 0.9685188 0.0634800 -0.2407106
vn 0.9845117 0.1635099 -0.0632560
vn 0.9808706 0.1595489 0.1115210
vn 0.9855172 0.1695368 0.0036272
vn 0.9848972 0.1729874 0.0072712
vn 0.2560396 0.0863407 0.9628027
vn 0.1905753 0.0032488 0.9816672
vn 0.2015544 0.0228646 0.9792104
vn 0.2209709 0.0419889 -0.9743761
vn 0.2483884 0.0449267 -0.9676181
vn 0.3365886 0.0432674 -0.9406573
vn 0.1947221 0.0667135 0.9785870
vn 0.1866031 0.0627141 0.9804317
vn 0.2153396 0.0203607 -0.9763269
vn 0.3734096 0.0612088 -0.9256451
vn 0.3807643 0.0778919 -0.9213856
vn 0.1682102 -0.2089353 -0.9633542
vn 0.3559262 -0.2800734 -0.8915578
vn 0.0570362 -0.3918119 -0.9182757
vn 0.1529778 0.0040041 -0.9882215
vn 0.3645928 -0.0101151 -0.9311121
vn 0.4104931 -0.1433283 -0.9005289
vn 0.6856060 0.0312056 -0.7273037
vn 0.7574558 -0.0521532 -0.6508001
vn 0.6928851 -0.1356903 -0.7081655
vn 0.8556179 0.0263530 -0.5169367
vn 0.8432759 0.0009295 -0.5374801
vn 0.8673217 0.0936723 -0.4888544
vn 0.6868324 0.4150666 -0.5966415
vn 0.9386788 -0.0372243 -0.3427775
vn 0.6001339 0.5108152 -0.6155543
vn 0.8574735 -0.4439949 -0.2600147
vn 0.8885165 -0.3668930 -0.2755503
vn 0.6155828 0.7753368 -0.1411054
vn 0.6155828 0.7753368 -0.1411054
vn 0.6155828 0.7753368 -0.1411054
vn 0.9473578 0.0085344 -0.3200630
vn 0.9738591 0.0109041 -0.2268910
vn 0.9738591 0.0109041 -0.2268910
vn 0.9477605 -0.0254642 -0.3179649
vn 0.9738591 0.0109041 -0.2268910
vn 0.6579086 -0.3787084 0.6509502
vn 0.6533439 -0.1925607 0.7321627
vn 0.5222357 -0.4303927 0.7362282
vn 0.5179520 -0.5241489 0.6760131
vn 0.4464842 -0.6076288 0.6568403
vn 0.9137279 0.0628925 0.4014298
vn 0.9686823 0.0330192 0.2460983
vn 0.8128534 0.4273080 0.3958247
vn 0.8655537 0.1089055 0.4888316
vn 0.8354667 0.3833742 0.3937253
vn 0.9922073 0.0675038 0.1047276
vn 0.9571542 0.2569283 -0.1335807
vn 0.9571542 0.2569283 -0.1335807
vn 0.9571542 0.2569283 -0.1335807
vn 0.8006717 0.5504529 0.2364879
vn 0.8966250 -0.3676456 0.2467799
vn 0.9524901 0.3038859 0.0203967
vn 0.8721588 0.4877335 0.0381449
vn 0.6454841 0.7128997 0.2740881
vn 0.8905811 0.4188136 0.1773711
vn 0.9365378 0.3395293 -0.0872739
vn 0.2689844 0.0136998 -0.9630471
vn 0.2963267 -0.0792402 -0.9517938
vn 0.3185615 0.0432363 -0.9469156
vn 0.1034241 0.0854046 0.9909639
vn 0.1816412 0.1867906 0.9654614
vn 0.2106108 0.0582882 0.9758307
vn 0.5388308 0.3219192 -0.7784789
vn -0.0222277 -0.0350749 0.9991375
vn -0.2053152 -0.1099496 0.9725003
vn 0.9922911 -0.0748689 0.0987575
vn 0.9572298 0.2813557 0.0674542
vn 0.9417015 0.3313836 0.0581650
vn 0.8957627 0.4162970 0.1559038
vn 0.9370325 0.3421161 0.0701906
vn 0.8595823 0.4420061 0.2564156
vn 0.1548239 0.1250542 -0.9799954
vn 0.0322587 0.0294691 -0.9990450
vn 0.9383001 0.3424815 0.0479521
vn 0.8787835 0.4401135 0.1844983
vn 0.2655895 -0.1069255 0.9581384
vn 0.4799576 -0.1097921 0.8703944
vn 0.4164521 -0.5925061 -0.6895681
vn 0.3993746 -0.6076944 -0.6864455
vn 0.3860883 -0.6264224 -0.6771490
vn 0.4697506 -0.5345644 -0.7025492
vn 0.4248145 -0.5863061 -0.6897665
vn 0.7944623 -0.2401551 -0.5578128
vn 0.8606072 0.0368422 -0.5079349
vn 0.8890182 0.1012777 -0.4465305
vn 0.9230483 0.3172353 -0.2175857
vn 0.8869781 0.1219449 -0.4454203
vn 0.8845354 0.4089235 -0.2244520
vn 0.8910167 0.4383880 -0.1179205
vn 0.9934319 0.1089630 -0.0349301
vn 0.8975260 0.4406863 -0.0155778
vn 0.9835945 0.1797449 0.0152861
vn 0.9422912 0.3152052 -0.1128404
vn 0.8922153 0.4128116 -0.1831352
vn 0.8211025 0.0223718 -0.5703422
vn 0.8496528 0.1230881 -0.5127762
vn 0.9359192 0.2754811 -0.2194661
vn 0.8944986 0.3834833 -0.2298104
vn 0.8762720 0.4258131 -0.2254565
vn 0.9954691 0.0745205 -0.0590593
vn 0.9939843 0.0015836 -0.1095111
vn 0.9280047 -0.0586485 -0.3679235
vn 0.9069660 0.0615619 -0.4166806
vn 0.8682555 0.0954183 -0.4868550
vn 0.9170302 0.2342846 0.3227482
vn 0.9525579 0.1990285 0.2302630
vn 0.9038448 0.2459081 0.3501340
vn 0.9321540 0.1223202 -0.3407737
vn 0.9118337 0.4041272 0.0723913
vn 0.9282789 0.3473323 0.1328855
vn 0.9566602 0.2719297 -0.1041894
vn 0.9566602 0.2719297 -0.1041894
vn 0.9566602 0.2719297 -0.1041894
vn 0.9122491 0.4085268 0.0301230
vn 0.9227081 0.1678448 -0.3470417
vn 0.8547429 0.5169955 -0.0461540
vn 0.6845236 0.7227857 -0.0949115
vn 0.6179668 0.7774687 -0.1168733
vn 0.9177838 0.3959921 0.0293783
vn 0.8619869 0.5063535 -0.0241804
vn -0.0109782 0.2235848 0.9746227
vn 0.0852217 0.4311346 0.8982540
vn 0.2899517 0.1116356 0.9505080
vn -0.0614394 -0.1054982 -0.9925197
vn 0.0363100 0.0241741 -0.9990481
vn 0.2104249 -0.2663315 -0.9406322
vn 0.2981083 0.1240947 0.9464312
vn -0.2277930 -0.1988877 -0.9531810
vn 0.3022699 0.1670478 -0.9384711
vn 0.9118865 0.2979584 0.2822831
vn 0.8316147 0.5550993 -0.0167870
vn 0.9226961 0.3842425 0.0314589
vn 0.6016515 0.0297704 -0.7982037
vn -0.3446964 0.1545351 0.9259067
vn 0.6015605 0.3353352 -0.7250346
vn -0.3923833 -0.1691608 0.9041128
vn -0.1025582 -0.9878854 -0.1164658
vn -0.1195565 -0.9855683 -0.1198386
vn -0.0999348 -0.9882157 -0.1159426
vn -0.0518128 -0.2562925 -0.9652096
vn -0.0071758 -0.3950245 -0.9186426
vn -0.0337111 -0.2903303 -0.9563325
vn -0.1189849 -0.9891070 0.0866599
vn -0.1169664 -0.9894666 0.0852917
vn -0.1329068 -0.9864590 0.0960961
vn 0.3840695 -0.7684191 0.5118815
vn 0.3341548 -0.8383884 0.4306339
vn 0.3929584 -0.7538901 0.5265295
vn -0.1207442 -0.1692763 0.9781444
vn 0.1818922 -0.0849907 0.9796386
vn -0.1176203 -0.1607464 0.9799623
vn 0.2697028 -0.4319195 -0.8606428
vn 0.9355004 0.1786867 -0.3048115
vn 0.8224876 0.4614069 -0.3325927
vn 0.9105187 0.2663057 -0.3162862
vn -0.1002119 -0.9922154 0.0739330
vn -0.0795662 -0.9905338 -0.1118570
vn 0.3175322 -0.8579251 0.4039032
vn 0.7404707 0.6102994 0.2814922
vn 0.7416729 0.6088829 0.2813946
vn 0.7657172 0.5794251 0.2791840
vn 0.7073319 0.6474354 0.2837410
vn 0.0812570 -0.0279094 0.9963023
vn 0.3782511 -0.2005485 -0.9037181
vn 0.3805186 0.3996677 -0.8339492
vn 0.3750405 0.4499371 -0.8104945
vn 0.5170322 0.2129976 -0.8290415
vn 0.7409213 0.5821045 -0.3349477
vn -0.0914430 -0.0597556 0.9940158
vn 0.0676928 -0.0633388 0.9956937
vn 0.3537360 -0.0949808 0.9305104
vn -0.0965942 -0.2377930 0.9665009
vn -0.3988745 0.1297777 -0.9077758
vn -0.3988745 0.1297777 -0.9077758
vn -0.3988745 0.1297777 -0.9077758
vn 0.1333548 -0.9191426 0.3706660
vn 0.0035667 -0.9378913 0.3469108
vn 0.1244158 -0.9114725 0.3920952
vn -0.2883232 -0.9549254 -0.0706201
vn -0.0376600 -0.9547645 -0.2949685
vn -0.1802795 -0.9789717 -0.0954654
vn -0.2520599 -0.7057649 0.6620889
vn -0.1600457 -0.7236265 0.6713792
vn -0.2823407 -0.6359069 0.7182660
vn 0.0672292 -0.9391058 0.3369874
vn -0.1665165 -0.9832531 0.0740646
vn -0.2501746 -0.9663955 0.0590961
vn -0.1177501 -0.9874694 0.1050672
vn -0.2122813 -0.9765936 -0.0346637
vn -0.0388293 -0.4812836 0.8757045
vn -0.1425943 -0.9866392 0.0788027
vn -0.1781233 -0.9823890 0.0564267
vn 0.1400245 0.1148073 -0.9834696
vn 0.0306096 -0.1097603 -0.9934867
vn 0.1539856 0.1437382 -0.9775621
vn -0.1175106 -0.9910002 -0.0641091
vn 0.0206453 -0.1439587 -0.9893683
vn 0.0198355 -0.3742095 0.9271320
vn -0.0430584 -0.1959647 0.9796652
vn 0.0214806 -0.1464106 -0.9889907
vn -0.0270658 -0.9722375 -0.2324259
vn -0.1935517 -0.9795781 0.0544470
vn 0.1026015 -0.9004096 0.4227712
vn -0.0162635 -0.1436603 0.9894934
vn 0.0546192 -0.9198302 -0.3884959
vn 0.1725591 -0.8660989 -0.4691439
vn 0.2901127 -0.8016530 0.5226730
vn -0.1527341 -0.9790446 0.1346998
vn -0.1646201 -0.9618096 0.2186837
vn -0.3758653 -0.9120351 0.1640646
vn 0.2097567 -0.5881665 0.7810649
vn 0.1507597 -0.4833212 0.8623643
vn 0.0799577 -0.6139489 0.7852856
vn -0.0507008 -0.9877611 0.1475040
vn 0.0672928 -0.8257790 0.5599650
vn 0.2905095 -0.8945385 0.3397132
vn 0.0303373 -0.8753880 0.4824681
vn -0.0104673 -0.9639979 0.2657038
vn 0.1455591 -0.7249781 0.6732156
vn -0.1299417 -0.9709472 0.2009395
vn -0.1102692 -0.9518871 0.2859225
vn -0.0697804 -0.9259794 0.3710698
vn 0.0559273 -0.8363737 0.5452991
vn -0.2639525 -0.9426373 0.2043626
vn 0.0700177 -0.9934352 0.0904651
vn 0.0380289 -0.9991780 -0.0140427
vn -0.0136008 -0.9992550 0.0361180
vn -0.0510592 -0.9860769 -0.1582570
vn -0.0490643 -0.9935263 -0.1024610
vn -0.0546478 -0.9782323 -0.2001881
vn -0.0263334 -0.3839175 -0.9229918
vn -0.0084051 -0.6825679 -0.7307739
vn -0.0041978 -0.7110113 -0.7031681
vn 0.0436902 0.1392847 0.9892881
vn -0.0719586 -0.2651865 0.9615082
vn 0.0402714 0.1144655 0.9926106
vn -0.0302348 -0.3938972 -0.9186571
vn -0.0612035 -0.9964019 -0.0586290
vn -0.0356947 -0.9953131 0.0898756
vn -0.0432811 -0.2519887 0.9667618
vn -0.0024814 -0.9570200 -0.2900113
vn 0.0238457 -0.9734206 -0.2277802
vn -0.0565250 -0.9923942 -0.1093557
vn -0.0330686 -0.9907230 0.1318123
vn -0.0444991 0.1407658 0.9890424
vn 0.0258326 -0.9970074 -0.0728629
vn 0.0903475 -0.9903895 0.1047181
vn 0.0051526 -0.9982561 0.0588058
vn -0.0388825 0.1755953 0.9836943
vn 0.0272889 -0.7833053 -0.6210379
vn 0.0337832 -0.8348327 -0.5494661
vn -0.0313128 -0.9967746 -0.0738910
vn -0.5816991 0.7610448 -0.2871183
vn -0.5816991 0.7610448 -0.2871183
vn -0.5816991 0.7610448 -0.2871183
vn 0.0444403 -0.9278549 -0.3702841
vn -0.1494208 -0.9646955 -0.2168777
vn 0.0986720 -0.9933434 0.0594364
vn 0.9190623 -0.0433799 0.3917177
vn 0.9190623 -0.0433799 0.3917177
vn 0.9190623 -0.0433799 0.3917177
vn 0.1217718 -0.8882639 0.4428982
vn 0.1217718 -0.8882639 0.4428982
vn 0.1217718 -0.8882639 0.4428982
vn 0.2387847 -0.9655838 0.1031011
vn 0.2284945 -0.9680546 -0.1032499
vn -0.0084623 0.7343649 -0.6787021
vn -0.0084623 0.7343649 -0.6787021
vn -0.0084623 0.7343649 -0.6787021
vn -0.1290157 -0.9827378 -0.1325944
vn -0.4183767 -0.8946696 -0.1566119
vn -0.4183767 -0.8946696 -0.1566119
vn -0.4183767 -0.8946696 -0.1566119
vn 0.1592179 -0.7941626 -0.5864771
vn 0.3159853 -0.8760586 -0.3642453
vn -0.0116177 -0.8700780 -0.4927772
vn 0.1918339 -0.5453410 -0.8159675
vn 0.2471924 -0.5835137 -0.7735681
vn 0.1283437 -0.7111760 -0.6911994
vn 0.0146339 -0.8246735 -0.5654198
vn 0.4261258 -0.3582574 -0.8307036
vn 0.0155326 -0.9257235 -0.3778819
vn -0.9373148 0.0368694 0.3465281
vn -0.8798763 0.0250925 0.4745398
vn -0.9247158 -0.0424234 0.3782869
vn -0.9185528 -0.0091987 0.3951913
vn -0.9072857 -0.1392090 0.3968040
vn -0.8096507 -0.0701556 0.5827039
vn -0.9225741 0.0503716 0.3825176
vn -0.8317221 -0.2493802 0.4960321
vn -0.8003246 0.0583362 0.5967222
vn -0.7453140 -0.4975742 0.4437644
vn -0.6375088 -0.0521383 0.7686769
vn -0.5530617 0.7709161 0.3159291
vn -0.5530617 0.7709161 0.3159291
vn -0.5530617 0.7709161 0.3159291
vn -0.4142972 -0.2783219 0.8665418
vn -0.2844262 0.0455508 0.9576152
vn -0.3224968 -0.2024049 0.9246773
vn -0.1117982 -0.2019404 0.9729960
vn -0.0888461 -0.4075175 0.9088652
vn -0.0429143 -0.4025937 0.9143723
vn 0.0410990 0.0602842 0.9973348
vn -0.3266938 -0.2960329 -0.8975721
vn -0.3554555 -0.2523733 -0.8999773
vn -0.3561919 -0.2512265 -0.9000070
vn -0.5922361 -0.0728189 -0.8024673
vn -0.7242521 -0.1076570 -0.6810792
vn -0.3650173 -0.0178495 -0.9308296
vn -0.4934318 0.2940097 0.8185862
vn -0.2638750 0.1418793 0.9540651
vn -0.3799065 0.2183798 0.8988778
vn 0.7296901 0.6474934 -0.2197830
vn 0.7296901 0.6474934 -0.2197830
vn 0.7296901 0.6474934 -0.2197830
vn -0.2581215 -0.9285256 0.2668585
vn -0.2581215 -0.9285256 0.2668585
vn -0.2581215 -0.9285256 0.2668585
vn 0.1794415 0.0099336 0.9837185
vn 0.1567330 0.0188987 0.9874602
vn 0.1535478 0.0201522 0.9879357
vn -0.3966208 -0.1858401 -0.8989746
vn -0.1307088 0.0343505 -0.9908255
vn 0.1830290 0.0085128 0.9830707
vn -0.1142594 0.0442105 0.9924667
vn -0.9971088 0.0266183 -0.0711723
vn -0.9695410 -0.0239693 -0.2437534
vn -0.9616238 -0.2442576 -0.1249717
vn -0.9989444 0.0091291 -0.0450194
vn -0.9884750 0.0589119 0.1394509
vn -0.9981851 0.0377381 0.0469283
vn -0.9991925 0.0006802 0.0401741
vn -0.9844863 0.1366312 0.1100845
vn -0.9977669 0.0511222 0.0429845
vn -0.9791202 0.1926567 0.0648610
vn -0.9980426 -0.0332798 -0.0529477
vn -0.9688808 -0.0453757 0.2433332
vn -0.8607857 -0.4955061 -0.1162829
vn -0.8814377 0.4652121 -0.0815189
vn -0.8814377 0.4652121 -0.0815189
vn -0.8814377 0.4652121 -0.0815189
vn -0.8192198 0.5408403 0.1907111
vn -0.9447640 0.0088224 -0.3276327
vn -0.9621762 0.0559863 0.2666129
vn -0.9333690 0.0560204 -0.3545195
vn -0.6771053 0.7204921 -0.1497312
vn -0.6771053 0.7204921 -0.1497312
vn -0.6771053 0.7204921 -0.1497312
vn -0.6980717 -0.6260389 -0.3475215
vn -0.6980717 -0.6260389 -0.3475215
vn -0.6980717 -0.6260389 -0.3475215
vn -0.2896066 -0.0152799 0.9570238
vn -0.3956366 0.1454342 0.9068189
vn -0.4331469 0.2991650 0.8502259
vn -0.2147039 0.1429840 -0.9661562
vn -0.0913486 0.1488528 -0.9846310
vn -0.2782066 0.1320480 -0.9514013
vn -0.1109960 -0.0733838 0.9911078
vn -0.1045233 -0.0288359 0.9941043
vn -0.9836493 0.1677441 0.0655440
vn -0.9804858 0.1374489 0.1405536
vn -0.9855298 0.1551497 0.0682606
vn -0.0149266 0.0881202 -0.9959980
vn -0.1187055 -0.0211278 0.9927047
vn -0.3697425 0.0918393 -0.9245842
vn -0.3550748 0.0831644 -0.9311313
vn -0.9769254 0.1917670 -0.0940333
vn -0.9937706 0.1092126 -0.0221925
vn -0.9865961 0.1482220 -0.0682529
vn -0.9709650 0.1741402 0.1640186
vn -0.9455138 0.2546993 0.2028101
vn -0.9778214 0.1397531 -0.1559950
vn -0.9935511 0.1039338 0.0453208
vn -0.9533069 0.1650420 -0.2529170
vn -0.9869457 0.1340731 -0.0892332
vn -0.9816396 0.0474609 -0.1847461
vn -0.9958596 0.0660574 0.0624503
vn -0.9766150 0.1065387 0.1867420
vn -0.9668101 -0.0910829 0.2387092
vn -0.9177253 0.0286102 -0.3961839
vn -0.9632182 0.1002154 0.2493341
vn -0.9553058 0.0354609 -0.2934850
vn -0.9020939 -0.1543833 -0.4029794
vn -0.8593853 0.2046032 -0.4686091
vn -0.8479985 0.0637692 -0.5261484
vn -0.5287501 -0.2510228 -0.8108088
vn -0.7385358 -0.0450072 -0.6727104
vn -0.8028465 -0.0260721 -0.5956154
vn -0.8028465 -0.0260721 -0.5956154
vn -0.2122660 -0.1921674 -0.9581309
vn -0.4786373 0.0348579 -0.8773205
vn -0.4988862 -0.1700140 -0.8498281
vn -0.2324710 -0.2335652 -0.9441422
vn -0.0516379 -0.1478889 -0.9876550
vn -0.0438376 -0.1003503 -0.9939860
vn -0.8028465 -0.0260721 -0.5956154
vn -0.4786373 0.0348579 -0.8773205
vn -0.4786373 0.0348579 -0.8773205
vn -0.0201736 -0.8813003 0.4721258
vn -0.1647355 -0.6666861 0.7269057
vn -0.0077244 -0.9185456 0.3952395
vn 0.0254454 -0.9693970 0.2441761
vn 0.0164728 -0.9352988 0.3534752
vn 0.1297996 -0.9874086 0.0904226
vn 0.0680646 -0.9910079 0.1151979
vn 0.0484687 -0.9988090 -0.0056045
vn 0.0952860 -0.9894536 -0.1090970
vn 0.0976966 -0.9886121 -0.1144620
vn -0.3063025 -0.5084778 0.8047541
vn -0.2315343 -0.5113004 0.8276254
vn 0.1218086 -0.9781760 -0.1683285
vn -0.0004930 0.0144984 0.9998948
vn -0.0257972 0.1519996 0.9880438
vn -0.0219061 0.1300146 0.9912701
vn 0.0360777 -0.9919578 0.1213180
vn 0.0216940 -0.6875072 -0.7258534
vn 0.0150976 -0.7894367 -0.6136463
vn 0.0089408 -0.7089032 -0.7052491
vn 0.0221409 -0.6803809 -0.7325242
vn 0.0079081 0.1353740 0.9907630
vn 0.0332988 -0.9953345 -0.0905563
vn 0.0284975 -0.9969289 -0.0729428
vn 0.0561891 -0.9939403 -0.0944747
vn -0.0738353 -0.6546815 0.7522902
vn 0.0290688 -0.9705770 0.2390299
vn 0.0422573 -0.5965573 -0.8014572
vn 0.0083280 0.1426903 0.9897323
vn 0.0036478 -0.7965576 0.6045517
vn 0.0544172 -0.9933793 -0.1011748
vn -0.0251545 -0.9952443 0.0941067
vn 0.0571378 -0.9566353 0.2856293
vn -0.1051271 -0.9920381 0.0693449
vn 0.0057348 -0.7146524 -0.6994562
vn 0.0262584 -0.9950581 -0.0957598
vn -0.5770949 -0.7624787 0.2925537
vn -0.5770949 -0.7624787 0.2925537
vn -0.5770949 -0.7624787 0.2925537
vn -0.0185894 -0.8409869 0.5407361
vn -0.0508080 -0.8783397 0.4753292
vn 0.5994497 -0.7847418 0.1576081
vn 0.5994497 -0.7847418 0.1576081
vn 0.5994497 -0.7847418 0.1576081
vn -0.0670523 -0.9371720 -0.3423632
vn -0.0937397 -0.8555031 -0.5092420
vn -0.0395769 -0.9126474 -0.4068272
vn 0.0156108 -0.9608728 -0.2765499
vn 0.2506624 -0.9586397 -0.1348268
vn 0.2506624 -0.9586397 -0.1348268
vn 0.0755984 -0.9439910 -0.3211944
vn 0.0921834 -0.9824312 -0.1622691
vn 0.0027629 -0.8809786 -0.4731481
vn -0.6630892 -0.7359350 -0.1367932
vn -0.6630892 -0.7359350 -0.1367932
vn -0.6630892 -0.7359350 -0.1367932
vn -0.1403055 -0.6301338 -0.7637053
vn -0.0389612 -0.7753971 -0.6302708
vn -0.0686370 -0.9751037 -0.2108598
vn -0.0019212 -0.9756945 -0.2191266
vn 0.0935042 -0.9267852 -0.3637665
vn 0.0701076 -0.9716053 -0.2259824
vn -0.0149249 -0.5419009 -0.8403099
vn -0.0735522 -0.5089164 -0.8576678
vn 0.0685300 -0.9897157 -0.1255647
vn -0.4879933 -0.8151280 -0.3121360
vn -0.4306553 -0.8362877 -0.3393506
vn 0.5099463 -0.8462532 -0.1543058
vn 0.5099463 -0.8462532 -0.1543058
vn 0.5099463 -0.8462532 -0.1543058
vn -0.0138125 -0.8479025 -0.5299722
vn 0.0596216 -0.3798782 -0.9231131
vn 0.2506624 -0.9586397 -0.1348268
vn -0.9415453 0.3298249 0.0686149
vn -0.9111096 0.3686521 0.1843230
vn -0.8589467 0.4630028 0.2187214
vn -0.9341043 0.3445242 0.0935531
vn -0.9641978 0.2524529 0.0811799
vn -0.8757366 0.0058575 0.4827536
vn -0.9676045 0.2483683 0.0453280
vn -0.9795479 0.0975164 0.1760011
vn -0.9821248 0.1804774 0.0534684
vn -0.7519145 -0.2295354 0.6180114
vn -0.7266208 -0.2004667 0.6571418
vn -0.8872316 0.1041904 0.4494045
vn -0.9413859 0.0663855 0.3307348
vn -0.7168890 -0.1334629 0.6842936
vn -0.2408000 -0.6829302 0.6896533
vn -0.2408000 -0.6829302 0.6896533
vn -0.6095765 -0.2277101 0.7593185
vn -0.2408000 -0.6829302 0.6896533
vn -0.0495448 -0.0102222 -0.9987196
vn -0.4056828 -0.1171698 -0.9064727
vn -0.5872187 -0.1258559 -0.7995840
vn -0.3463509 0.1939743 0.9178317
vn -0.5009156 0.2300612 0.8343593
vn 0.0012048 0.0918650 0.9957707
vn -0.3533361 -0.1031356 0.9297939
vn -0.2884350 0.1321367 -0.9483381
vn 0.2054341 -0.1486992 0.9673083
vn -0.9279749 0.3664595 -0.0676013
vn -0.9608205 0.2737416 -0.0434689
vn -0.9347635 0.3518905 -0.0488896
vn -0.0734784 -0.0699448 0.9948410
vn -0.2442096 0.4163920 -0.8757736
vn -0.4392469 0.2389285 -0.8660112
vn -0.1428243 -0.0259613 -0.9894075
vn 0.0003109 -0.2813723 0.9595986
vn -0.9405452 0.3393643 -0.0143732
vn -0.9374535 0.3474029 0.0221866
vn -0.9374535 0.3474029 0.0221866
vn -0.9374535 0.3474029 0.0221866
vn 0.0816060 0.0263881 0.9963153
vn -0.9188149 0.2910942 -0.2665395
vn -0.8933122 0.2485984 -0.3744224
vn -0.9706943 0.1569986 -0.1819450
vn -0.8587597 0.2096661 -0.4675167
vn -0.7621933 -0.1944207 -0.6174642
vn -0.0121987 0.0006913 -0.9999254
vn -0.9858286 0.1630159 -0.0395956
vn -0.9846447 0.1564851 -0.0773777
vn -0.9502158 0.0881897 -0.2988519
vn -0.8796234 -0.0024229 -0.4756646
vn -0.6912907 -0.1681754 -0.7027334
vn -0.5042662 -0.3753943 -0.7776855
vn -0.3738097 -0.5406510 -0.7536331
vn -0.8788695 0.3980083 -0.2630166
vn -0.1267777 -0.8977587 -0.4218491
vn -0.4469520 -0.6783757 -0.5831298
vn -0.0287731 -0.9503971 -0.3097055
vn -0.7521862 -0.3042512 -0.5845059
vn -0.4799011 -0.5200674 -0.7065585
vn 0.1747467 -0.3155178 -0.9326908
vn 0.1093295 -0.3510481 -0.9299528
vn 0.0945547 -0.3390535 -0.9360033
vn 0.2638702 -0.9616719 -0.0745636
vn 0.1836517 -0.9811116 -0.0607621
vn 0.0572443 -0.9753571 0.2130766
vn 0.1609022 -0.9819768 0.0991570
vn 0.1124904 -0.9895650 0.0900393
vn 0.1466645 -0.9866832 -0.0703258
vn 0.0250642 -0.2373280 0.9711062
vn 0.0401384 -0.2604935 0.9646409
vn 0.0759852 -0.4066457 0.9104205
vn 0.0280297 -0.5049830 0.8626740
vn -0.3428417 -0.6925968 0.6346410
vn -0.0101714 -0.9231925 0.3842034
vn -0.2385980 -0.7909405 0.5634572
vn 0.1029428 -0.9941389 -0.0330244
vn 0.0750175 -0.4819067 -0.8730053
vn 0.0699885 -0.5174053 -0.8528736
vn -0.0374135 -0.9961374 0.0794386
vn -0.1847135 -0.8122058 -0.5533559
vn 0.1398400 -0.9878181 0.0682661
vn 0.1470342 -0.9869984 0.0649242
vn 0.2995376 -0.9540511 -0.0079837
vn 0.0072600 0.0738095 0.9972459
vn 0.1113775 -0.9914645 -0.0677726
vn 0.0106092 0.1277710 0.9917469
vn 0.0838386 -0.6659830 -0.7412407
vn 0.0477953 -0.9518621 -0.3027774
vn 0.0262890 -0.9540460 0.2985049
vn 0.0107521 -0.9970809 -0.0755915
vn 0.0995727 -0.9912357 0.0868159
vn 0.0549940 -0.9984661 -0.0064182
vn 0.0755999 -0.6904268 -0.7194411
vn -0.2559547 -0.1807044 -0.9496489
vn -0.1882313 0.1752942 -0.9663544
vn -0.1314509 -0.0578692 -0.9896322
vn 0.0412766 0.2240205 -0.9737099
vn -0.1731081 0.0903294 0.9807518
vn -0.1239759 -0.1105665 0.9861060
vn -0.1016209 -0.0996562 0.9898191
vn 0.0061659 -0.0108112 0.9999225
vn -0.2827212 0.2178701 -0.9341313
vn 0.0315351 -0.2912766 0.9561190
vn 0.0518732 -0.3464438 -0.9366354
vn 0.1243499 -0.0167586 0.9920969
vn -0.3902776 0.2503200 -0.8860154
vn -0.4715795 0.2374521 -0.8492522
vn -0.7554947 0.6506126 -0.0770123
vn -0.8976090 0.3540399 -0.2625906
vn -0.7218028 0.6907398 -0.0433495
vn -0.8753726 0.1102145 0.4707181
vn -0.9016530 0.2000939 0.3833854
vn -0.8760287 0.1373782 0.4622780
vn -0.8421751 0.5253108 -0.1216130
vn 0.2591072 0.0114851 0.9657803
vn -0.8456003 0.5288884 0.0723682
vn -0.8340497 0.5476868 0.0663342
vn 0.0902619 -0.9864793 0.1367892
vn 0.0739146 -0.9832904 0.1663628
vn 0.0894093 -0.9867137 0.1356542
vn 0.0224328 -0.2684017 0.9630458
vn -0.8609190 0.5031985 -0.0748986
vn -0.9422081 0.2418910 -0.2318030
vn 0.1217887 -0.4186070 -0.8999643
vn -0.8930744 0.4435534 0.0753560
vn -0.6534920 -0.4679827 -0.5949289
vn -0.7381417 -0.3118621 -0.5982381
vn -0.5319260 -0.6277974 -0.5682650
vn -0.9185134 0.3889342 0.0711568
vn 0.0995837 -0.9911708 -0.0875414
vn 0.1121418 -0.9877864 -0.1081768
vn 0.0833081 -0.9946634 -0.0608644
vn -0.8258420 -0.1021708 0.5545684
vn 0.0143347 -0.9612694 0.2752373
vn 0.1230055 -0.9843665 -0.1260645
vn -0.0124478 -0.9467128 0.3218384
vn 0.1320103 -0.4367745 -0.8898322
vn -0.8873279 0.3480186 -0.3025428
vn 0.0200723 -0.2644490 0.9641908
vn -0.8707817 0.4864501 0.0714525
vn -0.7688172 -0.2379648 -0.5935427
vn -0.7646308 -0.2209055 0.6054259
usemtl meshy
f 1547/1547/1547 1548/1548/1548 1549/1549/1549
f 1548/1548/1548 1550/1550/1550 1549/1549/1549
f 1551/1551/1551 1552/1552/1552 1553/1553/1553
f 635/635/635 636/636/636 637/637/637
f 638/638/638 639/639/639 640/640/640
f 641/641/641 642/642/642 640/640/640
f 1554/1554/1554 1551/1551/1551 1553/1553/1553
f 643/643/643 644/644/644 645/645/645
f 646/646/646 640/640/640 639/639/639
f 1550/1550/1550 1548/1548/1548 1555/1555/1555
f 1556/1556/1556 1553/1553/1553 1552/1552/1552
f 1557/1557/1557 1547/1547/1547 1549/1549/1549
f 1551/1551/1551 1554/1554/1554 1558/1558/1558
f 647/647/647 648/648/648 649/649/649
f 640/640/640 646/646/646 641/641/641
f 699/699/699 700/700/700 701/701/701
f 1555/1555/1555 1548/1548/1548 1559/1559/1559
f 649/649/649 648/648/648 650/650/650
f 651/651/651 652/652/652 653/653/653
f 654/654/654 655/655/655 656/656/656
f 657/657/657 658/658/658 659/659/659
f 660/660/660 651/651/651 653/653/653
f 646/646/646 661/661/661 641/641/641
f 702/702/702 703/703/703 704/704/704
f 662/662/662 635/635/635 637/637/637
f 1559/1559/1559 1560/1560/1560 1555/1555/1555
f 663/663/663 664/664/664 665/665/665
f 1561/1561/1561 1562/1562/1562 1563/1563/1563
f 1564/1564/1564 1565/1565/1565 1566/1566/1566
f 705/705/705 706/706/706 707/707/707
f 657/657/657 666/666/666 658/658/658
f 667/667/667 668/668/668 669/669/669
f 1562/1562/1562 1561/1561/1561 1567/1567/1567
f 708/708/708 709/709/709 710/710/710
f 1568/1568/1568 1558/1558/1558 1554/1554/1554
f 670/670/670 671/671/671 672/672/672
f 1593/1593/1593 1569/1569/1569 1570/1570/1570
f 711/711/711 712/712/712 713/713/713
f 1571/1571/1571 1572/1572/1572 1573/1573/1573
f 673/673/673 674/674/674 675/675/675
f 676/676/676 677/677/677 696/696/696
f 1574/1574/1574 1553/1553/1553 1556/1556/1556
f 1472/1472/1472 1473/1473/1473 1474/1474/1474
f 1575/1575/1575 1576/1576/1576 1567/1567/1567
f 714/714/714 715/715/715 716/716/716
f 717/717/717 718/718/718 719/719/719
f 664/664/664 663/663/663 678/678/678
f 720/720/720 717/717/717 719/719/719
f 1475/1475/1475 1476/1476/1476 1477/1477/1477
f 679/679/679 680/680/680 697/697/697
f 681/681/681 682/682/682 683/683/683
f 1567/1567/1567 1576/1576/1576 1562/1562/1562
f 1549/1549/1549 1577/1577/1577 1557/1557/1557
f 721/721/721 722/722/722 723/723/723
f 716/716/716 724/724/724 714/714/714
f 725/725/725 726/726/726 727/727/727
f 1476/1476/1476 1475/1475/1475 1478/1478/1478
f 684/684/684 685/685/685 686/686/686
f 1472/1472/1472 1479/1479/1479 1473/1473/1473
f 754/754/754 755/755/755 756/756/756
f 711/711/711 728/728/728 712/712/712
f 1569/1569/1569 1593/1593/1593 1578/1578/1578
f 672/672/672 671/671/671 687/687/687
f 757/757/757 758/758/758 759/759/759
f 1579/1579/1579 1580/1580/1580 1581/1581/1581
f 1593/1593/1593 1582/1582/1582 1578/1578/1578
f 1583/1583/1583 1584/1584/1584 1585/1585/1585
f 1477/1477/1477 1480/1480/1480 1475/1475/1475
f 728/728/728 711/711/711 729/729/729
f 721/721/721 723/723/723 730/730/730
f 1481/1481/1481 1482/1482/1482 1483/1483/1483
f 688/688/688 689/689/689 690/690/690
f 1475/1475/1475 1484/1484/1484 1478/1478/1478
f 1454/1454/1454 1455/1455/1455 1456/1456/1456
f 756/756/756 755/755/755 760/760/760
f 755/755/755 754/754/754 761/761/761
f 762/762/762 763/763/763 764/764/764
f 724/724/724 731/731/731 714/714/714
f 1479/1479/1479 1472/1472/1472 1485/1485/1485
f 765/765/765 766/766/766 767/767/767
f 768/768/768 769/769/769 770/770/770
f 771/771/771 756/756/756 772/772/772
f 764/764/764 763/763/763 773/773/773
f 1479/1479/1479 1486/1486/1486 1487/1487/1487
f 1485/1485/1485 1486/1486/1486 1479/1479/1479
f 732/732/732 733/733/733 735/735/735
f 797/797/797 798/798/798 799/799/799
f 764/764/764 773/773/773 758/758/758
f 682/682/682 691/691/691 683/683/683
f 1488/1488/1488 1478/1478/1478 1484/1484/1484
f 1580/1580/1580 1579/1579/1579 1594/1594/1594
f 756/756/756 760/760/760 772/772/772
f 1489/1489/1489 1483/1483/1483 1482/1482/1482
f 758/758/758 773/773/773 759/759/759
f 725/725/725 736/736/736 726/726/726
f 1334/1334/1334 1335/1335/1335 1336/1336/1336
f 800/800/800 801/801/801 802/802/802
f 800/800/800 802/802/802 803/803/803
f 774/774/774 770/770/770 769/769/769
f 802/802/802 801/801/801 804/804/804
f 1490/1490/1490 1491/1491/1491 1492/1492/1492
f 692/692/692 688/688/688 690/690/690
f 1456/1456/1456 1458/1458/1458 1454/1454/1454
f 1565/1565/1565 1564/1564/1564 1586/1586/1586
f 1587/1587/1587 1572/1572/1572 1571/1571/1571
f 805/805/805 797/797/797 806/806/806
f 1493/1493/1493 1488/1488/1488 1484/1484/1484
f 1455/1455/1455 1459/1459/1459 1456/1456/1456
f 802/802/802 804/804/804 807/807/807
f 1337/1337/1337 1338/1338/1338 1339/1339/1339
f 1508/1508/1508 1509/1509/1509 1510/1510/1510
f 797/797/797 805/805/805 798/798/798
f 1584/1584/1584 1583/1583/1583 1588/1588/1588
f 1334/1334/1334 1340/1340/1340 1335/1335/1335
f 1494/1494/1494 1495/1495/1495 1507/1507/1507
f 775/775/775 776/776/776 777/777/777
f 1572/1572/1572 1587/1587/1587 1589/1589/1589
f 843/843/843 844/844/844 845/845/845
f 778/778/778 779/779/779 780/780/780
f 1334/1334/1334 1341/1341/1341 1340/1340/1340
f 843/843/843 845/845/845 846/846/846
f 777/777/777 776/776/776 781/781/781
f 1590/1590/1590 1557/1557/1557 1577/1577/1577
f 806/806/806 808/808/808 805/805/805
f 683/683/683 691/691/691 693/693/693
f 737/737/737 738/738/738 739/739/739
f 1482/1482/1482 1496/1496/1496 1489/1489/1489
f 847/847/847 844/844/844 848/848/848
f 781/781/781 776/776/776 774/774/774
f 1456/1456/1456 1459/1459/1459 1457/1457/1457
f 740/740/740 738/738/738 741/741/741
f 1497/1497/1497 1495/1495/1495 1498/1498/1498
f 684/684/684 686/686/686 694/694/694
f 1499/1499/1499 1479/1479/1479 1487/1487/1487
f 740/740/740 741/741/741 742/742/742
f 809/809/809 810/810/810 811/811/811
f 1460/1460/1460 1461/1461/1461 1462/1462/1462
f 1496/1496/1496 1482/1482/1482 1500/1500/1500
f 1511/1511/1511 1512/1512/1512 1509/1509/1509
f 1286/1286/1286 1287/1287/1287 1288/1288/1288
f 1289/1289/1289 1290/1290/1290 1291/1291/1291
f 1494/1494/1494 1496/1496/1496 1495/1495/1495
f 812/812/812 813/813/813 814/814/814
f 849/849/849 850/850/850 851/851/851
f 1342/1342/1342 1343/1343/1343 1344/1344/1344
f 774/774/774 776/776/776 770/770/770
f 599/599/599 600/600/600 601/601/601
f 1564/1564/1564 1595/1595/1595 1586/1586/1586
f 852/852/852 853/853/853 854/854/854
f 1496/1496/1496 1500/1500/1500 1501/1501/1501
f 812/812/812 814/814/814 815/815/815
f 1338/1338/1338 1337/1337/1337 1345/1345/1345
f 1346/1346/1346 1340/1340/1340 1341/1341/1341
f 1292/1292/1292 1293/1293/1293 1294/1294/1294
f 852/852/852 851/851/851 850/850/850
f 602/602/602 603/603/603 604/604/604
f 1591/1591/1591 1562/1562/1562 1576/1576/1576
f 1457/1457/1457 1461/1461/1461 1460/1460/1460
f 1295/1295/1295 1296/1296/1296 1297/1297/1297
f 736/736/736 734/734/734 726/726/726
f 855/855/855 847/847/847 848/848/848
f 855/855/855 856/856/856 847/847/847
f 737/737/737 741/741/741 738/738/738
f 816/816/816 810/810/810 817/817/817
f 1556/1556/1556 1592/1592/1592 1574/1574/1574
f 782/782/782 783/783/783 784/784/784
f 1339/1339/1339 1347/1347/1347 1348/1348/1348
f 1339/1339/1339 1348/1348/1348 1337/1337/1337
f 818/818/818 814/814/814 819/819/819
f 605/605/605 606/606/606 607/607/607
f 1349/1349/1349 1350/1350/1350 1351/1351/1351
f 1298/1298/1298 1299/1299/1299 1300/1300/1300
f 815/815/815 814/814/814 818/818/818
f 810/810/810 820/820/820 817/817/817
f 1343/1343/1343 1352/1352/1352 1353/1353/1353
f 1301/1301/1301 1302/1302/1302 1303/1303/1303
f 851/851/851 852/852/852 857/857/857
f 852/852/852 854/854/854 857/857/857
f 739/739/739 743/743/743 737/737/737
f 1354/1354/1354 1349/1349/1349 1351/1351/1351
f 781/781/781 785/785/785 777/777/777
f 1459/1459/1459 1463/1463/1463 1464/1464/1464
f 820/820/820 810/810/810 809/809/809
f 1457/1457/1457 1459/1459/1459 1461/1461/1461
f 858/858/858 859/859/859 860/860/860
f 847/847/847 845/845/845 844/844/844
f 861/861/861 862/862/862 863/863/863
f 1343/1343/1343 1355/1355/1355 1344/1344/1344
f 1287/1287/1287 1304/1304/1304 1288/1288/1288
f 1289/1289/1289 1291/1291/1291 1305/1305/1305
f 1302/1302/1302 1301/1301/1301 1306/1306/1306
f 1513/1513/1513 1514/1514/1514 1515/1515/1515
f 1354/1354/1354 1356/1356/1356 1349/1349/1349
f 1354/1354/1354 1351/1351/1351 1357/1357/1357
f 1516/1516/1516 1510/1510/1510 1517/1517/1517
f 1294/1294/1294 1293/1293/1293 1307/1307/1307
f 817/817/817 820/820/820 821/821/821
f 864/864/864 865/865/865 866/866/866
f 1461/1461/1461 1459/1459/1459 1465/1465/1465
f 1358/1358/1358 1354/1354/1354 1357/1357/1357
f 786/786/786 794/794/794 787/787/787
f 1496/1496/1496 1501/1501/1501 1502/1502/1502
f 867/867/867 868/868/868 864/864/864
f 849/849/849 851/851/851 869/869/869
f 608/608/608 609/609/609 610/610/610
f 631/631/631 611/611/611 612/612/612
f 870/870/870 899/899/899 871/871/871
f 1503/1503/1503 1495/1495/1495 1496/1496/1496
f 1355/1355/1355 1343/1343/1343 1359/1359/1359
f 872/872/872 868/868/868 873/873/873
f 871/871/871 874/874/874 875/875/875
f 1308/1308/1308 1309/1309/1309 1310/1310/1310
f 1310/1310/1310 1311/1311/1311 1308/1308/1308
f 1312/1312/1312 1313/1313/1313 1314/1314/1314
f 737/737/737 744/744/744 745/745/745
f 822/822/822 839/839/839 823/823/823
f 1343/1343/1343 1360/1360/1360 1359/1359/1359
f 1313/1313/1313 1312/1312/1312 1315/1315/1315
f 1312/1312/1312 1314/1314/1314 1316/1316/1316
f 1312/1312/1312 1316/1316/1316 1317/1317/1317
f 613/613/613 614/614/614 615/615/615
f 1311/1311/1311 1310/1310/1310 1318/1318/1318
f 870/870/870 876/876/876 899/899/899
f 1361/1361/1361 1360/1360/1360 1343/1343/1343
f 871/871/871 875/875/875 870/870/870
f 867/867/867 864/864/864 866/866/866
f 875/875/875 874/874/874 877/877/877
f 1319/1319/1319 1313/1313/1313 1315/1315/1315
f 1310/1310/1310 1320/1320/1320 1318/1318/1318
f 687/687/687 671/671/671 695/695/695
f 1358/1358/1358 1362/1362/1362 1354/1354/1354
f 746/746/746 747/747/747 752/752/752
f 787/787/787 794/794/794 788/788/788
f 1321/1321/1321 1322/1322/1322 1323/1323/1323
f 873/873/873 868/868/868 867/867/867
f 878/878/878 872/872/872 873/873/873
f 879/879/879 880/880/880 881/881/881
f 1312/1312/1312 1317/1317/1317 1324/1324/1324
f 824/824/824 825/825/825 826/826/826
f 827/827/827 815/815/815 818/818/818
f 1319/1319/1319 1315/1315/1315 1312/1312/1312
f 1363/1363/1363 1343/1343/1343 1353/1353/1353
f 744/744/744 737/737/737 743/743/743
f 1358/1358/1358 1364/1364/1364 1362/1362/1362
f 663/663/663 698/698/698 678/678/678
f 1354/1354/1354 1362/1362/1362 1356/1356/1356
f 1502/1502/1502 1503/1503/1503 1496/1496/1496
f 900/900/900 882/882/882 883/883/883
f 1518/1518/1518 1519/1519/1519 1520/1520/1520
f 1517/1517/1517 1510/1510/1510 1521/1521/1521
f 828/828/828 840/840/840 841/841/841
f 795/795/795 789/789/789 790/790/790
f 884/884/884 885/885/885 886/886/886
f 1522/1522/1522 1523/1523/1523 1524/1524/1524
f 1495/1495/1495 1503/1503/1503 1498/1498/1498
f 1466/1466/1466 1461/1461/1461 1465/1465/1465
f 821/821/821 820/820/820 829/829/829
f 616/616/616 617/617/617 618/618/618
f 1309/1309/1309 1325/1325/1325 1310/1310/1310
f 1326/1326/1326 1319/1319/1319 1312/1312/1312
f 901/901/901 887/887/887 888/888/888
f 1363/1363/1363 1361/1361/1361 1343/1343/1343
f 1524/1524/1524 1523/1523/1523 1525/1525/1525
f 748/748/748 744/744/744 743/743/743
f 1526/1526/1526 1527/1527/1527 1528/1528/1528
f 1504/1504/1504 1503/1503/1503 1502/1502/1502
f 746/746/746 752/752/752 744/744/744
f 1517/1517/1517 1521/1521/1521 1529/1529/1529
f 1466/1466/1466 1465/1465/1465 1467/1467/1467
f 1530/1530/1530 1515/1515/1515 1514/1514/1514
f 1531/1531/1531 1530/1530/1530 1514/1514/1514
f 631/631/631 612/612/612 619/619/619
f 889/889/889 890/890/890 891/891/891
f 1518/1518/1518 1520/1520/1520 1532/1532/1532
f 892/892/892 902/902/902 893/893/893
f 1265/1265/1265 1266/1266/1266 1267/1267/1267
f 1504/1504/1504 1498/1498/1498 1503/1503/1503
f 1309/1309/1309 1327/1327/1327 1325/1325/1325
f 840/840/840 830/830/830 841/841/841
f 1518/1518/1518 1528/1528/1528 1527/1527/1527
f 610/610/610 620/620/620 608/608/608
f 603/603/603 602/602/602 621/621/621
f 1268/1268/1268 1269/1269/1269 1270/1270/1270
f 753/753/753 749/749/749 750/750/750
f 1467/1467/1467 1465/1465/1465 1459/1459/1459
f 894/894/894 903/903/903 895/895/895
f 1271/1271/1271 1272/1272/1272 1273/1273/1273
f 905/905/905 906/906/906 907/907/907
f 1362/1362/1362 1365/1365/1365 1356/1356/1356
f 1326/1326/1326 1312/1312/1312 1324/1324/1324
f 1510/1510/1510 1509/1509/1509 1533/1533/1533
f 1328/1328/1328 1329/1329/1329 1330/1330/1330
f 896/896/896 901/901/901 888/888/888
f 622/622/622 613/613/613 615/615/615
f 1534/1534/1534 1535/1535/1535 1536/1536/1536
f 1525/1525/1525 1537/1537/1537 1524/1524/1524
f 906/906/906 908/908/908 909/909/909
f 623/623/623 616/616/616 618/618/618
f 1333/1333/1333 1331/1331/1331 1332/1332/1332
f 1266/1266/1266 1265/1265/1265 1268/1268/1268
f 1529/1529/1529 1521/1521/1521 1538/1538/1538
f 831/831/831 815/815/815 827/827/827
f 621/621/621 624/624/624 603/603/603
f 1362/1362/1362 1364/1364/1364 1366/1366/1366
f 1539/1539/1539 1524/1524/1524 1537/1537/1537
f 1530/1530/1530 1531/1531/1531 1540/1540/1540
f 625/625/625 626/626/626 632/632/632
f 827/827/827 832/832/832 831/831/831
f 627/627/627 612/612/612 611/611/611
f 1510/1510/1510 1541/1541/1541 1521/1521/1521
f 1459/1459/1459 1464/1464/1464 1467/1467/1467
f 1509/1509/1509 1512/1512/1512 1533/1533/1533
f 1518/1518/1518 1532/1532/1532 1542/1542/1542
f 604/604/604 603/603/603 633/633/633
f 1529/1529/1529 1538/1538/1538 1543/1543/1543
f 1518/1518/1518 1542/1542/1542 1528/1528/1528
f 626/626/626 634/634/634 632/632/632
f 1533/1533/1533 1541/1541/1541 1510/1510/1510
f 610/610/610 628/628/628 620/620/620
f 791/791/791 795/795/795 790/790/790
f 1268/1268/1268 1270/1270/1270 1266/1266/1266
f 633/633/633 603/603/603 624/624/624
f 910/910/910 905/905/905 911/911/911
f 1272/1272/1272 1274/1274/1274 1275/1275/1275
f 1534/1534/1534 1544/1544/1544 1535/1535/1535
f 746/746/746 744/744/744 748/748/748
f 512/512/512 513/513/513 514/514/514
f 751/751/751 746/746/746 748/748/748
f 515/515/515 516/516/516 517/517/517
f 833/833/833 832/832/832 827/827/827
f 1471/1471/1471 1468/1468/1468 1469/1469/1469
f 1367/1367/1367 1368/1368/1368 1369/1369/1369
f 1370/1370/1370 1371/1371/1371 1378/1378/1378
f 615/615/615 629/629/629 622/622/622
f 1425/1425/1425 1426/1426/1426 1427/1427/1427
f 1276/1276/1276 1277/1277/1277 1278/1278/1278
f 1505/1505/1505 1498/1498/1498 1504/1504/1504
f 1428/1428/1428 1425/1425/1425 1427/1427/1427
f 1543/1543/1543 1545/1545/1545 1529/1529/1529
f 1546/1546/1546 1540/1540/1540 1531/1531/1531
f 583/583/583 584/584/584 585/585/585
f 1275/1275/1275 1266/1266/1266 1270/1270/1270
f 630/630/630 616/616/616 623/623/623
f 539/539/539 540/540/540 541/541/541
f 1506/1506/1506 1498/1498/1498 1505/1505/1505
f 1429/1429/1429 1453/1453/1453 1430/1430/1430
f 1464/1464/1464 1470/1470/1470 1467/1467/1467
f 542/542/542 543/543/543 544/544/544
f 906/906/906 905/905/905 910/910/910
f 545/545/545 546/546/546 547/547/547
f 548/548/548 549/549/549 550/550/550
f 1275/1275/1275 1273/1273/1273 1272/1272/1272
f 551/551/551 581/581/581 552/552/552
f 1381/1381/1381 1382/1382/1382 1383/1383/1383
f 834/834/834 835/835/835 842/842/842
f 906/906/906 912/912/912 908/908/908
f 1384/1384/1384 1383/1383/1383 1385/1385/1385
f 792/792/792 793/793/793 796/796/796
f 586/586/586 587/587/587 588/588/588
f 539/539/539 541/541/541 553/553/553
f 515/515/515 536/536/536 518/518/518
f 1384/1384/1384 1386/1386/1386 1387/1387/1387
f 542/542/542 544/544/544 554/554/554
f 1388/1388/1388 1389/1389/1389 1390/1390/1390
f 1368/1368/1368 1372/1372/1372 1369/1369/1369
f 516/516/516 515/515/515 518/518/518
f 913/913/913 908/908/908 912/912/912
f 1275/1275/1275 1270/1270/1270 1279/1279/1279
f 1381/1381/1381 1383/1383/1383 1384/1384/1384
f 1391/1391/1391 1382/1382/1382 1392/1392/1392
f 519/519/519 520/520/520 521/521/521
f 912/912/912 910/910/910 914/914/914
f 1393/1393/1393 1390/1390/1390 1389/1389/1389
f 585/585/585 589/589/589 583/583/583
f 1428/1428/1428 1431/1431/1431 1432/1432/1432
f 912/912/912 906/906/906 910/910/910
f 1379/1379/1379 1380/1380/1380 1373/1373/1373
f 897/897/897 898/898/898 904/904/904
f 1394/1394/1394 1395/1395/1395 1396/1396/1396
f 514/514/514 513/513/513 522/522/522
f 1384/1384/1384 1387/1387/1387 1397/1397/1397
f 1426/1426/1426 1433/1433/1433 1427/1427/1427
f 518/518/518 523/523/523 524/524/524
f 1398/1398/1398 1399/1399/1399 1400/1400/1400
f 583/583/583 597/597/597 584/584/584
f 834/834/834 842/842/842 836/836/836
f 1398/1398/1398 1400/1400/1400 1401/1401/1401
f 1275/1275/1275 1280/1280/1280 1273/1273/1273
f 1428/1428/1428 1427/1427/1427 1431/1431/1431
f 536/536/536 525/525/525 518/518/518
f 1434/1434/1434 1435/1435/1435 1436/1436/1436
f 912/912/912 914/914/914 915/915/915
f 539/539/539 553/553/553 555/555/555
f 1372/1372/1372 1374/1374/1374 1369/1369/1369
f 556/556/556 557/557/557 558/558/558
f 558/558/558 557/557/557 559/559/559
f 1431/1431/1431 1427/1427/1427 1433/1433/1433
f 560/560/560 545/545/545 547/547/547
f 549/549/549 561/561/561 550/550/550
f 1426/1426/1426 1437/1437/1437 1438/1438/1438
f 1396/1396/1396 1402/1402/1402 1394/1394/1394
f 556/556/556 562/562/562 557/557/557
f 1279/1279/1279 1281/1281/1281 1275/1275/1275
f 1275/1275/1275 1281/1281/1281 1280/1280/1280
f 547/547/547 563/563/563 560/560/560
f 1433/1433/1433 1426/1426/1426 1438/1438/1438
f 590/590/590 591/591/591 592/592/592
f 537/537/537 512/512/512 526/526/526
f 1403/1403/1403 1404/1404/1404 1405/1405/1405
f 564/564/564 561/561/561 549/549/549
f 525/525/525 523/523/523 518/518/518
f 565/565/565 582/582/582 566/566/566
f 527/527/527 528/528/528 529/529/529
f 539/539/539 555/555/555 567/567/567
f 1406/1406/1406 1392/1392/1392 1382/1382/1382
f 1281/1281/1281 1279/1279/1279 1282/1282/1282
f 1372/1372/1372 1375/1375/1375 1374/1374/1374
f 568/568/568 557/557/557 562/562/562
f 530/530/530 531/531/531 538/538/538
f 559/559/559 557/557/557 568/568/568
f 1407/1407/1407 1384/1384/1384 1397/1397/1397
f 1439/1439/1439 1431/1431/1431 1440/1440/1440
f 1400/1400/1400 1399/1399/1399 1408/1408/1408
f 912/912/912 916/916/916 917/917/917
f 1433/1433/1433 1440/1440/1440 1431/1431/1431
f 1402/1402/1402 1409/1409/1409 1394/1394/1394
f 1382/1382/1382 1381/1381/1381 1410/1410/1410
f 1382/1382/1382 1410/1410/1410 1406/1406/1406
f 1282/1282/1282 1279/1279/1279 1283/1283/1283
f 1405/1405/1405 1411/1411/1411 1403/1403/1403
f 834/834/834 836/836/836 837/837/837
f 568/568/568 562/562/562 569/569/569
f 1412/1412/1412 1407/1407/1407 1397/1397/1397
f 1407/1407/1407 1381/1381/1381 1384/1384/1384
f 537/537/537 531/531/531 530/530/530
f 560/560/560 563/563/563 570/570/570
f 1440/1440/1440 1433/1433/1433 1441/1441/1441
f 567/567/567 555/555/555 571/571/571
f 555/555/555 572/572/572 571/571/571
f 914/914/914 918/918/918 915/915/915
f 573/573/573 568/568/568 569/569/569
f 1440/1440/1440 1441/1441/1441 1442/1442/1442
f 597/597/597 583/583/583 593/593/593
f 1407/1407/1407 1413/1413/1413 1381/1381/1381
f 1438/1438/1438 1441/1441/1441 1433/1433/1433
f 915/915/915 916/916/916 912/912/912
f 1443/1443/1443 1437/1437/1437 1444/1444/1444
f 1412/1412/1412 1414/1414/1414 1407/1407/1407
f 1282/1282/1282 1280/1280/1280 1281/1281/1281
f 514/514/514 532/532/532 512/512/512
f 561/561/561 564/564/564 574/574/574
f 575/575/575 569/569/569 562/562/562
f 1408/1408/1408 1415/1415/1415 1400/1400/1400
f 559/559/559 568/568/568 573/573/573
f 512/512/512 532/532/532 526/526/526
f 598/598/598 594/594/594 595/595/595
f 1282/1282/1282 1283/1283/1283 1284/1284/1284
f 533/533/533 531/531/531 537/537/537
f 1410/1410/1410 1381/1381/1381 1413/1413/1413
f 569/569/569 575/575/575 573/573/573
f 1416/1416/1416 1403/1403/1403 1411/1411/1411
f 534/534/534 532/532/532 514/514/514
f 533/533/533 537/537/537 526/526/526
f 1438/1438/1438 1437/1437/1437 1443/1443/1443
f 598/598/598 595/595/595 596/596/596
f 1376/1376/1376 1375/1375/1375 1372/1372/1372
f 838/838/838 834/834/834 837/837/837
f 561/561/561 574/574/574 576/576/576
f 572/572/572 577/577/577 571/571/571
f 1441/1441/1441 1438/1438/1438 1442/1442/1442
f 1440/1440/1440 1442/1442/1442 1445/1445/1445
f 385/385/385 386/386/386 387/387/387
f 322/322/322 325/325/325 326/326/326
f 486/486/486 487/487/487 488/488/488
f 1413/1413/1413 1407/1407/1407 1414/1414/1414
f 1446/1446/1446 1438/1438/1438 1447/1447/1447
f 327/327/327 324/324/324 328/328/328
f 1417/1417/1417 1418/1418/1418 1419/1419/1419
f 1372/1372/1372 1377/1377/1377 1376/1376/1376
f 1410/1410/1410 1420/1420/1420 1406/1406/1406
f 396/396/396 397/397/397 398/398/398
f 563/563/563 578/578/578 570/570/570
f 916/916/916 915/915/915 919/919/919
f 329/329/329 330/330/330 331/331/331
f 1410/1410/1410 1421/1421/1421 1420/1420/1420
f 993/993/993 994/994/994 995/995/995
f 1448/1448/1448 1449/1449/1449 1450/1450/1450
f 1422/1422/1422 1423/1423/1423 1424/1424/1424
f 535/535/535 533/533/533 526/526/526
f 325/325/325 332/332/332 326/326/326
f 573/573/573 575/575/575 579/579/579
f 333/333/333 334/334/334 335/335/335
f 1447/1447/1447 1438/1438/1438 1451/1451/1451
f 1253/1253/1253 1254/1254/1254 1255/1255/1255
f 993/993/993 996/996/996 997/997/997
f 336/336/336 326/326/326 332/332/332
f 1190/1190/1190 1191/1191/1191 1192/1192/1192
f 337/337/337 338/338/338 332/332/332
f 388/388/388 387/387/387 386/386/386
f 326/326/326 336/336/336 322/322/322
f 1443/1443/1443 1451/1451/1451 1438/1438/1438
f 580/580/580 573/573/573 579/579/579
f 1256/1256/1256 1264/1264/1264 1257/1257/1257
f 1444/1444/1444 1452/1452/1452 1443/1443/1443
f 1193/1193/1193 1194/1194/1194 1195/1195/1195
f 1191/1191/1191 1190/1190/1190 1196/1196/1196
f 1197/1197/1197 1198/1198/1198 1191/1191/1191
f 1207/1207/1207 1208/1208/1208 1209/1209/1209
f 339/339/339 323/323/323 336/336/336
f 489/489/489 488/488/488 490/490/490
f 1285/1285/1285 1280/1280/1280 1282/1282/1282
f 1210/1210/1210 1211/1211/1211 1212/1212/1212
f 1213/1213/1213 1214/1214/1214 1215/1215/1215
f 1216/1216/1216 1217/1217/1217 1218/1218/1218
f 389/389/389 386/386/386 390/390/390
f 1264/1264/1264 1256/1256/1256 1258/1258/1258
f 1193/1193/1193 1195/1195/1195 1197/1197/1197
f 1214/1214/1214 1213/1213/1213 1219/1219/1219
f 1220/1220/1220 1211/1211/1211 1210/1210/1210
f 1197/1197/1197 1191/1191/1191 1199/1199/1199
f 332/332/332 339/339/339 336/336/336
f 323/323/323 340/340/340 328/328/328
f 323/323/323 339/339/339 340/340/340
f 1199/1199/1199 1193/1193/1193 1197/1197/1197
f 388/388/388 386/386/386 389/389/389
f 920/920/920 921/921/921 922/922/922
f 341/341/341 342/342/342 343/343/343
f 1207/1207/1207 1209/1209/1209 1221/1221/1221
f 1259/1259/1259 1260/1260/1260 1261/1261/1261
f 344/344/344 345/345/345 338/338/338
f 339/339/339 332/332/332 346/346/346
f 1261/1261/1261 1258/1258/1258 1256/1256/1256
f 1218/1218/1218 1217/1217/1217 1222/1222/1222
f 388/388/388 389/389/389 391/391/391
f 352/352/352 353/353/353 354/354/354
f 354/354/354 355/355/355 356/356/356
f 345/345/345 344/344/344 347/347/347
f 352/352/352 354/354/354 356/356/356
f 1212/1212/1212 1223/1223/1223 1224/1224/1224
f 1199/1199/1199 1191/1191/1191 1200/1200/1200
f 491/491/491 488/488/488 487/487/487
f 1200/1200/1200 1191/1191/1191 1196/1196/1196
f 923/923/923 920/920/920 922/922/922
f 1212/1212/1212 1224/1224/1224 1210/1210/1210
f 332/332/332 338/338/338 346/346/346
f 355/355/355 357/357/357 356/356/356
f 1225/1225/1225 1220/1220/1220 1210/1210/1210
f 346/346/346 348/348/348 339/339/339
f 339/339/339 348/348/348 340/340/340
f 492/492/492 491/491/491 487/487/487
f 488/488/488 491/491/491 490/490/490
f 1226/1226/1226 1207/1207/1207 1221/1221/1221
f 358/358/358 359/359/359 360/360/360
f 361/361/361 362/362/362 363/363/363
f 364/364/364 365/365/365 366/366/366
f 399/399/399 396/396/396 398/398/398
f 1224/1224/1224 1225/1225/1225 1210/1210/1210
f 997/997/997 998/998/998 993/993/993
f 993/993/993 998/998/998 994/994/994
f 345/345/345 346/346/346 338/338/338
f 352/352/352 356/356/356 367/367/367
f 348/348/348 349/349/349 340/340/340
f 1227/1227/1227 1222/1222/1222 1217/1217/1217
f 1193/1193/1193 1201/1201/1201 1194/1194/1194
f 1228/1228/1228 1225/1225/1225 1224/1224/1224
f 1226/1226/1226 1221/1221/1221 1229/1229/1229
f 357/357/357 367/367/367 356/356/356
f 1224/1224/1224 1223/1223/1223 1228/1228/1228
f 360/360/360 359/359/359 368/368/368
f 1202/1202/1202 1203/1203/1203 1200/1200/1200
f 349/349/349 348/348/348 350/350/350
f 1203/1203/1203 1199/1199/1199 1200/1200/1200
f 923/923/923 922/922/922 924/924/924
f 361/361/361 369/369/369 362/362/362
f 1201/1201/1201 1193/1193/1193 1199/1199/1199
f 348/348/348 346/346/346 350/350/350
f 1229/1229/1229 1221/1221/1221 1230/1230/1230
f 998/998/998 997/997/997 999/999/999
f 1220/1220/1220 1225/1225/1225 1228/1228/1228
f 1227/1227/1227 1231/1231/1231 1222/1222/1222
f 1203/1203/1203 1204/1204/1204 1199/1199/1199
f 391/391/391 392/392/392 388/388/388
f 1261/1261/1261 1262/1262/1262 1258/1258/1258
f 998/998/998 999/999/999 1000/1000/1000
f 367/367/367 357/357/357 370/370/370
f 368/368/368 371/371/371 360/360/360
f 1262/1262/1262 1261/1261/1261 1260/1260/1260
f 1263/1263/1263 1260/1260/1260 1259/1259/1259
f 352/352/352 367/367/367 372/372/372
f 398/398/398 400/400/400 401/401/401
f 493/493/493 490/490/490 491/491/491
f 399/399/399 398/398/398 402/402/402
f 398/398/398 403/403/403 400/400/400
f 365/365/365 364/364/364 373/373/373
f 374/374/374 362/362/362 369/369/369
f 372/372/372 367/367/367 370/370/370
f 1232/1232/1232 1219/1219/1219 1213/1213/1213
f 375/375/375 371/371/371 368/368/368
f 375/375/375 368/368/368 376/376/376
f 1001/1001/1001 994/994/994 998/998/998
f 373/373/373 377/377/377 365/365/365
f 357/357/357 378/378/378 370/370/370
f 1232/1232/1232 1233/1233/1233 1219/1219/1219
f 351/351/351 350/350/350 346/346/346
f 1220/1220/1220 1228/1228/1228 1234/1234/1234
f 1002/1002/1002 999/999/999 997/997/997
f 346/346/346 345/345/345 351/351/351
f 494/494/494 493/493/493 491/491/491
f 491/491/491 495/495/495 496/496/496
f 1199/1199/1199 1205/1205/1205 1201/1201/1201
f 393/393/393 394/394/394 387/387/387
f 401/401/401 402/402/402 398/398/398
f 393/393/393 387/387/387 388/388/388
f 998/998/998 1000/1000/1000 1001/1001/1001
f 270/270/270 271/271/271 272/272/272
f 1204/1204/1204 1203/1203/1203 1206/1206/1206
f 1235/1235/1235 1236/1236/1236 1237/1237/1237
f 1223/1223/1223 1238/1238/1238 1239/1239/1239
f 1229/1229/1229 1230/1230/1230 1240/1240/1240
f 494/494/494 491/491/491 496/496/496
f 936/936/936 925/925/925 937/937/937
f 1223/1223/1223 1239/1239/1239 1228/1228/1228
f 1203/1203/1203 1202/1202/1202 1206/1206/1206
f 1241/1241/1241 1242/1242/1242 1243/1243/1243
f 937/937/937 926/926/926 927/927/927
f 1244/1244/1244 1245/1245/1245 1246/1246/1246
f 1239/1239/1239 1234/1234/1234 1228/1228/1228
f 1247/1247/1247 1229/1229/1229 1240/1240/1240
f 379/379/379 380/380/380 381/381/381
f 369/369/369 382/382/382 374/374/374
f 247/247/247 248/248/248 249/249/249
f 1205/1205/1205 1199/1199/1199 1204/1204/1204
f 1248/1248/1248 1234/1234/1234 1239/1239/1239
f 937/937/937 925/925/925 926/926/926
f 492/492/492 495/495/495 491/491/491
f 383/383/383 371/371/371 375/375/375
f 404/404/404 400/400/400 403/403/403
f 1249/1249/1249 1250/1250/1250 1251/1251/1251
f 1234/1234/1234 1248/1248/1248 1252/1252/1252
f 372/372/372 379/379/379 381/381/381
f 405/405/405 401/401/401 400/400/400
f 1158/1158/1158 1159/1159/1159 1160/1160/1160
f 370/370/370 378/378/378 384/384/384
f 1/1/1 2/2/2 3/3/3
f 928/928/928 937/937/937 927/927/927
f 393/393/393 395/395/395 394/394/394
f 1161/1161/1161 1162/1162/1162 1163/1163/1163
f 494/494/494 496/496/496 497/497/497
f 1164/1164/1164 1165/1165/1165 1166/1166/1166
f 4/4/4 5/5/5 3/3/3
f 6/6/6 5/5/5 4/4/4
f 1158/1158/1158 1167/1167/1167 1159/1159/1159
f 1018/1018/1018 1019/1019/1019 1020/1020/1020
f 965/965/965 966/966/966 967/967/967
f 1000/1000/1000 1003/1003/1003 1001/1001/1001
f 1168/1168/1168 1169/1169/1169 1170/1170/1170
f 1161/1161/1161 1163/1163/1163 1171/1171/1171
f 379/379/379 372/372/372 370/370/370
f 270/270/270 273/273/273 274/274/274
f 1000/1000/1000 999/999/999 1002/1002/1002
f 250/250/250 251/251/251 252/252/252
f 1000/1000/1000 1004/1004/1004 1003/1003/1003
f 1020/1020/1020 1021/1021/1021 1022/1022/1022
f 1060/1060/1060 1061/1061/1061 1062/1062/1062
f 406/406/406 407/407/407 408/408/408
f 407/407/407 409/409/409 410/410/410
f 404/404/404 405/405/405 400/400/400
f 1063/1063/1063 1060/1060/1060 1064/1064/1064
f 407/407/407 406/406/406 409/409/409
f 1018/1018/1018 1020/1020/1020 1022/1022/1022
f 495/495/495 498/498/498 496/496/496
f 3/3/3 2/2/2 4/4/4
f 253/253/253 248/248/248 247/247/247
f 966/966/966 968/968/968 967/967/967
f 929/929/929 927/927/927 926/926/926
f 1165/1165/1165 1164/1164/1164 1172/1172/1172
f 254/254/254 255/255/255 256/256/256
f 1004/1004/1004 1000/1000/1000 1005/1005/1005
f 1170/1170/1170 1173/1173/1173 1168/1168/1168
f 969/969/969 967/967/967 968/968/968
f 1174/1174/1174 1168/1168/1168 1173/1173/1173
f 1064/1064/1064 1060/1060/1060 1062/1062/1062
f 1175/1175/1175 1176/1176/1176 1177/1177/1177
f 281/281/281 282/282/282 283/283/283
f 272/272/272 273/273/273 270/270/270
f 409/409/409 411/411/411 410/410/410
f 1000/1000/1000 1002/1002/1002 1006/1006/1006
f 1000/1000/1000 1007/1007/1007 1005/1005/1005
f 494/494/494 497/497/497 499/499/499
f 256/256/256 257/257/257 254/254/254
f 929/929/929 926/926/926 930/930/930
f 931/931/931 927/927/927 932/932/932
f 1077/1077/1077 1065/1065/1065 1066/1066/1066
f 498/498/498 497/497/497 496/496/496
f 1008/1008/1008 1016/1016/1016 1009/1009/1009
f 1171/1171/1171 1163/1163/1163 1178/1178/1178
f 1010/1010/1010 1011/1011/1011 1012/1012/1012
f 933/933/933 934/934/934 935/935/935
f 7/7/7 8/8/8 9/9/9
f 927/927/927 931/931/931 928/928/928
f 1066/1066/1066 1078/1078/1078 1077/1077/1077
f 500/500/500 501/501/501 502/502/502
f 275/275/275 272/272/272 276/276/276
f 1179/1179/1179 1176/1176/1176 1175/1175/1175
f 1172/1172/1172 1180/1180/1180 1165/1165/1165
f 1009/1009/1009 1016/1016/1016 1013/1013/1013
f 449/449/449 450/450/450 451/451/451
f 258/258/258 259/259/259 260/260/260
f 261/261/261 250/250/250 252/252/252
f 1018/1018/1018 1023/1023/1023 1019/1019/1019
f 495/495/495 503/503/503 498/498/498
f 510/510/510 504/504/504 505/505/505
f 10/10/10 19/19/19 11/11/11
f 12/12/12 13/13/13 14/14/14
f 253/253/253 262/262/262 248/248/248
f 273/273/273 272/272/272 275/275/275
f 938/938/938 939/939/939 940/940/940
f 452/452/452 451/451/451 453/453/453
f 412/412/412 409/409/409 406/406/406
f 103/103/103 104/104/104 105/105/105
f 449/449/449 451/451/451 452/452/452
f 413/413/413 414/414/414 415/415/415
f 105/105/105 106/106/106 103/103/103
f 941/941/941 942/942/942 943/943/943
f 940/940/940 939/939/939 944/944/944
f 15/15/15 16/16/16 17/17/17
f 497/497/497 498/498/498 506/506/506
f 498/498/498 503/503/503 507/507/507
f 412/412/412 406/406/406 408/408/408
f 107/107/107 108/108/108 109/109/109
f 1014/1014/1014 1017/1017/1017 1015/1015/1015
f 943/943/943 942/942/942 945/945/945
f 14/14/14 18/18/18 12/12/12
f 946/946/946 947/947/947 948/948/948
f 499/499/499 497/497/497 508/508/508
f 408/408/408 416/416/416 412/412/412
f 110/110/110 111/111/111 112/112/112
f 942/942/942 949/949/949 945/945/945
f 970/970/970 971/971/971 972/972/972
f 454/454/454 455/455/455 456/456/456
f 275/275/275 277/277/277 273/273/273
f 1066/1066/1066 1067/1067/1067 1078/1078/1078
f 943/943/943 945/945/945 950/950/950
f 973/973/973 968/968/968 966/966/966
f 457/457/457 458/458/458 459/459/459
f 507/507/507 503/503/503 509/509/509
f 508/508/508 511/511/511 499/499/499
f 411/411/411 409/409/409 412/412/412
f 411/411/411 417/417/417 418/418/418
f 944/944/944 951/951/951 940/940/940
f 952/952/952 947/947/947 946/946/946
f 1172/1172/1172 1181/1181/1181 1180/1180/1180
f 1176/1176/1176 1179/1179/1179 1182/1182/1182
f 275/275/275 278/278/278 279/279/279
f 64/64/64 65/65/65 66/66/66
f 460/460/460 453/453/453 461/461/461
f 1023/1023/1023 1018/1018/1018 1024/1024/1024
f 462/462/462 455/455/455 454/454/454
f 972/972/972 974/974/974 970/970/970
f 250/250/250 261/261/261 263/263/263
f 463/463/463 464/464/464 465/465/465
f 113/113/113 114/114/114 115/115/115
f 953/953/953 945/945/945 949/949/949
f 466/466/466 451/451/451 450/450/450
f 975/975/975 969/969/969 968/968/968
f 976/976/976 977/977/977 974/974/974
f 282/282/282 284/284/284 283/283/283
f 67/67/67 68/68/68 69/69/69
f 954/954/954 955/955/955 956/956/956
f 1025/1025/1025 1026/1026/1026 1027/1027/1027
f 184/184/184 185/185/185 186/186/186
f 466/466/466 461/461/461 451/451/451
f 1183/1183/1183 1163/1163/1163 1162/1162/1162
f 412/412/412 419/419/419 420/420/420
f 467/467/467 468/468/468 469/469/469
f 113/113/113 116/116/116 114/114/114
f 455/455/455 462/462/462 470/470/470
f 451/451/451 461/461/461 453/453/453
f 951/951/951 957/957/957 940/940/940
f 956/956/956 958/958/958 959/959/959
f 264/264/264 265/265/265 269/269/269
f 471/471/471 472/472/472 473/473/473
f 117/117/117 118/118/118 119/119/119
f 978/978/978 972/972/972 971/971/971
f 979/979/979 975/975/975 968/968/968
f 959/959/959 954/954/954 956/956/956
f 120/120/120 121/121/121 122/122/122
f 960/960/960 961/961/961 962/962/962
f 412/412/412 417/417/417 411/411/411
f 70/70/70 71/71/71 72/72/72
f 275/275/275 280/280/280 277/277/277
f 412/412/412 420/420/420 417/417/417
f 979/979/979 980/980/980 975/975/975
f 421/421/421 422/422/422 423/423/423
f 973/973/973 979/979/979 968/968/968
f 474/474/474 471/471/471 473/473/473
f 114/114/114 116/116/116 123/123/123
f 1028/1028/1028 1023/1023/1023 1024/1024/1024
f 1173/1173/1173 1184/1184/1184 1174/1174/1174
f 260/260/260 266/266/266 258/258/258
f 972/972/972 976/976/976 974/974/974
f 1068/1068/1068 1079/1079/1079 1080/1080/1080
f 424/424/424 425/425/425 426/426/426
f 73/73/73 74/74/74 75/75/75
f 420/420/420 427/427/427 417/417/417
f 124/124/124 125/125/125 126/126/126
f 1069/1069/1069 1078/1078/1078 1067/1067/1067
f 1080/1080/1080 1081/1081/1081 1070/1070/1070
f 1183/1183/1183 1178/1178/1178 1163/1163/1163
f 76/76/76 77/77/77 78/78/78
f 284/284/284 285/285/285 286/286/286
f 423/423/423 428/428/428 421/421/421
f 428/428/428 423/423/423 429/429/429
f 1080/1080/1080 1070/1070/1070 1068/1068/1068
f 79/79/79 80/80/80 81/81/81
f 127/127/127 128/128/128 129/129/129
f 475/475/475 476/476/476 477/477/477
f 430/430/430 431/431/431 432/432/432
f 478/478/478 479/479/479 480/480/480
f 130/130/130 131/131/131 132/132/132
f 82/82/82 75/75/75 74/74/74
f 962/962/962 963/963/963 960/960/960
f 469/469/469 481/481/481 467/467/467
f 83/83/83 84/84/84 85/85/85
f 280/280/280 275/275/275 279/279/279
f 1185/1185/1185 1160/1160/1160 1159/1159/1159
f 1029/1029/1029 1030/1030/1030 1031/1031/1031
f 980/980/980 979/979/979 981/981/981
f 80/80/80 86/86/86 81/81/81
f 133/133/133 134/134/134 135/135/135
f 1032/1032/1032 1025/1025/1025 1027/1027/1027
f 426/426/426 433/433/433 424/424/424
f 87/87/87 88/88/88 89/89/89
f 187/187/187 188/188/188 189/189/189
f 119/119/119 118/118/118 136/136/136
f 982/982/982 983/983/983 984/984/984
f 1084/1084/1084 1085/1085/1085 1086/1086/1086
f 429/429/429 434/434/434 428/428/428
f 1024/1024/1024 1018/1018/1018 1033/1033/1033
f 90/90/90 91/91/91 92/92/92
f 1119/1119/1119 1120/1120/1120 1121/1121/1121
f 985/985/985 986/986/986 987/987/987
f 964/964/964 963/963/963 962/962/962
f 287/287/287 285/285/285 284/284/284
f 254/254/254 267/267/267 255/255/255
f 988/988/988 982/982/982 984/984/984
f 425/425/425 435/435/435 426/426/426
f 137/137/137 134/134/134 133/133/133
f 138/138/138 139/139/139 140/140/140
f 482/482/482 483/483/483 484/484/484
f 1034/1034/1034 1024/1024/1024 1035/1035/1035
f 1068/1068/1068 1071/1071/1071 1079/1079/1079
f 288/288/288 289/289/289 290/290/290
f 989/989/989 988/988/988 984/984/984
f 990/990/990 986/986/986 985/985/985
f 20/20/20 21/21/21 22/22/22
f 21/21/21 23/23/23 22/22/22
f 1082/1082/1082 1072/1072/1072 1083/1083/1083
f 164/164/164 165/165/165 166/166/166
f 141/141/141 140/140/140 139/139/139
f 132/132/132 142/142/142 130/130/130
f 1122/1122/1122 1123/1123/1123 1124/1124/1124
f 1036/1036/1036 1025/1025/1025 1032/1032/1032
f 1068/1068/1068 1073/1073/1073 1071/1071/1071
f 485/485/485 469/469/469 468/468/468
f 190/190/190 191/191/191 192/192/192
f 436/436/436 437/437/437 438/438/438
f 1186/1186/1186 1180/1180/1180 1181/1181/1181
f 288/288/288 290/290/290 291/291/291
f 287/287/287 284/284/284 282/282/282
f 1027/1027/1027 1037/1037/1037 1032/1032/1032
f 93/93/93 94/94/94 95/95/95
f 193/193/193 194/194/194 195/195/195
f 292/292/292 293/293/293 294/294/294
f 286/286/286 295/295/295 296/296/296
f 24/24/24 25/25/25 26/26/26
f 430/430/430 432/432/432 439/439/439
f 1028/1028/1028 1024/1024/1024 1034/1034/1034
f 143/143/143 144/144/144 145/145/145
f 91/91/91 90/90/90 96/96/96
f 1074/1074/1074 1072/1072/1072 1082/1082/1082
f 295/295/295 286/286/286 297/297/297
f 440/440/440 439/439/439 441/441/441
f 97/97/97 98/98/98 99/99/99
f 991/991/991 987/987/987 986/986/986
f 196/196/196 197/197/197 198/198/198
f 262/262/262 253/253/253 268/268/268
f 1087/1087/1087 1088/1088/1088 1089/1089/1089
f 298/298/298 299/299/299 288/288/288
f 433/433/433 426/426/426 442/442/442
f 300/300/300 301/301/301 302/302/302
f 286/286/286 285/285/285 297/297/297
f 186/186/186 199/199/199 200/200/200
f 303/303/303 304/304/304 305/305/305
f 1079/1079/1079 1071/1071/1071 1075/1075/1075
f 430/430/430 439/439/439 440/440/440
f 1038/1038/1038 1034/1034/1034 1035/1035/1035
f 443/443/443 444/444/444 445/445/445
f 1187/1187/1187 1183/1183/1183 1162/1162/1162
f 306/306/306 307/307/307 308/308/308
f 1039/1039/1039 1040/1040/1040 1041/1041/1041
f 1042/1042/1042 1043/1043/1043 1044/1044/1044
f 446/446/446 447/447/447 448/448/448
f 1040/1040/1040 1045/1045/1045 1041/1041/1041
f 1042/1042/1042 1046/1046/1046 1043/1043/1043
f 146/146/146 147/147/147 148/148/148
f 27/27/27 28/28/28 29/29/29
f 1042/1042/1042 1047/1047/1047 1046/1046/1046
f 306/306/306 309/309/309 307/307/307
f 285/285/285 287/287/287 297/297/297
f 30/30/30 31/31/31 32/32/32
f 1183/1183/1183 1187/1187/1187 1188/1188/1188
f 992/992/992 987/987/987 991/991/991
f 144/144/144 143/143/143 149/149/149
f 1048/1048/1048 1032/1032/1032 1049/1049/1049
f 1185/1185/1185 1189/1189/1189 1160/1160/1160
f 1125/1125/1125 1126/1126/1126 1127/1127/1127
f 1071/1071/1071 1073/1073/1073 1075/1075/1075
f 201/201/201 202/202/202 246/246/246
f 303/303/303 310/310/310 304/304/304
f 298/298/298 291/291/291 311/311/311
f 28/28/28 33/33/33 29/29/29
f 1079/1079/1079 1075/1075/1075 1076/1076/1076
f 191/191/191 190/190/190 203/203/203
f 167/167/167 165/165/165 164/164/164
f 288/288/288 291/291/291 298/298/298
f 150/150/150 151/151/151 152/152/152
f 1050/1050/1050 1051/1051/1051 1052/1052/1052
f 34/34/34 35/35/35 36/36/36
f 37/37/37 26/26/26 25/25/25
f 312/312/312 309/309/309 306/306/306
f 100/100/100 101/101/101 102/102/102
f 311/311/311 299/299/299 298/298/298
f 37/37/37 38/38/38 26/26/26
f 1027/1027/1027 1053/1053/1053 1037/1037/1037
f 153/153/153 154/154/154 155/155/155
f 39/39/39 40/40/40 41/41/41
f 313/313/313 309/309/309 312/312/312
f 156/156/156 157/157/157 158/158/158
f 1128/1128/1128 1129/1129/1129 1130/1130/1130
f 314/314/314 315/315/315 316/316/316
f 168/168/168 169/169/169 170/170/170
f 1032/1032/1032 1037/1037/1037 1049/1049/1049
f 303/303/303 317/317/317 318/318/318
f 148/148/148 159/159/159 146/146/146
f 42/42/42 43/43/43 44/44/44
f 1054/1054/1054 1055/1055/1055 1041/1041/1041
f 1045/1045/1045 1054/1054/1054 1041/1041/1041
f 45/45/45 46/46/46 47/47/47
f 32/32/32 31/31/31 48/48/48
f 151/151/151 160/160/160 152/152/152
f 297/297/297 287/287/287 319/319/319
f 1085/1085/1085 1084/1084/1084 1090/1090/1090
f 49/49/49 50/50/50 51/51/51
f 1037/1037/1037 1056/1056/1056 1049/1049/1049
f 161/161/161 162/162/162 163/163/163
f 50/50/50 49/49/49 52/52/52
f 32/32/32 48/48/48 53/53/53
f 54/54/54 55/55/55 56/56/56
f 1051/1051/1051 1057/1057/1057 1052/1052/1052
f 165/165/165 171/171/171 172/172/172
f 203/203/203 204/204/204 191/191/191
f 1131/1131/1131 1132/1132/1132 1133/1133/1133
f 57/57/57 58/58/58 59/59/59
f 165/165/165 167/167/167 173/173/173
f 174/174/174 175/175/175 176/176/176
f 60/60/60 61/61/61 62/62/62
f 174/174/174 177/177/177 175/175/175
f 1091/1091/1091 1088/1088/1088 1092/1092/1092
f 199/199/199 186/186/186 205/205/205
f 47/47/47 63/63/63 45/45/45
f 1093/1093/1093 1094/1094/1094 1095/1095/1095
f 310/310/310 303/303/303 318/318/318
f 171/171/171 165/165/165 173/173/173
f 206/206/206 207/207/207 208/208/208
f 178/178/178 173/173/173 167/167/167
f 165/165/165 172/172/172 179/179/179
f 180/180/180 165/165/165 179/179/179
f 1047/1047/1047 1058/1058/1058 1046/1046/1046
f 209/209/209 210/210/210 211/211/211
f 1091/1091/1091 1092/1092/1092 1096/1096/1096
f 1087/1087/1087 1092/1092/1092 1088/1088/1088
f 1085/1085/1085 1090/1090/1090 1097/1097/1097
f 1098/1098/1098 1099/1099/1099 1100/1100/1100
f 181/181/181 182/182/182 183/183/183
f 207/207/207 212/212/212 208/208/208
f 186/186/186 185/185/185 213/213/213
f 317/317/317 320/320/320 318/318/318
f 214/214/214 215/215/215 216/216/216
f 1096/1096/1096 1092/1092/1092 1101/1101/1101
f 1058/1058/1058 1059/1059/1059 1046/1046/1046
f 313/313/313 312/312/312 321/321/321
f 217/217/217 218/218/218 219/219/219
f 1099/1099/1099 1098/1098/1098 1102/1102/1102
f 1134/1134/1134 1124/1124/1124 1123/1123/1123
f 1103/1103/1103 1104/1104/1104 1105/1105/1105
f 220/220/220 221/221/221 222/222/222
f 1135/1135/1135 1136/1136/1136 1137/1137/1137
f 1106/1106/1106 1107/1107/1107 1108/1108/1108
f 1125/1125/1125 1138/1138/1138 1126/1126/1126
f 1109/1109/1109 1105/1105/1105 1104/1104/1104
f 1110/1110/1110 1108/1108/1108 1111/1111/1111
f 211/211/211 210/210/210 223/223/223
f 1121/1121/1121 1139/1139/1139 1119/1119/1119
f 1108/1108/1108 1110/1110/1110 1106/1106/1106
f 1112/1112/1112 1092/1092/1092 1087/1087/1087
f 196/196/196 224/224/224 197/197/197
f 1113/1113/1113 1099/1099/1099 1102/1102/1102
f 1114/1114/1114 1101/1101/1101 1092/1092/1092
f 225/225/225 219/219/219 218/218/218
f 226/226/226 195/195/195 194/194/194
f 214/214/214 227/227/227 215/215/215
f 186/186/186 213/213/213 205/205/205
f 228/228/228 187/187/187 189/189/189
f 1140/1140/1140 1129/1129/1129 1128/1128/1128
f 1115/1115/1115 1111/1111/1111 1108/1108/1108
f 1141/1141/1141 1142/1142/1142 1143/1143/1143
f 219/219/219 225/225/225 229/229/229
f 1144/1144/1144 1142/1142/1142 1141/1141/1141
f 230/230/230 211/211/211 223/223/223
f 1104/1104/1104 1103/1103/1103 1116/1116/1116
f 1132/1132/1132 1145/1145/1145 1133/1133/1133
f 1117/1117/1117 1111/1111/1111 1115/1115/1115
f 228/228/228 189/189/189 231/231/231
f 1146/1146/1146 1134/1134/1134 1123/1123/1123
f 1103/1103/1103 1118/1118/1118 1116/1116/1116
f 232/232/232 233/233/233 234/234/234
f 1147/1147/1147 1148/1148/1148 1149/1149/1149
f 1137/1137/1137 1136/1136/1136 1150/1150/1150
f 1147/1147/1147 1149/1149/1149 1146/1146/1146
f 223/223/223 235/235/235 230/230/230
f 1151/1151/1151 1145/1145/1145 1152/1152/1152
f 236/236/236 237/237/237 238/238/238
f 1134/1134/1134 1146/1146/1146 1149/1149/1149
f 1145/1145/1145 1132/1132/1132 1153/1153/1153
f 1154/1154/1154 1151/1151/1151 1152/1152/1152
f 239/239/239 240/240/240 241/241/241
f 1155/1155/1155 1156/1156/1156 1157/1157/1157
f 240/240/240 239/239/239 242/242/242
f 243/243/243 244/244/244 245/245/245
f 1153/1153/1153 1152/1152/1152 1145/1145/1145
