mtllib model.mtl
o carton
v 0.4917906 0.4811513 -0.4212362
v 0.3900257 0.4903357 -0.2675556
v 0.4915257 0.4878808 -0.3255068
v 0.4695001 0.4713857 -0.4454993
v 0.4066805 0.4710166 -0.4145955
v 0.4930864 0.4688307 -0.0814207
v 0.4915257 0.4878808 -0.3255068
v 0.3814668 0.4835555 -0.2754393
v 0.4270903 0.4728569 -0.4200216
v 0.4902059 0.4710241 -0.4592010
v 0.4930864 0.4688307 -0.0814207
v 0.4965692 0.4610831 -0.4939382
v 0.4902059 0.4710241 -0.4592010
v 0.4915257 0.4878808 -0.3255068
v 0.4920414 0.4805131 -0.3521696
v 0.4917906 0.4811513 -0.4212362
v 0.4695001 0.4713857 -0.4454993
v 0.4902059 0.4710241 -0.4592010
v 0.4902059 0.4710241 -0.4592010
v 0.4920414 0.4805131 -0.3521696
v 0.4915257 0.4878808 -0.3255068
v 0.4902059 0.4710241 -0.4592010
v 0.4917150 0.4724436 -0.4893724
v 0.4917150 0.4724436 -0.4893724
v 0.3814668 0.4835555 -0.2754393
v 0.4204411 0.4870425 -0.1020033
v 0.3083516 0.4868444 -0.1016298
v 0.4972772 -0.0085080 0.0983568
v 0.4965692 0.4610831 -0.4939382
v 0.4975374 0.2309390 -0.0993947
v 0.4930864 0.4688307 -0.0814207
v 0.4915042 0.4940217 -0.1002716
v 0.4920356 0.4868358 -0.1753034
v 0.4918222 0.4922922 -0.1981670
v 0.4915257 0.4878808 -0.3255068
v 0.4915257 0.4878808 -0.3255068
v 0.4920356 0.4868358 -0.1753034
v 0.3900257 0.4903357 -0.2675556
v 0.4918222 0.4922922 -0.1981670
v 0.4915257 0.4878808 -0.3255068
v 0.4895525 0.4917531 -0.0912377
v 0.4915042 0.4940217 -0.1002716
v 0.4615520 0.4984277 -0.0976860
v 0.4895525 0.4917531 -0.0912377
v 0.4912661 0.4871598 -0.1020871
v 0.4915042 0.4940217 -0.1002716
v 0.4843103 0.4835006 -0.0992530
v 0.4204411 0.4870425 -0.1020033
v 0.4912661 0.4871598 -0.1020871
v 0.4992458 0.3994924 -0.0998631
v 0.4930864 0.4688307 -0.0814207
v 0.4992830 0.4626135 -0.0990846
v 0.4930864 0.4688307 -0.0814207
v 0.4912661 0.4871598 -0.1020871
v 0.4992830 0.4626135 -0.0990846
v 0.4930864 0.4688307 -0.0814207
v 0.4920356 0.4868358 -0.1753034
v 0.4204411 0.4870425 -0.1020033
v 0.4920356 0.4868358 -0.1753034
v 0.4912661 0.4871598 -0.1020871
v 0.4918222 0.4922922 -0.1981670
v 0.4940509 0.4849449 -0.0023919
v 0.5000000 0.4598196 -0.0041668
v 0.4992830 0.4626135 -0.0990846
v 0.4912661 0.4871598 -0.1020871
v 0.4891394 0.4932081 -0.0003078
v 0.4895525 0.4917531 -0.0912377
v 0.4870489 0.4836728 -0.0020708
v 0.4843103 0.4835006 -0.0992530
v 0.4931725 0.4685875 -0.0311002
v 0.4791139 0.4894327 -0.0027544
v 0.4913118 0.4699952 -0.0321032
v 0.4931725 0.4685875 -0.0311002
v 0.4930864 0.4688307 -0.0814207
v 0.4930864 0.4688307 -0.0814207
v 0.4204411 0.4870425 -0.1020033
v 0.4813621 0.4982038 0.0029808
v 0.4895525 0.4917531 -0.0912377
v 0.4615520 0.4984277 -0.0976860
v 0.4979385 0.2310348 -0.0467352
v 0.5000000 0.4598196 -0.0041668
v 0.4987364 0.4617385 0.0969720
v 0.4991995 0.2737045 -0.0998254
v 0.4992458 0.3994924 -0.0998631
v 0.4992830 0.4626135 -0.0990846
v 0.4992458 0.3994924 -0.0998631
v 0.4991995 0.2737045 -0.0998254
v 0.4930864 0.4688307 -0.0814207
v 0.4975374 0.2309390 -0.0993947
v 0.5000000 0.4598196 -0.0041668
v 0.4993303 0.2311930 0.0955982
v 0.4979385 0.2310348 -0.0467352
v 0.4987364 0.4617385 0.0969720
v 0.4972772 -0.0085080 0.0983568
v 0.4991995 0.2737045 -0.0998254
v 0.4995811 0.2329203 -0.0993276
v 0.4995811 0.2329203 -0.0993276
v 0.4979385 0.2310348 -0.0467352
v 0.4975374 0.2309390 -0.0993947
v 0.5000000 0.4598196 -0.0041668
v 0.4975374 0.2309390 -0.0993947
v 0.4991995 0.2737045 -0.0998254
v 0.4995811 0.2329203 -0.0993276
v 0.4979385 0.2310348 -0.0467352
v 0.4911031 0.4896899 0.0900020
v 0.4940509 0.4849449 -0.0023919
v 0.4891394 0.4932081 -0.0003078
v 0.4874547 0.4832079 0.0969076
v 0.4870489 0.4836728 -0.0020708
v 0.4933896 0.4675931 -0.0014819
v 0.4921181 0.4876430 0.0981093
v 0.2306970 0.4851773 0.0956277
v 0.4791139 0.4894327 -0.0027544
v 0.4913118 0.4699952 -0.0321032
v 0.4931873 0.4683454 0.0902798
v 0.4933896 0.4675931 -0.0014819
v 0.4813621 0.4982038 0.0029808
v 0.4918148 0.4934524 0.0964945
v 0.4891394 0.4932081 -0.0003078
v 0.5000000 0.4598196 -0.0041668
v 0.4921181 0.4876430 0.0981093
v 0.2856437 0.4939829 0.0976759
v 0.4931725 0.4685875 -0.0311002
v 0.4895525 0.4917531 -0.0912377
v 0.4931725 0.4685875 -0.0311002
v 0.4615520 0.4984277 -0.0976860
v 0.4374306 0.4985235 -0.0106575
v 0.4870489 0.4836728 -0.0020708
v 0.4940509 0.4849449 -0.0023919
v 0.4813621 0.4982038 0.0029808
v 0.4906301 0.4705376 0.0983246
v 0.4987364 0.4617385 0.0969720
v 0.4940929 0.4679267 0.0960390
v 0.4922285 0.4852818 0.2659785
v 0.4921181 0.4876430 0.0981093
v 0.4918148 0.4934524 0.0964945
v 0.4940929 0.4679267 0.0960390
v 0.4987364 0.4617385 0.0969720
v 0.4921181 0.4876430 0.0981093
v 0.4874547 0.4832079 0.0969076
v 0.4911031 0.4896899 0.0900020
v 0.4940929 0.4679267 0.0960390
v 0.4931873 0.4683454 0.0902798
v 0.4940509 0.4849449 -0.0023919
v 0.4911031 0.4896899 0.0900020
v 0.4921181 0.4876430 0.0981093
v 0.4940929 0.4679267 0.0960390
v 0.4874547 0.4832079 0.0969076
v 0.4931873 0.4683454 0.0902798
v 0.4874547 0.4832079 0.0969076
v 0.4921181 0.4876430 0.0981093
v 0.4870489 0.4836728 -0.0020708
v 0.4913118 0.4699952 -0.0321032
v 0.4933896 0.4675931 -0.0014819
v 0.4891394 0.4932081 -0.0003078
v 0.5000000 0.4598196 -0.0041668
v 0.4987364 0.4617385 0.0969720
v 0.4906301 0.4705376 0.0983246
v 0.4921181 0.4876430 0.0981093
v 0.2869767 0.4985332 -0.0985086
v 0.4813621 0.4982038 0.0029808
v 0.4374306 0.4985235 -0.0106575
v 0.4615520 0.4984277 -0.0976860
v 0.2869767 0.4985332 -0.0985086
v 0.4374306 0.4985235 -0.0106575
v 0.1378642 0.4847318 -0.0989494
v 0.3083516 0.4868444 -0.1016298
v 0.4791139 0.4894327 -0.0027544
v 0.0267403 0.4984793 -0.0990598
v 0.4813621 0.4982038 0.0029808
v 0.4204411 0.4870425 -0.1020033
v 0.4918222 0.4922922 -0.1981670
v 0.4066805 0.4710166 -0.4145955
v -0.0038553 0.4710638 0.3670465
v 0.4930864 0.4688307 -0.0814207
v 0.2869767 0.4985332 -0.0985086
v 0.3851273 0.4721412 -0.4395561
v 0.4110416 0.4721358 -0.4339497
v 0.4270903 0.4728569 -0.4200216
v 0.3797795 0.4761243 -0.4736527
v 0.3900257 0.4903357 -0.2675556
v 0.4917150 0.4724436 -0.4893724
v 0.4481793 0.4712199 -0.4408048
v 0.4066805 0.4710166 -0.4145955
v 0.4695001 0.4713857 -0.4454993
v 0.4373055 0.4714094 -0.4376358
v 0.4481793 0.4712199 -0.4408048
v 0.4373055 0.4714094 -0.4376358
v 0.4110416 0.4721358 -0.4339497
v 0.4695001 0.4713857 -0.4454993
v 0.3851273 0.4721412 -0.4395561
v 0.3566474 0.4697068 -0.4941507
v 0.4917150 0.4724436 -0.4893724
v 0.4965692 0.4610831 -0.4939382
v 0.3566474 0.4697068 -0.4941507
v 0.4902059 0.4710241 -0.4592010
v 0.4965692 0.4610831 -0.4939382
v 0.4917150 0.4724436 -0.4893724
v 0.3797795 0.4761243 -0.4736527
v 0.3566474 0.4697068 -0.4941507
v 0.4965692 0.4610831 -0.4939382
v 0.3814668 0.4835555 -0.2754393
v 0.2649605 0.4721304 -0.4354367
v 0.2674840 0.4711801 -0.4408425
v 0.3851273 0.4721412 -0.4395561
v 0.4270903 0.4728569 -0.4200216
v 0.3188028 0.4712544 -0.4400300
v 0.3536618 0.4716946 -0.4362832
v 0.3188028 0.4712544 -0.4400300
v 0.4066805 0.4710166 -0.4145955
v 0.3536618 0.4716946 -0.4362832
v 0.3851273 0.4721412 -0.4395561
v 0.2674840 0.4711801 -0.4408425
v 0.2095250 0.4711554 -0.4364166
v 0.0267403 0.4984793 -0.0990598
v 0.2869767 0.4985332 -0.0985086
v 0.4918222 0.4922922 -0.1981670
v 0.1378642 0.4847318 -0.0989494
v 0.3814668 0.4835555 -0.2754393
v 0.3083516 0.4868444 -0.1016298
v -0.4912698 0.4923696 -0.1648994
v 0.3900257 0.4903357 -0.2675556
v 0.3797795 0.4761243 -0.4736527
v -0.3896983 0.4906595 -0.2751182
v 0.4066805 0.4710166 -0.4145955
v 0.2095250 0.4711554 -0.4364166
v -0.0038553 0.4710638 0.3670465
v 0.1775527 0.4712016 -0.4358562
v 0.2095250 0.4711554 -0.4364166
v 0.2649605 0.4721304 -0.4354367
v 0.0508533 0.4719883 -0.4336718
v -0.0363926 0.4709982 -0.4400199
v 0.0847204 0.4717300 -0.4336608
v 0.1232421 0.4711381 -0.4365758
v 0.2009944 0.4710897 -0.4389746
v 0.1775527 0.4712016 -0.4358562
v 0.0953945 0.4710423 -0.4124792
v 0.1232421 0.4711381 -0.4365758
v 0.0847204 0.4717300 -0.4336608
v 0.2674840 0.4711801 -0.4408425
v 0.0508533 0.4719883 -0.4336718
v 0.4918222 0.4922922 -0.1981670
v 0.3900257 0.4903357 -0.2675556
v 0.3814668 0.4835555 -0.2754393
v 0.2095250 0.4711554 -0.4364166
v 0.4916855 0.4641794 0.4926518
v 0.4922285 0.4852818 0.2659785
v 0.3806431 0.4909211 0.2604457
v 0.4906301 0.4705376 0.0983246
v 0.4076397 0.4711683 0.4369135
v 0.4345748 0.4719927 0.4383600
v 0.4916855 0.4641794 0.4926518
v 0.4166096 0.4827796 0.2967147
v 0.4922285 0.4852818 0.2659785
v 0.4920866 0.4722176 0.4860130
v 0.4918148 0.4934524 0.0964945
v 0.4921181 0.4876430 0.0981093
v 0.4987364 0.4617385 0.0969720
v 0.4916855 0.4641794 0.4926518
v 0.4972772 -0.0085080 0.0983568
v 0.4993303 0.2311930 0.0955982
v 0.4987364 0.4617385 0.0969720
v 0.4916855 0.4641794 0.4926518
v 0.4920866 0.4722176 0.4860130
v 0.4922285 0.4852818 0.2659785
v 0.4916855 0.4641794 0.4926518
v 0.3321791 0.4718140 0.4883556
v 0.4920866 0.4722176 0.4860130
v 0.3594774 0.4713911 0.4350843
v 0.3804865 0.4711845 0.4405573
v 0.4076397 0.4711683 0.4369135
v 0.4166096 0.4827796 0.2967147
v 0.4345748 0.4719927 0.4383600
v 0.4240238 0.4714610 0.4397521
v 0.4906301 0.4705376 0.0983246
v 0.3114208 0.4721530 0.4303327
v 0.3114208 0.4721530 0.4303327
v 0.3478641 0.4733778 0.4089210
v 0.3594774 0.4713911 0.4350843
v 0.4713656 0.4711618 0.4494927
v 0.4920866 0.4722176 0.4860130
v 0.4916855 0.4641794 0.4926518
v 0.4076397 0.4711683 0.4369135
v 0.4240238 0.4714610 0.4397521
v 0.4345748 0.4719927 0.4383600
v 0.3804865 0.4711845 0.4405573
v 0.4713656 0.4711618 0.4494927
v 0.4345748 0.4719927 0.4383600
v 0.4920866 0.4722176 0.4860130
v 0.4916855 0.4641794 0.4926518
v 0.4345748 0.4719927 0.4383600
v 0.4713656 0.4711618 0.4494927
v 0.4920866 0.4722176 0.4860130
v 0.4076397 0.4711683 0.4369135
v 0.4906301 0.4705376 0.0983246
v 0.2672695 0.4717774 0.4306473
v 0.3114208 0.4721530 0.4303327
v 0.2664144 0.4740224 0.3950638
v 0.3114208 0.4721530 0.4303327
v 0.2672695 0.4717774 0.4306473
v 0.3478641 0.4733778 0.4089210
v 0.2166426 0.4716095 0.4334620
v 0.2539605 0.4856541 0.2199126
v 0.4166096 0.4827796 0.2967147
v -0.0038553 0.4710638 0.3670465
v 0.4916855 0.4641794 0.4926518
v 0.3806431 0.4909211 0.2604457
v -0.0201568 0.4947223 0.0970291
v 0.4918148 0.4934524 0.0964945
v 0.2856437 0.4939829 0.0976759
v 0.2306970 0.4851773 0.0956277
v 0.4913118 0.4699952 -0.0321032
v 0.4921181 0.4876430 0.0981093
v 0.1892839 0.4984514 0.0949072
v 0.2562812 0.4988377 0.0936834
v 0.4813621 0.4982038 0.0029808
v 0.3264744 0.4976087 0.0956866
v 0.2856437 0.4939829 0.0976759
v 0.2562812 0.4988377 0.0936834
v 0.4930864 0.4688307 -0.0814207
v 0.3806431 0.4909211 0.2604457
v 0.2856437 0.4939829 0.0976759
v 0.3806431 0.4909211 0.2604457
v 0.1892839 0.4984514 0.0949072
v -0.0201568 0.4947223 0.0970291
v 0.2562812 0.4988377 0.0936834
v 0.1892839 0.4984514 0.0949072
v 0.2856437 0.4939829 0.0976759
v -0.0064614 0.5000000 0.0009602
v 0.4813621 0.4982038 0.0029808
v -0.4782120 0.4895262 -0.0024057
v 0.4791139 0.4894327 -0.0027544
v 0.2306970 0.4851773 0.0956277
v 0.0267403 0.4984793 -0.0990598
v 0.1378642 0.4847318 -0.0989494
v 0.4918222 0.4922922 -0.1981670
v -0.4912698 0.4923696 -0.1648994
v 0.3814668 0.4835555 -0.2754393
v -0.4914958 0.4867829 -0.2024962
v 0.0953945 0.4710423 -0.4124792
v -0.0038553 0.4710638 0.3670465
v 0.1232421 0.4711381 -0.4365758
v 0.2095250 0.4711554 -0.4364166
v 0.1775527 0.4712016 -0.4358562
v 0.2562812 0.4988377 0.0936834
v 0.0267403 0.4984793 -0.0990598
v 0.1378642 0.4847318 -0.0989494
v -0.4959669 0.4610324 0.4892178
v 0.4920798 -0.4811275 0.4825395
v 0.4916855 0.4641794 0.4926518
v 0.1612402 0.4721261 0.4352784
v 0.1199306 0.4712953 0.4354459
v 0.1550041 0.4712748 0.4373432
v 0.2166426 0.4716095 0.4334620
v -0.0038553 0.4710638 0.3670465
v 0.2672695 0.4717774 0.4306473
v -0.0273606 0.4847608 0.2415285
v 0.2664144 0.4740224 0.3950638
v 0.2166426 0.4716095 0.4334620
v 0.2539605 0.4856541 0.2199126
v 0.2306970 0.4851773 0.0956277
v 0.1612402 0.4721261 0.4352784
v 0.0525679 0.4719108 0.4341328
v 0.0727076 0.4711650 0.4358452
v 0.0905413 0.4721347 0.4340325
v 0.1199306 0.4712953 0.4354459
v -0.0038553 0.4710638 0.3670465
v 0.0525679 0.4719108 0.4341328
v -0.0273606 0.4847608 0.2415285
v 0.0727076 0.4711650 0.4358452
v 0.0905413 0.4721347 0.4340325
v 0.1612402 0.4721261 0.4352784
v 0.1199306 0.4712953 0.4354459
v 0.0354422 0.4719054 0.4326284
v 0.2166426 0.4716095 0.4334620
v 0.1612402 0.4721261 0.4352784
v 0.0354422 0.4719054 0.4326284
v -0.0201568 0.4947223 0.0970291
v -0.3684785 0.4895079 0.3008361
v 0.4916855 0.4641794 0.4926518
v 0.4972957 -0.0093496 -0.1021837
v 0.4965692 0.4610831 -0.4939382
v 0.4972772 -0.0085080 0.0983568
v 0.4975374 0.2309390 -0.0993947
v 0.4979385 0.2310348 -0.0467352
v 0.4971706 -0.0781595 0.0983173
v 0.4975432 -0.1726608 -0.1014577
v 0.4971832 -0.4653222 -0.4892390
v 0.4972772 -0.0085080 0.0983568
v 0.4969098 -0.4679837 -0.1011292
v 0.4971832 -0.4653222 -0.4892390
v 0.4973382 -0.3745156 -0.1020825
v 0.4975432 -0.1726608 -0.1014577
v 0.4972957 -0.0093496 -0.1021837
v 0.4925434 -0.4745400 -0.4162674
v 0.4969098 -0.4679837 -0.1011292
v 0.4928698 -0.4775168 -0.1004713
v 0.4875152 -0.4907004 -0.1259003
v 0.4665960 -0.4913139 -0.1011099
v 0.4912131 -0.4910621 -0.3078180
v 0.4928698 -0.4775168 -0.1004713
v 0.4923426 -0.4902194 -0.1014522
v 0.4912131 -0.4910621 -0.3078180
v 0.4923426 -0.4902194 -0.1014522
v 0.2460109 -0.4979682 -0.0998640
v 0.4925434 -0.4745400 -0.4162674
v 0.4971832 -0.4653222 -0.4892390
v 0.4997530 -0.3857501 -0.0057302
v 0.4962870 -0.4690083 0.0973677
v 0.4982933 -0.4737684 0.0953912
v 0.4971706 -0.0781595 0.0983173
v 0.4962870 -0.4690083 0.0973677
v 0.4997530 -0.3857501 -0.0057302
v 0.4990545 -0.4645183 0.0047539
v 0.4982933 -0.4737684 0.0953912
v 0.4913045 -0.4951237 0.0956783
v 0.4987223 -0.4707141 -0.0990064
v 0.4973382 -0.3745156 -0.1020825
v 0.4975432 -0.1726608 -0.1014577
v 0.4920972 -0.4948837 -0.0991058
v 0.4920972 -0.4948837 -0.0991058
v 0.4913045 -0.4951237 0.0956783
v 0.4553616 -0.4959890 0.0962396
v 0.4987223 -0.4707141 -0.0990064
v 0.4969098 -0.4679837 -0.1011292
v 0.4973382 -0.3745156 -0.1020825
v 0.4327483 -0.5000000 -0.0987580
v 0.4553616 -0.4959890 0.0962396
v 0.4665960 -0.4913139 -0.1011099
v 0.2460109 -0.4979682 -0.0998640
v 0.4665960 -0.4913139 -0.1011099
v 0.2663051 -0.4969102 0.0960804
v 0.4920972 -0.4948837 -0.0991058
v 0.4553616 -0.4959890 0.0962396
v 0.4327483 -0.5000000 -0.0987580
v 0.4920972 -0.4948837 -0.0991058
v 0.4923426 -0.4902194 -0.1014522
v 0.4987223 -0.4707141 -0.0990064
v 0.4327483 -0.5000000 -0.0987580
v 0.4665960 -0.4913139 -0.1011099
v 0.4920972 -0.4948837 -0.0991058
v 0.4923426 -0.4902194 -0.1014522
v 0.4928698 -0.4775168 -0.1004713
v 0.4987223 -0.4707141 -0.0990064
v 0.4969098 -0.4679837 -0.1011292
v 0.4923426 -0.4902194 -0.1014522
v 0.4875152 -0.4907004 -0.1259003
v 0.4923426 -0.4902194 -0.1014522
v 0.4665960 -0.4913139 -0.1011099
v 0.4925313 -0.4772251 -0.4925056
v 0.4925434 -0.4745400 -0.4162674
v 0.4912131 -0.4910621 -0.3078180
v -0.4914826 -0.4895544 -0.3219339
v 0.4912131 -0.4910621 -0.3078180
v 0.2460109 -0.4979682 -0.0998640
v 0.4971832 -0.4653222 -0.4892390
v 0.4925434 -0.4745400 -0.4162674
v 0.4925313 -0.4772251 -0.4925056
v 0.4971832 -0.4653222 -0.4892390
v 0.4971832 -0.4653222 -0.4892390
v 0.4925313 -0.4772251 -0.4925056
v 0.4912131 -0.4910621 -0.3078180
v 0.4925313 -0.4772251 -0.4925056
v 0.4927058 -0.4712425 -0.4957499
v 0.4971832 -0.4653222 -0.4892390
v 0.4971832 -0.4653222 -0.4892390
v 0.4199444 -0.4745745 -0.4961548
v 0.4925313 -0.4772251 -0.4925056
v 0.4925313 -0.4772251 -0.4925056
v 0.4199444 -0.4745745 -0.4961548
v 0.4695869 -0.4695593 -0.4979012
v 0.4199444 -0.4745745 -0.4961548
v 0.4971832 -0.4653222 -0.4892390
v 0.4695869 -0.4695593 -0.4979012
v 0.4927058 -0.4712425 -0.4957499
v 0.4927058 -0.4712425 -0.4957499
v 0.4695869 -0.4695593 -0.4979012
v 0.4971832 -0.4653222 -0.4892390
v 0.4971832 -0.4653222 -0.4892390
v 0.3797795 0.4761243 -0.4736527
v 0.4965692 0.4610831 -0.4939382
v -0.4912366 -0.4798469 -0.4903349
v 0.3121509 -0.4650414 0.5000000
v 0.4916855 0.4641794 0.4926518
v 0.4920798 -0.4811275 0.4825395
v 0.4898653 -0.4665007 0.4990936
v 0.4916855 0.4641794 0.4926518
v 0.3121509 -0.4650414 0.5000000
v 0.4898653 -0.4665007 0.4990936
v 0.3121509 -0.4650414 0.5000000
v 0.4920798 -0.4811275 0.4825395
v 0.4920798 -0.4811275 0.4825395
v 0.4918222 -0.4866173 0.4371408
v 0.4898653 -0.4665007 0.4990936
v 0.4972772 -0.0085080 0.0983568
v 0.4916855 0.4641794 0.4926518
v 0.4962870 -0.4690083 0.0973677
v 0.4971706 -0.0781595 0.0983173
v 0.4898653 -0.4665007 0.4990936
v 0.4918222 -0.4866173 0.4371408
v 0.4913045 -0.4951237 0.0956783
v 0.4962870 -0.4690083 0.0973677
v 0.3926040 -0.4906477 0.0971128
v 0.4918222 -0.4866173 0.4371408
v 0.3011799 -0.4913042 0.2289668
v 0.4898653 -0.4665007 0.4990936
v 0.4971706 -0.0781595 0.0983173
v 0.4553616 -0.4959890 0.0962396
v 0.3926040 -0.4906477 0.0971128
v 0.3011799 -0.4913042 0.2289668
v 0.4481525 -0.4906714 0.0971064
v 0.4913045 -0.4951237 0.0956783
v 0.4553616 -0.4959890 0.0962396
v 0.2663051 -0.4969102 0.0960804
v 0.3926040 -0.4906477 0.0971128
v 0.4553616 -0.4959890 0.0962396
v 0.4481525 -0.4906714 0.0971064
v 0.4913045 -0.4951237 0.0956783
v 0.4962870 -0.4690083 0.0973677
v 0.4913045 -0.4951237 0.0956783
v 0.4982933 -0.4737684 0.0953912
v 0.4665960 -0.4913139 -0.1011099
v 0.4982933 -0.4737684 0.0953912
v 0.4913045 -0.4951237 0.0956783
v 0.4990545 -0.4645183 0.0047539
v 0.4962870 -0.4690083 0.0973677
v 0.3011799 -0.4913042 0.2289668
v 0.4918222 -0.4866173 0.4371408
v 0.4920798 -0.4811275 0.4825395
v -0.4915457 -0.4773125 0.4890448
v 0.3011799 -0.4913042 0.2289668
v 0.1037132 -0.4914829 0.0968533
v -0.0696878 -0.4915981 0.0969269
v 0.2663051 -0.4969102 0.0960804
v -0.1733456 -0.4965455 -0.0914420
v 0.2460109 -0.4979682 -0.0998640
v 0.3011799 -0.4913042 0.2289668
v 0.0354422 0.4719054 0.4326284
v -0.0038553 0.4710638 0.3670465
v 0.0012145 0.4717516 0.4335320
v -0.0368998 0.4710347 0.4325281
v -0.0244533 0.4711973 0.4345607
v 0.0354422 0.4719054 0.4326284
v 0.0012145 0.4717516 0.4335320
v -0.0273606 0.4847608 0.2415285
v -0.0787130 0.4721626 0.4303170
v -0.0615452 0.4714028 0.4317027
v -0.0244533 0.4711973 0.4345607
v -0.1534577 0.4717924 0.4316650
v -0.0787130 0.4721626 0.4303170
v -0.0368998 0.4710347 0.4325281
v -0.0615452 0.4714028 0.4317027
v -0.1534577 0.4717924 0.4316650
v 0.2306970 0.4851773 0.0956277
v -0.2704708 0.4872931 0.0982703
v -0.0273606 0.4847608 0.2415285
v -0.1929433 0.4710315 0.4325143
v -0.1534577 0.4717924 0.4316650
v -0.0038553 0.4710638 0.3670465
v -0.2384444 0.4713102 0.4332836
v -0.3693957 0.4827783 0.2978714
v -0.0273606 0.4847608 0.2415285
v -0.1534577 0.4717924 0.4316650
v -0.1929433 0.4710315 0.4325143
v -0.3684785 0.4895079 0.3008361
v -0.4959669 0.4610324 0.4892178
v 0.4916855 0.4641794 0.4926518
v 0.4920798 -0.4811275 0.4825395
v -0.4959669 0.4610324 0.4892178
v -0.4915457 -0.4773125 0.4890448
v -0.0038553 0.4710638 0.3670465
v -0.4986560 0.4615576 0.0960252
v -0.2384444 0.4713102 0.4332836
v -0.3684785 0.4895079 0.3008361
v -0.0201568 0.4947223 0.0970291
v -0.2556073 0.4938774 0.0975802
v -0.3693957 0.4827783 0.2978714
v -0.2704708 0.4872931 0.0982703
v -0.0273606 0.4847608 0.2415285
v -0.0064614 0.5000000 0.0009602
v -0.4782120 0.4895262 -0.0024057
v 0.2306970 0.4851773 0.0956277
v -0.3799241 0.4994134 0.0020082
v -0.2942641 0.4931294 -0.1025122
v 0.0267403 0.4984793 -0.0990598
v 0.1378642 0.4847318 -0.0989494
v -0.1922074 0.4847124 -0.0988969
v 0.0953945 0.4710423 -0.4124792
v -0.2704708 0.4872931 0.0982703
v -0.4782120 0.4895262 -0.0024057
v -0.2946994 0.4713953 0.4338844
v -0.2714952 0.4721432 0.4307854
v -0.2384444 0.4713102 0.4332836
v -0.2946994 0.4713953 0.4338844
v -0.4986560 0.4615576 0.0960252
v -0.3135685 0.4721604 0.4308387
v -0.3270863 0.4711671 0.4344954
v -0.3135685 0.4721604 0.4308387
v -0.3693957 0.4827783 0.2978714
v -0.3535184 0.4714803 0.4404173
v -0.3957899 0.4721486 0.4351836
v -0.3270863 0.4711671 0.4344954
v -0.1929433 0.4710315 0.4325143
v -0.2384444 0.4713102 0.4332836
v -0.4912561 0.4873329 0.0985556
v -0.2704708 0.4872931 0.0982703
v -0.3684785 0.4895079 0.3008361
v -0.2556073 0.4938774 0.0975802
v -0.4909676 0.4931574 0.0947002
v -0.3693957 0.4827783 0.2978714
v -0.4296208 0.4717159 0.4397521
v -0.4986560 0.4615576 0.0960252
v -0.4642196 0.4711133 0.4467654
v -0.4903557 0.4711854 0.4589903
v -0.4131390 0.4711111 0.4423883
v -0.3957899 0.4721486 0.4351836
v -0.3270863 0.4711671 0.4344954
v -0.4131390 0.4711111 0.4423883
v -0.4909712 0.4794776 0.3491332
v -0.3957899 0.4721486 0.4351836
v -0.3693957 0.4827783 0.2978714
v -0.3684785 0.4895079 0.3008361
v -0.4914774 0.4857918 0.3261758
v -0.4909670 0.4805398 0.4205599
v -0.4907547 0.4901160 0.2655027
v -0.4909712 0.4794776 0.3491332
v -0.4914774 0.4857918 0.3261758
v -0.4907547 0.4901160 0.2655027
v -0.4907547 0.4901160 0.2655027
v -0.4903326 0.4732280 0.4860608
v -0.4903557 0.4711854 0.4589903
v -0.4959669 0.4610324 0.4892178
v -0.4909670 0.4805398 0.4205599
v -0.4903557 0.4711854 0.4589903
v -0.4903326 0.4732280 0.4860608
v -0.4903326 0.4732280 0.4860608
v -0.4959669 0.4610324 0.4892178
v -0.4909670 0.4805398 0.4205599
v -0.4642196 0.4711133 0.4467654
v -0.4903557 0.4711854 0.4589903
v -0.4909712 0.4794776 0.3491332
v -0.4296208 0.4717159 0.4397521
v -0.4986560 0.4615576 0.0960252
v -0.4909712 0.4794776 0.3491332
v -0.4131390 0.4711111 0.4423883
v -0.4959669 0.4610324 0.4892178
v -0.3684785 0.4895079 0.3008361
v -0.4909670 0.4805398 0.4205599
v -0.4914774 0.4857918 0.3261758
v -0.4959669 0.4610324 0.4892178
v -0.4986560 0.4615576 0.0960252
v -0.4915457 -0.4773125 0.4890448
v -0.4912698 0.4923696 -0.1648994
v -0.2942641 0.4931294 -0.1025122
v 0.0267403 0.4984793 -0.0990598
v -0.4914958 0.4867829 -0.2024962
v 0.1378642 0.4847318 -0.0989494
v -0.1922074 0.4847124 -0.0988969
v -0.3542348 0.4784563 -0.3305823
v 0.3814668 0.4835555 -0.2754393
v -0.0363926 0.4709982 -0.4400199
v -0.3896983 0.4906595 -0.2751182
v 0.3797795 0.4761243 -0.4736527
v -0.4934565 0.4616362 -0.5000000
v 0.3900257 0.4903357 -0.2675556
v -0.1294761 0.4721443 -0.4350300
v -0.1261757 0.4710337 -0.4207053
v -0.0363926 0.4709982 -0.4400199
v -0.1294761 0.4721443 -0.4350300
v -0.3542348 0.4784563 -0.3305823
v -0.4986560 0.4615576 0.0960252
v 0.0508533 0.4719883 -0.4336718
v 0.0953945 0.4710423 -0.4124792
v -0.4914958 0.4867829 -0.2024962
v -0.3896983 0.4906595 -0.2751182
v -0.4912698 0.4923696 -0.1648994
v -0.4934565 0.4616362 -0.5000000
v -0.3661867 0.4710972 -0.4410173
v -0.4107526 0.4714114 -0.4441467
v -0.3542348 0.4784563 -0.3305823
v -0.4347809 0.4711262 -0.4466053
v -0.3182315 0.4719398 -0.4364764
v -0.1261757 0.4710337 -0.4207053
v -0.4560281 0.4846962 -0.0989503
v -0.4914958 0.4867829 -0.2024962
v -0.2754001 0.4847586 -0.0991215
v -0.1922074 0.4847124 -0.0988969
v -0.4912698 0.4923696 -0.1648994
v -0.4914958 0.4867829 -0.2024962
v -0.4917876 0.4863094 -0.1003949
v -0.4914995 0.4888590 -0.2714744
v -0.3896983 0.4906595 -0.2751182
v -0.4914995 0.4888590 -0.2714744
v -0.4912698 0.4923696 -0.1648994
v -0.4934565 0.4616362 -0.5000000
v -0.4986560 0.4615576 0.0960252
v -0.1261757 0.4710337 -0.4207053
v -0.4914958 0.4867829 -0.2024962
v -0.4914995 0.4888590 -0.2714744
v -0.4905013 0.4794884 -0.3518117
v -0.3896983 0.4906595 -0.2751182
v -0.4934565 0.4616362 -0.5000000
v -0.4914727 0.4814740 -0.4029144
v -0.4914995 0.4888590 -0.2714744
v -0.4905013 0.4794884 -0.3518117
v -0.3542348 0.4784563 -0.3305823
v -0.4914958 0.4867829 -0.2024962
v -0.4914727 0.4814740 -0.4029144
v -0.4347809 0.4711262 -0.4466053
v -0.4934565 0.4616362 -0.5000000
v -0.4486503 0.4718118 -0.4434787
v -0.4911647 0.4663521 -0.4930088
v -0.4934565 0.4616362 -0.5000000
v -0.4107526 0.4714114 -0.4441467
v -0.4486503 0.4718118 -0.4434787
v -0.4911647 0.4663521 -0.4930088
v -0.4914727 0.4814740 -0.4029144
v -0.4934565 0.4616362 -0.5000000
v -0.4909954 0.4721626 -0.4897239
v -0.4486503 0.4718118 -0.4434787
v -0.4911647 0.4663521 -0.4930088
v -0.4486503 0.4718118 -0.4434787
v -0.4107526 0.4714114 -0.4441467
v -0.4347809 0.4711262 -0.4466053
v -0.4909954 0.4721626 -0.4897239
v -0.4909954 0.4721626 -0.4897239
v -0.4560281 0.4846962 -0.0989503
v -0.2754001 0.4847586 -0.0991215
v -0.4782120 0.4895262 -0.0024057
v -0.1922074 0.4847124 -0.0988969
v -0.4797468 0.4977700 -0.0984148
v -0.3799241 0.4994134 0.0020082
v -0.2942641 0.4931294 -0.1025122
v -0.4912698 0.4923696 -0.1648994
v -0.4958170 0.4747563 -0.0987902
v -0.4986702 0.4582988 -0.0998760
v -0.4993367 0.4609517 -0.0035439
v -0.4929802 0.4856131 -0.0014515
v -0.4917876 0.4863094 -0.1003949
v -0.4878253 0.4943660 -0.0927311
v -0.4875641 0.4941809 -0.0003980
v -0.4797468 0.4977700 -0.0984148
v -0.4782120 0.4895262 -0.0024057
v -0.4852581 0.4831303 -0.0984553
v -0.4560281 0.4846962 -0.0989503
v -0.4910916 0.4932811 -0.1044822
v -0.4910916 0.4932811 -0.1044822
v -0.4965435 0.2299003 -0.1002781
v -0.4917876 0.4863094 -0.1003949
v -0.4560281 0.4846962 -0.0989503
v -0.4852581 0.4831303 -0.0984553
v -0.4917876 0.4863094 -0.1003949
v -0.4914958 0.4867829 -0.2024962
v -0.4912698 0.4923696 -0.1648994
v -0.4912698 0.4923696 -0.1648994
v -0.4958170 0.4747563 -0.0987902
v -0.4878253 0.4943660 -0.0927311
v -0.4560281 0.4846962 -0.0989503
v -0.4807261 0.4992940 -0.0017699
v -0.4909676 0.4931574 0.0947002
v -0.3799241 0.4994134 0.0020082
v -0.4875641 0.4941809 -0.0003980
v -0.4848875 0.4837760 0.0958973
v -0.4866179 0.4828257 -0.0031464
v -0.4782120 0.4895262 -0.0024057
v -0.4993367 0.4609517 -0.0035439
v -0.4986560 0.4615576 0.0960252
v -0.4929802 0.4856131 -0.0014515
v -0.4958170 0.4747563 -0.0987902
v -0.4852581 0.4831303 -0.0984553
v -0.4986560 0.4615576 0.0960252
v -0.4797468 0.4977700 -0.0984148
v -0.4878253 0.4943660 -0.0927311
v -0.4852581 0.4831303 -0.0984553
v -0.4986560 0.4615576 0.0960252
v -0.4917876 0.4863094 -0.1003949
v -0.4986702 0.4582988 -0.0998760
v -0.4958170 0.4747563 -0.0987902
v -0.4986560 0.4615576 0.0960252
v -0.4917876 0.4863094 -0.1003949
v -0.4929802 0.4856131 -0.0014515
v -0.4965435 0.2299003 -0.1002781
v -0.4966023 0.2304351 0.0466193
v -0.4988505 0.2301015 -0.0089911
v -0.4988505 0.2301015 -0.0089911
v -0.4993367 0.4609517 -0.0035439
v -0.4965435 0.2299003 -0.1002781
v -0.4907547 0.4901160 0.2655027
v -0.4912561 0.4873329 0.0985556
v -0.3693957 0.4827783 0.2978714
v -0.4909676 0.4931574 0.0947002
v -0.4912561 0.4873329 0.0985556
v -0.4907547 0.4901160 0.2655027
v -0.4907547 0.4901160 0.2655027
v -0.3684785 0.4895079 0.3008361
v -0.4909676 0.4931574 0.0947002
v -0.4912561 0.4873329 0.0985556
v -0.4986560 0.4615576 0.0960252
v -0.4848875 0.4837760 0.0958973
v -0.4927553 0.4683948 0.0962387
v -0.4993367 0.4609517 -0.0035439
v -0.4990371 0.2319698 0.0947002
v -0.4986560 0.4615576 0.0960252
v -0.4929802 0.4856131 -0.0014515
v -0.2556073 0.4938774 0.0975802
v -0.3799241 0.4994134 0.0020082
v -0.4990371 0.2319698 0.0947002
v -0.4988505 0.2301015 -0.0089911
v -0.4966023 0.2304351 0.0466193
v -0.4866179 0.4828257 -0.0031464
v -0.4848875 0.4837760 0.0958973
v -0.4986560 0.4615576 0.0960252
v -0.4848875 0.4837760 0.0958973
v -0.4782120 0.4895262 -0.0024057
v -0.4912561 0.4873329 0.0985556
v -0.4988505 0.2301015 -0.0089911
v -0.4782120 0.4895262 -0.0024057
v -0.2704708 0.4872931 0.0982703
v -0.4986560 0.4615576 0.0960252
v -0.4909676 0.4931574 0.0947002
v -0.4912561 0.4873329 0.0985556
v -0.0696878 -0.4915981 0.0969269
v -0.4915457 -0.4773125 0.4890448
v -0.2541240 -0.4921567 0.0968349
v 0.3011799 -0.4913042 0.2289668
v -0.0787634 -0.4969716 0.0961457
v -0.0696878 -0.4915981 0.0969269
v -0.1733456 -0.4965455 -0.0914420
v -0.1733456 -0.4965455 -0.0914420
v 0.1037132 -0.4914829 0.0968533
v -0.3937919 -0.4979048 -0.0997794
v -0.4914826 -0.4895544 -0.3219339
v 0.2460109 -0.4979682 -0.0998640
v -0.4912366 -0.4798469 -0.4903349
v 0.4971832 -0.4653222 -0.4892390
v -0.1733456 -0.4965455 -0.0914420
v -0.4914826 -0.4895544 -0.3219339
v -0.4965435 0.2299003 -0.1002781
v -0.4912366 -0.4798469 -0.4903349
v -0.4966023 0.2304351 0.0466193
v -0.4986702 0.4582988 -0.0998760
v -0.4919941 -0.4937893 -0.0998888
v -0.4961287 -0.4653955 -0.4933704
v -0.4914826 -0.4895544 -0.3219339
v -0.4986702 0.4582988 -0.0998760
v -0.4986560 0.4615576 0.0960252
v -0.4912366 -0.4798469 -0.4903349
v -0.4986560 0.4615576 0.0960252
v -0.4934565 0.4616362 -0.5000000
v -0.4912366 -0.4798469 -0.4903349
v -0.4912366 -0.4798469 -0.4903349
v -0.4961287 -0.4653955 -0.4933704
v -0.4965308 -0.4647520 -0.1021248
v -0.4912366 -0.4798469 -0.4903349
v -0.4912366 -0.4798469 -0.4903349
v -0.4531975 -0.4699888 -0.4976665
v -0.4913170 -0.4694669 -0.4977843
v -0.4913170 -0.4694669 -0.4977843
v -0.4961287 -0.4653955 -0.4933704
v -0.4912366 -0.4798469 -0.4903349
v -0.4934565 0.4616362 -0.5000000
v 0.3797795 0.4761243 -0.4736527
v -0.4912366 -0.4798469 -0.4903349
v -0.4965308 -0.4647520 -0.1021248
v -0.4919941 -0.4937893 -0.0998888
v -0.4981351 -0.4726320 -0.0986789
v -0.4919920 -0.4743109 -0.1020015
v -0.4965308 -0.4647520 -0.1021248
v -0.4992352 -0.4052266 -0.1000140
v -0.4965419 -0.4026436 -0.0318271
v -0.4992352 -0.4052266 -0.1000140
v -0.4912366 -0.4798469 -0.4903349
v -0.4965419 -0.4026436 -0.0318271
v -0.4966023 0.2304351 0.0466193
v -0.3937919 -0.4979048 -0.0997794
v -0.4919941 -0.4937893 -0.0998888
v -0.4914826 -0.4895544 -0.3219339
v -0.1733456 -0.4965455 -0.0914420
v -0.4919920 -0.4743109 -0.1020015
v -0.4965308 -0.4647520 -0.1021248
v -0.4961287 -0.4653955 -0.4933704
v -0.4919941 -0.4937893 -0.0998888
v -0.4919920 -0.4743109 -0.1020015
v -0.4961287 -0.4653955 -0.4933704
v -0.4965308 -0.4647520 -0.1021248
v -0.2541240 -0.4921567 0.0968349
v -0.3865202 -0.4913205 0.0973180
v -0.3937919 -0.4979048 -0.0997794
v -0.4919941 -0.4937893 -0.0998888
v -0.4991611 -0.4056172 0.0950756
v -0.4978949 -0.4712469 0.0958292
v -0.4964084 -0.4658842 0.0973493
v -0.4991611 -0.4056172 0.0950756
v -0.4964084 -0.4658842 0.0973493
v -0.4965419 -0.4026436 -0.0318271
v -0.4919746 -0.4767184 0.0960289
v -0.4919173 -0.4935450 0.0959856
v -0.4919173 -0.4935450 0.0959856
v -0.4919941 -0.4937893 -0.0998888
v -0.3865202 -0.4913205 0.0973180
v -0.4987086 -0.4115041 0.0105848
v -0.4978949 -0.4712469 0.0958292
v -0.4991611 -0.4056172 0.0950756
v -0.4991611 -0.4056172 0.0950756
v -0.4965419 -0.4026436 -0.0318271
v -0.5000000 -0.4061446 -0.0015205
v -0.4987337 -0.4645970 -0.0012528
v -0.4919173 -0.4935450 0.0959856
v -0.5000000 -0.4061446 -0.0015205
v -0.4981351 -0.4726320 -0.0986789
v -0.4919941 -0.4937893 -0.0998888
v -0.4992352 -0.4052266 -0.1000140
v -0.4992352 -0.4052266 -0.1000140
v -0.4915457 -0.4773125 0.4890448
v -0.3865202 -0.4913205 0.0973180
v -0.2541240 -0.4921567 0.0968349
v -0.4919173 -0.4935450 0.0959856
v -0.4915457 -0.4773125 0.4890448
v -0.4964084 -0.4658842 0.0973493
v -0.4919746 -0.4767184 0.0960289
v -0.4915457 -0.4773125 0.4890448
v -0.4986560 0.4615576 0.0960252
v -0.4990371 0.2319698 0.0947002
v -0.4919173 -0.4935450 0.0959856
v -0.4915457 -0.4773125 0.4890448
v -0.4919746 -0.4767184 0.0960289
v -0.4965419 -0.4026436 -0.0318271
v -0.4964084 -0.4658842 0.0973493
v -0.4966023 0.2304351 0.0466193
vt 0.9464790 0.3740950
vt 0.9000230 0.2825430
vt 0.9621470 0.3353150
vt 0.4155910 0.0962260
vt 0.4231430 0.1454680
vt 0.2635630 0.1454680
vt 0.0870090 0.4810950
vt 0.1132290 0.5638710
vt 0.0482370 0.5325460
vt 0.3141970 0.7957170
vt 0.4789720 0.7957170
vt 0.2991320 0.8020340
vt 0.4144960 0.0793610
vt 0.0238960 0.6466980
vt 0.0257510 0.6585080
vt 0.0231250 0.6885170
vt 0.0353400 0.5008320
vt 0.0285110 0.4853730
vt 0.0002200 0.8269630
vt 0.0002200 0.7801300
vt 0.0022240 0.7683440
vt 0.0257290 0.7053420
vt 0.9350550 0.4017190
vt 0.0236950 0.7184040
vt 0.4859980 0.9203760
vt 0.5093530 0.9719520
vt 0.4498350 0.9750710
vt 0.5508770 0.2933880
vt 0.5579390 0.5106200
vt 0.5358640 0.3785320
vt 0.4826280 0.4104400
vt 0.0168780 0.6911230
vt 0.0173940 0.7139860
vt 0.0155600 0.7208340
vt 0.0143750 0.7595120
vt 0.5436930 0.9022500
vt 0.5462550 0.9478040
vt 0.3849050 0.9798560
vt 0.3296600 0.9978060
vt 0.3320320 0.9591830
vt 0.6338990 0.0998940
vt 0.6466920 0.1010140
vt 0.6154230 0.1620800
vt 0.0307860 0.8733700
vt 0.0264960 0.8584330
vt 0.0341100 0.8609660
vt 0.1346840 0.3810000
vt 0.1219730 0.2357150
vt 0.1421050 0.3960710
vt 0.5564360 0.9654920
vt 0.6385780 0.9654920
vt 0.6229010 0.9885650
vt 0.1983100 0.9566760
vt 0.1877840 0.9890720
vt 0.1707030 0.9606710
vt 0.1091170 0.4045580
vt 0.0283430 0.7629940
vt 0.4802000 0.7428170
vt 0.6333160 0.6315720
vt 0.6410120 0.7267190
vt 0.7633650 0.1527450
vt 0.8928140 0.5199320
vt 0.9237050 0.5213490
vt 0.9237050 0.6440120
vt 0.8912250 0.6488850
vt 0.8783480 0.5177810
vt 0.8843490 0.6351050
vt 0.4037870 0.5255090
vt 0.4954500 0.6115120
vt 0.4149960 0.5673420
vt 0.4180530 0.5128720
vt 0.0089860 0.2441310
vt 0.0134960 0.2429220
vt 0.0119610 0.3079090
vt 0.4610400 0.6132280
vt 0.6025670 0.5144880
vt 0.9739700 0.1663470
vt 0.9739700 0.2896650
vt 0.9097050 0.2879510
vt 0.2359230 0.2947950
vt 0.2964940 0.4612150
vt 0.2215900 0.5101900
vt 0.7517720 0.1665690
vt 0.8270420 0.1083980
vt 0.8652440 0.0797650
vt 0.6747900 0.4336930
vt 0.6664990 0.5284600
vt 0.6604990 0.3798170
vt 0.6617340 0.5605540
vt 0.9148950 0.1475120
vt 0.4223360 0.7656500
vt 0.4223360 0.7019500
vt 0.5105390 0.7663410
vt 0.3306140 0.7667700
vt 0.0175390 0.6222300
vt 0.0260400 0.6353200
vt 0.0018620 0.8990110
vt 0.0018620 0.9225920
vt 0.0000930 0.8990920
vt 0.0157130 0.5391670
vt 0.0080300 0.9304940
vt 0.0080300 0.9140800
vt 0.0095660 0.9296120
vt 0.0463590 0.6233550
vt 0.0257950 0.8701550
vt 0.0257950 0.9055040
vt 0.0216150 0.9044100
vt 0.0182120 0.9191870
vt 0.0166660 0.8814440
vt 0.0234130 0.8814440
vt 0.8811140 0.5870400
vt 0.8719030 0.7614450
vt 0.8422490 0.5938930
vt 0.0078630 0.8772190
vt 0.0069600 0.8305030
vt 0.0088910 0.8654700
vt 0.8892830 0.2502960
vt 0.9251270 0.2566160
vt 0.8881510 0.2557680
vt 0.4259400 0.9580970
vt 0.4289410 0.9984030
vt 0.9230190 0.1188980
vt 0.0226930 0.8701580
vt 0.8534650 0.2569570
vt 0.0091690 0.8767750
vt 0.3257910 0.9596030
vt 0.2996380 0.9856560
vt 0.8427310 0.5882840
vt 0.4347640 0.9604610
vt 0.2851580 0.9596030
vt 0.0152980 0.9349720
vt 0.0152980 0.9252430
vt 0.0164710 0.9310060
vt 0.0833360 0.5671690
vt 0.0858000 0.6684640
vt 0.0828220 0.6695480
vt 0.0071480 0.9324970
vt 0.0059250 0.9382490
vt 0.0011610 0.9239190
vt 0.0062820 0.9219660
vt 0.0848500 0.6734950
vt 0.0017090 0.3166100
vt 0.0026440 0.3131210
vt 0.0000540 0.3448560
vt 0.0000540 0.2889510
vt 0.0019010 0.2841760
vt 0.5301290 0.0678490
vt 0.5197250 0.0696930
vt 0.5288930 0.0644550
vt 0.0202730 0.8071360
vt 0.0256700 0.8061840
vt 0.0224830 0.8668360
vt 0.0040370 0.2392380
vt 0.5221180 0.0094860
vt 0.0830410 0.7280410
vt 0.0174600 0.1784500
vt 0.0030680 0.2377950
vt 0.0056230 0.3179460
vt 0.0174600 0.2423710
vt 0.0073870 0.3898470
vt 0.0073870 0.3164090
vt 0.0092310 0.3324570
vt 0.0695010 0.9881600
vt 0.1098960 0.9395520
vt 0.0889120 0.9929990
vt 0.1118600 0.9293750
vt 0.1023990 0.8683790
vt 0.1137060 0.8042510
vt 0.4684150 0.2075890
vt 0.6342240 0.2011110
vt 0.0964600 0.8282360
vt 0.0465060 0.9832270
vt 0.3570980 0.2289100
vt 0.2892390 0.4377570
vt 0.2817100 0.2354870
vt 0.5622710 0.2158000
vt 0.0412390 0.7661520
vt 0.0474390 0.7331560
vt 0.0589570 0.7132060
vt 0.8031530 0.2769130
vt 0.6882760 0.1770510
vt 0.8972570 0.1673810
vt 0.0564300 0.5984920
vt 0.0417480 0.6532840
vt 0.0575540 0.5708850
vt 0.0468410 0.6992800
vt 0.0453960 0.6851800
vt 0.0552940 0.6126210
vt 0.0554600 0.6465010
vt 0.0437020 0.6576020
vt 0.0623570 0.6793590
vt 0.4887330 0.7950520
vt 0.3150220 0.7950520
vt 0.3089210 0.7870600
vt 0.7982810 0.3101370
vt 0.8855200 0.0363420
vt 0.8855200 0.0638540
vt 0.8779210 0.0572690
vt 0.6622830 0.7523580
vt 0.6913630 0.7691470
vt 0.5114720 0.7631790
vt 0.9233030 0.4284740
vt 0.9778780 0.3187610
vt 0.9808270 0.3202860
vt 0.9999620 0.4156700
vt 0.9979710 0.4515220
vt 0.9890670 0.3619160
vt 0.9931790 0.3905020
vt 0.0965430 0.3134350
vt 0.0889840 0.2401690
vt 0.0965430 0.2845540
vt 0.0996770 0.2586770
vt 0.0943360 0.3558150
vt 0.0893240 0.4035260
vt 0.0125390 0.7784260
vt 0.0083880 0.7309830
vt 0.0155610 0.6927370
vt 0.9393240 0.0234330
vt 0.8910770 0.0234330
vt 0.9103890 0.0117580
vt 0.6731230 0.6459340
vt 0.6807380 0.4844770
vt 0.8730880 0.7579940
vt 0.8816170 0.6159060
vt 0.3261080 0.0756570
vt 0.3468440 0.0460430
vt 0.4368440 0.0679560
vt 0.0297380 0.1063080
vt 0.0311300 0.1119920
vt 0.0333410 0.1218940
vt 0.0242200 0.0837870
vt 0.0212270 0.0680890
vt 0.0256350 0.0898210
vt 0.0275430 0.0966140
vt 0.0000570 0.2760430
vt 0.0004320 0.2717570
vt 0.0029120 0.9340250
vt 0.0005090 0.9391770
vt 0.0006530 0.9321220
vt 0.0340030 0.1222120
vt 0.0005110 0.9259260
vt 0.6731230 0.4659920
vt 0.8947520 0.7579940
vt 0.0218900 0.1464760
vt 0.0003070 0.2776070
vt 0.9564730 0.6800480
vt 0.9606490 0.7752810
vt 0.8789060 0.7809970
vt 0.3836330 0.0914690
vt 0.2386120 0.1446160
vt 0.2390730 0.1248440
vt 0.2186010 0.0816790
vt 0.1225580 0.7866270
vt 0.0670800 0.7996030
vt 0.0670800 0.7072440
vt 0.9632260 0.8463440
vt 0.0672650 0.8699800
vt 0.3845270 0.0847720
vt 0.5364810 0.5106530
vt 0.2997850 0.5068200
vt 0.3614120 0.4469330
vt 0.4218840 0.3906180
vt 0.2895450 0.0151180
vt 0.2928930 0.0123090
vt 0.3932510 0.0179940
vt 0.9452750 0.5641100
vt 0.9452750 0.4366680
vt 0.9496420 0.5643100
vt 0.2284350 0.6137570
vt 0.2119850 0.6096100
vt 0.1926060 0.5997350
vt 0.1072980 0.0902080
vt 0.0427510 0.1054920
vt 0.0419820 0.0970730
vt 0.1908230 0.4316470
vt 0.2647000 0.6265150
vt 0.0449900 0.0070860
vt 0.0551880 0.0360480
vt 0.0433610 0.0454950
vt 0.7491070 0.0636890
vt 0.7511540 0.0870870
vt 0.7473800 0.0892930
vt 0.0430770 0.0839690
vt 0.0101040 0.9106970
vt 0.0093670 0.9191180
vt 0.0411070 0.0623090
vt 0.8812880 0.0889300
vt 0.8890060 0.0601250
vt 0.8894840 0.1109410
vt 0.1113750 0.9400350
vt 0.1113750 0.9920280
vt 0.1017240 0.9638120
vt 0.0217340 0.1517600
vt 0.0089580 0.8975970
vt 0.1563160 0.6254480
vt 0.2437040 0.6795020
vt 0.2283930 0.6817610
vt 0.6250780 0.0135220
vt 0.6117460 0.0025150
vt 0.6266840 0.0065630
vt 0.5982900 0.0032600
vt 0.6439430 0.0107330
vt 0.6199540 0.0485490
vt 0.5690730 0.0185740
vt 0.3357580 0.6526600
vt 0.1852630 0.5477300
vt 0.1595630 0.4926160
vt 0.1898990 0.3515860
vt 0.0877120 0.2394950
vt 0.0876230 0.3117650
vt 0.6212020 0.0747080
vt 0.1521630 0.5996620
vt 0.5329880 0.0498900
vt 0.0882480 0.3455490
vt 0.0192460 0.6271890
vt 0.0221190 0.7081000
vt 0.0137940 0.8901900
vt 0.0150430 0.9044670
vt 0.0142660 0.9147950
vt 0.1500680 0.5899890
vt 0.0549580 0.2785300
vt 0.0227880 0.6369210
vt 0.1299700 0.0132850
vt 0.0925520 0.0244890
vt 0.0548130 0.0178340
vt 0.0050500 0.9118040
vt 0.0050500 0.8995450
vt 0.0057030 0.9171700
vt 0.0555990 0.0281640
vt 0.1436230 0.0429220
vt 0.8239920 0.8888670
vt 0.8101520 0.7142610
vt 0.8239920 0.7587590
vt 0.0598350 0.0394890
vt 0.8050410 0.7772950
vt 0.6813640 0.6718180
vt 0.6813640 0.4919170
vt 0.5814160 0.0704410
vt 0.4215170 0.0711370
vt 0.0001250 0.6571530
vt 0.0146200 0.5749480
vt 0.0038640 0.6614340
vt 0.0184480 0.6674760
vt 0.0130680 0.6651770
vt 0.1046150 0.0266710
vt 0.6900930 0.5865410
vt 0.5360880 0.0869390
vt 0.5956090 0.4274640
vt 0.5342800 0.2387140
vt 0.6177240 0.2489920
vt 0.0003550 0.2782530
vt 0.0003550 0.2857750
vt 0.0001340 0.2793890
vt 0.0093030 0.8160300
vt 0.0099010 0.8567650
vt 0.0110220 0.8069690
vt 0.6449070 0.0481870
vt 0.6879380 0.0126100
vt 0.6862260 0.0223670
vt 0.6715080 0.0043530
vt 0.6584060 0.0006890
vt 0.0075510 0.8259670
vt 0.8834830 0.0719140
vt 0.8828680 0.0760870
vt 0.8819000 0.0796970
vt 0.8808470 0.0857560
vt 0.8779590 0.0587600
vt 0.1710740 0.0154330
vt 0.1826560 0.0414460
vt 0.1669960 0.0143570
vt 0.1633000 0.0138030
vt 0.8791170 0.0942210
vt 0.1573210 0.0123610
vt 0.8840150 0.0683670
vt 0.1374810 0.0084080
vt 0.1488620 0.0105970
vt 0.1745410 0.0163500
vt 0.7513320 0.5624530
vt 0.6989430 0.6186340
vt 0.7526700 0.4453930
vt 0.2394970 0.8440800
vt 0.3296760 0.7539010
vt 0.2402600 0.8896250
vt 0.0113030 0.7873970
vt 0.0204660 0.7950860
vt 0.2267340 0.8897940
vt 0.2077860 0.8446620
vt 0.1497970 0.7573370
vt 0.0157140 0.8518990
vt 0.5029730 0.1988000
vt 0.4097620 0.0705060
vt 0.5290460 0.1791390
vt 0.5860010 0.1375620
vt 0.6317830 0.1035190
vt 0.2828150 0.0820310
vt 0.4114360 0.0748600
vt 0.4118210 0.0792610
vt 0.3486000 0.6343890
vt 0.3663950 0.6312520
vt 0.3158440 0.7011650
vt 0.9460400 0.5650080
vt 0.9504920 0.5654280
vt 0.9504920 0.6497510
vt 0.3495230 0.6238590
vt 0.5106470 0.6952010
vt 0.9444250 0.6940340
vt 0.2528900 0.0781800
vt 0.0053170 0.1629810
vt 0.0053170 0.2248390
vt 0.0025030 0.2250930
vt 0.4295120 0.6264490
vt 0.2834490 0.6202120
vt 0.2970340 0.5682440
vt 0.2629630 0.5364150
vt 0.2439100 0.5599790
vt 0.2351990 0.5439590
vt 0.2824360 0.5004710
vt 0.3116790 0.5125720
vt 0.4016130 0.5223680
vt 0.2697520 0.4810780
vt 0.9639580 0.8469120
vt 0.9639580 0.7508490
vt 0.9949860 0.7503510
vt 0.0127810 0.9127740
vt 0.0109730 0.9115080
vt 0.0134650 0.8721720
vt 0.6393970 0.9655230
vt 0.7203290 0.9655230
vt 0.6433050 0.9895110
vt 0.2310200 0.1566800
vt 0.0739650 0.1566800
vt 0.2168260 0.0769460
vt 0.7412330 0.0418120
vt 0.6575940 0.0418120
vt 0.7278790 0.0016870
vt 0.0125820 0.9329670
vt 0.0113670 0.9315200
vt 0.0121900 0.9233380
vt 0.0068670 0.9215810
vt 0.0059940 0.8972930
vt 0.0091570 0.8793540
vt 0.7508340 0.0635750
vt 0.7530760 0.0674200
vt 0.7510360 0.0717950
vt 0.7528550 0.0718110
vt 0.0073000 0.8790050
vt 0.4356070 0.9587300
vt 0.4461140 0.9581820
vt 0.4411650 0.9758350
vt 0.0164010 0.9138230
vt 0.0157100 0.9059240
vt 0.0165480 0.8945840
vt 0.5723780 0.2358300
vt 0.7503200 0.2536100
vt 0.7039140 0.2710740
vt 0.7531350 0.2347910
vt 0.7468830 0.0726350
vt 0.7468830 0.0647060
vt 0.7482290 0.0650780
vt 0.0029780 0.9026470
vt 0.0043530 0.9024050
vt 0.0041000 0.9216420
vt 0.7426970 0.0674130
vt 0.7421510 0.0670980
vt 0.7426330 0.0660180
vt 0.0168980 0.9145050
vt 0.0168980 0.9286030
vt 0.0158490 0.9154280
vt 0.7520670 0.0725760
vt 0.7520950 0.0857930
vt 0.7513260 0.0767790
vt 0.0110770 0.9130390
vt 0.0110770 0.9271370
vt 0.0104290 0.9220620
vt 0.7514370 0.0725650
vt 0.7427900 0.0690320
vt 0.7420580 0.0731830
vt 0.7421050 0.0680680
vt 0.2986950 0.8031890
vt 0.2931440 0.8893820
vt 0.2732520 0.8814960
vt 0.4701500 0.8575570
vt 0.1984500 0.6730330
vt 0.3782860 0.7314650
vt 0.1997680 0.7429010
vt 0.1227110 0.5780340
vt 0.1227110 0.4019250
vt 0.1915610 0.5780360
vt 0.0069930 0.3152660
vt 0.0069930 0.2464150
vt 0.0115800 0.3161460
vt 0.0087790 0.4088230
vt 0.0078990 0.3987600
vt 0.0116510 0.4125070
vt 0.1975720 0.6773450
vt 0.1092000 0.7657180
vt 0.0116490 0.3235630
vt 0.1977400 0.6641670
vt 0.1099000 0.5896100
vt 0.3933190 0.0096960
vt 0.2909430 0.0096960
vt 0.2915990 0.0025230
vt 0.0857310 0.8918870
vt 0.0285040 0.9910060
vt 0.0264760 0.8731180
vt 0.9999840 0.8710970
vt 0.8998210 0.9907560
vt 0.0012180 0.6599570
vt 0.0151470 0.6898280
vt 0.0000050 0.7501110
vt 0.1015830 0.9163460
vt 0.1142860 0.9351290
vt 0.8428000 0.0912850
vt 0.7566240 0.0421460
vt 0.0107130 0.8059540
vt 0.0093260 0.7730240
vt 0.0107130 0.7768070
vt 0.0095200 0.7541630
vt 0.8884540 0.0584030
vt 0.8862280 0.0652530
vt 0.8867610 0.0586860
vt 0.8772080 0.0427920
vt 0.0241990 0.9434330
vt 0.0178350 0.9451380
vt 0.0196300 0.9165440
vt 0.9999840 0.9915620
vt 0.7528020 0.0858370
vt 0.7020640 0.7431670
vt 0.6975200 0.7417200
vt 0.7531150 0.5706160
vt 0.7336280 0.7168450
vt 0.8170860 0.0351090
vt 0.7859460 0.0411230
vt 0.8462730 0.0293860
vt 0.7636040 0.0253640
vt 0.8387540 0.0099850
vt 0.8551640 0.0418230
vt 0.0256120 0.7985640
vt 0.0119510 0.7846610
vt 0.0256120 0.7862760
vt 0.0251990 0.7725970
vt 0.0256830 0.7770590
vt 0.0439730 0.0151900
vt 0.0416890 0.0272650
vt 0.0009930 0.0293980
vt 0.0352800 0.0552420
vt 0.0368030 0.0492620
vt 0.0400520 0.0363350
vt 0.0243840 0.7307610
vt 0.0245170 0.7575940
vt 0.0387490 0.0406300
vt 0.0248960 0.7637530
vt 0.0301670 0.0815840
vt 0.5376820 0.8336070
vt 0.7174500 0.8264730
vt 0.6291600 0.8003120
vt 0.0114420 0.8655920
vt 0.0124650 0.8727120
vt 0.0100180 0.9006740
vt 0.0102440 0.8573900
vt 0.8585260 0.9220340
vt 0.8584280 0.9846130
vt 0.8408870 0.9598610
vt 0.8414790 0.9526910
vt 0.6521650 0.6008100
vt 0.6717670 0.5774490
vt 0.6733480 0.7573510
vt 0.4136890 0.6392190
vt 0.6024400 0.5778900
vt 0.5915110 0.6606240
vt 0.3719120 0.2364450
vt 0.4676340 0.1516300
vt 0.4285280 0.2212750
vt 0.8390390 0.9916330
vt 0.7485430 0.9874120
vt 0.8044440 0.9716590
vt 0.4250580 0.9579970
vt 0.3987250 0.9843290
vt 0.3403380 0.9599450
vt 0.7415980 0.9752940
vt 0.8596480 0.4096060
vt 0.8596480 0.5850170
vt 0.8302730 0.9503270
vt 0.8059240 0.9418960
vt 0.7298760 0.9639660
vt 0.5314840 0.0875240
vt 0.6125780 0.0947830
vt 0.3046040 0.1462530
vt 0.8495410 0.4618080
vt 0.6840590 0.0875240
vt 0.6815230 0.0477400
vt 0.6679950 0.0498880
vt 0.6485380 0.0505670
vt 0.6357450 0.5356390
vt 0.6449930 0.7006520
vt 0.6293470 0.5447750
vt 0.6232710 0.5500620
vt 0.6926760 0.0478810
vt 0.7290180 0.0899060
vt 0.7158540 0.0427750
vt 0.7407920 0.0425470
vt 0.7005070 0.0460000
vt 0.6218670 0.0529610
vt 0.6572770 0.5104910
vt 0.0307510 0.4261480
vt 0.0146830 0.2972150
vt 0.0903590 0.2362060
vt 0.0132580 0.2922240
vt 0.0320210 0.1549900
vt 0.0884450 0.3467390
vt 0.5304440 0.2811590
vt 0.3549910 0.2381510
vt 0.5309710 0.2509410
vt 0.5347910 0.2277810
vt 0.5331300 0.2952690
vt 0.5310510 0.3106050
vt 0.5365050 0.3699710
vt 0.2654310 0.0771470
vt 0.1911920 0.0425290
vt 0.2796890 0.0711240
vt 0.2910580 0.0000770
vt 0.8917370 0.0240150
vt 0.9949400 0.0540030
vt 0.9868070 0.1001290
vt 0.0256830 0.8251920
vt 0.0256830 0.8668900
vt 0.0241710 0.8552900
vt 0.1845050 0.0013710
vt 0.9992690 0.0241800
vt 0.3144570 0.7787840
vt 0.3268690 0.7787840
vt 0.3133290 0.7854130
vt 0.0186940 0.7113860
vt 0.0219730 0.7290520
vt 0.0208920 0.7414170
vt 0.0201690 0.9105630
vt 0.0262630 0.9077210
vt 0.0250570 0.9402750
vt 0.5263260 0.9682400
vt 0.5413780 0.9526520
vt 0.5678010 0.9955390
vt 0.5042530 0.9853020
vt 0.4931220 0.7786140
vt 0.0198720 0.6787230
vt 0.4923160 0.9910740
vt 0.8994770 0.4187090
vt 0.8994770 0.2846150
vt 0.9216370 0.3948310
vt 0.0176160 0.6681630
vt 0.5371220 0.8008470
vt 0.5371220 0.8889780
vt 0.3573060 0.8006600
vt 0.2885900 0.0207910
vt 0.3289660 0.0172590
vt 0.3937170 0.0228190
vt 0.9608520 0.5875290
vt 0.9608520 0.7155010
vt 0.9545930 0.6489740
vt 0.7669130 0.3646860
vt 0.7539200 0.5131950
vt 0.7767250 0.4295300
vt 0.1573760 0.2472590
vt 0.1436520 0.4041260
vt 0.1300140 0.2278390
vt 0.4155390 0.8968900
vt 0.9147590 0.8803660
vt 0.9130150 0.8799660
vt 0.9123760 0.8616640
vt 0.7769790 0.4106780
vt 0.9100010 0.9272060
vt 0.8657880 0.9637970
vt 0.9088870 0.8443340
vt 0.9050540 0.8358110
vt 0.7533240 0.3362680
vt 0.5732850 0.8910680
vt 0.5942370 0.9031650
vt 0.7526040 0.5686110
vt 0.7236630 0.6262860
vt 0.7289210 0.6050800
vt 0.6921660 0.6257730
vt 0.7319720 0.5936910
vt 0.7176450 0.6490290
vt 0.6943590 0.7402850
vt 0.0983900 0.1362570
vt 0.0701370 0.1186020
vt 0.1760640 0.0965300
vt 0.2118770 0.0783080
vt 0.0028290 0.8200150
vt 0.0010130 0.8303140
vt 0.0022320 0.8021680
vt 0.0005920 0.8493470
vt 0.1796370 0.0414160
vt 0.1307240 0.0362750
vt 0.1333190 0.0069710
vt 0.1149500 0.9646900
vt 0.1149500 0.8002170
vt 0.2926750 0.9455230
vt 0.8445070 0.5805940
vt 0.8428500 0.5389000
vt 0.8471060 0.4902520
vt 0.4608870 0.9568270
vt 0.2854470 0.9588260
vt 0.3327340 0.9224880
vt 0.3942960 0.8720630
vt 0.8981570 0.3481570
vt 0.7538860 0.3355350
vt 0.8990950 0.2577820
vt 0.8453680 0.4593630
vt 0.8392300 0.4057040
vt 0.0162960 0.8743630
vt 0.0197470 0.8157640
vt 0.0194220 0.8698980
vt 0.0005740 0.6166360
vt 0.0005740 0.5226610
vt 0.0155550 0.5598790
vt 0.8521640 0.4047430
vt 0.0036620 0.8575310
vt 0.0036620 0.7978940
vt 0.0085570 0.8050400
vt 0.8539120 0.4037790
vt 0.8989520 0.4338120
vt 0.0035160 0.9015360
vt 0.0035160 0.8614160
vt 0.0052810 0.8868340
vt 0.8491910 0.4067830
vt 0.0228040 0.8686470
vt 0.8917770 0.4305900
vt 0.8729080 0.5376010
vt 0.8614000 0.4116650
vt 0.8641150 0.5868690
vt 0.9725520 0.4772480
vt 0.9960010 0.5424200
vt 0.9515650 0.5868560
vt 0.9512130 0.4664190
vt 0.0866780 0.1673400
vt 0.0984380 0.1673400
vt 0.0915810 0.2427290
vt 0.9440390 0.6362620
vt 0.9344240 0.5591150
vt 0.9274170 0.5659050
vt 0.9313910 0.5876220
vt 0.9427530 0.6645690
vt 0.8992390 0.9071630
vt 0.8992390 0.9833550
vt 0.8593140 0.9785700
vt 0.9268860 0.6694090
vt 0.9296730 0.5558640
vt 0.2515420 0.1772880
vt 0.0117820 0.8581770
vt 0.0117820 0.8089780
vt 0.0141230 0.8491210
vt 0.0619410 0.5402780
vt 0.0466920 0.6190220
vt 0.9267490 0.7168740
vt 0.9307250 0.5084100
vt 0.9440390 0.5593520
vt 0.9313910 0.6601560
vt 0.0138170 0.5300490
vt 0.6848510 0.3052830
vt 0.7541260 0.2567760
vt 0.7507500 0.4421490
vt 0.6814560 0.2947870
vt 0.8634950 0.9638240
vt 0.8761180 0.8794770
vt 0.8893750 0.8825370
vt 0.6399990 0.2218820
vt 0.5542960 0.2218820
vt 0.6379890 0.2013830
vt 0.7218530 0.2095890
vt 0.8927640 0.7991290
vt 0.8369520 0.9590070
vt 0.6097560 0.3411010
vt 0.6090210 0.3274740
vt 0.7324160 0.2272530
vt 0.5630750 0.2272530
vt 0.7331130 0.2170280
vt 0.6872190 0.1750930
vt 0.6870960 0.1879770
vt 0.5190900 0.1879770
vt 0.6891210 0.1983180
vt 0.6763620 0.2857760
vt 0.6944580 0.0790340
vt 0.5606740 0.0790340
vt 0.6113180 0.0754130
vt 0.7520290 0.4436660
vt 0.6964610 0.6146870
vt 0.6736800 0.4156160
vt 0.1167950 0.0955990
vt 0.0670110 0.0458150
vt 0.1900760 0.0422310
vt 0.0619160 0.7525040
vt 0.0597820 0.7509090
vt 0.0597820 0.6805040
vt 0.9615080 0.0815350
vt 0.9631050 0.1730010
vt 0.8902680 0.0708890
vt 0.0058660 0.9427020
vt 0.0086690 0.9322400
vt 0.0102630 0.9450820
vt 0.0100410 0.9370540
vt 0.2010620 0.9564210
vt 0.2838290 0.9974180
vt 0.2010620 0.9984110
vt 0.0596440 0.7931030
vt 0.8338820 0.9645810
vt 0.8245530 0.8647720
vt 0.0062510 0.8407940
vt 0.0062510 0.8845230
vt 0.0045010 0.8610800
vt 0.8688830 0.0001240
vt 0.8688830 0.0419090
vt 0.8559460 0.0415870
vt 0.7420900 0.0872620
vt 0.7457330 0.0456260
vt 0.7466690 0.0892710
vt 0.2842760 0.9536910
vt 0.1220230 0.4053820
vt 0.1144300 0.5643150
vt 0.0490320 0.7522420
vt 0.8875690 0.7993490
vt 0.0783680 0.4053820
vt 0.7206700 0.1165250
vt 0.8033370 0.0896680
vt 0.7537200 0.1223520
vt 0.6565850 0.0913150
vt 0.0013990 0.8970310
vt 0.0001820 0.8982480
vt 0.0000670 0.8710580
vt 0.7358510 0.1390830
vt 0.6895940 0.1110630
vt 0.7752050 0.1468920
vt 0.2143620 0.0763660
vt 0.0832920 0.1132720
vt 0.3296450 0.7531420
vt 0.1497880 0.7531420
vt 0.1517950 0.0796450
vt 0.3296850 0.7356160
vt 0.9710640 0.7254650
vt 0.9637080 0.6413830
vt 0.9862520 0.7335100
vt 0.9604740 0.7457130
vt 0.0023870 0.8962030
vt 0.0000570 0.8501310
vt 0.0023870 0.8702210
vt 0.0653510 0.8654600
vt 0.0465750 0.8786070
vt 0.0504070 0.7621550
vt 0.0001380 0.4053300
vt 0.0565580 0.4463220
vt 0.0002860 0.5218450
vt 0.0018120 0.8505040
vt 0.0155430 0.8534570
vt 0.0155430 0.8992310
vt 0.0137830 0.8538090
vt 0.5308550 0.0696880
vt 0.5308550 0.0617880
vt 0.5321950 0.0694800
vt 0.0117210 0.9337260
vt 0.0107620 0.9344230
vt 0.0109160 0.9326350
vt 0.7382500 0.6893830
vt 0.7935250 0.5192640
vt 0.8277330 0.7187610
vt 0.0135260 0.9211150
vt 0.0130380 0.9135720
vt 0.0150250 0.9193280
vt 0.0118570 0.9182760
vt 0.8561010 0.9837570
vt 0.8413580 0.9827260
vt 0.8414140 0.9629690
vt 0.0131870 0.9358900
vt 0.3003090 0.4720530
vt 0.3359360 0.3430210
vt 0.4939240 0.3402630
vt 0.8678510 0.7537690
vt 0.8849840 0.8003970
vt 0.8246930 0.8223410
vt 0.8315280 0.6483340
vt 0.0390310 0.8751860
vt 0.0357380 0.8751860
vt 0.0347710 0.7621550
vt 0.0449100 0.8770900
vt 0.0401340 0.8762480
vt 0.0434030 0.7631840
vt 0.3181500 0.3612280
vt 0.6210430 0.5547110
vt 0.5812250 0.4628320
vt 0.6572900 0.4240750
vt 0.6279000 0.3558460
vt 0.0081860 0.8025360
vt 0.0006320 0.7522370
vt 0.0040970 0.7558000
vt 0.9589430 0.9184630
vt 0.9164240 0.9382900
vt 0.9167160 0.8114660
vt 0.0086540 0.7457770
vt 0.0054670 0.7331440
vt 0.6491970 0.8301550
vt 0.7927130 0.9344260
vt 0.5499070 0.9645660
vt 0.7992340 0.7894610
vt 0.7550960 0.7110160
vt 0.8059160 0.7130940
vt 0.5568300 0.9646610
vt 0.6716720 0.9581150
vt 0.6443240 0.9646610
vt 0.7578470 0.7990570
vt 0.7354110 0.7103370
vt 0.8035370 0.8005560
vt 0.7493330 0.8871050
vt 0.7302530 0.8876570
vt 0.7334930 0.9618590
vt 0.8014970 0.8898590
vt 0.5189660 0.0001520
vt 0.4353450 0.0460160
vt 0.3940350 0.0160020
vt 0.4679990 0.0702290
vt 0.0028020 0.3179190
vt 0.0028020 0.4042630
vt 0.0001310 0.4044660
vt 0.2745940 0.2452310
vt 0.1505320 0.3981690
vt 0.1599350 0.3559560
vt 0.0040370 0.4069620
vt 0.0040370 0.3203100
vt 0.0072040 0.4068410
vt 0.1595940 0.2331570
vt 0.1900010 0.2279300
vt 0.1496480 0.3532430
vn -0.0854705 0.9895956 -0.1157385
vn -0.0373559 0.9957446 -0.0842453
vn -0.0159345 0.9974085 -0.0701598
vn 0.0127081 0.9999001 0.0061936
vn -0.0023489 0.9999715 0.0071696
vn 0.0031109 0.9999719 0.0068159
vn 0.0740851 -0.9913830 0.1080332
vn 0.0844586 -0.9913952 0.1000113
vn 0.0582981 -0.9913205 0.1178344
vn 0.8370994 0.5470413 -0.0032066
vn 0.8370994 0.5470413 -0.0032066
vn 0.8370994 0.5470413 -0.0032066
vn 0.0211935 0.9997595 0.0056429
vn 0.9967763 0.0801794 -0.0028782
vn 0.9973269 0.0730099 -0.0029465
vn 0.9904521 -0.1378238 -0.0030264
vn 0.0564717 -0.9904484 0.1257892
vn 0.0648956 -0.9901328 0.1241995
vn -0.9810595 -0.1907463 0.0337353
vn -0.9810595 -0.1907463 0.0337353
vn -0.9810595 -0.1907463 0.0337353
vn 0.9616553 -0.2723283 0.0325020
vn -0.1012227 0.9868519 -0.1260054
vn 0.9592259 -0.2804924 0.0347812
vn 0.0330368 -0.9993738 0.0126686
vn 0.0089797 -0.9998843 0.0122789
vn 0.0018322 -0.9998045 0.0196895
vn 0.9999642 -0.0060068 -0.0059578
vn 0.9999004 0.0131196 0.0051991
vn 0.9999977 0.0008905 -0.0019345
vn 0.9998035 0.0180946 0.0081014
vn 0.9987944 0.0490322 0.0023782
vn 0.9988797 0.0472820 0.0019598
vn 0.9996175 0.0275186 -0.0027637
vn 0.9996664 0.0256290 -0.0032151
vn 0.0293007 -0.9995551 0.0055696
vn -0.0099735 -0.9999263 -0.0069228
vn 0.0043980 0.9993905 -0.0346320
vn 0.0043980 0.9993905 -0.0346320
vn 0.0043980 0.9993905 -0.0346320
vn 0.1630451 0.9480113 0.2732962
vn 0.1541233 0.9816030 0.1127009
vn 0.1491565 0.9878077 0.0445909
vn 0.9781318 -0.0842504 0.1901578
vn 0.9960327 -0.0533964 0.0711883
vn 0.9915862 -0.0641539 0.1124327
vn 0.0493121 -0.6684859 -0.7420883
vn 0.0000798 -0.6124200 -0.7905325
vn 0.0760268 -0.6968645 -0.7131618
vn -0.9430961 0.0046575 -0.3324876
vn -0.9430961 0.0046575 -0.3324876
vn -0.9430961 0.0046575 -0.3324876
vn -0.9218910 -0.3265928 -0.2084566
vn -0.9218910 -0.3265928 -0.2084566
vn -0.9218910 -0.3265928 -0.2084566
vn 0.1173147 -0.7378278 -0.6647160
vn 0.9992398 -0.0374962 0.0106683
vn 0.0016618 -0.9999888 0.0044419
vn 0.0016618 -0.9999888 0.0044419
vn 0.0016618 -0.9999888 0.0044419
vn 0.1440760 0.9894204 -0.0170117
vn 0.9200185 0.3917807 -0.0085911
vn 0.9730852 0.2304450 -0.0005671
vn 0.9549047 0.2964374 -0.0167920
vn 0.9447198 0.3274952 -0.0158578
vn 0.8612927 0.5079629 -0.0121891
vn 0.9358463 0.3524056 -0.0013872
vn -0.6884793 -0.7249609 0.0206858
vn -0.3741279 -0.9262614 0.0454767
vn -0.9034018 -0.4281347 0.0237895
vn -0.4578121 -0.8885437 0.0299688
vn 0.6023507 0.7982266 0.0028259
vn 0.6023507 0.7982266 0.0028259
vn 0.6023507 0.7982266 0.0028259
vn -0.8576160 -0.5142896 -0.0010165
vn -0.0577720 -0.9966345 0.0581555
vn 0.2415154 0.9693357 -0.0453718
vn 0.2415154 0.9693357 -0.0453718
vn 0.2415154 0.9693357 -0.0453718
vn 0.9998546 -0.0113738 0.0127081
vn 0.9998546 -0.0113738 0.0127081
vn 0.9998546 -0.0113738 0.0127081
vn 0.9999707 -0.0003699 -0.0076482
vn 0.9999709 -0.0004105 -0.0076227
vn 0.9999712 -0.0004973 -0.0075679
vn -0.9482121 0.0002533 -0.3176378
vn -0.8342687 0.0258109 -0.5507536
vn -0.9381173 0.0032733 -0.3463023
vn -0.8295458 0.0266239 -0.5578037
vn 0.9999710 -0.0004369 -0.0076060
vn 0.9999476 -0.0030271 -0.0097749
vn 0.9999475 -0.0030622 -0.0097749
vn 0.9999487 0.0026346 -0.0097812
vn 0.9999146 -0.0086770 -0.0097683
vn 0.9997880 -0.0045666 0.0200770
vn 0.9994543 0.0097368 0.0315650
vn 0.6961259 -0.7179086 -0.0039963
vn 0.6961259 -0.7179086 -0.0039963
vn 0.6961259 -0.7179086 -0.0039963
vn 0.9998287 -0.0116810 0.0143599
vn 0.0442519 -0.0117788 -0.9989510
vn 0.0442519 -0.0117788 -0.9989510
vn 0.0442519 -0.0117788 -0.9989510
vn 0.9997773 -0.0036926 0.0207791
vn 0.8597469 0.5107189 0.0012009
vn 0.8597469 0.5107189 0.0012009
vn 0.8597469 0.5107189 0.0012009
vn -0.9303087 -0.3667716 0.0020913
vn -0.9302706 -0.3668725 -0.0010741
vn -0.9302607 -0.3668949 -0.0017921
vn -0.0285123 -0.9994946 -0.0140592
vn 0.0096097 -0.9997737 -0.0189791
vn -0.3135786 -0.9492693 0.0235851
vn 0.6099241 0.7921879 0.0207575
vn 0.7775903 0.6287619 -0.0034397
vn 0.7737770 0.6334518 -0.0028131
vn 0.3905082 0.9205867 0.0048373
vn 0.0369049 0.9982319 0.0465953
vn 0.5364011 0.8438573 -0.0133683
vn 0.9732161 0.2295491 0.0125536
vn 0.9732161 0.2295491 0.0125536
vn 0.0028589 0.9987237 0.0504259
vn -0.9302017 -0.3670076 -0.0055045
vn 0.5371104 0.8434395 -0.0110561
vn 0.5953918 0.8031175 0.0226010
vn 0.0070147 0.9999750 0.0008434
vn 0.0070147 0.9999750 0.0008434
vn -0.5897951 -0.8051883 0.0617539
vn 0.9732161 0.2295491 0.0125536
vn 0.0070147 0.9999750 0.0008434
vn 0.7049591 0.5886308 0.3956595
vn 0.7049591 0.5886308 0.3956595
vn 0.7049591 0.5886308 0.3956595
vn 0.9986390 0.0521548 0.0000770
vn 0.9982596 0.0400918 -0.0432487
vn 0.9984292 0.0051534 -0.0557904
vn -0.3395225 -0.1318002 0.9313180
vn -0.3628151 -0.1331857 0.9222943
vn -0.1758727 -0.1202104 0.9770457
vn -0.1416364 -0.1173994 0.9829326
vn 0.9933614 -0.1043450 -0.0484271
vn 0.5874491 0.8085630 -0.0336067
vn 0.6407152 0.7677586 -0.0055554
vn 0.8882776 0.4592823 0.0047527
vn 0.8882776 0.4592823 0.0047527
vn 0.8882776 0.4592823 0.0047527
vn -0.9088637 -0.4012810 0.1137561
vn -0.9280783 -0.3712003 0.0296818
vn -0.9249896 -0.3772167 0.0458449
vn -0.6899711 0.7238101 0.0062285
vn -0.6899711 0.7238101 0.0062285
vn -0.6899711 0.7238101 0.0062285
vn 0.6513069 0.7588144 0.0002488
vn -0.9328701 -0.3602118 0.0008957
vn 0.9896943 -0.1406282 -0.0269988
vn 0.9689303 0.2472227 0.0074154
vn 0.9689303 0.2472227 0.0074154
vn 0.6110392 0.7913108 -0.0214067
vn 0.9689303 0.2472227 0.0074154
vn -0.0154575 -0.9995329 0.0263627
vn -0.0154575 -0.9995329 0.0263627
vn -0.0154575 -0.9995329 0.0263627
vn 0.0007735 0.9993499 -0.0360454
vn 0.0007397 0.9995842 -0.0288248
vn 0.0006085 0.9999994 -0.0009322
vn 0.0124635 -0.9999115 0.0046501
vn 0.0106709 -0.9999131 0.0077461
vn 0.0053283 -0.9998418 0.0169712
vn -0.0002147 0.9999933 0.0036561
vn -0.0002147 0.9999933 0.0036561
vn 0.0018431 -0.9997341 0.0229875
vn 0.0008889 0.9981568 -0.0606807
vn 0.0084388 0.9999548 0.0043718
vn 0.0084388 0.9999548 0.0043718
vn 0.0084388 0.9999548 0.0043718
vn -0.0002147 0.9999933 0.0036561
vn -0.0151586 -0.9974940 0.0691083
vn -0.0157338 -0.9974391 0.0697682
vn -0.0086159 -0.9969497 0.0775697
vn 0.0045231 0.9803266 -0.1973304
vn 0.0229751 0.9972887 -0.0699103
vn 0.0180748 0.9943997 -0.1041273
vn -0.0051404 0.9999867 -0.0003794
vn 0.0093373 0.9983773 0.0561744
vn -0.0093119 0.9999322 -0.0069848
vn 0.0008425 -0.9965999 0.0823883
vn 0.0282098 -0.9938690 0.1069050
vn 0.0365044 0.9971832 0.0655222
vn 0.0151204 0.9980158 0.0611219
vn 0.0321273 -0.9933192 0.1108369
vn -0.0117126 0.9984122 0.0550984
vn 0.0249433 0.3819502 -0.9238462
vn 0.0249433 0.3819502 -0.9238462
vn 0.0249433 0.3819502 -0.9238462
vn -0.0091590 0.9571833 -0.2893377
vn 0.9267033 0.3703428 0.0637746
vn 0.9267033 0.3703428 0.0637746
vn 0.9267033 0.3703428 0.0637746
vn -0.0579954 -0.9321886 0.3572967
vn -0.0579954 -0.9321886 0.3572967
vn -0.0579954 -0.9321886 0.3572967
vn -0.0015249 -0.9973184 0.0731692
vn -0.0862447 -0.9873155 0.1333036
vn -0.0448885 -0.9934309 0.1052618
vn 0.0051753 -0.9975688 0.0694963
vn -0.0151261 -0.9974993 0.0690387
vn 0.0018930 -0.9972703 0.0738129
vn 0.0122386 -0.9973704 0.0714324
vn -0.0028325 0.9998129 0.0191351
vn -0.0087715 0.9988308 0.0475408
vn -0.0197109 0.9966524 0.0793437
vn -0.0087116 0.9985821 0.0525148
vn -0.0000614 0.9999785 0.0065563
vn 0.0000350 0.9999817 0.0060453
vn -0.0000738 0.9980354 -0.0626520
vn -0.0000738 0.9980354 -0.0626520
vn -0.0000738 0.9980354 -0.0626520
vn 0.0127687 -0.9996235 0.0242866
vn 0.0127687 -0.9996235 0.0242866
vn 0.0127687 -0.9996235 0.0242866
vn -0.0008338 0.9996361 -0.0269637
vn -0.0008338 0.9996361 -0.0269637
vn 0.0010820 0.9976268 -0.0688452
vn 0.0010820 0.9976268 -0.0688452
vn 0.0006717 0.9999997 0.0002923
vn 0.0006717 0.9999997 0.0002923
vn 0.0006717 0.9999997 0.0002923
vn 0.0000976 -0.9970573 0.0766604
vn 0.0041439 -0.9971049 0.0759255
vn 0.0154132 -0.9931051 0.1162100
vn 0.0050484 -0.9980378 0.0624107
vn 0.0070984 -0.9982829 0.0581454
vn -0.0077737 -0.9959994 0.0890207
vn -0.0069261 -0.9961087 0.0878604
vn 0.0009413 0.9995849 -0.0287953
vn 0.0009413 0.9995849 -0.0287953
vn 0.0139857 0.9995794 0.0254065
vn 0.0171599 0.9995693 0.0238066
vn 0.0111132 0.9995776 0.0268540
vn 0.0141278 -0.9836536 0.1795162
vn 0.0076139 0.9995615 0.0286169
vn -0.0008338 0.9996361 -0.0269637
vn 0.0010820 0.9976268 -0.0688452
vn 0.0048004 -0.9974548 0.0711394
vn 0.0009413 0.9995849 -0.0287953
vn 0.0456711 0.9946454 0.0927070
vn 0.0468288 0.9963682 0.0711157
vn 0.0468423 0.9963858 0.0708600
vn 0.6722821 0.7402394 0.0090803
vn -0.0300953 0.9995043 -0.0092383
vn 0.0550451 0.9984723 0.0048017
vn 0.1442399 0.9894203 0.0155677
vn 0.0152450 -0.9989234 -0.0438144
vn 0.0204207 -0.9993073 -0.0311121
vn 0.0089428 -0.9982025 -0.0592607
vn 0.0480428 0.9976922 0.0479802
vn 0.0273521 -0.9995267 -0.0140770
vn 0.7361238 0.6767878 0.0089425
vn 0.9997922 -0.0017977 0.0203049
vn 0.9996750 -0.0082850 0.0241093
vn 0.9997463 -0.0047245 0.0220214
vn 0.9998385 0.0024700 0.0178015
vn -0.9986524 0.0518405 0.0024338
vn -0.9986524 0.0518405 0.0024338
vn -0.9986524 0.0518405 0.0024338
vn -0.0096921 -0.6364772 -0.7712346
vn -0.0096921 -0.6364772 -0.7712346
vn -0.0096921 -0.6364772 -0.7712346
vn 0.0106604 0.9999380 0.0032280
vn 0.0037356 0.9997192 0.0234020
vn 0.0045723 0.9999886 0.0014043
vn 0.0280336 -0.9962703 -0.0816069
vn 0.0605124 -0.9946752 -0.0834237
vn 0.0358194 -0.9960964 -0.0806778
vn 0.0099217 0.9999499 0.0013299
vn 0.0155065 0.9998736 0.0035051
vn -0.0087074 -0.9973760 -0.0718696
vn 0.0020236 -0.9971130 -0.0759047
vn 0.0048387 -0.9969533 -0.0778504
vn 0.8001348 -0.4051940 -0.4422693
vn 0.8001348 -0.4051940 -0.4422693
vn 0.8001348 -0.4051940 -0.4422693
vn 0.0094163 -0.9965931 -0.0819356
vn -0.0361012 0.9937221 0.1058915
vn -0.0361012 0.9937221 0.1058915
vn 0.0003330 -0.9967263 -0.0808494
vn 0.0377511 0.9980218 -0.0502722
vn 0.0377511 0.9980218 -0.0502722
vn 0.0377511 0.9980218 -0.0502722
vn 0.0302720 -0.9843672 -0.1735073
vn 0.0302720 -0.9843672 -0.1735073
vn 0.0302720 -0.9843672 -0.1735073
vn 0.0744001 -0.9935906 -0.0851025
vn -0.0361012 0.9937221 0.1058915
vn -0.0015262 0.9999889 -0.0044657
vn -0.0038796 0.9999724 -0.0063380
vn -0.0085752 0.9999182 -0.0094938
vn 0.0033438 -0.9979720 -0.0635668
vn 0.0031126 -0.9983756 -0.0568895
vn 0.0039048 -0.9980021 -0.0630595
vn 0.0080280 -0.9977917 -0.0659332
vn -0.0001918 -0.9980159 -0.0629619
vn -0.0105375 -0.9997873 -0.0177285
vn 0.0092285 -0.9990303 -0.0430495
vn -0.0023742 0.9999806 -0.0057665
vn -0.0460647 0.9896375 0.1359989
vn -0.0460647 0.9896375 0.1359989
vn -0.0460647 0.9896375 0.1359989
vn 0.0026717 0.9998477 0.0172483
vn 0.0320859 0.9994851 0.0000742
vn -0.0030120 -0.9999537 -0.0091387
vn -0.0128499 0.9997441 -0.0186175
vn 0.0096268 -0.9997369 -0.0208212
vn 0.0465618 0.9988802 -0.0083860
vn 0.1182083 0.9507020 0.2866925
vn 0.1182083 0.9507020 0.2866925
vn 0.0127908 -0.5878380 -0.8088775
vn 0.0127908 -0.5878380 -0.8088775
vn 0.0127908 -0.5878380 -0.8088775
vn -0.0173719 0.9995555 -0.0242268
vn 0.0126240 0.9998549 0.0114399
vn 0.1182083 0.9507020 0.2866925
vn -0.0171045 0.9977283 0.0651587
vn -0.0114104 0.9988793 0.0459332
vn -0.0172162 0.9983273 0.0551930
vn 0.0097061 0.6695106 0.7427391
vn 0.0097061 0.6695106 0.7427391
vn 0.0097061 0.6695106 0.7427391
vn -0.0055605 0.9998277 0.0177123
vn 0.0036970 0.9999865 -0.0036459
vn -0.0000957 -0.9999846 0.0055430
vn -0.0000993 -0.9999902 -0.0044171
vn -0.0001134 -0.9990535 -0.0434991
vn 0.0037394 0.9998956 -0.0139608
vn -0.0000797 -0.9987942 0.0490924
vn -0.0024113 0.9972868 -0.0735741
vn -0.0024113 0.9972868 -0.0735741
vn -0.0035496 -0.9999921 0.0017656
vn -0.0035496 -0.9999921 0.0017656
vn -0.0038944 0.9999923 -0.0005234
vn -0.0010499 0.9999994 -0.0000236
vn -0.0019586 0.9999981 -0.0002173
vn 0.0014553 0.9999988 0.0005004
vn 0.0003294 0.9999999 0.0002460
vn 0.0025223 0.9999823 0.0053873
vn -0.0024113 0.9972868 -0.0735741
vn -0.0035496 -0.9999921 0.0017656
vn -0.0034425 -0.0106981 0.9999368
vn -0.0034425 -0.0106981 0.9999368
vn -0.0034425 -0.0106981 0.9999368
vn -0.0175861 0.9419642 0.3352524
vn -0.0175861 0.9419642 0.3352524
vn -0.0175861 0.9419642 0.3352524
vn -0.0020003 0.9999968 -0.0015754
vn 0.0037970 0.9997760 -0.0208207
vn -0.0031843 0.9999922 0.0023553
vn 0.0000165 -0.9991841 -0.0403865
vn -0.0020690 -0.9978287 -0.0658305
vn -0.0022083 -0.9978459 -0.0655651
vn 0.0006642 -0.9994663 -0.0326591
vn 0.0034208 -0.9999890 0.0031958
vn 0.0081606 0.9993433 -0.0353039
vn -0.0041868 0.9999798 0.0047792
vn -0.0041327 0.8981009 0.4397700
vn 0.0233058 0.9991552 -0.0338475
vn -0.0123673 0.9997430 0.0189989
vn -0.0001388 0.9999374 -0.0111893
vn -0.0189596 -0.9980943 -0.0587219
vn -0.0009084 -0.9977965 -0.0663428
vn 0.0182973 -0.9966941 -0.0791586
vn -0.0019220 -0.9979303 -0.0642762
vn -0.0199649 0.9992641 0.0327502
vn 0.0067382 -0.9972084 -0.0743639
vn 0.0008578 0.9999106 -0.0133458
vn -0.0110905 -0.9984622 -0.0543154
vn -0.0031303 -0.9980689 -0.0620385
vn 0.0063936 -0.9975817 -0.0692090
vn 0.0171610 0.9983459 0.0548721
vn 0.0171610 0.9983459 0.0548721
vn 0.0171610 0.9983459 0.0548721
vn 0.9999994 0.0011058 -0.0000386
vn 0.9999993 0.0008777 -0.0008003
vn 0.9999998 -0.0005843 0.0000943
vn 0.9999440 -0.0073654 -0.0076028
vn 0.9999440 -0.0073654 -0.0076028
vn 0.9999998 -0.0003604 0.0005003
vn 0.9999982 0.0015210 0.0011460
vn 0.9999992 0.0006574 -0.0010650
vn 0.9999440 -0.0073654 -0.0076028
vn 0.9999893 -0.0045762 0.0006729
vn 0.9999990 -0.0013458 -0.0004157
vn 0.9999968 -0.0025397 0.0001953
vn 0.9999986 0.0007655 -0.0015062
vn 0.9999967 0.0015068 -0.0020656
vn 0.8853267 -0.4649623 -0.0025934
vn 0.9199874 -0.3919210 -0.0045932
vn 0.9206077 -0.3904613 -0.0046322
vn 0.0588097 -0.9982641 0.0031799
vn 0.0307494 -0.9995241 0.0024442
vn 0.0319291 -0.9994872 0.0024425
vn 0.9990344 -0.0436348 -0.0051321
vn 0.9991427 -0.0410581 -0.0053013
vn 0.9957932 -0.0916078 -0.0019723
vn 0.0809519 -0.9967114 0.0036269
vn 0.0301660 -0.9995421 0.0023747
vn 0.9956957 -0.0926632 -0.0019026
vn 0.8849039 -0.4657665 -0.0025708
vn 0.9238714 0.2819636 0.2587629
vn 0.9238714 0.2819636 0.2587629
vn 0.9238714 0.2819636 0.2587629
vn 0.9999556 0.0059150 0.0073323
vn 0.9994942 -0.0023366 0.0317147
vn 0.9999896 -0.0042857 -0.0015309
vn 0.9948237 -0.1015711 0.0030271
vn 0.9999403 -0.0078569 0.0075949
vn 0.9717732 -0.2357989 0.0074613
vn 0.9918432 -0.1274635 0.0002576
vn 0.9998051 0.0010112 -0.0197161
vn 0.9999483 0.0070951 -0.0072889
vn 0.9644149 -0.2643688 0.0035989
vn 0.0240492 -0.9997101 -0.0011338
vn 0.0240492 -0.9997101 -0.0011338
vn 0.0240492 -0.9997101 -0.0011338
vn 0.7539847 -0.0101543 -0.6568134
vn 0.7539847 -0.0101543 -0.6568134
vn 0.7539847 -0.0101543 -0.6568134
vn -0.2479830 0.9687241 0.0088316
vn -0.2479830 0.9687241 0.0088316
vn -0.2479830 0.9687241 0.0088316
vn 0.0301654 -0.9995423 0.0022723
vn 0.0301654 -0.9995423 0.0022723
vn 0.0301654 -0.9995423 0.0022723
vn 0.0859450 -0.9962443 0.0105256
vn 0.0859450 -0.9962443 0.0105256
vn 0.0859450 -0.9962443 0.0105256
vn 0.8891538 -0.2421276 -0.3883036
vn 0.8891538 -0.2421276 -0.3883036
vn 0.8891538 -0.2421276 -0.3883036
vn 0.0246541 -0.3496558 -0.9365538
vn 0.0234568 -0.3567272 -0.9339141
vn 0.0097081 -0.4358770 -0.8999539
vn 0.1659348 0.0690737 -0.9837146
vn 0.2174719 0.0230309 -0.9757948
vn 0.4674105 -0.2176068 -0.8568399
vn 0.5243373 -0.2777578 -0.8049354
vn 0.0072421 -0.4496794 -0.8931607
vn 0.0426191 -0.9990281 0.0112415
vn 0.0426191 -0.9990281 0.0112415
vn 0.0426191 -0.9990281 0.0112415
vn 0.9978104 -0.0661044 0.0021695
vn 0.9978104 -0.0661044 0.0021695
vn 0.9978104 -0.0661044 0.0021695
vn -0.0004280 -0.9970543 -0.0766982
vn 0.0000200 -0.9941963 -0.1075811
vn -0.0010389 -0.9994071 -0.0344151
vn 0.0004986 -0.9900868 -0.1404562
vn 0.9301260 -0.3670183 0.0127785
vn 0.9301260 -0.3670183 0.0127785
vn 0.9301260 -0.3670183 0.0127785
vn -0.9330762 0.3591085 0.0202446
vn -0.9330762 0.3591085 0.0202446
vn -0.9330762 0.3591085 0.0202446
vn 0.8878488 -0.2390972 -0.3931374
vn 0.8878488 -0.2390972 -0.3931374
vn 0.8878488 -0.2390972 -0.3931374
vn -0.0575605 -0.2432303 0.9682592
vn -0.0575605 -0.2432303 0.9682592
vn -0.0575605 -0.2432303 0.9682592
vn 0.0418987 -0.4881704 -0.8717420
vn 0.0234261 -0.5275810 -0.8491817
vn 0.0256546 -0.5229003 -0.8520077
vn -0.1045585 0.9834531 -0.1479441
vn -0.1045585 0.9834531 -0.1479441
vn -0.1045585 0.9834531 -0.1479441
vn 0.0469096 -0.4772394 -0.8775204
vn 0.1166451 0.6935807 -0.7108726
vn 0.1166451 0.6935807 -0.7108726
vn 0.1166451 0.6935807 -0.7108726
vn -0.0127780 0.0149589 -0.9998065
vn -0.1038906 0.0035102 -0.9945825
vn -0.1717666 -0.0051109 -0.9851244
vn 0.0008638 0.0166610 -0.9998608
vn -0.0956425 0.0106078 -0.9953592
vn -0.0956425 0.0106078 -0.9953592
vn -0.0956425 0.0106078 -0.9953592
vn 0.0051567 0.0069113 0.9999628
vn 0.0051567 0.0069113 0.9999628
vn 0.0051567 0.0069113 0.9999628
vn -0.0027794 -0.7495654 0.6619244
vn -0.0027794 -0.7495654 0.6619244
vn -0.0027794 -0.7495654 0.6619244
vn 0.9833248 0.1797942 -0.0273200
vn 0.9982558 0.0576282 0.0128198
vn 0.9922018 0.1243149 -0.0090251
vn 0.9998625 -0.0017535 0.0164892
vn 0.9998640 -0.0018420 0.0163880
vn 0.9986796 0.0489266 0.0156587
vn 0.9998588 -0.0015409 0.0167321
vn 0.9998635 -0.0018108 0.0164237
vn 0.9822395 -0.1876045 0.0031843
vn 0.9822395 -0.1876045 0.0031843
vn 0.9822395 -0.1876045 0.0031843
vn 0.0067341 -0.9999284 0.0098874
vn -0.0069785 -0.9999146 0.0110491
vn 0.0170832 -0.9998305 0.0068665
vn 0.9998694 -0.0022992 0.0159975
vn 0.9998694 -0.0022992 0.0159975
vn 0.0855150 0.9942634 0.0642447
vn 0.0855150 0.9942634 0.0642447
vn 0.0855150 0.9942634 0.0642447
vn -0.0476480 -0.9987015 0.0180266
vn -0.1017836 -0.9944942 0.0249289
vn 0.0048762 -0.9999808 -0.0038344
vn 0.0048580 -0.9998443 0.0169649
vn 0.0000458 -0.1608177 0.9869841
vn 0.0153195 -0.1405941 0.9899488
vn 0.0033431 -0.1564607 0.9876785
vn 0.0187434 -0.1360462 0.9905252
vn 0.4912695 -0.1492393 0.8581270
vn 0.4912695 -0.1492393 0.8581270
vn 0.4912695 -0.1492393 0.8581270
vn 0.0048914 -0.9997141 -0.0234040
vn 0.9500359 -0.3112331 -0.0237855
vn 0.9500359 -0.3112331 -0.0237855
vn 0.9500359 -0.3112331 -0.0237855
vn 0.9998694 -0.0022992 0.0159975
vn 0.0048345 -0.9991523 0.0408819
vn -0.0048338 -0.9961959 0.0870076
vn -0.0030564 -0.9927614 0.1200647
vn -0.0071701 -0.9990384 0.0432524
vn -0.0078886 -0.9995269 0.0297284
vn -0.0178722 -0.9990758 0.0390923
vn 0.0006642 -0.9999997 0.0003597
vn -0.0234374 -0.9989532 0.0392832
vn -0.0126115 -0.9995388 0.0276237
vn -0.0032772 -0.9999782 0.0057384
vn -0.0244993 -0.9989785 0.0379695
vn -0.0047592 0.9999389 -0.0099804
vn -0.0025501 0.9999819 -0.0054405
vn -0.0131136 0.9998704 -0.0093427
vn 0.0043002 0.9999873 0.0026143
vn -0.0162494 0.9998439 -0.0069340
vn 0.0026906 -0.9976818 -0.0679988
vn 0.0101283 -0.9975585 -0.0690974
vn 0.0008993 -0.9976071 -0.0691317
vn -0.0140854 -0.9974200 -0.0703910
vn -0.0261612 -0.9968611 -0.0747229
vn 0.0214743 -0.9972878 -0.0703986
vn -0.0053797 0.9997040 -0.0237266
vn 0.0059747 0.9999291 -0.0102968
vn 0.0065673 -0.9974296 -0.0713518
vn 0.0339974 0.9991068 0.0250957
vn 0.0037601 -0.9978412 -0.0655649
vn -0.0042764 -0.9999366 -0.0104182
vn -0.0042764 -0.9999366 -0.0104182
vn -0.0042764 -0.9999366 -0.0104182
vn 0.0037668 0.9999282 0.0113733
vn -0.0204961 0.9980649 -0.0587051
vn -0.0086991 0.9996587 -0.0246317
vn 0.0064483 0.9997964 0.0191180
vn -0.0033577 -0.9970677 -0.0764509
vn -0.0060903 -0.9973813 -0.0720663
vn 0.0000017 -0.9966456 -0.0818382
vn 0.0168146 -0.9939269 -0.1087503
vn -0.0036629 0.9891244 0.1470356
vn -0.0036629 0.9891244 0.1470356
vn -0.0036629 0.9891244 0.1470356
vn 0.0066129 -0.0001532 0.9999781
vn 0.0066129 -0.0001532 0.9999781
vn 0.0066129 -0.0001532 0.9999781
vn -0.0131804 0.9998525 -0.0110072
vn -0.0148646 0.9998580 -0.0079325
vn -0.0058400 0.9996852 -0.0244025
vn -0.0035420 0.9998031 0.0195264
vn -0.0034764 0.9989272 0.0461767
vn -0.0025430 0.9991585 0.0409377
vn 0.0022537 -0.9997664 -0.0214968
vn 0.0022537 -0.9997664 -0.0214968
vn 0.0022537 -0.9997664 -0.0214968
vn -0.0091000 0.9999275 0.0078818
vn -0.0042915 -0.9999020 -0.0133238
vn -0.0042915 -0.9999020 -0.0133238
vn -0.0015978 0.9999518 -0.0096826
vn -0.0039297 0.9984583 -0.0553675
vn -0.0164381 0.9996515 -0.0206551
vn 0.0000668 -0.9987480 0.0500247
vn 0.0000668 -0.9987480 0.0500247
vn -0.0179427 0.9998363 -0.0023121
vn -0.0042915 -0.9999020 -0.0133238
vn 0.0000668 -0.9987480 0.0500247
vn 0.0035096 -0.9956406 -0.0932066
vn -0.0060429 -0.9864716 -0.1638206
vn -0.0103014 -0.9967587 -0.0797872
vn 0.0154745 0.9991413 -0.0384343
vn -0.0027184 0.9995860 -0.0286426
vn 0.0047967 0.9994000 -0.0343006
vn -0.0711924 0.9974323 0.0077691
vn 0.0010723 -0.9967905 -0.0800473
vn -0.0064773 -0.9967756 -0.0799779
vn -0.0143975 -0.9998315 -0.0113882
vn -0.0149863 -0.9971466 -0.0739875
vn 0.0167859 -0.9962262 -0.0851568
vn -0.0074141 -0.9969830 -0.0772648
vn 0.0011922 0.9995544 -0.0298245
vn -0.0002096 -0.9997419 -0.0227171
vn -0.0002096 -0.9997419 -0.0227171
vn -0.0032992 0.9998013 0.0196611
vn -0.0032992 0.9998013 0.0196611
vn -0.0032992 0.9998013 0.0196611
vn -0.0002096 -0.9997419 -0.0227171
vn 0.0134294 0.9993902 -0.0322327
vn -0.0045930 0.9995681 -0.0290274
vn -0.0151677 0.9995535 -0.0257431
vn -0.0095437 0.9996086 -0.0262967
vn -0.0160626 0.9995923 -0.0236054
vn -0.0232268 0.9994381 -0.0241652
vn 0.0139206 0.9992753 -0.0354268
vn 0.0166483 -0.9945296 -0.1031202
vn -0.0143852 -0.9946113 -0.1026714
vn 0.0059244 -0.9957997 -0.0913666
vn -0.0141721 -0.9951164 -0.0976861
vn -0.0172396 0.9978860 0.0626611
vn -0.0173227 0.9979096 0.0622611
vn -0.0186959 0.9982753 0.0556494
vn -0.9861229 -0.1643512 -0.0234604
vn -0.9861229 -0.1643512 -0.0234604
vn -0.9861229 -0.1643512 -0.0234604
vn -0.0262944 -0.9916546 -0.1262133
vn -0.0155269 0.9973627 0.0708977
vn -0.9103535 0.4127161 -0.0303646
vn -0.8732797 0.4872169 0.0015411
vn -0.8993475 0.4367657 -0.0202436
vn -0.9981377 -0.0609912 0.0011168
vn -0.9988420 -0.0479257 0.0042229
vn -0.9988779 -0.0471542 0.0044113
vn 0.9006557 -0.4308033 -0.0568140
vn 0.9006557 -0.4308033 -0.0568140
vn 0.9006557 -0.4308033 -0.0568140
vn -0.0194747 -0.9966010 -0.0800446
vn -0.0378299 -0.9964654 -0.0750035
vn -0.0180760 -0.9967166 -0.0789264
vn -0.0170548 -0.9971228 -0.0738594
vn -0.8667707 0.4986633 0.0065941
vn -0.9971684 -0.0751915 0.0011768
vn -0.0257180 -0.9973528 -0.0680139
vn 0.2063353 0.9371744 0.2813004
vn 0.2063353 0.9371744 0.2813004
vn 0.2063353 0.9371744 0.2813004
vn -0.9971351 -0.0756323 0.0011834
vn -0.9999656 -0.0047128 0.0068327
vn -0.9999656 -0.0047128 0.0068327
vn -0.9999656 -0.0047128 0.0068327
vn -0.0170989 0.9989785 0.0418281
vn -0.0170989 0.9989785 0.0418281
vn -0.0170989 0.9989785 0.0418281
vn 0.0000557 -0.9997971 -0.0201432
vn 0.0000557 -0.9997971 -0.0201432
vn 0.0000557 -0.9997971 -0.0201432
vn 0.0013976 -0.9977764 0.0666351
vn 0.0016340 -0.9975145 0.0704427
vn 0.0002886 -0.9976287 0.0688258
vn -0.0127790 0.9924249 -0.1221867
vn -0.0127790 0.9924249 -0.1221867
vn -0.0127790 0.9924249 -0.1221867
vn 0.0005607 0.9998874 -0.0149971
vn 0.0367235 0.9969518 0.0688361
vn 0.0240387 0.9985104 0.0489801
vn -0.0067515 0.9998792 0.0140001
vn -0.0102483 -0.9992125 0.0383312
vn 0.0576980 0.9962837 0.0639517
vn -0.0007480 0.9998409 0.0178244
vn 0.0019335 0.9997628 0.0216931
vn 0.0079437 0.9995785 0.0279244
vn 0.0019012 -0.9977579 0.0668999
vn 0.0005607 0.9998874 -0.0149971
vn 0.0005607 0.9998874 -0.0149971
vn -0.0163117 -0.9800844 0.1979104
vn -0.0007388 -0.9936076 0.1128863
vn -0.0095338 -0.9920230 0.1256962
vn -0.0036743 -0.9980783 0.0618563
vn 0.0058079 -0.9982390 0.0590346
vn -0.0106250 -0.9903339 0.1382961
vn -0.0125139 -0.9953795 0.0952001
vn 0.0003266 -0.9997947 -0.0202609
vn 0.0002230 -0.9997991 -0.0200443
vn -0.0003878 -0.9998238 -0.0187680
vn -0.0005062 -0.9998284 -0.0185205
vn -0.9983793 0.0568570 -0.0024459
vn -0.9994034 0.0345276 0.0008782
vn -0.9983256 0.0577864 -0.0025843
vn -0.9994438 0.0333311 0.0010563
vn -0.0188507 0.9992816 -0.0328761
vn -0.0188507 0.9992816 -0.0328761
vn -0.0188507 0.9992816 -0.0328761
vn -0.0255587 0.9996733 -0.0000912
vn -0.0255587 0.9996733 -0.0000912
vn -0.0255587 0.9996733 -0.0000912
vn -0.9964008 -0.0847301 -0.0024972
vn -0.9962047 -0.0870125 -0.0022285
vn -0.9813306 -0.1920245 0.0108071
vn 0.0189905 0.9960520 -0.0867165
vn 0.1648455 0.9656860 -0.2006899
vn 0.1261136 0.9772235 -0.1706739
vn -0.0196630 0.9982321 -0.0560903
vn -0.0125810 -0.9977487 0.0658730
vn -0.0171915 -0.9979384 0.0618333
vn -0.0151495 -0.9986991 0.0486890
vn -0.9940521 -0.1079845 0.0141315
vn -0.0255276 -0.9970092 0.0729452
vn -0.6926096 -0.4720071 0.5454368
vn -0.5966253 -0.5609147 0.5739450
vn -0.7576673 -0.3982751 0.5170272
vn -0.0071657 -0.9831468 0.1826775
vn -0.0071657 -0.9831468 0.1826775
vn -0.0071657 -0.9831468 0.1826775
vn -0.9996990 0.0234088 -0.0073467
vn 0.9655971 -0.2579435 0.0329762
vn 0.9655971 -0.2579435 0.0329762
vn 0.9655971 -0.2579435 0.0329762
vn -0.0083241 -0.9967861 0.0796750
vn 0.0200515 -0.9955086 0.0925231
vn 0.0071431 0.9829319 -0.1838312
vn 0.0071431 0.9829319 -0.1838312
vn 0.0071431 0.9829319 -0.1838312
vn -0.9993697 0.0342950 -0.0091728
vn -0.8730815 -0.2204353 0.4348989
vn 0.0003929 -0.9987463 0.0500570
vn -0.0005321 -0.9988413 0.0481221
vn 0.0002664 -0.9987596 0.0497923
vn -0.0006847 -0.9988566 0.0478027
vn 0.0233899 0.9972294 -0.0706153
vn 0.0241012 0.9988968 -0.0403035
vn 0.0238139 0.9983283 -0.0526641
vn 0.0230465 0.9961222 -0.0849078
vn -0.9851085 0.1715462 -0.0115399
vn -0.9969190 0.0779155 -0.0090431
vn -0.9998674 0.0145494 -0.0073184
vn -0.9243274 0.3815066 -0.0084571
vn -0.9575665 0.2808899 0.0645545
vn -0.9149993 0.4000192 0.0525435
vn -0.3865498 0.9222638 0.0029425
vn -0.3751237 0.9269673 0.0037115
vn 0.0544430 -0.9965672 0.0623675
vn 0.0544430 -0.9965672 0.0623675
vn 0.0544430 -0.9965672 0.0623675
vn -0.3662006 0.9305285 -0.0037230
vn -0.9847166 0.1500928 0.0883475
vn -0.9999346 -0.0092993 -0.0066621
vn 0.0122666 -0.5023134 -0.8645986
vn 0.0122666 -0.5023134 -0.8645986
vn 0.0122666 -0.5023134 -0.8645986
vn -0.0448763 -0.9989812 -0.0047611
vn -0.0448763 -0.9989812 -0.0047611
vn -0.3618769 0.9321353 -0.0129962
vn -0.9949708 0.1001558 0.0014232
vn -0.9445703 0.3281836 -0.0090764
vn -0.3828952 0.9237477 0.0090256
vn -0.0448763 -0.9989812 -0.0047611
vn -0.3068244 0.9517533 0.0049418
vn -0.1591733 0.9860121 0.0494367
vn -0.0020554 0.9997279 0.0232343
vn -0.7350694 0.6778566 -0.0135407
vn 0.6234985 -0.7818172 -0.0033920
vn 0.7707124 -0.6371501 0.0064925
vn 0.6232512 -0.7820207 0.0012552
vn -0.9684035 0.2493738 0.0027270
vn -0.9684431 0.2491823 0.0051042
vn -0.9684043 0.2493703 0.0027711
vn -0.9683590 0.2495609 0.0003862
vn 0.7801049 -0.6255821 0.0091311
vn 0.8918442 -0.4522020 0.0112794
vn -0.0610437 0.9980011 -0.0163552
vn -0.8454557 0.5340343 0.0034625
vn -0.4030809 -0.9061290 -0.1282808
vn -0.4030809 -0.9061290 -0.1282808
vn -0.4030809 -0.9061290 -0.1282808
vn 0.9852679 -0.1709954 0.0027731
vn 0.9665616 -0.2564136 -0.0032865
vn 0.9712140 -0.2382003 -0.0019848
vn 0.9438094 -0.3303775 -0.0086291
vn -0.8446921 0.5351653 -0.0096607
vn 0.0576650 -0.9983293 0.0036582
vn 0.0576650 -0.9983293 0.0036582
vn 0.0576650 -0.9983293 0.0036582
vn -0.9996798 -0.0015096 -0.0252606
vn -0.9996798 -0.0015096 -0.0252606
vn -0.9996798 -0.0015096 -0.0252606
vn -0.0648149 -0.9977554 0.0168276
vn -0.0648149 -0.9977554 0.0168276
vn -0.0648149 -0.9977554 0.0168276
vn -0.9982936 0.0572083 0.0117103
vn -0.9921864 0.1244862 0.0083296
vn -0.9987014 0.0509011 0.0021513
vn -0.0001724 0.9998415 0.0178038
vn -0.0001724 0.9998415 0.0178038
vn -0.0001724 0.9998415 0.0178038
vn 0.2935681 -0.1765126 0.9395004
vn 0.1413797 -0.0819326 0.9865591
vn 0.2724806 -0.1633950 0.9481858
vn -0.1495063 0.0983103 0.9838612
vn -0.9999896 0.0006328 0.0045247
vn -0.9999993 -0.0011148 0.0004517
vn -0.9999754 0.0016202 0.0068262
vn -0.9716846 0.2359406 0.0126943
vn -0.0038214 0.9980200 0.0627811
vn -0.0038214 0.9980200 0.0627811
vn -0.2737092 -0.9616651 0.0168347
vn -0.2737092 -0.9616651 0.0168347
vn -0.2737092 -0.9616651 0.0168347
vn 0.8499556 -0.5267632 -0.0097956
vn 0.8499556 -0.5267632 -0.0097956
vn 0.8499556 -0.5267632 -0.0097956
vn 0.5125981 0.8544319 0.0847894
vn 0.5125981 0.8544319 0.0847894
vn 0.5125981 0.8544319 0.0847894
vn -0.9999963 -0.0020647 -0.0017624
vn -0.0002083 -0.9997635 -0.0217462
vn -0.0002083 -0.9997635 -0.0217462
vn -0.9614138 0.2748510 0.0118481
vn -0.0038214 0.9980200 0.0627811
vn -0.0002083 -0.9997635 -0.0217462
vn -0.0018814 -0.9996129 0.0277565
vn -0.0041820 -0.9994819 0.0319139
vn 0.0035299 -0.9994749 0.0322102
vn -0.0088022 -0.9995981 0.0269475
vn -0.5085569 0.8213773 0.2582814
vn -0.5085569 0.8213773 0.2582814
vn -0.5085569 0.8213773 0.2582814
vn 0.0036061 -0.9996742 0.0252678
vn 0.0006748 -0.9996647 0.0258843
vn 0.0051983 -0.9996605 0.0255327
vn -0.0038925 -0.9996812 -0.0249487
vn -0.0038925 -0.9996812 -0.0249487
vn 0.0147327 -0.9982355 -0.0575217
vn 0.0147327 -0.9982355 -0.0575217
vn -0.0038925 -0.9996812 -0.0249487
vn 0.0147327 -0.9982355 -0.0575217
vn -0.9999631 -0.0084165 0.0017098
vn -0.9999661 -0.0081458 0.0012174
vn -0.9999735 -0.0072713 -0.0003741
vn -0.9999510 -0.0093171 0.0033488
vn -0.9720737 -0.2345797 -0.0067129
vn -0.9473484 -0.3196183 -0.0193667
vn -0.9714524 -0.2371284 -0.0070889
vn 0.9999679 0.0080090 -0.0002057
vn 0.9999679 0.0080090 -0.0002057
vn 0.9999679 0.0080090 -0.0002057
vn -0.9999590 -0.0024472 -0.0087237
vn -0.9999590 -0.0024472 -0.0087237
vn -0.9999590 -0.0024472 -0.0087237
vn -0.9457202 -0.3243610 -0.0200791
vn 0.9471712 0.3207282 0.0004459
vn 0.9471712 0.3207282 0.0004459
vn 0.9471712 0.3207282 0.0004459
vn 0.0054740 0.5830744 0.8124004
vn 0.0054740 0.5830744 0.8124004
vn 0.0054740 0.5830744 0.8124004
vn 0.7783553 0.3700239 0.5071937
vn 0.7783553 0.3700239 0.5071937
vn 0.7783553 0.3700239 0.5071937
vn 0.0303256 -0.0101891 -0.9994881
vn 0.0303256 -0.0101891 -0.9994881
vn 0.0303256 -0.0101891 -0.9994881
vn -0.8263495 -0.0518789 -0.5607629
vn -0.4859947 -0.1423304 -0.8622942
vn -0.7311702 -0.1428548 -0.6670702
vn -0.1961510 -0.1057130 -0.9748587
vn 0.9980542 0.0468050 -0.0411955
vn 0.9980542 0.0468050 -0.0411955
vn 0.9980542 0.0468050 -0.0411955
vn -0.8845200 -0.0236650 -0.4659016
vn -0.9999201 0.0034772 -0.0121552
vn -0.9999124 0.0047274 -0.0123657
vn -0.9999294 0.0013668 -0.0118000
vn -0.0103014 -0.9994011 -0.0330355
vn -0.0418424 -0.9989407 -0.0191483
vn -0.0141166 -0.9994085 -0.0313581
vn 0.0077093 -0.9991316 -0.0409455
vn -0.9033354 -0.4289349 -0.0002229
vn -0.9033354 -0.4289349 -0.0002229
vn -0.9033354 -0.4289349 -0.0002229
vn -0.9999430 0.0012572 0.0105980
vn -0.9999430 0.0012572 0.0105980
vn -0.9999430 0.0012572 0.0105980
vn -0.9997711 0.0159563 -0.0142547
vn -0.0061895 -0.9994157 0.0336151
vn -0.0140754 -0.9993260 0.0339030
vn -0.0324165 -0.9988766 0.0345647
vn -0.0418847 -0.9985127 0.0349018
vn -0.7052381 -0.0054665 0.7089494
vn -0.2601075 -0.1459556 0.9544847
vn -0.6270858 -0.0465757 0.7775565
vn 0.9986856 0.0464349 0.0217007
vn 0.9986856 0.0464349 0.0217007
vn 0.9986856 0.0464349 0.0217007
vn -0.0674697 -0.0366186 0.9970491
vn -0.0361918 -0.0026916 0.9993412
vn 0.0210859 -0.9997769 0.0012386
vn 0.0210859 -0.9997769 0.0012386
vn 0.0210859 -0.9997769 0.0012386
vn -0.9945534 -0.0989648 0.0327043
vn -0.9896982 -0.1430922 -0.0046986
vn -0.9996177 -0.0274342 -0.0034429
vn -0.7018306 0.7123405 0.0022059
vn -0.7064285 0.7077835 0.0011549
vn -0.7020605 0.7121141 0.0021536
vn -0.9946342 -0.1031103 0.0084330
vn -0.9674231 -0.2530853 -0.0063469
vn -0.9983373 -0.0467502 0.0337208
vn -0.9882371 -0.1529135 -0.0022055
vn -0.9603522 -0.2787887 0.0007239
vn -0.7066318 0.7075806 0.0011083
vn -0.9998329 -0.0164756 -0.0079170
vn 0.0067108 -0.9992729 0.0375329
vn 0.0050115 -0.9992998 0.0370783
vn -0.0061877 -0.9994000 0.0340792
vn 0.0205625 -0.9989379 0.0412347
vn -0.9254819 -0.3787915 0.0004374
vn -0.9254819 -0.3787915 0.0004374
vn -0.9254819 -0.3787915 0.0004374
vn -0.9999652 -0.0000686 0.0083415
vn -0.9997622 0.0015337 0.0217511
vn -0.9998319 -0.0157649 -0.0093615
vn -0.9999936 -0.0034083 0.0010862
vn -0.9999936 -0.0034083 0.0010862
vn -0.9999936 -0.0034083 0.0010862
vn -0.9999452 0.0030105 0.0100230
vn -0.9996084 0.0247099 0.0131304
vn -0.9993821 -0.0234866 -0.0261493
usemtl meshy
f 483/483/483 484/484/484 485/485/485
f 568/568/568 569/569/569 570/570/570
f 486/486/486 487/487/487 488/488/488
f 348/348/348 349/349/349 350/350/350
f 489/489/489 490/490/490 491/491/491
f 630/630/630 631/631/631 632/632/632
f 263/263/263 264/264/264 265/265/265
f 266/266/266 267/267/267 268/268/268
f 633/633/633 634/634/634 635/635/635
f 636/636/636 637/637/637 638/638/638
f 611/611/611 612/612/612 613/613/613
f 492/492/492 493/493/493 494/494/494
f 269/269/269 270/270/270 271/271/271
f 612/612/612 614/614/614 613/613/613
f 639/639/639 640/640/640 641/641/641
f 272/272/272 273/273/273 274/274/274
f 611/611/611 615/615/615 612/612/612
f 615/615/615 616/616/616 612/612/612
f 351/351/351 352/352/352 353/353/353
f 641/641/641 642/642/642 639/639/639
f 538/538/538 539/539/539 540/540/540
f 616/616/616 617/617/617 612/612/612
f 362/362/362 354/354/354 355/355/355
f 557/557/557 558/558/558 559/559/559
f 363/363/363 364/364/364 365/365/365
f 246/246/246 247/247/247 248/248/248
f 591/591/591 592/592/592 593/593/593
f 631/631/631 643/643/643 632/632/632
f 366/366/366 367/367/367 365/365/365
f 295/295/295 296/296/296 297/297/297
f 539/539/539 541/541/541 542/542/542
f 269/269/269 275/275/275 276/276/276
f 594/594/594 595/595/595 596/596/596
f 368/368/368 369/369/369 370/370/370
f 277/277/277 278/278/278 279/279/279
f 371/371/371 370/370/370 369/369/369
f 543/543/543 544/544/544 545/545/545
f 528/528/528 529/529/529 530/530/530
f 618/618/618 619/619/619 620/620/620
f 372/372/372 367/367/367 366/366/366
f 595/595/595 597/597/597 596/596/596
f 546/546/546 545/545/545 547/547/547
f 548/548/548 545/545/545 544/544/544
f 371/371/371 369/369/369 373/373/373
f 539/539/539 549/549/549 550/550/550
f 280/280/280 281/281/281 282/282/282
f 354/354/354 356/356/356 355/355/355
f 298/298/298 299/299/299 300/300/300
f 545/545/545 548/548/548 551/551/551
f 591/591/591 598/598/598 599/599/599
f 644/644/644 634/634/634 633/633/633
f 560/560/560 557/557/557 559/559/559
f 600/600/600 601/601/601 602/602/602
f 272/272/272 274/274/274 283/283/283
f 374/374/374 363/363/363 367/367/367
f 539/539/539 552/552/552 541/541/541
f 294/294/294 284/284/284 285/285/285
f 602/602/602 599/599/599 598/598/598
f 301/301/301 299/299/299 298/298/298
f 620/620/620 619/619/619 621/621/621
f 363/363/363 365/365/365 367/367/367
f 540/540/540 539/539/539 542/542/542
f 369/369/369 375/375/375 376/376/376
f 641/641/641 645/645/645 642/642/642
f 302/302/302 298/298/298 300/300/300
f 546/546/546 553/553/553 545/545/545
f 591/591/591 599/599/599 592/592/592
f 279/279/279 278/278/278 286/286/286
f 545/545/545 551/551/551 547/547/547
f 599/599/599 602/602/602 601/601/601
f 592/592/592 599/599/599 593/593/593
f 369/369/369 368/368/368 377/377/377
f 286/286/286 272/272/272 283/283/283
f 500/500/500 501/501/501 502/502/502
f 603/603/603 593/593/593 599/599/599
f 376/376/376 373/373/373 369/369/369
f 287/287/287 288/288/288 289/289/289
f 249/249/249 250/250/250 251/251/251
f 495/495/495 496/496/496 499/499/499
f 646/646/646 647/647/647 648/648/648
f 594/594/594 604/604/604 595/595/595
f 539/539/539 550/550/550 552/552/552
f 571/571/571 572/572/572 573/573/573
f 252/252/252 249/249/249 251/251/251
f 290/290/290 291/291/291 292/292/292
f 357/357/357 358/358/358 359/359/359
f 273/273/273 272/272/272 293/293/293
f 561/561/561 562/562/562 563/563/563
f 275/275/275 269/269/269 271/271/271
f 561/561/561 563/563/563 564/564/564
f 298/298/298 303/303/303 301/301/301
f 644/644/644 633/633/633 649/649/649
f 497/497/497 494/494/494 493/493/493
f 565/565/565 566/566/566 567/567/567
f 622/622/622 623/623/623 624/624/624
f 625/625/625 626/626/626 627/627/627
f 253/253/253 254/254/254 255/255/255
f 621/621/621 619/619/619 628/628/628
f 495/495/495 499/499/499 498/498/498
f 272/272/272 286/286/286 278/278/278
f 301/301/301 303/303/303 304/304/304
f 305/305/305 296/296/296 295/295/295
f 530/530/530 531/531/531 528/528/528
f 622/622/622 629/629/629 623/623/623
f 822/822/822 823/823/823 824/824/824
f 247/247/247 256/256/256 248/248/248
f 306/306/306 307/307/307 308/308/308
f 788/788/788 789/789/789 790/790/790
f 914/914/914 915/915/915 916/916/916
f 915/915/915 914/914/914 917/917/917
f 309/309/309 310/310/310 321/321/321
f 825/825/825 823/823/823 822/822/822
f 357/357/357 360/360/360 358/358/358
f 574/574/574 575/575/575 576/576/576
f 378/378/378 379/379/379 380/380/380
f 610/610/610 605/605/605 606/606/606
f 503/503/503 504/504/504 505/505/505
f 650/650/650 651/651/651 652/652/652
f 254/254/254 253/253/253 257/257/257
f 303/303/303 311/311/311 304/304/304
f 532/532/532 537/537/537 533/533/533
f 323/323/323 324/324/324 325/325/325
f 249/249/249 252/252/252 258/258/258
f 259/259/259 260/260/260 261/261/261
f 534/534/534 537/537/537 532/532/532
f 506/506/506 526/526/526 507/507/507
f 508/508/508 509/509/509 510/510/510
f 918/918/918 919/919/919 920/920/920
f 921/921/921 922/922/922 923/923/923
f 791/791/791 792/792/792 793/793/793
f 924/924/924 925/925/925 926/926/926
f 305/305/305 295/295/295 312/312/312
f 259/259/259 261/261/261 262/262/262
f 131/131/131 132/132/132 133/133/133
f 504/504/504 511/511/511 512/512/512
f 134/134/134 135/135/135 136/136/136
f 607/607/607 608/608/608 609/609/609
f 577/577/577 578/578/578 579/579/579
f 311/311/311 313/313/313 304/304/304
f 314/314/314 321/321/321 310/310/310
f 794/794/794 795/795/795 796/796/796
f 511/511/511 504/504/504 503/503/503
f 554/554/554 556/556/556 555/555/555
f 137/137/137 138/138/138 139/139/139
f 139/139/139 140/140/140 137/137/137
f 921/921/921 927/927/927 928/928/928
f 513/513/513 527/527/527 514/514/514
f 361/361/361 360/360/360 357/357/357
f 797/797/797 798/798/798 799/799/799
f 515/515/515 516/516/516 517/517/517
f 516/516/516 518/518/518 517/517/517
f 890/890/890 891/891/891 892/892/892
f 893/893/893 894/894/894 895/895/895
f 798/798/798 800/800/800 799/799/799
f 519/519/519 520/520/520 521/521/521
f 896/896/896 892/892/892 891/891/891
f 801/801/801 802/802/802 803/803/803
f 896/896/896 891/891/891 897/897/897
f 135/135/135 141/141/141 136/136/136
f 326/326/326 327/327/327 328/328/328
f 826/826/826 827/827/827 828/828/828
f 759/759/759 760/760/760 761/761/761
f 575/575/575 580/580/580 576/576/576
f 91/91/91 92/92/92 93/93/93
f 315/315/315 322/322/322 316/316/316
f 317/317/317 318/318/318 319/319/319
f 792/792/792 804/804/804 819/819/819
f 142/142/142 143/143/143 158/158/158
f 522/522/522 513/513/513 514/514/514
f 329/329/329 325/325/325 324/324/324
f 408/408/408 409/409/409 410/410/410
f 330/330/330 329/329/329 345/345/345
f 411/411/411 412/412/412 413/413/413
f 898/898/898 899/899/899 900/900/900
f 144/144/144 145/145/145 146/146/146
f 147/147/147 148/148/148 149/149/149
f 901/901/901 902/902/902 903/903/903
f 105/105/105 106/106/106 107/107/107
f 523/523/523 524/524/524 525/525/525
f 80/80/80 81/81/81 82/82/82
f 792/792/792 791/791/791 804/804/804
f 329/329/329 324/324/324 345/345/345
f 820/820/820 805/805/805 806/806/806
f 760/760/760 759/759/759 762/762/762
f 150/150/150 151/151/151 152/152/152
f 886/886/886 887/887/887 888/888/888
f 929/929/929 921/921/921 923/923/923
f 904/904/904 905/905/905 906/906/906
f 153/153/153 158/158/158 143/143/143
f 807/807/807 808/808/808 809/809/809
f 427/427/427 428/428/428 429/429/429
f 581/581/581 582/582/582 589/589/589
f 810/810/810 811/811/811 812/812/812
f 108/108/108 109/109/109 110/110/110
f 763/763/763 764/764/764 765/765/765
f 111/111/111 112/112/112 113/113/113
f 114/114/114 115/115/115 116/116/116
f 907/907/907 908/908/908 902/902/902
f 822/822/822 829/829/829 830/830/830
f 430/430/430 431/431/431 432/432/432
f 766/766/766 767/767/767 768/768/768
f 148/148/148 154/154/154 149/149/149
f 903/903/903 909/909/909 901/901/901
f 111/111/111 113/113/113 128/128/128
f 136/136/136 141/141/141 155/155/155
f 813/813/813 814/814/814 815/815/815
f 760/760/760 762/762/762 781/781/781
f 535/535/535 536/536/536 534/534/534
f 117/117/117 118/118/118 119/119/119
f 535/535/535 534/534/534 532/532/532
f 414/414/414 413/413/413 415/415/415
f 120/120/120 129/129/129 121/121/121
f 156/156/156 159/159/159 157/157/157
f 907/907/907 902/902/902 901/901/901
f 583/583/583 576/576/576 580/580/580
f 331/331/331 332/332/332 333/333/333
f 907/907/907 901/901/901 909/909/909
f 117/117/117 122/122/122 118/118/118
f 433/433/433 434/434/434 435/435/435
f 414/414/414 416/416/416 417/417/417
f 802/802/802 801/801/801 816/816/816
f 727/727/727 728/728/728 729/729/729
f 821/821/821 817/817/817 818/818/818
f 413/413/413 414/414/414 418/418/418
f 62/62/62 63/63/63 64/64/64
f 907/907/907 909/909/909 910/910/910
f 62/62/62 64/64/64 65/65/65
f 330/330/330 334/334/334 329/329/329
f 62/62/62 65/65/65 66/66/66
f 94/94/94 92/92/92 91/91/91
f 123/123/123 110/110/110 109/109/109
f 584/584/584 580/580/580 585/585/585
f 160/160/160 161/161/161 162/162/162
f 413/413/413 419/419/419 411/411/411
f 66/66/66 65/65/65 67/67/67
f 782/782/782 783/783/783 784/784/784
f 119/119/119 124/124/124 117/117/117
f 766/766/766 768/768/768 769/769/769
f 116/116/116 125/125/125 114/114/114
f 68/68/68 69/69/69 70/70/70
f 68/68/68 71/71/71 69/69/69
f 586/586/586 590/590/590 587/587/587
f 770/770/770 765/765/765 764/764/764
f 381/381/381 382/382/382 383/383/383
f 910/910/910 911/911/911 908/908/908
f 729/729/729 728/728/728 730/730/730
f 384/384/384 385/385/385 389/389/389
f 770/770/770 764/764/764 771/771/771
f 420/420/420 417/417/417 416/416/416
f 889/889/889 888/888/888 887/887/887
f 421/421/421 422/422/422 423/423/423
f 838/838/838 839/839/839 840/840/840
f 72/72/72 73/73/73 74/74/74
f 910/910/910 908/908/908 907/907/907
f 912/912/912 906/906/906 905/905/905
f 130/130/130 126/126/126 127/127/127
f 761/761/761 772/772/772 759/759/759
f 70/70/70 69/69/69 75/75/75
f 95/95/95 104/104/104 96/96/96
f 163/163/163 164/164/164 165/165/165
f 731/731/731 732/732/732 733/733/733
f 71/71/71 76/76/76 69/69/69
f 97/97/97 98/98/98 99/99/99
f 77/77/77 78/78/78 79/79/79
f 584/584/584 583/583/583 580/580/580
f 910/910/910 909/909/909 913/913/913
f 772/772/772 762/762/762 759/759/759
f 414/414/414 417/417/417 418/418/418
f 824/824/824 829/829/829 822/822/822
f 90/90/90 83/83/83 84/84/84
f 335/335/335 332/332/332 331/331/331
f 735/735/735 736/736/736 737/737/737
f 90/90/90 84/84/84 85/85/85
f 756/756/756 738/738/738 739/739/739
f 831/831/831 829/829/829 824/824/824
f 100/100/100 104/104/104 95/95/95
f 740/740/740 739/739/739 738/738/738
f 773/773/773 781/781/781 762/762/762
f 757/757/757 741/741/741 742/742/742
f 785/785/785 786/786/786 787/787/787
f 743/743/743 744/744/744 745/745/745
f 742/742/742 746/746/746 757/757/757
f 166/166/166 167/167/167 168/168/168
f 413/413/413 418/418/418 419/419/419
f 436/436/436 437/437/437 438/438/438
f 386/386/386 381/381/381 383/383/383
f 381/381/381 386/386/386 387/387/387
f 41/41/41 42/42/42 43/43/43
f 739/739/739 740/740/740 747/747/747
f 44/44/44 45/45/45 46/46/46
f 736/736/736 748/748/748 737/737/737
f 176/176/176 169/169/169 170/170/170
f 167/167/167 171/171/171 168/168/168
f 47/47/47 48/48/48 49/49/49
f 439/439/439 440/440/440 441/441/441
f 86/86/86 87/87/87 88/88/88
f 50/50/50 51/51/51 52/52/52
f 88/88/88 87/87/87 89/89/89
f 774/774/774 775/775/775 776/776/776
f 777/777/777 778/778/778 779/779/779
f 101/101/101 102/102/102 103/103/103
f 53/53/53 54/54/54 55/55/55
f 49/49/49 56/56/56 47/47/47
f 442/442/442 443/443/443 444/444/444
f 443/443/443 445/445/445 444/444/444
f 446/446/446 441/441/441 440/440/440
f 778/778/778 780/780/780 779/779/779
f 864/864/864 865/865/865 866/866/866
f 865/865/865 864/864/864 867/867/867
f 868/868/868 869/869/869 870/870/870
f 864/864/864 866/866/866 871/871/871
f 424/424/424 425/425/425 426/426/426
f 749/749/749 750/750/750 751/751/751
f 215/215/215 216/216/216 217/217/217
f 449/449/449 447/447/447 448/448/448
f 25/25/25 26/26/26 27/27/27
f 684/684/684 685/685/685 686/686/686
f 758/758/758 752/752/752 753/753/753
f 733/733/733 734/734/734 731/731/731
f 390/390/390 391/391/391 392/392/392
f 163/163/163 172/172/172 164/164/164
f 929/929/929 927/927/927 921/921/921
f 742/742/742 754/754/754 746/746/746
f 391/391/391 393/393/393 392/392/392
f 388/388/388 382/382/382 381/381/381
f 394/394/394 393/393/393 391/391/391
f 747/747/747 755/755/755 739/739/739
f 872/872/872 873/873/873 874/874/874
f 687/687/687 686/686/686 685/685/685
f 841/841/841 839/839/839 838/838/838
f 28/28/28 29/29/29 30/30/30
f 875/875/875 876/876/876 877/877/877
f 31/31/31 30/30/30 29/29/29
f 653/653/653 654/654/654 655/655/655
f 395/395/395 396/396/396 397/397/397
f 688/688/688 689/689/689 690/690/690
f 398/398/398 399/399/399 400/400/400
f 878/878/878 875/875/875 877/877/877
f 45/45/45 57/57/57 46/46/46
f 218/218/218 219/219/219 220/220/220
f 32/32/32 33/33/33 34/34/34
f 336/336/336 337/337/337 346/346/346
f 338/338/338 347/347/347 339/339/339
f 33/33/33 35/35/35 34/34/34
f 36/36/36 37/37/37 26/26/26
f 656/656/656 657/657/657 658/658/658
f 401/401/401 402/402/402 403/403/403
f 398/398/398 400/400/400 404/404/404
f 58/58/58 59/59/59 60/60/60
f 400/400/400 399/399/399 405/405/405
f 836/836/836 832/832/832 833/833/833
f 320/320/320 305/305/305 312/312/312
f 691/691/691 689/689/689 688/688/688
f 879/879/879 880/880/880 881/881/881
f 42/42/42 61/61/61 43/43/43
f 450/450/450 451/451/451 452/452/452
f 26/26/26 25/25/25 36/36/36
f 221/221/221 242/242/242 222/222/222
f 698/698/698 699/699/699 700/700/700
f 401/401/401 403/403/403 406/406/406
f 842/842/842 843/843/843 844/844/844
f 453/453/453 454/454/454 455/455/455
f 882/882/882 883/883/883 884/884/884
f 701/701/701 702/702/702 703/703/703
f 692/692/692 693/693/693 694/694/694
f 243/243/243 223/223/223 224/224/224
f 38/38/38 39/39/39 40/40/40
f 395/395/395 407/407/407 396/396/396
f 674/674/674 659/659/659 660/660/660
f 701/701/701 703/703/703 704/704/704
f 845/845/845 846/846/846 847/847/847
f 872/872/872 885/885/885 873/873/873
f 1/1/1 2/2/2 3/3/3
f 705/705/705 706/706/706 707/707/707
f 173/173/173 174/174/174 175/175/175
f 708/708/708 700/700/700 699/699/699
f 4/4/4 5/5/5 6/6/6
f 7/7/7 8/8/8 9/9/9
f 571/571/571 588/588/588 572/572/572
f 10/10/10 11/11/11 12/12/12
f 677/677/677 678/678/678 679/679/679
f 13/13/13 4/4/4 6/6/6
f 706/706/706 705/705/705 709/709/709
f 14/14/14 15/15/15 16/16/16
f 7/7/7 9/9/9 17/17/17
f 453/453/453 456/456/456 454/454/454
f 695/695/695 696/696/696 697/697/697
f 7/7/7 17/17/17 18/18/18
f 225/225/225 226/226/226 227/227/227
f 340/340/340 341/341/341 342/342/342
f 710/710/710 711/711/711 712/712/712
f 713/713/713 714/714/714 715/715/715
f 661/661/661 660/660/660 659/659/659
f 662/662/662 663/663/663 664/664/664
f 244/244/244 228/228/228 229/229/229
f 19/19/19 20/20/20 21/21/21
f 700/700/700 708/708/708 716/716/716
f 177/177/177 178/178/178 179/179/179
f 717/717/717 718/718/718 719/719/719
f 680/680/680 679/679/679 678/678/678
f 202/202/202 203/203/203 204/204/204
f 229/229/229 230/230/230 244/244/244
f 205/205/205 206/206/206 202/202/202
f 180/180/180 181/181/181 182/182/182
f 848/848/848 849/849/849 850/850/850
f 680/680/680 681/681/681 679/679/679
f 22/22/22 16/16/16 15/15/15
f 341/341/341 343/343/343 344/344/344
f 202/202/202 204/204/204 207/207/207
f 183/183/183 184/184/184 185/185/185
f 834/834/834 835/835/835 837/837/837
f 675/675/675 676/676/676 665/665/665
f 208/208/208 205/205/205 202/202/202
f 720/720/720 709/709/709 705/705/705
f 341/341/341 344/344/344 342/342/342
f 209/209/209 210/210/210 211/211/211
f 677/677/677 682/682/682 678/678/678
f 666/666/666 667/667/667 668/668/668
f 659/659/659 669/669/669 661/661/661
f 231/231/231 244/244/244 232/232/232
f 457/457/457 458/458/458 459/459/459
f 680/680/680 682/682/682 683/683/683
f 23/23/23 2/2/2 1/1/1
f 682/682/682 677/677/677 683/683/683
f 244/244/244 231/231/231 233/233/233
f 202/202/202 207/207/207 208/208/208
f 179/179/179 186/186/186 187/187/187
f 228/228/228 244/244/244 234/234/234
f 186/186/186 179/179/179 178/178/178
f 234/234/234 244/244/244 233/233/233
f 667/667/667 666/666/666 670/670/670
f 211/211/211 210/210/210 212/212/212
f 678/678/678 682/682/682 680/680/680
f 460/460/460 461/461/461 462/462/462
f 184/184/184 188/188/188 189/189/189
f 183/183/183 188/188/188 184/184/184
f 213/213/213 210/210/210 209/209/209
f 235/235/235 236/236/236 245/245/245
f 237/237/237 238/238/238 239/239/239
f 668/668/668 667/667/667 671/671/671
f 672/672/672 671/671/671 673/673/673
f 230/230/230 229/229/229 240/240/240
f 190/190/190 179/179/179 187/187/187
f 184/184/184 189/189/189 191/191/191
f 239/239/239 241/241/241 237/237/237
f 213/213/213 214/214/214 210/210/210
f 668/668/668 671/671/671 672/672/672
f 844/844/844 843/843/843 851/851/851
f 720/720/720 705/705/705 721/721/721
f 722/722/722 723/723/723 724/724/724
f 852/852/852 853/853/853 854/854/854
f 24/24/24 16/16/16 22/22/22
f 725/725/725 716/716/716 708/708/708
f 192/192/192 193/193/193 194/194/194
f 180/180/180 182/182/182 195/195/195
f 463/463/463 464/464/464 465/465/465
f 466/466/466 467/467/467 468/468/468
f 196/196/196 197/197/197 198/198/198
f 199/199/199 200/200/200 201/201/201
f 469/469/469 470/470/470 471/471/471
f 472/472/472 473/473/473 474/474/474
f 712/712/712 726/726/726 710/710/710
f 469/469/469 471/471/471 475/475/475
f 476/476/476 477/477/477 478/478/478
f 855/855/855 856/856/856 857/857/857
f 858/858/858 859/859/859 860/860/860
f 479/479/479 480/480/480 481/481/481
f 480/480/480 479/479/479 482/482/482
f 861/861/861 862/862/862 863/863/863
