mtllib model.mtl
o wood-pallet
v 0.4004466 -0.3724282 -0.3714908
v 0.4978197 -0.4929549 -0.4994876
v 0.4978408 0.2106634 -0.3747744
v 0.4978197 -0.4929549 -0.4994876
v 0.4982177 -0.3776247 -0.4994527
v 0.4978408 0.2106634 -0.3747744
v 0.4990826 0.3412100 -0.4960666
v 0.4975558 0.4807493 -0.4993308
v 0.4983655 0.3514112 -0.3847999
v 0.4001186 0.2148540 -0.4999101
v 0.4008041 -0.3701498 -0.3752965
v 0.3997647 0.2219557 -0.3766561
v 0.2735693 0.4801983 -0.3850912
v 0.4660479 0.4918603 -0.4146219
v 0.4605613 0.4915689 -0.4241572
v 0.4008462 0.3437371 -0.4999009
v 0.4991799 0.4746571 -0.3857730
v 0.4699952 0.4981766 -0.4184470
v 0.4975558 0.4807493 -0.4993308
v 0.4708743 0.4965451 -0.4627596
v 0.4686083 0.4920311 -0.4275278
v 0.4996351 0.2227733 -0.4960478
v 0.4648256 0.4982619 -0.4588451
v 0.4686083 0.4920311 -0.4275278
v 0.4699952 0.4981766 -0.4184470
v 0.4648256 0.4982619 -0.4588451
v 0.4002905 0.3504514 -0.3849201
v 0.4686551 0.4939327 -0.4680834
v 0.1980072 0.4843498 -0.4993491
v 0.4991799 0.4746571 -0.3857730
v 0.4975805 0.3406448 -0.5000000
v 0.4982177 -0.3776247 -0.4994527
v 0.4015754 -0.3678679 -0.4996909
v 0.4996351 0.2227733 -0.4960478
v 0.4975805 0.3406448 -0.5000000
v 0.4008462 0.3437371 -0.4999009
v 0.4975558 0.4807493 -0.4993308
v 0.4001186 0.2148540 -0.4999101
v 0.4648256 0.4982619 -0.4588451
v 0.4978197 -0.4929549 -0.4994876
v 0.4004466 -0.3724282 -0.3714908
v 0.3997773 -0.3737007 -0.0699322
v 0.4986751 0.3491470 -0.3430662
v 0.4985421 0.4848085 -0.3404123
v 0.4985857 0.4840087 -0.2069720
v 0.3997647 0.2219557 -0.3766561
v 0.4007920 0.3504834 -0.1642085
v 0.3997773 0.3469823 -0.3423415
v 0.3997001 -0.4952582 -0.0695314
v 0.4008041 -0.4965271 -0.3738133
v 0.4978197 -0.4929549 -0.4994876
v 0.4436444 0.2064122 -0.3746577
v 0.4743957 0.2067322 -0.3746342
v 0.4004876 0.2158243 -0.1756531
v 0.3997647 0.2219557 -0.3766561
v 0.0892780 0.4775501 -0.3423249
v 0.4988513 0.4611503 -0.2057682
v 0.3773869 0.4910286 -0.3383417
v 0.4701787 0.4911993 -0.3002455
v 0.4706708 0.4960297 -0.3090046
v 0.4622947 0.4960510 -0.3061652
v 0.4660101 0.4978922 -0.3114724
v 0.4985421 0.4848085 -0.3404123
v 0.3773869 0.4910286 -0.3383417
v 0.4985421 0.4848085 -0.3404123
v 0.3929900 0.4705161 -0.3425796
v 0.3929900 0.4705161 -0.3425796
v 0.3997773 0.3469823 -0.3423415
v 0.3773869 0.4910286 -0.3383417
v 0.4985421 0.4848085 -0.3404123
v 0.4374380 0.3520616 -0.3427662
v 0.4917148 0.3537109 -0.3426958
v 0.4517435 0.3520545 -0.3427639
v 0.4986751 0.3491470 -0.3430662
v 0.4374380 0.3520616 -0.3427662
v 0.4517435 0.3520545 -0.3427639
v 0.4983655 0.3514112 -0.3847999
v 0.4917148 0.3537109 -0.3426958
v 0.4986751 0.3491470 -0.3430662
v 0.4008041 -0.3701498 -0.3752965
v 0.4436444 0.2064122 -0.3746577
v 0.3997647 0.2219557 -0.3766561
v 0.4743957 0.2067322 -0.3746342
v 0.4978408 0.2106634 -0.3747744
v 0.4004466 -0.3724282 -0.3714908
v 0.4978408 0.2106634 -0.3747744
v 0.4008041 -0.3701498 -0.3752965
v 0.4978408 0.2106634 -0.3747744
v 0.4983655 0.3514112 -0.3847999
v 0.4986751 0.3491470 -0.3430662
v 0.4002905 0.3504514 -0.3849201
v 0.3997773 0.3469823 -0.3423415
v 0.4002905 0.3504514 -0.3849201
v 0.4002905 0.3504514 -0.3849201
v 0.4983655 0.3514112 -0.3847999
v 0.2735693 0.4801983 -0.3850912
v 0.4991799 0.4746571 -0.3857730
v 0.2735693 0.4801983 -0.3850912
v 0.4991799 0.4746571 -0.3857730
v 0.4660479 0.4918603 -0.4146219
v 0.3773869 0.4910286 -0.3383417
v 0.3997773 0.3469823 -0.3423415
v 0.0892780 0.4775501 -0.3423249
v 0.3773869 0.4910286 -0.3383417
v 0.4004466 -0.3724282 -0.3714908
v 0.4008041 -0.3701498 -0.3752965
v 0.4008041 -0.4965271 -0.3738133
v 0.2450497 -0.3756770 -0.3746193
v 0.4008041 -0.4965271 -0.3738133
v 0.4008041 -0.3701498 -0.3752965
v 0.3991827 -0.3671108 -0.4532288
v 0.4015754 -0.3678679 -0.4996909
v 0.2450497 -0.3756770 -0.3746193
v 0.3991144 -0.3668549 -0.4151817
v 0.4002905 0.3504514 -0.3849201
v 0.2735693 0.4801983 -0.3850912
v 0.0521636 0.3436943 -0.3851805
v 0.4008041 -0.3701498 -0.3752965
v 0.2735693 0.4801983 -0.3850912
v 0.4605613 0.4915689 -0.4241572
v 0.0102239 0.4902642 -0.3882094
v 0.0522330 -0.3814282 -0.3742364
v 0.2232340 -0.4951161 -0.4997790
v 0.4008041 -0.4965271 -0.3738133
v 0.2000192 -0.4957701 -0.4996519
v 0.4008041 -0.3701498 -0.3752965
v 0.3989298 -0.3495129 -0.4387456
v 0.3991144 -0.3668549 -0.4151817
v 0.3991827 -0.3671108 -0.4532288
v 0.4648256 0.4982619 -0.4588451
v 0.4001186 0.2148540 -0.4999101
v 0.4008462 0.3437371 -0.4999009
v 0.4002905 0.3504514 -0.3849201
v 0.0521636 0.3436943 -0.3851805
v 0.3991869 -0.3576703 -0.4984847
v 0.3991827 -0.3671108 -0.4532288
v 0.3991869 -0.3667944 -0.4975081
v 0.4015754 -0.3678679 -0.4996909
v 0.4686551 0.4939327 -0.4680834
v 0.1980072 0.4843498 -0.4993491
v 0.3991869 -0.3667944 -0.4975081
v 0.2220563 -0.3819648 -0.4952933
v 0.1840534 -0.3679533 -0.4520037
v 0.4978197 -0.4929549 -0.4994876
v 0.3991869 -0.3576703 -0.4984847
v 0.4015754 -0.3678679 -0.4996909
v 0.3991869 -0.3667944 -0.4975081
v 0.2253196 -0.4296224 -0.4998935
v 0.4015754 -0.3678679 -0.4996909
v 0.4978197 -0.4929549 -0.4994876
v 0.3991869 -0.3576703 -0.4984847
v 0.4001186 0.2148540 -0.4999101
v 0.2232340 -0.4951161 -0.4997790
v 0.4982177 -0.3776247 -0.4994527
v 0.1980072 0.4843498 -0.4993491
v 0.4975558 0.4807493 -0.4993308
v 0.4008462 0.3437371 -0.4999009
v 0.2220563 -0.3819648 -0.4952933
v 0.4015754 -0.3678679 -0.4996909
v 0.4648256 0.4982619 -0.4588451
v 0.4015754 -0.3678679 -0.4996909
v 0.4015754 -0.3678679 -0.4996909
v 0.2253196 -0.4296224 -0.4998935
v 0.4978197 -0.4929549 -0.4994876
v 0.3992190 -0.4933637 0.0626901
v 0.3997001 -0.4952582 -0.0695314
v 0.4004876 0.2158243 -0.1756531
v 0.4838460 0.2100129 -0.0710599
v 0.4616217 0.2097712 -0.0711360
v 0.4701009 0.4966660 -0.0701554
v 0.4660085 0.4915369 -0.1183332
v 0.4659375 0.4916507 -0.0803302
v 0.4618268 0.4946115 -0.1257259
v 0.4707402 0.4957774 -0.1272125
v 0.4657782 0.4922762 -0.1328592
v 0.4987009 0.4844104 -0.0268493
v 0.4976031 0.4698586 -0.1636298
v 0.4997045 0.3558009 -0.1621975
v 0.4976031 0.4698586 -0.1636298
v 0.4987009 0.4844104 -0.0268493
v 0.4657782 0.4922762 -0.1328592
v 0.4976031 0.4698586 -0.1636298
v 0.4618268 0.4946115 -0.1257259
v 0.4659375 0.4916507 -0.0803302
v 0.3971802 0.2973911 -0.1306713
v 0.4007920 0.3504834 -0.1642085
v 0.4004876 0.2158243 -0.1756531
v 0.4997045 0.3558009 -0.1621975
v 0.4007920 0.3504834 -0.1642085
v 0.4976031 0.4698586 -0.1636298
v 0.4989764 0.3433249 -0.2060006
v 0.4007920 0.3504834 -0.1642085
v 0.4997045 0.3558009 -0.1621975
v 0.3997647 0.2219557 -0.3766561
v 0.4989764 0.3433249 -0.2060006
v 0.4997045 0.3558009 -0.1621975
v 0.4838460 0.2100129 -0.0710599
v 0.4001138 0.3442454 -0.2053881
v 0.4989764 0.3433249 -0.2060006
v 0.4988513 0.4611503 -0.2057682
v 0.4001138 0.3442454 -0.2053881
v 0.3017712 0.3451517 -0.2058128
v 0.4989764 0.3433249 -0.2060006
v 0.4985857 0.4840087 -0.2069720
v 0.4988513 0.4611503 -0.2057682
v 0.4986751 0.3491470 -0.3430662
v 0.3017712 0.3451517 -0.2058128
v 0.4004466 -0.3724282 -0.3714908
v 0.4008041 -0.4965271 -0.3738133
v 0.3997001 -0.4952582 -0.0695314
v 0.4985857 0.4840087 -0.2069720
v 0.4719111 0.4907195 -0.2425272
v 0.4988513 0.4611503 -0.2057682
v 0.4988513 0.4611503 -0.2057682
v 0.4719111 0.4907195 -0.2425272
v 0.4638945 0.4922656 -0.2395853
v 0.4986751 0.3491470 -0.3430662
v 0.4705562 0.4977039 -0.2480061
v 0.4985857 0.4840087 -0.2069720
v 0.4619014 0.4904848 -0.2508249
v 0.4743957 0.2067322 -0.3746342
v 0.4619014 0.4904848 -0.2508249
v 0.4988513 0.4611503 -0.2057682
v 0.4638945 0.4922656 -0.2395853
v 0.4622947 0.4960510 -0.3061652
v 0.4007920 0.3504834 -0.1642085
v 0.3017712 0.3451517 -0.2058128
v 0.3997773 0.3469823 -0.3423415
v 0.4701787 0.4911993 -0.3002455
v 0.4622947 0.4960510 -0.3061652
v 0.3773869 0.4910286 -0.3383417
v 0.4988513 0.4611503 -0.2057682
v 0.4985421 0.4848085 -0.3404123
v 0.4986751 0.3491470 -0.3430662
v 0.4838460 0.2100129 -0.0710599
v 0.4978408 0.2106634 -0.3747744
v 0.4978408 0.2106634 -0.3747744
v 0.4622947 0.4960510 -0.3061652
v 0.3848315 0.3246854 -0.1245655
v 0.3968984 0.3092522 -0.0790061
v 0.3791224 0.3325372 -0.0547919
v 0.4659375 0.4916507 -0.0803302
v 0.1755500 0.4892940 -0.0272494
v 0.4701009 0.4966660 -0.0701554
v 0.4004876 0.2158243 -0.1756531
v 0.3998977 0.3403320 -0.0243883
v 0.4010912 0.2133895 -0.0715797
v 0.3998977 0.3403320 -0.0243883
v 0.4004876 0.2158243 -0.1756531
v 0.3991480 -0.3670397 -0.0506897
v 0.3997773 -0.3737007 -0.0699322
v 0.0522140 -0.3703597 -0.0691433
v 0.3991428 0.2058115 -0.0684844
v 0.4010912 0.2133895 -0.0715797
v 0.3997773 -0.3737007 -0.0699322
v 0.0508981 -0.4981944 -0.0683820
v 0.3997773 -0.3737007 -0.0699322
v 0.3997001 -0.4952582 -0.0695314
v 0.4447816 0.2099951 -0.0710708
v 0.4004876 0.2158243 -0.1756531
v 0.4616217 0.2097712 -0.0711360
v 0.4010912 0.2133895 -0.0715797
v 0.4976031 0.4698586 -0.1636298
v 0.3848315 0.3246854 -0.1245655
v 0.3791224 0.3325372 -0.0547919
v 0.3998977 0.3403320 -0.0243883
v 0.3971802 0.2973911 -0.1306713
v 0.4007920 0.3504834 -0.1642085
v 0.3971802 0.2973911 -0.1306713
v 0.4004876 0.2158243 -0.1756531
v 0.3968984 0.3092522 -0.0790061
v 0.4007920 0.3504834 -0.1642085
v 0.3998977 0.3403320 -0.0243883
v 0.0465365 0.3500816 -0.1652848
v 0.4007920 0.3504834 -0.1642085
v 0.0465365 0.3500816 -0.1652848
v 0.4976031 0.4698586 -0.1636298
v 0.4007920 0.3504834 -0.1642085
v 0.3017712 0.3451517 -0.2058128
v 0.4988513 0.4611503 -0.2057682
v 0.0138841 0.4137376 -0.2042523
v 0.4004466 -0.3724282 -0.3714908
v 0.3997001 -0.4952582 -0.0695314
v 0.3997773 -0.3737007 -0.0699322
v 0.3968984 0.3092522 -0.0790061
v 0.0487914 -0.4996161 -0.3784496
v 0.4008041 -0.4965271 -0.3738133
v 0.0522330 -0.3814282 -0.3742364
v 0.2450497 -0.3756770 -0.3746193
v 0.4008041 -0.4965271 -0.3738133
v 0.0487914 -0.4996161 -0.3784496
v 0.2000192 -0.4957701 -0.4996519
v 0.0521636 0.3436943 -0.3851805
v 0.0501615 0.3397809 -0.4994064
v 0.4008462 0.3437371 -0.4999009
v -0.0501789 -0.5000000 -0.3795544
v 0.4648256 0.4982619 -0.4588451
v 0.1980072 0.4843498 -0.4993491
v 0.0102239 0.4902642 -0.3882094
v 0.0522330 -0.3814282 -0.3742364
v 0.1840534 -0.3679533 -0.4520037
v 0.0527929 -0.3678823 -0.4622317
v 0.4015754 -0.3678679 -0.4996909
v 0.0669280 -0.3689060 -0.4842443
v 0.1362285 -0.3867882 -0.4861689
v 0.0509754 -0.3712945 -0.4996846
v 0.2220563 -0.3819648 -0.4952933
v 0.2253196 -0.4296224 -0.4998935
v 0.2000192 -0.4957701 -0.4996519
v 0.1362285 -0.3867882 -0.4861689
v 0.2220563 -0.3819648 -0.4952933
v 0.0920118 -0.3759543 -0.4999221
v 0.2000192 -0.4957701 -0.4996519
v 0.0509754 -0.3712945 -0.4996846
v 0.0920118 -0.3759543 -0.4999221
v 0.2000192 -0.4957701 -0.4996519
v 0.0501615 0.3397809 -0.4994064
v -0.0268837 0.4871505 -0.4975653
v 0.4008462 0.3437371 -0.4999009
v 0.1980072 0.4843498 -0.4993491
v 0.2232340 -0.4951161 -0.4997790
v 0.0522330 -0.3814282 -0.3742364
v 0.0339460 -0.3663255 -0.3752141
v 0.0503124 -0.3698941 -0.3752582
v 0.0523639 0.2206475 -0.4645605
v 0.0519475 0.2236581 -0.3760407
v 0.0522330 -0.3814282 -0.3742364
v 0.0547592 -0.3414232 -0.4737575
v 0.0525253 -0.1917858 -0.4810632
v 0.0527929 -0.3678823 -0.4622317
v 0.0520263 0.3328889 -0.4733162
v 0.1980072 0.4843498 -0.4993491
v 0.0006490 0.4911422 -0.4570464
v 0.0102239 0.4902642 -0.3882094
v 0.0007105 0.4979133 -0.4669688
v 0.0575540 -0.3670186 -0.4747983
v 0.0520263 0.3328889 -0.4733162
v 0.0501615 0.3397809 -0.4994064
v 0.0519475 0.2236581 -0.3760407
v 0.0669280 -0.3689060 -0.4842443
v 0.0669280 -0.3689060 -0.4842443
v 0.0575540 -0.3670186 -0.4747983
v 0.0527929 -0.3678823 -0.4622317
v -0.0268837 0.4871505 -0.4975653
v -0.0054770 0.4981693 -0.4663420
v 0.0553638 -0.3296865 -0.4870041
v -0.0502062 -0.3717246 -0.4997103
v -0.0525016 -0.3669973 -0.4889934
v -0.0523218 0.2167909 -0.3790804
v -0.0515090 0.3396067 -0.4990051
v -0.0513650 0.2213974 -0.4994001
v -0.0522819 0.3348828 -0.4690783
v 0.0669280 -0.3689060 -0.4842443
v 0.0509754 -0.3712945 -0.4996846
v 0.0553638 -0.3296865 -0.4870041
v 0.0520100 0.2007179 -0.4989925
v 0.0547592 -0.3414232 -0.4737575
v 0.0669280 -0.3689060 -0.4842443
v 0.0553638 -0.3296865 -0.4870041
v 0.0501615 0.3397809 -0.4994064
v 0.0553638 -0.3296865 -0.4870041
v 0.0509754 -0.3712945 -0.4996846
v -0.0158362 0.4479098 -0.4995020
v -0.0499418 0.3470994 -0.4999903
v -0.0268837 0.4871505 -0.4975653
v -0.0515090 0.3396067 -0.4990051
v -0.0499418 0.3470994 -0.4999903
v -0.0513650 0.2213974 -0.4994001
v 0.0501615 0.3397809 -0.4994064
v -0.0502062 -0.3717246 -0.4997103
v 0.0509754 -0.3712945 -0.4996846
v 0.2000192 -0.4957701 -0.4996519
v -0.0513650 0.2213974 -0.4994001
v 0.0520100 0.2007179 -0.4989925
v -0.0268837 0.4871505 -0.4975653
v -0.0499418 0.3470994 -0.4999903
v -0.0515090 0.3396067 -0.4990051
v 0.0522330 -0.3814282 -0.3742364
v -0.0515211 -0.3702283 -0.3758930
v 0.0522140 -0.3703597 -0.0691433
v 0.0520631 0.3329813 -0.2150986
v 0.0509323 0.2126536 -0.2269278
v 0.0520295 0.3334505 -0.2480296
v 0.0892780 0.4775501 -0.3423249
v -0.0005507 0.4921161 -0.2396237
v 0.4988513 0.4611503 -0.2057682
v -0.0066262 0.4980306 -0.2476586
v 0.0138841 0.4137376 -0.2042523
v 0.0020496 0.4946006 -0.2450563
v -0.0025338 0.4978423 -0.2405871
v -0.0005507 0.4921161 -0.2396237
v -0.0066262 0.4980306 -0.2476586
v -0.0005507 0.4921161 -0.2396237
v -0.0025338 0.4978423 -0.2405871
v -0.0066262 0.4980306 -0.2476586
v -0.0005507 0.4921161 -0.2396237
v 0.0022857 0.4902429 -0.2509159
v 0.0020496 0.4946006 -0.2450563
v -0.0068534 0.4915971 -0.3016972
v 0.0022857 0.4902429 -0.2509159
v 0.0138841 0.4137376 -0.2042523
v 0.3997773 0.3469823 -0.3423415
v 0.3017712 0.3451517 -0.2058128
v -0.0066262 0.4980306 -0.2476586
v -0.0068534 0.4915971 -0.3016972
v 0.0138841 0.4137376 -0.2042523
v 0.0507020 -0.4977323 -0.1647329
v 0.0487914 -0.4996161 -0.3784496
v 0.0522330 -0.3814282 -0.3742364
v 0.0521310 0.3330986 -0.3005792
v 0.0520295 0.3334505 -0.2480296
v 0.0521310 0.3330986 -0.3005792
v 0.0138841 0.4137376 -0.2042523
v -0.0068534 0.4915971 -0.3016972
v -0.0068534 0.4915971 -0.3016972
v 0.0019492 0.4944727 -0.3056088
v 0.0527114 0.3363402 -0.3400619
v 0.0527114 0.3363402 -0.3400619
v 0.0527114 0.3363402 -0.3400619
v 0.0521310 0.3330986 -0.3005792
v 0.0519191 0.3314351 -0.3371482
v 0.0519475 0.2236581 -0.3760407
v 0.0527114 0.3363402 -0.3400619
v 0.0510306 0.3494098 -0.3430662
v 0.0892780 0.4775501 -0.3423249
v 0.0527114 0.3363402 -0.3400619
v 0.0892780 0.4775501 -0.3423249
v 0.3997773 0.3469823 -0.3423415
v 0.0519475 0.2236581 -0.3760407
v 0.0509323 0.2126536 -0.2269278
v 0.0367582 0.2084665 -0.3742999
v -0.0005507 0.4921161 -0.2396237
v 0.0019492 0.4944727 -0.3056088
v -0.0020507 0.4960899 -0.3121359
v -0.0068534 0.4915971 -0.3016972
v 0.0892780 0.4775501 -0.3423249
v -0.0501789 -0.5000000 -0.3795544
v 0.0487914 -0.4996161 -0.3784496
v 0.0507020 -0.4977323 -0.1647329
v 0.0527114 0.3363402 -0.3400619
v 0.0519191 0.3314351 -0.3371482
v 0.0510306 0.3494098 -0.3430662
v 0.0519475 0.2236581 -0.3760407
v 0.0519191 0.3314351 -0.3371482
v 0.0521310 0.3330986 -0.3005792
v 0.0510306 0.3494098 -0.3430662
v 0.0892780 0.4775501 -0.3423249
v 0.0200963 0.3520756 -0.3428069
v 0.0039218 0.3537248 -0.3427107
v 0.0347372 0.3536964 -0.3427170
v 0.0510306 0.3494098 -0.3430662
v -0.0502336 0.3543077 -0.3426809
v -0.0502336 0.3543077 -0.3426809
v 0.0039218 0.3537248 -0.3427107
v 0.0103527 0.3521822 -0.3847151
v 0.0200963 0.3520756 -0.3428069
v 0.0347372 0.3536964 -0.3427170
v 0.0510306 0.3494098 -0.3430662
v 0.0521636 0.3436943 -0.3851805
v -0.0523218 0.2167909 -0.3790804
v 0.0367582 0.2084665 -0.3742999
v 0.0509323 0.2126536 -0.2269278
v 0.0522330 -0.3814282 -0.3742364
v 0.0339460 -0.3663255 -0.3752141
v 0.0101266 -0.3670044 -0.3749851
v 0.0367582 0.2084665 -0.3742999
v 0.0501526 0.2106205 -0.3743955
v 0.0519475 0.2236581 -0.3760407
v 0.0521636 0.3436943 -0.3851805
v -0.0523218 0.2167909 -0.3790804
v 0.0522330 -0.3814282 -0.3742364
v 0.0367582 0.2084665 -0.3742999
v 0.0501526 0.2106205 -0.3743955
v -0.0515211 -0.3702283 -0.3758930
v 0.0519475 0.2236581 -0.3760407
v 0.0501526 0.2106205 -0.3743955
v 0.0522330 -0.3814282 -0.3742364
v -0.0521073 0.3403211 -0.3855967
v 0.0103527 0.3521822 -0.3847151
v 0.0102239 0.4902642 -0.3882094
v -0.0521073 0.3403211 -0.3855967
v 0.0521636 0.3436943 -0.3851805
v 0.2735693 0.4801983 -0.3850912
v 0.0501615 0.3397809 -0.4994064
v -0.0027058 0.4912133 -0.4145257
v -0.0084017 0.4913270 -0.4192833
v 0.0102239 0.4902642 -0.3882094
v -0.0061478 0.4975010 -0.4230060
v 0.0030217 0.4910853 -0.4245139
v 0.0006490 0.4911422 -0.4570464
v -0.0522724 0.3349291 -0.4511193
v -0.0513650 0.2213974 -0.4994001
v -0.0523003 0.3348757 -0.4210345
v -0.0523218 0.2167909 -0.3790804
v -0.0268837 0.4871505 -0.4975653
v 0.0007105 0.4979133 -0.4669688
v -0.0054770 0.4981693 -0.4663420
v -0.0525016 -0.3669973 -0.4889934
v -0.0522435 -0.3664463 -0.4617944
v -0.0522819 0.3348828 -0.4690783
v -0.0502062 -0.3717246 -0.4997103
v -0.0523218 0.2167909 -0.3790804
v -0.0041000 0.4913625 -0.0613396
v -0.0057114 0.4956456 -0.1261575
v -0.0004282 0.4910320 -0.0747711
v -0.0057114 0.4956456 -0.1261575
v -0.0083407 0.4911279 -0.0715682
v -0.0004282 0.4910320 -0.0747711
v -0.0523218 0.2167909 -0.3790804
v 0.0123889 0.2065222 -0.0716421
v -0.0072382 0.2077591 -0.0719581
v 0.0520284 0.3329564 -0.0953967
v 0.0511389 0.2118574 -0.0713387
v 0.0520237 0.3335002 -0.1406944
v -0.0041000 0.4913625 -0.0613396
v -0.0030017 0.4922511 -0.1328638
v 0.0522140 -0.3703597 -0.0691433
v -0.0515211 -0.3702283 -0.3758930
v -0.0520064 -0.3748383 -0.0702258
v 0.0522140 -0.3703597 -0.0691433
v 0.0508981 -0.4981944 -0.0683820
v 0.0507020 -0.4977323 -0.1647329
v 0.0514159 0.2469679 -0.1661629
v 0.4976031 0.4698586 -0.1636298
v -0.2458562 0.4893649 -0.1614470
v 0.0520237 0.3335002 -0.1406944
v 0.0465365 0.3500816 -0.1652848
v 0.0520284 0.3329564 -0.0953967
v 0.0509323 0.2126536 -0.2269278
v 0.0391356 0.2065080 -0.0716438
v 0.0465365 0.3500816 -0.1652848
v 0.0522330 -0.3814282 -0.3742364
v 0.0465365 0.3500816 -0.1652848
v -0.2458562 0.4893649 -0.1614470
v 0.4976031 0.4698586 -0.1636298
v 0.0507020 -0.4977323 -0.1647329
v 0.0508981 -0.4981944 -0.0683820
v -0.0519848 -0.4929730 -0.0701938
v 0.0463898 0.3351104 -0.1669844
v 0.0284057 0.3558220 -0.1912427
v 0.0463898 0.3351104 -0.1669844
v 0.0138841 0.4137376 -0.2042523
v 0.0284057 0.3558220 -0.1912427
v 0.0509323 0.2126536 -0.2269278
v 0.0284057 0.3558220 -0.1912427
v -0.0210958 0.3623017 -0.1971189
v -0.0221457 0.3643703 -0.1744102
v -0.0501789 -0.5000000 -0.3795544
v -0.0522204 0.3392157 -0.1631793
v -0.0210958 0.3623017 -0.1971189
v 0.0138841 0.4137376 -0.2042523
v 0.0509323 0.2126536 -0.2269278
v 0.0138841 0.4137376 -0.2042523
v 0.0514159 0.2469679 -0.1661629
v 0.0138841 0.4137376 -0.2042523
v 0.0465365 0.3500816 -0.1652848
v 0.0138841 0.4137376 -0.2042523
v -0.0210958 0.3623017 -0.1971189
v 0.0277222 0.3676440 -0.2013093
v 0.0277222 0.3676440 -0.2013093
v 0.0277222 0.3676440 -0.2013093
v 0.0284057 0.3558220 -0.1912427
v 0.0138841 0.4137376 -0.2042523
v 0.0511389 0.2118574 -0.0713387
v 0.0520631 0.3329813 -0.2150986
v 0.0138841 0.4137376 -0.2042523
v 0.0509323 0.2126536 -0.2269278
v 0.0520295 0.3334505 -0.2480296
v 0.0138841 0.4137376 -0.2042523
v 0.0520631 0.3329813 -0.2150986
v 0.4988513 0.4611503 -0.2057682
v -0.0005507 0.4921161 -0.2396237
v 0.0138841 0.4137376 -0.2042523
v -0.0057114 0.4956456 -0.1261575
v -0.0030017 0.4922511 -0.1328638
v 0.0520237 0.3335002 -0.1406944
v 0.0514159 0.2469679 -0.1661629
v 0.0518549 0.2515745 0.0227894
v 0.0520100 0.3330701 0.0387855
v 0.0524843 0.2161191 0.0549081
v 0.0521252 0.3331057 0.0820854
v 0.0520100 0.3330701 0.0387855
v 0.0571103 0.3366103 0.0248377
v 0.0505800 0.3400439 0.0233006
v 0.0505800 0.3400439 0.0233006
v 0.0518849 0.2530104 -0.0252578
v 0.0517871 -0.3749911 0.0633850
v 0.0523544 -0.3673918 0.0068912
v 0.0459629 0.3506858 0.0214321
v -0.0441959 0.4876446 0.0238776
v 0.0571103 0.3366103 0.0248377
v -0.0441959 0.4876446 0.0238776
v 0.3786403 0.4847445 0.0231667
v 0.0571103 0.3366103 0.0248377
v 0.0505800 0.3400439 0.0233006
v 0.0459629 0.3506858 0.0214321
v 0.0571103 0.3366103 0.0248377
v 0.0459629 0.3506858 0.0214321
v 0.0505800 0.3400439 0.0233006
v 0.0518549 0.2515745 0.0227894
v 0.4004997 -0.3729933 0.0633541
v 0.0522140 -0.3703597 -0.0691433
v 0.0523544 -0.3673918 0.0068912
v 0.0493324 0.3439751 -0.0007121
v 0.0459629 0.3506858 0.0214321
v 0.0518549 0.2515745 0.0227894
v 0.0475680 0.3471634 -0.0126718
v 0.0493324 0.3439751 -0.0007121
v 0.0475680 0.3471634 -0.0126718
v 0.0459629 0.3506858 0.0214321
v 0.0508981 -0.4981944 -0.0683820
v 0.0507146 -0.4983970 0.0621125
v -0.0519848 -0.4929730 -0.0701938
v 0.0493324 0.3439751 -0.0007121
v 0.0511389 0.2118574 -0.0713387
v 0.0430666 0.3522818 -0.0241141
v 0.0430666 0.3522818 -0.0241141
v 0.3997001 -0.4952582 -0.0695314
v -0.0520258 0.3435947 -0.0249384
v -0.0553822 0.4768996 -0.0246859
v 0.0430666 0.3522818 -0.0241141
v 0.1755500 0.4892940 -0.0272494
v 0.3998977 0.3403320 -0.0243883
v 0.0511389 0.2118574 -0.0713387
v 0.3998977 0.3403320 -0.0243883
v 0.0520085 0.3299138 -0.0557095
v 0.0520284 0.3329564 -0.0953967
v 0.0430666 0.3522818 -0.0241141
v 0.0430666 0.3522818 -0.0241141
v 0.0511389 0.2118574 -0.0713387
v 0.0520085 0.3299138 -0.0557095
v 0.1755500 0.4892940 -0.0272494
v -0.0041000 0.4913625 -0.0613396
v -0.0553822 0.4768996 -0.0246859
v 0.0522140 -0.3703597 -0.0691433
v 0.0520284 0.3329564 -0.0953967
v 0.0511389 0.2118574 -0.0713387
v 0.0522140 -0.3703597 -0.0691433
v 0.0488524 0.1081359 -0.0715081
v 0.0508981 -0.4981944 -0.0683820
v 0.0522140 -0.3703597 -0.0691433
v 0.3997773 -0.3737007 -0.0699322
v 0.0465365 0.3500816 -0.1652848
v -0.0083407 0.4911279 -0.0715682
v -0.0004282 0.4910320 -0.0747711
v 0.0391356 0.2065080 -0.0716438
v -0.0520064 -0.3748383 -0.0702258
v -0.0072382 0.2077591 -0.0719581
v 0.0123889 0.2065222 -0.0716421
v -0.0265866 0.2064831 -0.0716455
v 0.4976031 0.4698586 -0.1636298
v -0.0030017 0.4922511 -0.1328638
v -0.0041000 0.4913625 -0.0613396
v 0.4978197 -0.4929549 -0.4994876
v 0.4978103 -0.4928198 0.4992604
v 0.3992190 -0.4933637 0.0626901
v 0.4004997 -0.3729933 0.0633541
v 0.4126302 -0.3670361 0.0633026
v 0.3995013 0.2196347 0.0611135
v 0.3995013 0.2196347 0.0611135
v 0.3999088 0.3329815 0.0236464
v 0.3998977 0.3403320 -0.0243883
v 0.4964696 0.4845846 0.0232897
v 0.3786403 0.4847445 0.0231667
v 0.4722833 0.4908830 0.0656542
v 0.3991428 0.2058115 -0.0684844
v 0.3991480 -0.3670397 -0.0506897
v 0.4004997 -0.3729933 0.0633541
v 0.4996825 0.3540308 0.0239063
v 0.4964696 0.4845846 0.0232897
v 0.4996588 0.4747104 0.0239584
v 0.4996825 0.3540308 0.0239063
v 0.4997266 0.2211311 0.0586394
v 0.4838460 0.2100129 -0.0710599
v 0.4007884 0.3505474 0.0218786
v 0.3999088 0.3329815 0.0236464
v 0.2877975 0.3420310 0.0229984
v 0.4007884 0.3505474 0.0218786
v 0.3786403 0.4847445 0.0231667
v 0.2877975 0.3420310 0.0229984
v 0.4996825 0.3540308 0.0239063
v 0.3998977 0.3403320 -0.0243883
v 0.4007884 0.3505474 0.0218786
v 0.4007884 0.3505474 0.0218786
v 0.4986231 0.3488555 -0.0246556
v 0.4986231 0.3488555 -0.0246556
v 0.3998977 0.3403320 -0.0243883
v 0.4986231 0.3488555 -0.0246556
v 0.4987009 0.4844104 -0.0268493
v 0.3968984 0.3092522 -0.0790061
v 0.3998977 0.3403320 -0.0243883
v 0.3791224 0.3325372 -0.0547919
v 0.3997773 -0.3737007 -0.0699322
v 0.4987009 0.4844104 -0.0268493
v 0.4986231 0.3488555 -0.0246556
v 0.4997045 0.3558009 -0.1621975
v 0.3991428 0.2058115 -0.0684844
v 0.3998977 0.3403320 -0.0243883
v 0.4010912 0.2133895 -0.0715797
v 0.4701009 0.4966660 -0.0701554
v 0.1755500 0.4892940 -0.0272494
v 0.4987009 0.4844104 -0.0268493
v 0.4660085 0.4915369 -0.1183332
v 0.4978103 -0.4928198 0.4992604
v 0.4978197 -0.4929549 -0.4994876
v 0.3997773 -0.3737007 -0.0699322
v 0.4997045 0.3558009 -0.1621975
v 0.4707402 0.4957774 -0.1272125
v 0.3995697 0.2163895 0.3737618
v 0.4019134 0.2110400 0.1931238
v 0.4997266 0.2211311 0.0586394
v 0.4986599 0.3501316 0.2037245
v 0.4996356 0.2200932 0.3755696
v 0.4997266 0.2211311 0.0586394
v 0.4990474 0.4737684 0.2044910
v 0.4988917 0.4848796 0.2064877
v 0.4988917 0.4848796 0.2064877
v 0.4990474 0.4737684 0.2044910
v 0.4457006 0.4739283 0.2035974
v 0.4986567 0.3495700 0.1611860
v 0.4457006 0.4739283 0.2035974
v 0.4009923 0.3539241 0.2033667
v 0.4988917 0.4848796 0.2064877
v 0.4988917 0.4848796 0.2064877
v 0.4009923 0.3539241 0.2033667
v 0.3993115 0.3378119 0.2053646
v 0.4988917 0.4848796 0.2064877
v 0.3993115 0.3378119 0.2053646
v 0.2105588 0.3426636 0.2044761
v 0.4009923 0.3539241 0.2033667
v 0.4457006 0.4739283 0.2035974
v 0.4986599 0.3501316 0.2037245
v 0.4990474 0.4737684 0.2044910
v 0.4986567 0.3495700 0.1611860
v 0.4009923 0.3539241 0.2033667
v 0.4986599 0.3501316 0.2037245
v 0.4009192 0.3502595 0.1616915
v 0.4019134 0.2110400 0.1931238
v 0.4009923 0.3539241 0.2033667
v 0.4019134 0.2110400 0.1931238
v 0.3993115 0.3378119 0.2053646
v 0.4009923 0.3539241 0.2033667
v 0.4007978 -0.3692719 0.3684208
v 0.4126302 -0.3670361 0.0633026
v 0.4004997 -0.3729933 0.0633541
v 0.4009192 0.3502595 0.1616915
v 0.4969297 0.4844814 0.1603302
v 0.4009192 0.3502595 0.1616915
v 0.4986567 0.3495700 0.1611860
v 0.0520526 0.3503979 0.1614917
v 0.3992190 -0.4933637 0.0626901
v 0.4007978 -0.3692719 0.3684208
v 0.4004997 -0.3729933 0.0633541
v 0.4969297 0.4844814 0.1603302
v 0.4599246 0.4910571 0.1279127
v -0.0542702 0.4737930 0.1614299
v 0.4722833 0.4908830 0.0656542
v 0.4642446 0.4910606 0.1186377
v 0.5000000 0.4743336 0.1554477
v 0.4996588 0.4747104 0.0239584
v 0.4969297 0.4844814 0.1603302
v 0.5000000 0.4743336 0.1554477
v 0.4996825 0.3540308 0.0239063
v 0.4996588 0.4747104 0.0239584
v 0.3995013 0.2196347 0.0611135
v 0.4964696 0.4845846 0.0232897
v 0.4969297 0.4844814 0.1603302
v 0.4659502 0.4980842 0.1306879
v 0.4599246 0.4910571 0.1279127
v 0.3995013 0.2196347 0.0611135
v 0.4659502 0.4980842 0.1306879
v 0.4997266 0.2211311 0.0586394
v 0.3995013 0.2196347 0.0611135
v 0.4978103 -0.4928198 0.4992604
v 0.4009192 0.3502595 0.1616915
v 0.2877975 0.3420310 0.0229984
v 0.3999088 0.3329815 0.0236464
v 0.3999088 0.3329815 0.0236464
v 0.4986567 0.3495700 0.1611860
v 0.5000000 0.4743336 0.1554477
v 0.4969297 0.4844814 0.1603302
v 0.3995013 0.2196347 0.0611135
v 0.4126302 -0.3670361 0.0633026
v 0.4978103 -0.4928198 0.4992604
v 0.4978103 -0.4928198 0.4992604
v 0.4838460 0.2100129 -0.0710599
v 0.4010912 0.2133895 -0.0715797
v 0.4978103 -0.4928198 0.4992604
v 0.3997773 -0.3737007 -0.0699322
v 0.4010912 0.2133895 -0.0715797
v 0.4447816 0.2099951 -0.0710708
v 0.4978103 -0.4928198 0.4992604
v 0.4616217 0.2097712 -0.0711360
v 0.4838460 0.2100129 -0.0710599
v 0.4986599 0.3501316 0.2037245
v 0.4599246 0.4910571 0.1279127
v 0.4997266 0.2211311 0.0586394
v 0.4996356 0.2200932 0.3755696
v 0.4850147 0.2088470 0.3713512
v 0.4997266 0.2211311 0.0586394
v 0.4439499 0.2090283 0.3713523
v 0.3995697 0.2163895 0.3737618
v 0.4007752 0.3505972 0.3846430
v 0.4416098 0.3521931 0.3425951
v 0.4081756 0.3522926 0.3426306
v 0.3997059 0.3433568 0.3417650
v 0.4975464 -0.3692932 0.3719442
v 0.4126302 -0.3670361 0.0633026
v 0.4007978 -0.3692719 0.3684208
v 0.4719063 0.3528969 0.3452988
v 0.4773599 0.3519692 0.3425413
v 0.3875748 0.4857575 0.3410065
v 0.4081756 0.3522926 0.3426306
v 0.4416098 0.3521931 0.3425951
v 0.4773599 0.3519692 0.3425413
v 0.3997059 0.3433568 0.3417650
v 0.4984149 0.4836817 0.3405028
v 0.3875748 0.4857575 0.3410065
v 0.4598336 0.4912383 0.3090258
v 0.4697776 0.4989266 0.3075185
v 0.4598336 0.4912383 0.3090258
v 0.3875748 0.4857575 0.3410065
v 0.4681536 0.4910002 0.3128830
v 0.4984149 0.4836817 0.3405028
v 0.4990526 0.3472845 0.3413242
v 0.4986599 0.3501316 0.2037245
v 0.3875748 0.4857575 0.3410065
v 0.4697776 0.4989266 0.3075185
v 0.1864839 0.4842965 0.3413357
v 0.4984149 0.4836817 0.3405028
v 0.4988917 0.4848796 0.2064877
v 0.4691488 0.4996233 0.2434414
v 0.4697776 0.4989266 0.3075185
v 0.4988917 0.4848796 0.2064877
v 0.3997059 0.3433568 0.3417650
v 0.3993115 0.3378119 0.2053646
v 0.3995697 0.2163895 0.3737618
v 0.4670353 0.4911743 0.2396025
v 0.4697776 0.4989266 0.3075185
v 0.4019134 0.2110400 0.1931238
v 0.3992190 -0.4933637 0.0626901
v 0.4016038 -0.4994169 0.3705326
v 0.4007978 -0.3692719 0.3684208
v 0.4996356 0.2200932 0.3755696
v 0.0765896 0.4904136 0.2072468
v 0.3993115 0.3378119 0.2053646
v 0.3997059 0.3433568 0.3417650
v 0.2105588 0.3426636 0.2044761
v 0.4975464 -0.3692932 0.3719442
v 0.4978103 -0.4928198 0.4992604
v 0.4126302 -0.3670361 0.0633026
v 0.4016038 -0.4994169 0.3705326
v 0.3992190 -0.4933637 0.0626901
v 0.4978103 -0.4928198 0.4992604
v 0.4416098 0.3521931 0.3425951
v 0.4988917 0.4848796 0.2064877
v 0.4670353 0.4911743 0.2396025
v 0.4697776 0.4989266 0.3075185
v 0.4991940 0.4773442 0.3888998
v 0.4982656 0.3579478 0.4996296
v 0.4985931 0.3482015 0.3842062
v 0.4967356 0.4840194 0.3885666
v 0.4704558 0.4976932 0.4233237
v 0.4996209 0.4770989 0.4972591
v 0.4975464 -0.3692932 0.3719442
v 0.4996356 0.2200932 0.3755696
v 0.4641653 0.5000000 0.4193652
v 0.4636469 0.4910464 0.4286665
v 0.4654539 0.4910322 0.4154199
v 0.4595477 0.4917964 0.4177755
v 0.4595477 0.4917964 0.4177755
v 0.4595477 0.4917964 0.4177755
v 0.4991940 0.4773442 0.3888998
v 0.4967356 0.4840194 0.3885666
v 0.4991940 0.4773442 0.3888998
v 0.4969885 0.4663255 0.3856396
v 0.4991688 0.4502950 0.3861657
v 0.4991688 0.4502950 0.3861657
v 0.4985931 0.3482015 0.3842062
v 0.4660869 0.4314495 0.3840436
v 0.4816258 0.4074288 0.3836183
v 0.4643219 0.3772376 0.3777209
v 0.4023577 0.3847267 0.3845686
v 0.4153451 0.3664534 0.3802248
v 0.4007752 0.3505972 0.3846430
v 0.4153451 0.3664534 0.3802248
v 0.4023577 0.3847267 0.3845686
v 0.4007752 0.3505972 0.3846430
v 0.4967356 0.4840194 0.3885666
v 0.4023577 0.3847267 0.3845686
v 0.4153451 0.3664534 0.3802248
v 0.4416098 0.3521931 0.3425951
v 0.4007752 0.3505972 0.3846430
v 0.4643219 0.3772376 0.3777209
v 0.4719063 0.3528969 0.3452988
v 0.4985931 0.3482015 0.3842062
v 0.4996356 0.2200932 0.3755696
v 0.4975464 -0.3692932 0.3719442
v 0.4850147 0.2088470 0.3713512
v 0.4990526 0.3472845 0.3413242
v 0.4773599 0.3519692 0.3425413
v 0.4990526 0.3472845 0.3413242
v 0.4990526 0.3472845 0.3413242
v 0.4984149 0.4836817 0.3405028
v 0.4773599 0.3519692 0.3425413
v 0.3988704 -0.3793486 0.5000000
v 0.4995910 -0.3567389 0.4980731
v 0.4982656 0.3579478 0.4996296
v 0.4004067 0.2386117 0.4993445
v 0.4001995 0.3396496 0.4988780
v 0.4996209 0.4770989 0.4972591
v 0.3264376 0.4894042 0.4972940
v 0.3264376 0.4894042 0.4972940
v 0.4996209 0.4770989 0.4972591
v 0.4686152 0.4975831 0.4694893
v 0.4621821 0.4986386 0.4633171
v 0.4636469 0.4910464 0.4286665
v 0.4701829 0.4980771 0.4623840
v 0.4001995 0.3396496 0.4988780
v 0.3995697 0.2163895 0.3737618
v 0.4004067 0.2386117 0.4993445
v 0.4595477 0.4917964 0.4177755
v 0.4704558 0.4976932 0.4233237
v 0.4975464 -0.3692932 0.3719442
v 0.4982656 0.3579478 0.4996296
v 0.4995910 -0.3567389 0.4980731
v 0.4007752 0.3505972 0.3846430
v 0.4991940 0.4773442 0.3888998
v 0.4996209 0.4770989 0.4972591
v 0.4982656 0.3579478 0.4996296
v 0.3988704 -0.3793486 0.5000000
v 0.4978103 -0.4928198 0.4992604
v 0.4995910 -0.3567389 0.4980731
v 0.4975464 -0.3692932 0.3719442
v 0.4995910 -0.3567389 0.4980731
v 0.4978103 -0.4928198 0.4992604
v 0.3995697 0.2163895 0.3737618
v 0.3991138 -0.3461184 0.3751277
v 0.3991060 -0.3669544 0.4367913
v 0.3991391 -0.3670646 0.4054849
v 0.4007978 -0.3692719 0.3684208
v 0.4006459 -0.3554736 0.3722207
v 0.3991138 -0.3461184 0.3751277
v 0.4006459 -0.3554736 0.3722207
v 0.4007978 -0.3692719 0.3684208
v 0.4098974 -0.3665101 0.3722608
v 0.4006459 -0.3554736 0.3722207
v 0.4439499 0.2090283 0.3713523
v 0.4239080 -0.3666878 0.3722465
v 0.4975464 -0.3692932 0.3719442
v 0.4439499 0.2090283 0.3713523
v 0.4850147 0.2088470 0.3713512
v 0.4098974 -0.3665101 0.3722608
v 0.4007978 -0.3692719 0.3684208
v 0.3995697 0.2163895 0.3737618
v 0.4007978 -0.3692719 0.3684208
v 0.4239080 -0.3666878 0.3722465
v 0.4439499 0.2090283 0.3713523
v 0.4088349 0.2099915 0.3711165
v 0.3995697 0.2163895 0.3737618
v 0.4232629 0.2099986 0.3711525
v 0.4439499 0.2090283 0.3713523
v 0.4239080 -0.3666878 0.3722465
v 0.4007752 0.3505972 0.3846430
v 0.3997059 0.3433568 0.3417650
v 0.3995697 0.2163895 0.3737618
v 0.2069995 -0.4982618 0.4985345
v 0.3988704 -0.3793486 0.5000000
v 0.0507951 -0.3738146 0.4996514
v 0.3264376 0.4894042 0.4972940
v 0.1804200 0.4775573 0.4997287
v 0.4001995 0.3396496 0.4988780
v 0.0490070 0.3487522 0.4996903
v 0.4978103 -0.4928198 0.4992604
v 0.4004067 0.2386117 0.4993445
v 0.3995697 0.2163895 0.3737618
v 0.3988704 -0.3793486 0.5000000
v 0.3264376 0.4894042 0.4972940
v 0.4595477 0.4917964 0.4177755
v -0.0002043 0.4916682 0.3992658
v 0.3988704 -0.3793486 0.5000000
v 0.3991060 -0.3669544 0.4367913
v 0.2041231 -0.3722541 0.3676457
v 0.4016038 -0.4994169 0.3705326
v 0.4978103 -0.4928198 0.4992604
v 0.2069995 -0.4982618 0.4985345
v 0.3991060 -0.3669544 0.4367913
v 0.3991391 -0.3670646 0.4054849
v 0.0507951 -0.3738146 0.4996514
v 0.0490070 0.3487522 0.4996903
v 0.4007752 0.3505972 0.3846430
v 0.4001995 0.3396496 0.4988780
v 0.4967356 0.4840194 0.3885666
v 0.0549395 0.4632116 0.3851771
v 0.4007978 -0.3692719 0.3684208
v 0.4007752 0.3505972 0.3846430
v 0.0511168 0.3501242 0.3847438
v 0.4967356 0.4840194 0.3885666
v 0.0511636 -0.4968721 0.3680298
v 0.2041231 -0.3722541 0.3676457
v 0.4007978 -0.3692719 0.3684208
v 0.4016038 -0.4994169 0.3705326
v 0.0516720 0.3470994 0.3423919
v 0.3997059 0.3433568 0.3417650
v 0.3875748 0.4857575 0.3410065
v 0.4595477 0.4917964 0.4177755
v 0.0482336 0.3451445 0.2041441
v 0.0519217 0.3348971 0.2084885
v 0.0524843 0.2161191 0.0549081
v 0.0502777 -0.4986920 0.1060798
v 0.0517871 -0.3749911 0.0633850
v 0.0514049 -0.4947679 0.2799308
v 0.4988917 0.4848796 0.2064877
v 0.2105588 0.3426636 0.2044761
v 0.0765896 0.4904136 0.2072468
v 0.0460665 0.3431825 0.1650689
v 0.0520526 0.3503979 0.1614917
v 0.0460665 0.3431825 0.1650689
v 0.0524843 0.2161191 0.0549081
v -0.0542702 0.4737930 0.1614299
v 0.0520526 0.3503979 0.1614917
v 0.4969297 0.4844814 0.1603302
v 0.0511284 -0.4960368 0.1530319
v 0.0517871 -0.3749911 0.0633850
v 0.0502777 -0.4986920 0.1060798
v 0.0520526 0.3503979 0.1614917
v 0.0524843 0.2161191 0.0549081
v 0.0521252 0.3331057 0.0820854
v 0.4722833 0.4908830 0.0656542
v -0.0542702 0.4737930 0.1614299
v 0.4599246 0.4910571 0.1279127
v 0.3786403 0.4847445 0.0231667
v 0.0511284 -0.4960368 0.1530319
v 0.0515232 -0.4933355 0.1047191
v 0.0517871 -0.3749911 0.0633850
v 0.0502777 -0.4986920 0.1060798
v 0.0515232 -0.4933355 0.1047191
v 0.0511284 -0.4960368 0.1530319
v 0.0507146 -0.4983970 0.0621125
v 0.4009192 0.3502595 0.1616915
v 0.0520526 0.3503979 0.1614917
v 0.2877975 0.3420310 0.0229984
v 0.0507146 -0.4983970 0.0621125
v 0.0507146 -0.4983970 0.0621125
v 0.0502777 -0.4986920 0.1060798
v -0.0508224 -0.4983259 0.0630839
v 0.0009892 0.4913554 0.0624605
v -0.0441959 0.4876446 0.0238776
v 0.0524843 0.2161191 0.0549081
v 0.0186042 0.2099238 0.0641865
v 0.0517871 -0.3749911 0.0633850
v 0.4004997 -0.3729933 0.0633541
v 0.0507146 -0.4983970 0.0621125
v 0.3992190 -0.4933637 0.0626901
v 0.0517871 -0.3749911 0.0633850
v 0.3997001 -0.4952582 -0.0695314
v 0.3992190 -0.4933637 0.0626901
v 0.4004997 -0.3729933 0.0633541
v 0.0523544 -0.3673918 0.0068912
v 0.0517871 -0.3749911 0.0633850
v 0.0521252 0.3331057 0.0820854
v 0.0571103 0.3366103 0.0248377
v 0.0520100 0.3330701 0.0387855
v 0.1833426 0.3377905 0.0242234
v 0.0571103 0.3366103 0.0248377
v 0.3786403 0.4847445 0.0231667
v 0.1833426 0.3377905 0.0242234
v 0.2877975 0.3420310 0.0229984
v 0.3991480 -0.3670397 -0.0506897
v 0.0522140 -0.3703597 -0.0691433
v 0.3998977 0.3403320 -0.0243883
v 0.4987009 0.4844104 -0.0268493
v 0.1755500 0.4892940 -0.0272494
v 0.0507146 -0.4983970 0.0621125
v 0.4004997 -0.3729933 0.0633541
v 0.1804200 0.4775573 0.4997287
v -0.0003294 0.4979702 0.4613347
v -0.0060290 0.4973873 0.4685144
v -0.0002043 0.4916682 0.3992658
v 0.0011012 0.4915971 0.4168825
v 0.0511636 -0.4968721 0.3680298
v 0.2069995 -0.4982618 0.4985345
v -0.0502909 -0.4985818 0.3684591
v 0.0522303 -0.3672674 0.3736811
v 0.0518528 0.2143171 0.3724417
v 0.0507951 -0.3738146 0.4996514
v 0.4595477 0.4917964 0.4177755
v 0.0549395 0.4632116 0.3851771
v 0.3264376 0.4894042 0.4972940
v 0.2041231 -0.3722541 0.3676457
v 0.0522303 -0.3672674 0.3736811
v 0.0507951 -0.3738146 0.4996514
v 0.0522908 0.3355334 0.3885740
v 0.0511168 0.3501242 0.3847438
v 0.0522577 0.3354338 0.4497608
v 0.0516163 0.2109866 0.4980857
v 0.0511168 0.3501242 0.3847438
v 0.4007752 0.3505972 0.3846430
v 0.0490070 0.3487522 0.4996903
v 0.4967356 0.4840194 0.3885666
v 0.0511168 0.3501242 0.3847438
v 0.0549395 0.4632116 0.3851771
v 0.0505416 -0.3604784 0.3716071
v 0.0518528 0.2143171 0.3724417
v 0.0522303 -0.3672674 0.3736811
v 0.0522303 -0.3672674 0.3736811
v 0.0516788 -0.3721725 0.3669021
v 0.0505416 -0.3604784 0.3716071
v 0.0516788 -0.3721725 0.3669021
v 0.4016038 -0.4994169 0.3705326
v 0.0511636 -0.4968721 0.3680298
v 0.2041231 -0.3722541 0.3676457
v 0.0516788 -0.3721725 0.3669021
v 0.0516788 -0.3721725 0.3669021
v 0.0514049 -0.4947679 0.2799308
v 0.0517871 -0.3749911 0.0633850
v 0.0516720 0.3470994 0.3423919
v 0.0516720 0.3470994 0.3423919
v 0.3875748 0.4857575 0.3410065
v 0.1864839 0.4842965 0.3413357
v -0.0374349 0.4842821 0.3413483
v 0.1864839 0.4842965 0.3413357
v -0.0084632 0.4919348 0.2451376
v 0.0020617 0.4957096 0.3057782
v 0.0524843 0.2161191 0.0549081
v -0.0374349 0.4842821 0.3413483
v 0.0765896 0.4904136 0.2072468
v 0.0511636 -0.4968721 0.3680298
v 0.4697776 0.4989266 0.3075185
v 0.3997059 0.3433568 0.3417650
v 0.0516720 0.3470994 0.3423919
v 0.2105588 0.3426636 0.2044761
v 0.0519217 0.3348971 0.2084885
v 0.0519217 0.3348971 0.2084885
v 0.0482336 0.3451445 0.2041441
v 0.2105588 0.3426636 0.2044761
v 0.0482336 0.3451445 0.2041441
v 0.0765896 0.4904136 0.2072468
v -0.0192657 0.4727303 0.2036587
v -0.0002043 0.4916682 0.3992658
v 0.0518528 0.2143171 0.3724417
v -0.0520064 -0.3748383 -0.0702258
v -0.0515211 -0.3702283 -0.3758930
v -0.0501789 -0.5000000 -0.3795544
v -0.2917274 0.3396776 -0.3410981
v -0.0502336 0.3543077 -0.3426809
v -0.2944902 0.3389419 -0.2071449
v -0.0502336 0.3543077 -0.3426809
v -0.0523218 0.2167909 -0.3790804
v -0.0520306 0.3328391 -0.2077031
v -0.0522798 0.3348971 -0.3091660
v -0.0523218 0.2167909 -0.3790804
v -0.0502336 0.3543077 -0.3426809
v -0.3461435 0.4884407 -0.3405692
v -0.0068534 0.4915971 -0.3016972
v -0.0020507 0.4960899 -0.3121359
v 0.0138841 0.4137376 -0.2042523
v 0.0892780 0.4775501 -0.3423249
v -0.0502336 0.3543077 -0.3426809
v -0.0522498 0.3352383 -0.3401776
v -0.0522798 0.3348971 -0.3091660
v -0.0523218 0.2167909 -0.3790804
v -0.0522798 0.3348971 -0.3091660
v -0.0522498 0.3352383 -0.3401776
v -0.0502336 0.3543077 -0.3426809
v -0.2917274 0.3396776 -0.3410981
v 0.0892780 0.4775501 -0.3423249
v -0.3461435 0.4884407 -0.3405692
v -0.0515211 -0.3702283 -0.3758930
v -0.2309272 -0.3757910 -0.3746015
v -0.0501789 -0.5000000 -0.3795544
v -0.4001059 -0.3702462 -0.3760378
v -0.2309272 -0.3757910 -0.3746015
v -0.0522566 -0.3664392 -0.4182924
v -0.4001059 -0.3702462 -0.3760378
v -0.0515211 -0.3702283 -0.3758930
v -0.0525137 -0.3670222 -0.3833143
v -0.0521073 0.3403211 -0.3855967
v 0.0102239 0.4902642 -0.3882094
v -0.4170696 0.3516275 -0.3844300
v -0.0521073 0.3403211 -0.3855967
v -0.4989359 0.4850176 -0.3882809
v 0.0102239 0.4902642 -0.3882094
v -0.0084017 0.4913270 -0.4192833
v -0.0521073 0.3403211 -0.3855967
v -0.4170696 0.3516275 -0.3844300
v -0.0522787 0.3348971 -0.4019878
v -0.0525137 -0.3670222 -0.3833143
v -0.0515211 -0.3702283 -0.3758930
v -0.0521073 0.3403211 -0.3855967
v -0.0522787 0.3348971 -0.4019878
v -0.0523003 0.3348757 -0.4210345
v -0.0523003 0.3348757 -0.4210345
v -0.0522566 -0.3664392 -0.4182924
v -0.0268837 0.4871505 -0.4975653
v -0.0522719 -0.3663966 -0.4451217
v -0.0522724 0.3349291 -0.4511193
v -0.0522719 -0.3663966 -0.4451217
v -0.3073489 -0.3696561 -0.4992879
v -0.0522435 -0.3664463 -0.4617944
v -0.0522819 0.3348828 -0.4690783
v -0.0522435 -0.3664463 -0.4617944
v -0.0525016 -0.3669973 -0.4889934
v -0.0515090 0.3396067 -0.4990051
v -0.4158457 -0.4946544 -0.4998929
v 0.2000192 -0.4957701 -0.4996519
v -0.0501789 -0.5000000 -0.3795544
v -0.0502062 -0.3717246 -0.4997103
v -0.0268837 0.4871505 -0.4975653
v -0.0515090 0.3396067 -0.4990051
v -0.3995849 0.3393363 -0.4988900
v -0.0502062 -0.3717246 -0.4997103
v 0.2000192 -0.4957701 -0.4996519
v -0.4158457 -0.4946544 -0.4998929
v -0.0523218 0.2167909 -0.3790804
v -0.0522566 -0.3664392 -0.4182924
v -0.0522750 -0.3663895 -0.0515570
v -0.2181810 -0.3697982 -0.0692012
v -0.0523560 -0.3649677 0.0180724
v -0.0518166 0.2221403 -0.0702796
v -0.0522750 -0.3663895 -0.0515570
v -0.0523560 -0.3649677 0.0180724
v -0.0520258 0.3435947 -0.0249384
v -0.0522987 0.3348935 -0.0364127
v -0.2530899 0.3379502 -0.0267548
v -0.0520258 0.3435947 -0.0249384
v -0.0553822 0.4768996 -0.0246859
v -0.3707925 0.4854513 -0.0257112
v -0.0520258 0.3435947 -0.0249384
v -0.2530899 0.3379502 -0.0267548
v -0.0522987 0.3348935 -0.0364127
v -0.0520064 -0.3748383 -0.0702258
v -0.0520064 -0.3748383 -0.0702258
v -0.0522813 0.3348900 -0.0542383
v -0.0522729 0.3349255 -0.0821684
v -0.0522892 0.3347904 -0.0683734
v -0.0522813 0.3348900 -0.0542383
v -0.0522892 0.3347904 -0.0683734
v -0.3707925 0.4854513 -0.0257112
v -0.0553822 0.4768996 -0.0246859
v -0.2458562 0.4893649 -0.1614470
v -0.0041000 0.4913625 -0.0613396
v -0.0083407 0.4911279 -0.0715682
v -0.0519848 -0.4929730 -0.0701938
v -0.4013062 -0.4990761 0.0611210
v -0.3996049 -0.4898701 -0.0702745
v -0.0522750 -0.3663895 -0.0515570
v -0.0520064 -0.3748383 -0.0702258
v -0.0521709 -0.3680849 -0.0686264
v -0.2181810 -0.3697982 -0.0692012
v -0.0519848 -0.4929730 -0.0701938
v -0.3996049 -0.4898701 -0.0702745
v -0.0520064 -0.3748383 -0.0702258
v -0.0057114 0.4956456 -0.1261575
v -0.0520064 -0.3748383 -0.0702258
v -0.0265866 0.2064831 -0.0716455
v 0.0488524 0.1081359 -0.0715081
v -0.0518166 0.2221403 -0.0702796
v -0.0360117 -0.3664179 -0.0710731
v -0.0520064 -0.3748383 -0.0702258
v -0.0521709 -0.3680849 -0.0686264
v -0.0501789 -0.5000000 -0.3795544
v -0.0519848 -0.4929730 -0.0701938
v -0.0520064 -0.3748383 -0.0702258
v -0.0522204 0.3392157 -0.1631793
v -0.0522729 0.3349255 -0.0821684
v -0.0518166 0.2221403 -0.0702796
v -0.0523218 0.2167909 -0.3790804
v -0.0265866 0.2064831 -0.0716455
v -0.0072382 0.2077591 -0.0719581
v -0.0522204 0.3392157 -0.1631793
v -0.0030017 0.4922511 -0.1328638
v -0.4000087 0.3504510 -0.1638616
v -0.0520306 0.3328391 -0.2077031
v -0.4000087 0.3504510 -0.1638616
v -0.2458562 0.4893649 -0.1614470
v -0.0522204 0.3392157 -0.1631793
v -0.2458562 0.4893649 -0.1614470
v 0.0465365 0.3500816 -0.1652848
v -0.0221457 0.3643703 -0.1744102
v -0.0221457 0.3643703 -0.1744102
v -0.0522204 0.3392157 -0.1631793
v -0.2458562 0.4893649 -0.1614470
v -0.0523218 0.2167909 -0.3790804
v -0.0522204 0.3392157 -0.1631793
v -0.0210958 0.3623017 -0.1971189
v -0.0522204 0.3392157 -0.1631793
v 0.0138841 0.4137376 -0.2042523
v -0.0520306 0.3328391 -0.2077031
v -0.4000087 0.3504510 -0.1638616
v -0.2944902 0.3389419 -0.2071449
v 0.0138841 0.4137376 -0.2042523
v -0.0520306 0.3328391 -0.2077031
v 0.0138841 0.4137376 -0.2042523
v -0.2944902 0.3389419 -0.2071449
v -0.0502336 0.3543077 -0.3426809
v -0.0520306 0.3328391 -0.2077031
v -0.0518166 0.2221403 -0.0702796
v -0.0221457 0.3643703 -0.1744102
v -0.2944902 0.3389419 -0.2071449
v -0.4001059 -0.3702462 -0.3760378
v -0.4001059 -0.4958700 -0.3748952
v -0.0501789 -0.5000000 -0.3795544
v -0.0501789 -0.5000000 -0.3795544
v -0.4001059 -0.4958700 -0.3748952
v -0.4158457 -0.4946544 -0.4998929
v -0.3993731 0.2140644 -0.3764535
v -0.4000996 0.2221152 -0.4995294
v -0.4170696 0.3516275 -0.3844300
v -0.4989359 0.4850176 -0.3882809
v -0.4170696 0.3516275 -0.3844300
v 0.0102239 0.4902642 -0.3882094
v -0.4975742 -0.4953156 -0.4990377
v -0.4001059 -0.3702462 -0.3760378
v -0.0522566 -0.3664392 -0.4182924
v -0.3073489 -0.3696561 -0.4992879
v -0.4986315 0.2164103 -0.4994401
v -0.4994753 0.3476536 -0.3869660
v -0.4997913 0.3508313 -0.4962395
v -0.4170696 0.3516275 -0.3844300
v -0.4000996 0.2221152 -0.4995294
v -0.3995849 0.3393363 -0.4988900
v -0.4990316 -0.3602228 -0.4988373
v -0.4975742 -0.4953156 -0.4990377
v -0.4984722 -0.3714370 -0.3771799
v -0.3993731 0.2140644 -0.3764535
v -0.4001059 -0.3702462 -0.3760378
v -0.3991333 -0.3657108 -0.4911916
v -0.4965133 0.4846551 -0.4989661
v -0.4718012 0.4909535 -0.4188420
v -0.4621433 0.4980162 -0.4196165
v -0.4685189 0.4998005 -0.4663219
v -0.4726134 0.4911170 -0.4621224
v -0.3991333 -0.3657108 -0.4911916
v -0.0268837 0.4871505 -0.4975653
v -0.4989359 0.4850176 -0.3882809
v -0.0515090 0.3396067 -0.4990051
v -0.4170696 0.3516275 -0.3844300
v -0.3995849 0.3393363 -0.4988900
v -0.3995581 0.3354585 -0.4804684
v -0.4965133 0.4846551 -0.4989661
v -0.4965133 0.4846551 -0.4989661
v -0.4974738 0.3504261 -0.4997956
v -0.4997913 0.3508313 -0.4962395
v -0.3991333 -0.3657108 -0.4911916
v -0.3073489 -0.3696561 -0.4992879
v -0.4000996 0.2221152 -0.4995294
v -0.4986315 0.2164103 -0.4994401
v -0.4000996 0.2221152 -0.4995294
v -0.4986315 0.2164103 -0.4994401
v -0.4974738 0.3504261 -0.4997956
v -0.4000996 0.2221152 -0.4995294
v -0.4965133 0.4846551 -0.4989661
v -0.3995849 0.3393363 -0.4988900
v -0.4990316 -0.3602228 -0.4988373
v -0.4158457 -0.4946544 -0.4998929
v -0.4975742 -0.4953156 -0.4990377
v -0.0268837 0.4871505 -0.4975653
v -0.3073489 -0.3696561 -0.4992879
v -0.0502062 -0.3717246 -0.4997103
v -0.4685189 0.4998005 -0.4663219
v -0.0268837 0.4871505 -0.4975653
v -0.4986315 0.2164103 -0.4994401
v -0.4000996 0.2221152 -0.4995294
v -0.3995849 0.3393363 -0.4988900
v -0.3461435 0.4884407 -0.3405692
v -0.4989548 0.4843956 -0.2087426
v 0.0138841 0.4137376 -0.2042523
v -0.3993731 0.2140644 -0.3764535
v -0.3995508 0.3354371 -0.2480296
v -0.4000087 0.3504510 -0.1638616
v -0.2944902 0.3389419 -0.2071449
v -0.3995508 0.3354371 -0.2480296
v -0.3995145 0.3353803 -0.2750025
v -0.3995145 0.3353803 -0.2750025
v -0.3995634 0.3356824 -0.3401455
v -0.2917274 0.3396776 -0.3410981
v -0.3995634 0.3356824 -0.3401455
v -0.4004577 0.3482721 -0.3430662
v -0.2917274 0.3396776 -0.3410981
v -0.4048234 0.4601865 -0.3426844
v -0.2917274 0.3396776 -0.3410981
v -0.4004577 0.3482721 -0.3430662
v -0.3461435 0.4884407 -0.3405692
v -0.1399303 0.4728084 -0.3425338
v -0.2917274 0.3396776 -0.3410981
v -0.3996049 -0.4898701 -0.0702745
v -0.4001059 -0.4958700 -0.3748952
v -0.4001059 -0.3702462 -0.3760378
v -0.4986814 0.3505398 -0.2060389
v -0.4989548 0.4843956 -0.2087426
v -0.4964644 0.4875342 -0.3405342
v -0.3993731 0.2140644 -0.3764535
v -0.3999051 0.2220121 -0.0703289
v -0.4988076 0.2223711 -0.3753257
v -0.4001059 -0.4958700 -0.3748952
v -0.4987130 -0.4887932 -0.2250965
v -0.4975742 -0.4953156 -0.4990377
v -0.4977488 -0.3700152 -0.2542751
v -0.4984722 -0.3714370 -0.3771799
v -0.4987130 -0.4887932 -0.2250965
v -0.4989548 0.4843956 -0.2087426
v -0.4636311 0.4910247 -0.2525548
v -0.3461435 0.4884407 -0.3405692
v -0.3461435 0.4884407 -0.3405692
v -0.4617489 0.4926775 -0.3022576
v -0.4989548 0.4843956 -0.2087426
v -0.4964644 0.4875342 -0.3405342
v -0.4666626 0.4977176 -0.3114850
v -0.4693959 0.4973195 -0.3028707
v -0.3993731 0.2140644 -0.3764535
v -0.3995634 0.3356824 -0.3401455
v -0.3995145 0.3353803 -0.2750025
v -0.4986226 0.3502412 -0.3420232
v -0.4004577 0.3482721 -0.3430662
v -0.4048234 0.4601865 -0.3426844
v -0.4964644 0.4875342 -0.3405342
v -0.3461435 0.4884407 -0.3405692
v -0.4376126 0.3537815 -0.3427124
v -0.4455923 0.3521429 -0.3427800
v -0.4004577 0.3482721 -0.3430662
v -0.4986226 0.3502412 -0.3420232
v -0.4455923 0.3521429 -0.3427800
v -0.4376126 0.3537815 -0.3427124
v -0.4170696 0.3516275 -0.3844300
v -0.4994753 0.3476536 -0.3869660
v -0.4988076 0.2223711 -0.3753257
v -0.4986226 0.3502412 -0.3420232
v -0.4969496 0.3523028 -0.3846985
v -0.4977488 -0.3700152 -0.2542751
v -0.4001059 -0.3702462 -0.3760378
v -0.4803634 -0.3664537 -0.3752582
v -0.4170696 0.3516275 -0.3844300
v -0.4984722 -0.3714370 -0.3771799
v -0.4975742 -0.4953156 -0.4990377
v -0.4098059 0.2017946 -0.3745970
v -0.3993731 0.2140644 -0.3764535
v -0.4988076 0.2223711 -0.3753257
v -0.4001059 -0.3702462 -0.3760378
v -0.3993731 0.2140644 -0.3764535
v -0.4098059 0.2017946 -0.3745970
v -0.4803634 -0.3664537 -0.3752582
v -0.4988076 0.2223711 -0.3753257
v -0.4971558 -0.3543474 -0.3749576
v -0.4988076 0.2223711 -0.3753257
v -0.4984722 -0.3714370 -0.3771799
v -0.4971558 -0.3543474 -0.3749576
v -0.4984722 -0.3714370 -0.3771799
v -0.4803634 -0.3664537 -0.3752582
v -0.4971558 -0.3543474 -0.3749576
v -0.4004577 0.3482721 -0.3430662
v -0.4994753 0.3476536 -0.3869660
v -0.4679375 0.3537495 -0.3847643
v -0.4989359 0.4850176 -0.3882809
v -0.4969496 0.3523028 -0.3846985
v -0.4679375 0.3537495 -0.3847643
v -0.4170696 0.3516275 -0.3844300
v -0.4994753 0.3476536 -0.3869660
v -0.4969496 0.3523028 -0.3846985
v -0.4989359 0.4850176 -0.3882809
v -0.4989359 0.4850176 -0.3882809
v -0.4621433 0.4980162 -0.4196165
v -0.4718012 0.4909535 -0.4188420
v -0.4621433 0.4980162 -0.4196165
v -0.4989359 0.4850176 -0.3882809
v -0.4685189 0.4998005 -0.4663219
v -0.4986315 0.2164103 -0.4994401
v -0.4989359 0.4850176 -0.3882809
v -0.4965133 0.4846551 -0.4989661
v -0.4965133 0.4846551 -0.4989661
v -0.4984722 -0.3714370 -0.3771799
v -0.4994753 0.3476536 -0.3869660
v -0.4989569 0.3440566 -0.0261091
v -0.5000000 0.4686389 -0.1603508
v -0.4985721 0.3471560 -0.1637351
v -0.4082429 -0.3665390 -0.0704909
v -0.4977488 -0.3700152 -0.2542751
v -0.4978991 -0.3699619 -0.0713570
v -0.4000844 -0.3712663 -0.0697610
v -0.3996049 -0.4898701 -0.0702745
v -0.4001059 -0.3702462 -0.3760378
v -0.3999051 0.2220121 -0.0703289
v -0.3993731 0.2140644 -0.3764535
v -0.3995565 0.3435092 -0.0248594
v -0.5000000 0.4686389 -0.1603508
v -0.4995542 0.4804502 -0.0280560
v -0.4984259 0.4868873 -0.1601069
v -0.4987130 -0.4887932 -0.2250965
v -0.4978991 -0.3699619 -0.0713570
v -0.4977488 -0.3700152 -0.2542751
v -0.4668008 0.4910388 -0.1331454
v -0.3707925 0.4854513 -0.0257112
v -0.2458562 0.4893649 -0.1614470
v -0.4997897 0.2139613 -0.0681249
v -0.4988076 0.2223711 -0.3753257
v -0.4322132 0.2098845 -0.0710880
v -0.3999051 0.2220121 -0.0703289
v -0.3996049 -0.4898701 -0.0702745
v -0.4987130 -0.4887932 -0.2250965
v -0.4001059 -0.4958700 -0.3748952
v -0.4000087 0.3504510 -0.1638616
v -0.4984259 0.4868873 -0.1601069
v -0.4995542 0.4804502 -0.0280560
v -0.4985721 0.3471560 -0.1637351
v -0.5000000 0.4686389 -0.1603508
v -0.4984259 0.4868873 -0.1601069
v -0.4000087 0.3504510 -0.1638616
v -0.2458562 0.4893649 -0.1614470
v -0.4000087 0.3504510 -0.1638616
v -0.4267980 0.3540339 -0.2051339
v -0.4986814 0.3505398 -0.2060389
v -0.4988076 0.2223711 -0.3753257
v -0.4997897 0.2139613 -0.0681249
v -0.4986814 0.3505398 -0.2060389
v -0.4985721 0.3471560 -0.1637351
v -0.4000087 0.3504510 -0.1638616
v -0.4989548 0.4843956 -0.2087426
v -0.4267980 0.3540339 -0.2051339
v -0.4989548 0.4843956 -0.2087426
v -0.4986814 0.3505398 -0.2060389
v -0.4267980 0.3540339 -0.2051339
v -0.4989548 0.4843956 -0.2087426
v -0.4000087 0.3504510 -0.1638616
v 0.0138841 0.4137376 -0.2042523
v -0.4001059 -0.3702462 -0.3760378
v -0.4000844 -0.3712663 -0.0697610
v -0.3995508 0.3354371 -0.2480296
v -0.2944902 0.3389419 -0.2071449
v -0.4000087 0.3504510 -0.1638616
v -0.4989548 0.4843956 -0.2087426
v -0.4660627 0.4917498 -0.2390930
v -0.4725667 0.4912663 -0.2463672
v -0.4989548 0.4843956 -0.2087426
v -0.4725667 0.4912663 -0.2463672
v -0.4636311 0.4910247 -0.2525548
v -0.4985721 0.3471560 -0.1637351
v -0.4013062 -0.4990761 0.0611210
v -0.4003257 -0.4954470 0.1967978
v -0.4987130 -0.4887932 -0.2250965
v -0.3992548 -0.3661657 0.0390019
v -0.3990056 -0.3668162 -0.0208408
v -0.3993420 0.1998575 0.0619436
v -0.4994927 0.3558572 0.0234025
v -0.4966006 0.4873458 0.0241484
v -0.4980137 0.4649707 0.0224253
v -0.4980137 0.4649707 0.0224253
v -0.4966006 0.4873458 0.0241484
v -0.4006480 0.3510481 0.0218300
v -0.4994927 0.3558572 0.0234025
v -0.4994927 0.3558572 0.0234025
v -0.4006480 0.3510481 0.0218300
v -0.4989569 0.3440566 -0.0261091
v -0.3995565 0.3435092 -0.0248594
v -0.3995949 0.3368483 0.0236916
v -0.3995565 0.3435092 -0.0248594
v -0.4006480 0.3510481 0.0218300
v -0.4987130 0.2146935 0.0628675
v -0.4994927 0.3558572 0.0234025
v -0.4997897 0.2139613 -0.0681249
v -0.4989569 0.3440566 -0.0261091
v -0.3297929 -0.3774687 0.0565053
v -0.2181810 -0.3697982 -0.0692012
v -0.3989672 -0.3667167 -0.0520510
v -0.3990056 -0.3668162 -0.0208408
v -0.3999051 0.2220121 -0.0703289
v -0.3995565 0.3435092 -0.0248594
v -0.3707925 0.4854513 -0.0257112
v -0.4968361 0.4794727 -0.0252721
v -0.4989569 0.3440566 -0.0261091
v -0.2530899 0.3379502 -0.0267548
v -0.4995542 0.4804502 -0.0280560
v -0.4989569 0.3440566 -0.0261091
v -0.4968361 0.4794727 -0.0252721
v -0.3707925 0.4854513 -0.0257112
v -0.4972204 0.4891230 -0.0286576
v -0.4968361 0.4794727 -0.0252721
v -0.4995542 0.4804502 -0.0280560
v -0.4994906 -0.3541981 0.0616740
v -0.4978991 -0.3699619 -0.0713570
v -0.4987130 -0.4887932 -0.2250965
v -0.4995542 0.4804502 -0.0280560
v -0.5000000 0.4686389 -0.1603508
v -0.2530899 0.3379502 -0.0267548
v -0.3995565 0.3435092 -0.0248594
v -0.4000087 0.3504510 -0.1638616
v -0.4995542 0.4804502 -0.0280560
v -0.4972204 0.4891230 -0.0286576
v -0.4660785 0.4972165 -0.0700215
v -0.4660785 0.4972165 -0.0700215
v -0.3989672 -0.3667167 -0.0520510
v -0.3996049 -0.4898701 -0.0702745
v -0.4000844 -0.3712663 -0.0697610
v -0.4000844 -0.3712663 -0.0697610
v -0.3996049 -0.4898701 -0.0702745
v -0.4000844 -0.3712663 -0.0697610
v -0.2181810 -0.3697982 -0.0692012
v -0.4000844 -0.3712663 -0.0697610
v -0.4082429 -0.3665390 -0.0704909
v -0.4322132 0.2098845 -0.0710880
v -0.3999051 0.2220121 -0.0703289
v -0.4978991 -0.3699619 -0.0713570
v -0.4997897 0.2139613 -0.0681249
v -0.4627721 0.4964345 -0.0747282
v -0.4714889 0.4960399 -0.0767369
v -0.4995542 0.4804502 -0.0280560
v -0.4668008 0.4910388 -0.1331454
v -0.4995542 0.4804502 -0.0280560
v -0.4995542 0.4804502 -0.0280560
v -0.4714889 0.4960399 -0.0767369
v -0.4627721 0.4964345 -0.0747282
v -0.4985721 0.3471560 -0.1637351
v -0.4989569 0.3440566 -0.0261091
v -0.0516321 0.2148111 0.0626723
v 0.0186042 0.2099238 0.0641865
v 0.0524843 0.2161191 0.0549081
v -0.0508224 -0.4983259 0.0630839
v -0.0505259 -0.3666347 0.3719156
v -0.0515211 -0.3705055 0.0623575
v -0.0514927 0.3468932 0.1612312
v 0.0460665 0.3431825 0.1650689
v 0.0520526 0.3503979 0.1614917
v -0.0508224 -0.4983259 0.0630839
v 0.0502777 -0.4986920 0.1060798
v 0.0514049 -0.4947679 0.2799308
v -0.0516321 0.2148111 0.0626723
v -0.0514927 0.3468932 0.1612312
v -0.0522840 0.3348402 0.1278754
v -0.0522787 0.3349042 0.1157285
v 0.0516788 -0.3721725 0.3669021
v 0.0517871 -0.3749911 0.0633850
v -0.0515211 -0.3705055 0.0623575
v -0.0020470 0.4909147 0.1182187
v 0.0009892 0.4913554 0.0624605
v 0.0006243 0.4981159 0.1223593
v -0.0542702 0.4737930 0.1614299
v -0.0522850 0.3348686 0.0978118
v 0.0518528 0.2143171 0.3724417
v -0.0516321 0.2148111 0.0626723
v 0.0524843 0.2161191 0.0549081
v -0.0522850 0.3348686 0.0978118
v -0.1774337 0.3401789 0.0233579
v -0.0523055 0.3347726 0.0747236
v -0.0523055 0.3347726 0.0747236
v -0.1863898 0.4877760 0.0238616
v -0.0542702 0.4737930 0.1614299
v 0.0009892 0.4913554 0.0624605
v -0.0516321 0.2148111 0.0626723
v 0.0517871 -0.3749911 0.0633850
v 0.0186042 0.2099238 0.0641865
v -0.0515211 -0.3705055 0.0623575
v -0.0522787 0.3348971 0.0497348
v -0.0508224 -0.4983259 0.0630839
v -0.0515211 -0.3705055 0.0623575
v -0.2579836 -0.3695566 0.0619911
v -0.0522787 0.3348971 0.0497348
v -0.0515211 -0.3705055 0.0623575
v -0.0522698 -0.3664321 0.0523361
v -0.2579836 -0.3695566 0.0619911
v -0.0523560 -0.3649677 0.0180724
v -0.0515211 -0.3705055 0.0623575
v -0.0522698 -0.3664321 0.0523361
v 0.0507146 -0.4983970 0.0621125
v -0.0519848 -0.4929730 -0.0701938
v -0.0523560 -0.3649677 0.0180724
v -0.0522251 0.3332371 0.0253122
v -0.0518166 0.2221403 -0.0702796
v -0.0522251 0.3332371 0.0253122
v -0.0441959 0.4876446 0.0238776
v -0.0522251 0.3332371 0.0253122
v -0.1774337 0.3401789 0.0233579
v -0.0511426 0.3476645 0.0218557
v -0.0441959 0.4876446 0.0238776
v -0.0511426 0.3476645 0.0218557
v -0.1863898 0.4877760 0.0238616
v -0.1774337 0.3401789 0.0233579
v -0.2273406 0.3384016 0.0239504
v 0.0459629 0.3506858 0.0214321
v 0.0459629 0.3506858 0.0214321
v -0.0520258 0.3435947 -0.0249384
v -0.0511426 0.3476645 0.0218557
v -0.4013062 -0.4990761 0.0611210
v -0.0511426 0.3476645 0.0218557
v -0.0520258 0.3435947 -0.0249384
v -0.0522251 0.3332371 0.0253122
v -0.2181810 -0.3697982 -0.0692012
v -0.0525279 -0.3669049 -0.0048206
v -0.0523560 -0.3649677 0.0180724
v -0.2181810 -0.3697982 -0.0692012
v -0.0520258 0.3435947 -0.0249384
v -0.0520258 0.3435947 -0.0249384
v 0.0430666 0.3522818 -0.0241141
v -0.0553822 0.4768996 -0.0246859
v -0.0508224 -0.4983259 0.0630839
v -0.0508224 -0.4983259 0.0630839
v 0.0514049 -0.4947679 0.2799308
v -0.0502909 -0.4985818 0.3684591
v -0.0516321 0.2148111 0.0626723
v -0.0508561 0.2119036 0.3714290
v -0.0530594 0.3372785 0.2056714
v -0.0396682 0.4905593 0.2230746
v 0.0765896 0.4904136 0.2072468
v -0.0192657 0.4727303 0.2036587
v -0.1475226 0.4745430 0.2036890
v -0.2705178 0.4873352 0.2051219
v -0.0084632 0.4919348 0.2451376
v -0.2678181 0.4840367 0.3414015
v -0.4009634 0.3520292 0.2034022
v -0.0530594 0.3372785 0.2056714
v -0.0509807 0.3502770 0.3423987
v -0.1752493 0.4499037 0.2041905
v -0.2705178 0.4873352 0.2051219
v -0.1475226 0.4745430 0.2036890
v -0.1528736 0.3476254 0.2039180
v -0.2705178 0.4873352 0.2051219
v -0.1528736 0.3476254 0.2039180
v -0.0530594 0.3372785 0.2056714
v 0.0482336 0.3451445 0.2041441
v -0.0530594 0.3372785 0.2056714
v -0.0192657 0.4727303 0.2036587
v -0.0530594 0.3372785 0.2056714
v 0.0482336 0.3451445 0.2041441
v -0.0514927 0.3468932 0.1612312
v -0.0514927 0.3468932 0.1612312
v 0.0460665 0.3431825 0.1650689
v -0.0514927 0.3468932 0.1612312
v -0.0542702 0.4737930 0.1614299
v -0.4951516 0.4891586 0.1585327
v 0.0520526 0.3503979 0.1614917
v -0.0522840 0.3348402 0.1278754
v -0.0514927 0.3468932 0.1612312
v -0.4001270 0.3472805 0.1613606
v -0.0522787 0.3349042 0.1157285
v -0.0522850 0.3348686 0.0978118
v -0.1774337 0.3401789 0.0233579
v 0.0516163 0.2109866 0.4980857
v 0.0522908 0.3355334 0.3885740
v 0.0522577 0.3354338 0.4497608
v -0.0002043 0.4916682 0.3992658
v -0.0024529 0.4981088 0.4269622
v 0.0011012 0.4915971 0.4168825
v -0.0003294 0.4979702 0.4613347
v 0.0511168 0.3501242 0.3847438
v 0.0490070 0.3487522 0.4996903
v 0.0522577 0.3354338 0.4497608
v -0.0508561 0.2119036 0.3714290
v -0.0522997 0.3347869 0.4034951
v -0.0511520 0.3476645 0.3846436
v -0.1097116 0.4674555 0.3854502
v 0.0549395 0.4632116 0.3851771
v -0.1097116 0.4674555 0.3854502
v 0.0549395 0.4632116 0.3851771
v 0.0511168 0.3501242 0.3847438
v -0.0322752 0.3586725 0.3705778
v -0.0464708 0.3787444 0.3824820
v 0.0511168 0.3501242 0.3847438
v -0.0322752 0.3586725 0.3705778
v -0.0511520 0.3476645 0.3846436
v -0.0464708 0.3787444 0.3824820
v 0.0035075 0.3610327 0.3729397
v -0.0464708 0.3787444 0.3824820
v -0.0511520 0.3476645 0.3846436
v -0.1097116 0.4674555 0.3854502
v -0.0464708 0.3787444 0.3824820
v 0.0516720 0.3470994 0.3423919
v -0.0508187 -0.3434990 0.3716454
v -0.0524838 -0.3447146 0.3750052
v -0.0508561 0.2119036 0.3714290
v 0.0505416 -0.3604784 0.3716071
v -0.0508187 -0.3434990 0.3716454
v -0.0505259 -0.3666347 0.3719156
v -0.0505259 -0.3666347 0.3719156
v 0.0518528 0.2143171 0.3724417
v -0.0178588 0.3573219 0.3438917
v -0.0240741 0.3519690 0.3425659
v 0.0511636 -0.4968721 0.3680298
v -0.0502909 -0.4985818 0.3684591
v 0.0514049 -0.4947679 0.2799308
v -0.0509807 0.3502770 0.3423987
v -0.0511520 0.3476645 0.3846436
v 0.0516788 -0.3721725 0.3669021
v -0.0505259 -0.3666347 0.3719156
v 0.0505416 -0.3604784 0.3716071
v -0.0509807 0.3502770 0.3423987
v -0.0020843 0.3522569 0.3426122
v -0.0240741 0.3519690 0.3425659
v -0.0178588 0.3573219 0.3438917
v -0.0509807 0.3502770 0.3423987
v -0.2678181 0.4840367 0.3414015
v -0.0509807 0.3502770 0.3423987
v -0.0374349 0.4842821 0.3413483
v -0.0178588 0.3573219 0.3438917
v -0.0020843 0.3522569 0.3426122
v 0.0516720 0.3470994 0.3423919
v -0.0054975 0.4988339 0.3082690
v -0.0374349 0.4842821 0.3413483
v 0.0020617 0.4957096 0.3057782
v -0.0005145 0.4914408 0.2993141
v -0.0374349 0.4842821 0.3413483
v -0.0084632 0.4919348 0.2451376
v -0.0396682 0.4905593 0.2230746
v -0.0374349 0.4842821 0.3413483
v -0.0502909 -0.4985818 0.3684591
v -0.0505259 -0.3666347 0.3719156
v -0.0508224 -0.4983259 0.0630839
v -0.0508561 0.2119036 0.3714290
v -0.0522714 0.3349291 0.3226038
v -0.0509807 0.3502770 0.3423987
v -0.2678181 0.4840367 0.3414015
v -0.0530594 0.3372785 0.2056714
v -0.0516321 0.2148111 0.0626723
v 0.0518528 0.2143171 0.3724417
v -0.0508561 0.2119036 0.3714290
v -0.0515211 -0.3705055 0.0623575
v -0.0002043 0.4916682 0.3992658
v -0.0508561 0.2119036 0.3714290
v -0.0005145 0.4914408 0.2993141
v 0.0020617 0.4957096 0.3057782
v -0.4974060 -0.4949103 0.4990955
v 0.2069995 -0.4982618 0.4985345
v 0.0507951 -0.3738146 0.4996514
v -0.4007379 0.3475506 0.4995947
v 0.0490070 0.3487522 0.4996903
v -0.2993612 0.4901006 0.4968234
v 0.1804200 0.4775573 0.4997287
v 0.0516163 0.2109866 0.4980857
v -0.0507683 0.2160125 0.4985190
v 0.0507951 -0.3738146 0.4996514
v 0.0490070 0.3487522 0.4996903
v 0.0510174 0.3382027 0.4980307
v 0.0490070 0.3487522 0.4996903
v 0.0516163 0.2109866 0.4980857
v 0.0490070 0.3487522 0.4996903
v -0.0522997 0.3347869 0.4034951
v -0.0523034 0.3348082 0.4705054
v -0.0525227 -0.3669333 0.4602837
v -0.3996822 -0.3791536 0.4999885
v 0.0507951 -0.3738146 0.4996514
v -0.0518402 0.3341329 0.4949309
v -0.0518402 0.3341329 0.4949309
v -0.0508561 0.2119036 0.3714290
v -0.0524838 -0.3447146 0.3750052
v -0.0507683 0.2160125 0.4985190
v 0.0510174 0.3382027 0.4980307
v 0.0516163 0.2109866 0.4980857
v 0.0523050 0.3353699 0.4740186
v -0.2993612 0.4901006 0.4968234
v 0.1804200 0.4775573 0.4997287
v -0.0060290 0.4973873 0.4685144
v 0.0507951 -0.3738146 0.4996514
v -0.0522330 -0.3664641 0.4863430
v -0.0525227 -0.3669333 0.4602837
v -0.0525227 -0.3669333 0.4602837
v -0.0522330 -0.3664641 0.4863430
v -0.0522330 -0.3664641 0.4863430
v -0.0523034 0.3348082 0.4705054
v 0.0490070 0.3487522 0.4996903
v -0.4007379 0.3475506 0.4995947
v -0.0522997 0.3347869 0.4034951
v -0.0518402 0.3341329 0.4949309
v 0.0507951 -0.3738146 0.4996514
v 0.0518528 0.2143171 0.3724417
v -0.0002043 0.4916682 0.3992658
v -0.0024529 0.4981088 0.4269622
v -0.4974060 -0.4949103 0.4990955
v -0.0502909 -0.4985818 0.3684591
v 0.2069995 -0.4982618 0.4985345
v 0.0490070 0.3487522 0.4996903
v 0.0510174 0.3382027 0.4980307
v 0.0523050 0.3353699 0.4740186
v -0.0003294 0.4979702 0.4613347
v 0.0522577 0.3354338 0.4497608
v 0.0522577 0.3354338 0.4497608
v -0.0522997 0.3347869 0.4034951
v -0.0522703 -0.3664001 0.3833968
v -0.0522703 -0.3664001 0.3833968
v -0.4021243 0.3518905 0.3845903
v -0.0511520 0.3476645 0.3846436
v -0.1097116 0.4674555 0.3854502
v -0.4177710 0.4865497 0.3893886
v -0.0511520 0.3476645 0.3846436
v -0.4177710 0.4865497 0.3893886
v -0.1097116 0.4674555 0.3854502
v -0.0505259 -0.3666347 0.3719156
v -0.0505259 -0.3666347 0.3719156
v -0.0502909 -0.4985818 0.3684591
v -0.2979391 -0.4935560 0.3682897
v -0.0505259 -0.3666347 0.3719156
v 0.0516163 0.2109866 0.4980857
v -0.0522997 0.3347869 0.4034951
v -0.0002043 0.4916682 0.3992658
v -0.4009634 0.3520292 0.2034022
v -0.2705178 0.4873352 0.2051219
v -0.0530594 0.3372785 0.2056714
v -0.4001270 0.3472805 0.1613606
v -0.0514927 0.3468932 0.1612312
v -0.4951516 0.4891586 0.1585327
v -0.4656563 0.4908932 0.1335130
v -0.0542702 0.4737930 0.1614299
v -0.4625397 0.4980304 0.1225425
v -0.4003257 -0.4954470 0.1967978
v -0.4013062 -0.4990761 0.0611210
v -0.3997111 -0.3609550 0.0622481
v -0.4620371 0.4980944 0.0747534
v -0.4966006 0.4873458 0.0241484
v -0.4043645 0.1735050 0.0636787
v -0.3997111 -0.3609550 0.0622481
v -0.3993420 0.1998575 0.0619436
v -0.3993420 0.1998575 0.0619436
v -0.3995197 0.3353447 0.0429690
v -0.4006480 0.3510481 0.0218300
v -0.0508224 -0.4983259 0.0630839
v -0.2579836 -0.3695566 0.0619911
v -0.4013062 -0.4990761 0.0611210
v -0.3718220 -0.4154015 0.0628635
v -0.3997111 -0.3609550 0.0622481
v -0.3297929 -0.3774687 0.0565053
v -0.3297929 -0.3774687 0.0565053
v -0.3718220 -0.4154015 0.0628635
v -0.2579836 -0.3695566 0.0619911
v -0.3997111 -0.3609550 0.0622481
v -0.3992548 -0.3661657 0.0390019
v -0.4006480 0.3510481 0.0218300
v -0.3995197 0.3353447 0.0429690
v -0.3995949 0.3368483 0.0236916
v -0.3993420 0.1998575 0.0619436
v -0.3997111 -0.3609550 0.0622481
v -0.3992548 -0.3661657 0.0390019
v -0.1863898 0.4877760 0.0238616
v -0.1774337 0.3401789 0.0233579
v -0.4001270 0.3472805 0.1613606
v -0.2273406 0.3384016 0.0239504
v -0.4006480 0.3510481 0.0218300
v -0.4966006 0.4873458 0.0241484
v -0.1863898 0.4877760 0.0238616
v -0.4006480 0.3510481 0.0218300
v -0.2273406 0.3384016 0.0239504
v -0.2181810 -0.3697982 -0.0692012
v -0.3990056 -0.3668162 -0.0208408
v -0.3297929 -0.3774687 0.0565053
v -0.3993420 0.1998575 0.0619436
v -0.4160234 0.2439820 0.1818333
v -0.3998000 0.3253142 0.1546583
v -0.4009634 0.3520292 0.2034022
v -0.4029760 0.2838092 0.2674255
v -0.4643587 0.4916111 0.2523127
v -0.4624203 0.4977567 0.2444420
v -0.4703170 0.4981370 0.2430075
v -0.4029760 0.2838092 0.2674255
v -0.4009634 0.3520292 0.2034022
v -0.3997731 0.3101119 0.2395435
v -0.2678181 0.4840367 0.3414015
v -0.2705178 0.4873352 0.2051219
v -0.4976442 0.4842606 0.2049467
v -0.4987130 0.2146935 0.0628675
v -0.4308299 0.2210062 0.2358369
v -0.4981147 0.2117754 0.3719608
v -0.4994858 0.3555480 0.2051081
v -0.4987130 0.2146935 0.0628675
v -0.4981147 0.2117754 0.3719608
v -0.2705178 0.4873352 0.2051219
v -0.4009634 0.3520292 0.2034022
v -0.4976442 0.4842606 0.2049467
v -0.4853375 0.3575598 0.2020432
v -0.4994858 0.3555480 0.2051081
v -0.4853375 0.3575598 0.2020432
v -0.4009634 0.3520292 0.2034022
v -0.4207188 0.3540090 0.1615993
v -0.4965180 0.3489510 0.1924254
v -0.4994858 0.3555480 0.2051081
v -0.4001270 0.3472805 0.1613606
v -0.4222172 0.2304681 0.2739143
v -0.4001270 0.3472805 0.1613606
v -0.4009634 0.3520292 0.2034022
v -0.3998000 0.3253142 0.1546583
v -0.4003257 -0.4954470 0.1967978
v -0.3997111 -0.3609550 0.0622481
v -0.4002432 -0.3694500 0.3685719
v -0.4951516 0.4891586 0.1585327
v -0.0542702 0.4737930 0.1614299
v -0.4656563 0.4908932 0.1335130
v -0.3997111 -0.3609550 0.0622481
v -0.4994906 -0.3541981 0.0616740
v -0.4974060 -0.4949103 0.4990955
v -0.4145550 0.2266898 0.1139825
v -0.4308299 0.2210062 0.2358369
v -0.4974060 -0.4949103 0.4990955
v -0.4987130 -0.4887932 -0.2250965
v -0.4003257 -0.4954470 0.1967978
v -0.4985947 0.3159518 0.1885167
v -0.4987130 0.2146935 0.0628675
v -0.4994858 0.3555480 0.2051081
v -0.4022957 0.2447426 0.0978891
v -0.3998000 0.3253142 0.1546583
v -0.4160234 0.2439820 0.1818333
v -0.4974060 -0.4949103 0.4990955
v -0.4994906 -0.3541981 0.0616740
v -0.4987130 -0.4887932 -0.2250965
v -0.4985947 0.3159518 0.1885167
v -0.4994858 0.3555480 0.2051081
v -0.4965180 0.3489510 0.1924254
v -0.4988255 0.3471809 0.1605780
v -0.4987130 0.2146935 0.0628675
v -0.4965180 0.3489510 0.1924254
v -0.4207188 0.3540090 0.1615993
v -0.4755613 0.3679138 0.1637397
v -0.4001270 0.3472805 0.1613606
v -0.4951516 0.4891586 0.1585327
v -0.4207188 0.3540090 0.1615993
v -0.4755613 0.3679138 0.1637397
v -0.4798104 0.4614021 0.1615615
v -0.4988255 0.3471809 0.1605780
v -0.4207188 0.3540090 0.1615993
v -0.4207188 0.3540090 0.1615993
v -0.4951516 0.4891586 0.1585327
v -0.4798104 0.4614021 0.1615615
v -0.4988255 0.3471809 0.1605780
v -0.4989843 0.4744966 0.1603302
v -0.4951516 0.4891586 0.1585327
v -0.4989843 0.4744966 0.1603302
v -0.4798104 0.4614021 0.1615615
v -0.4951516 0.4891586 0.1585327
v -0.4966006 0.4873458 0.0241484
v -0.4989843 0.4744966 0.1603302
v -0.4720499 0.4917320 0.1267523
v -0.4022957 0.2447426 0.0978891
v -0.4145550 0.2266898 0.1139825
v -0.4656563 0.4908932 0.1335130
v -0.4625397 0.4980304 0.1225425
v -0.4989843 0.4744966 0.1603302
v -0.4966006 0.4873458 0.0241484
v -0.4994927 0.3558572 0.0234025
v -0.4006480 0.3510481 0.0218300
v -0.4001270 0.3472805 0.1613606
v -0.3998000 0.3253142 0.1546583
v -0.3993420 0.1998575 0.0619436
v -0.4620371 0.4980944 0.0747534
v -0.4022957 0.2447426 0.0978891
v -0.3993420 0.1998575 0.0619436
v -0.4987130 0.2146935 0.0628675
v -0.4200390 0.2047021 0.0709019
v -0.4691415 0.4909997 0.0826269
v -0.4694253 0.4981619 0.0730555
v -0.4308299 0.2210062 0.2358369
v -0.4200390 0.2047021 0.0709019
v -0.4043645 0.1735050 0.0636787
v -0.3993420 0.1998575 0.0619436
v -0.4043645 0.1735050 0.0636787
v -0.4994906 -0.3541981 0.0616740
v -0.3997111 -0.3609550 0.0622481
v -0.4987130 0.2146935 0.0628675
v -0.4160234 0.2439820 0.1818333
v -0.4043645 0.1735050 0.0636787
v -0.4974060 -0.4949103 0.4990955
v 0.0507951 -0.3738146 0.4996514
v -0.3996822 -0.3791536 0.4999885
v -0.4007379 0.3475506 0.4995947
v -0.3995292 0.3354016 0.4028768
v -0.0522997 0.3347869 0.4034951
v -0.2979391 -0.4935560 0.3682897
v -0.0502909 -0.4985818 0.3684591
v -0.4974060 -0.4949103 0.4990955
v -0.4021243 0.3518905 0.3845903
v -0.3996822 -0.3791536 0.4999885
v -0.0505259 -0.3666347 0.3719156
v -0.3993888 -0.3664608 0.4154284
v -0.3550644 -0.4953048 0.3991576
v -0.3294485 -0.4947574 0.3683097
v -0.4974060 -0.4949103 0.4990955
v -0.3294485 -0.4947574 0.3683097
v -0.0002043 0.4916682 0.3992658
v -0.4177710 0.4865497 0.3893886
v -0.2993612 0.4901006 0.4968234
v -0.3550644 -0.4953048 0.3991576
v -0.4974060 -0.4949103 0.4990955
v -0.3991643 -0.4886545 0.3675484
v -0.0511520 0.3476645 0.3846436
v -0.4021243 0.3518905 0.3845903
v -0.4177710 0.4865497 0.3893886
v -0.4002432 -0.3694500 0.3685719
v -0.3998914 0.2625112 0.3448105
v -0.4029760 0.2838092 0.2674255
v -0.3997731 0.3101119 0.2395435
v -0.4002432 -0.3694500 0.3685719
v -0.4173151 -0.3665141 0.3722425
v -0.3993410 0.2142386 0.3734086
v -0.3568603 -0.4773869 0.3717937
v -0.3568603 -0.4773869 0.3717937
v -0.3991643 -0.4886545 0.3675484
v -0.4002432 -0.3694500 0.3685719
v -0.4002432 -0.3694500 0.3685719
v -0.0505259 -0.3666347 0.3719156
v -0.2979391 -0.4935560 0.3682897
v -0.3294485 -0.4947574 0.3683097
v -0.3568603 -0.4773869 0.3717937
v -0.4002432 -0.3694500 0.3685719
v -0.3294485 -0.4947574 0.3683097
v -0.4004903 -0.4765019 0.3521150
v -0.4053455 -0.4836783 0.3246618
v -0.4011022 -0.4441923 0.3108061
v -0.3294485 -0.4947574 0.3683097
v -0.4002432 -0.3694500 0.3685719
v -0.3991643 -0.4886545 0.3675484
v -0.4004903 -0.4765019 0.3521150
v -0.4011022 -0.4441923 0.3108061
v -0.3991643 -0.4886545 0.3675484
v -0.0509807 0.3502770 0.3423987
v -0.2678181 0.4840367 0.3414015
v -0.4003793 0.3485387 0.3425848
v -0.4164519 -0.4932255 0.3002128
v -0.4053455 -0.4836783 0.3246618
v -0.4053650 -0.4804616 0.2702540
v -0.4003257 -0.4954470 0.1967978
v -0.3997111 -0.3609550 0.0622481
v -0.4974060 -0.4949103 0.4990955
v -0.4002432 -0.3694500 0.3685719
v -0.4003257 -0.4954470 0.1967978
v -0.4009634 0.3520292 0.2034022
v -0.0509807 0.3502770 0.3423987
v -0.4003793 0.3485387 0.3425848
v -0.4003793 0.3485387 0.3425848
v -0.3997731 0.3101119 0.2395435
v -0.4009634 0.3520292 0.2034022
v -0.3991643 -0.4886545 0.3675484
v -0.4053650 -0.4804616 0.2702540
v -0.4974060 -0.4949103 0.4990955
v -0.4011022 -0.4441923 0.3108061
v -0.4177710 0.4865497 0.3893886
v -0.4982282 0.4867309 0.3928303
v -0.4622589 0.4923967 0.4177841
v -0.3993410 0.2142386 0.3734086
v -0.4021243 0.3518905 0.3845903
v -0.3995292 0.3354016 0.4028768
v -0.4963766 0.4655714 0.3853099
v -0.4994669 0.4593689 0.3862253
v -0.4995889 0.3545705 0.3860913
v -0.4981147 0.2117754 0.3719608
v -0.4998186 0.2149957 0.3760527
v -0.4995889 0.3545705 0.3860913
v -0.4994669 0.4593689 0.3862253
v -0.4963766 0.4655714 0.3853099
v -0.4177710 0.4865497 0.3893886
v -0.4021243 0.3518905 0.3845903
v -0.4003793 0.3485387 0.3425848
v -0.4173151 -0.3665141 0.3722425
v -0.4925255 -0.3648648 0.3720822
v -0.3993410 0.2142386 0.3734086
v -0.4207919 0.2098880 0.3708188
v -0.4981147 0.2117754 0.3719608
v -0.3993410 0.2142386 0.3734086
v -0.4207919 0.2098880 0.3708188
v -0.4117223 0.2099236 0.3711319
v -0.4053093 0.2121699 0.3598477
v -0.3998914 0.2625112 0.3448105
v -0.3993410 0.2142386 0.3734086
v -0.3998914 0.2625112 0.3448105
v -0.4981147 0.2117754 0.3719608
v -0.4308299 0.2210062 0.2358369
v -0.4029760 0.2838092 0.2674255
v -0.4649350 0.3521535 0.3425854
v -0.4995889 0.3545705 0.3860913
v -0.4465239 0.3520860 0.3425751
v -0.4003793 0.3485387 0.3425848
v -0.4021243 0.3518905 0.3845903
v -0.4996251 0.3543395 0.3403282
v -0.4990021 0.4844205 0.3386068
v -0.4465239 0.3520860 0.3425751
v -0.4003793 0.3485387 0.3425848
v -0.4649350 0.3521535 0.3425854
v -0.4996251 0.3543395 0.3403282
v -0.2678181 0.4840367 0.3414015
v -0.4981147 0.2117754 0.3719608
v -0.4995889 0.3545705 0.3860913
v -0.4996251 0.3543395 0.3403282
v -0.4222172 0.2304681 0.2739143
v -0.3997731 0.3101119 0.2395435
v -0.4990021 0.4844205 0.3386068
v -0.2678181 0.4840367 0.3414015
v -0.4665989 0.4911455 0.3129883
v -0.4994858 0.3555480 0.2051081
v -0.4601817 0.4917142 0.3065551
v -0.4684422 0.4982650 0.3015781
v -0.4643587 0.4916111 0.2523127
v -0.4703170 0.4981370 0.2430075
v -0.4976442 0.4842606 0.2049467
v -0.4976442 0.4842606 0.2049467
v -0.4990021 0.4844205 0.3386068
v -0.4994085 -0.3540488 0.4985122
v -0.4974060 -0.4949103 0.4990955
v -0.3996822 -0.3791536 0.4999885
v -0.2993612 0.4901006 0.4968234
v -0.4980532 0.4777631 0.4991745
v -0.4007379 0.3475506 0.4995947
v -0.4979386 0.3321706 0.4997418
v -0.4979386 0.3321706 0.4997418
v -0.4997435 0.2172314 0.4968635
v -0.4994085 -0.3540488 0.4985122
v -0.4994548 0.3572221 0.4985036
v -0.4979386 0.3321706 0.4997418
v -0.4980532 0.4777631 0.4991745
v -0.4994548 0.3572221 0.4985036
v -0.4980532 0.4777631 0.4991745
v -0.4989564 0.4844561 0.4968687
v -0.4974060 -0.4949103 0.4990955
v -0.4994085 -0.3540488 0.4985122
v -0.4995610 -0.3656788 0.4428599
v -0.2993612 0.4901006 0.4968234
v -0.4177710 0.4865497 0.3893886
v -0.4980532 0.4777631 0.4991745
v -0.4997435 0.2172314 0.4968635
v -0.4998186 0.2149957 0.3760527
v -0.4997734 -0.3612180 0.3757957
v -0.4989028 0.3381029 0.4295486
v -0.4979386 0.3321706 0.4997418
v -0.4994669 0.4593689 0.3862253
v -0.4007379 0.3475506 0.4995947
v -0.3996822 -0.3791536 0.4999885
v -0.3993888 -0.3664608 0.4154284
v -0.4980532 0.4777631 0.4991745
v -0.4634387 0.4979665 0.4635198
v -0.4720131 0.4925139 0.4613908
v -0.4989564 0.4844561 0.4968687
v -0.4982282 0.4867309 0.3928303
v -0.3993410 0.2142386 0.3734086
v -0.3995292 0.3354016 0.4028768
v -0.4622589 0.4923967 0.4177841
v -0.4002432 -0.3694500 0.3685719
v -0.4729505 0.4915293 0.4144335
v -0.4995889 0.3545705 0.3860913
v -0.4622589 0.4923967 0.4177841
v -0.4634387 0.4979665 0.4635198
v -0.4980532 0.4777631 0.4991745
v -0.4982282 0.4867309 0.3928303
v -0.4982104 -0.3715365 0.3730611
v -0.4982104 -0.3715365 0.3730611
v -0.4995610 -0.3656788 0.4428599
v -0.4997734 -0.3612180 0.3757957
v -0.4981147 0.2117754 0.3719608
v -0.4982104 -0.3715365 0.3730611
v -0.4925255 -0.3648648 0.3720822
v -0.4173151 -0.3665141 0.3722425
v -0.4002432 -0.3694500 0.3685719
v -0.4982104 -0.3715365 0.3730611
v -0.4981147 0.2117754 0.3719608
v -0.4925255 -0.3648648 0.3720822
v -0.4974060 -0.4949103 0.4990955
v -0.4982104 -0.3715365 0.3730611
v -0.4925255 -0.3648648 0.3720822
v -0.4002432 -0.3694500 0.3685719
v -0.4164519 -0.4932255 0.3002128
v -0.3991643 -0.4886545 0.3675484
v -0.4974060 -0.4949103 0.4990955
v -0.4622589 0.4923967 0.4177841
vt 0.0686100 0.8402300
vt 0.1555990 0.8684940
vt 0.0774080 0.9171760
vt 0.2106980 0.8289620
vt 0.2102860 0.8391090
vt 0.1401710 0.8882040
vt 0.2059730 0.9022820
vt 0.2073330 0.9146540
vt 0.1451640 0.9008020
vt 0.4281830 0.9086550
vt 0.5135410 0.9062310
vt 0.4826890 0.9482570
vt 0.4116700 0.4064520
vt 0.2968790 0.3920340
vt 0.3000660 0.3867730
vt 0.4215970 0.9179040
vt 0.2776370 0.4084510
vt 0.2944550 0.3899550
vt 0.2763550 0.3463840
vt 0.2930250 0.3657690
vt 0.2952660 0.3849590
vt 0.2063750 0.8918590
vt 0.5000940 0.9950430
vt 0.5173690 0.9950430
vt 0.5223780 0.9957640
vt 0.2974140 0.3678190
vt 0.4724440 0.9548510
vt 0.2942280 0.3628000
vt 0.4544930 0.3392510
vt 0.1452630 0.9116750
vt 0.2083010 0.9023530
vt 0.2304990 0.9589140
vt 0.2304990 0.9013900
vt 0.2833930 0.9589730
vt 0.2939370 0.9573430
vt 0.2931240 0.8997750
vt 0.3062740 0.9570950
vt 0.2817720 0.8995560
vt 0.2967050 0.3677730
vt 0.2563750 0.6369080
vt 0.2848200 0.6979080
vt 0.2534850 0.8150830
vt 0.8632480 0.9621410
vt 0.8655390 0.9535900
vt 0.9186720 0.9611800
vt 0.9574430 0.1023930
vt 0.9497230 0.1879010
vt 0.9494420 0.1162520
vt 0.2356090 0.4656580
vt 0.3382530 0.3990000
vt 0.4038190 0.4068450
vt 0.5885250 0.8740460
vt 0.5843630 0.8612380
vt 0.6704890 0.8672280
vt 0.5937220 0.8925930
vt 0.3479560 0.6954330
vt 0.3479560 0.5078350
vt 0.3834020 0.5743220
vt 0.0264380 0.1159750
vt 0.0293300 0.1180220
vt 0.0261450 0.1201700
vt 0.0288310 0.1202390
vt 0.0468200 0.1162270
vt 0.7318930 0.9599070
vt 0.7849610 0.9599070
vt 0.7387620 0.9619520
vt 0.0622390 0.2320340
vt 0.0593190 0.2240110
vt 0.0692930 0.2333040
vt 0.0159990 0.2326480
vt 0.0428220 0.2241940
vt 0.0190510 0.2241290
vt 0.0365570 0.2241480
vt 0.0160030 0.2237950
vt 0.9742350 0.5907150
vt 0.9742750 0.5844500
vt 0.9913150 0.5641420
vt 0.9743610 0.5669440
vt 0.9745300 0.5638830
vt 0.9622650 0.2915590
vt 0.9809960 0.2541930
vt 0.9933010 0.2690100
vt 0.9729630 0.2433830
vt 0.9670300 0.2349990
vt 0.0035790 0.6331940
vt 0.0035790 0.5762040
vt 0.0051040 0.6329430
vt 0.9652840 0.5621870
vt 0.9652840 0.5522150
vt 0.9805790 0.5591340
vt 0.9910840 0.6070940
vt 0.9739560 0.6072100
vt 0.9490940 0.0991260
vt 0.9472970 0.6092490
vt 0.9472970 0.6522010
vt 0.9388120 0.5537630
vt 0.9393040 0.6525700
vt 0.9126930 0.6183520
vt 0.9126930 0.5195440
vt 0.9243850 0.5340260
vt 0.0129350 0.1572630
vt 0.5288770 0.0126550
vt 0.4144330 0.0126550
vt 0.5201690 0.0052200
vt 0.1877710 0.0001170
vt 0.1877710 0.0014150
vt 0.1809730 0.0002620
vt 0.3801300 0.9427800
vt 0.3801300 0.8851060
vt 0.3869800 0.8858920
vt 0.8283370 0.2142950
vt 0.8431110 0.2089180
vt 0.8192920 0.2762530
vt 0.8160380 0.2180330
vt 0.5617200 0.1008600
vt 0.5152880 0.1090480
vt 0.4336830 0.1035960
vt 0.8029570 0.2213320
vt 0.5701130 0.3267300
vt 0.5003330 0.3206250
vt 0.6663710 0.3157390
vt 0.8396610 0.3441980
vt 0.8750960 0.4632760
vt 0.8361140 0.5307940
vt 0.8745930 0.4547500
vt 0.0086840 0.2880250
vt 0.0301240 0.2867610
vt 0.0221730 0.2877900
vt 0.0350270 0.2876730
vt 0.4975720 0.3091230
vt 0.0505600 0.2558970
vt 0.5859590 0.2398430
vt 0.5839260 0.2010470
vt 0.7117840 0.1937630
vt 0.0503120 0.2870460
vt 0.7312910 0.9999300
vt 0.7163310 0.9999300
vt 0.7155940 0.9990490
vt 0.8938100 0.6076970
vt 0.8993460 0.5077270
vt 0.0499860 0.2875450
vt 0.2597190 0.8686890
vt 0.2431510 0.8570520
vt 0.8804330 0.5641470
vt 0.8214660 0.9997920
vt 0.8214660 0.9986760
vt 0.8220480 0.9996660
vt 0.9043830 0.5911800
vt 0.9000250 0.5264010
vt 0.9062860 0.4908950
vt 0.0020700 0.8005370
vt 0.0026890 0.7693850
vt 0.9079580 0.5918930
vt 0.9000090 0.4908450
vt 0.8839820 0.1427990
vt 0.8499300 0.0379970
vt 0.8680730 0.0694960
vt 0.0377970 0.6172850
vt 0.0398050 0.5512540
vt 0.8971260 0.6068090
vt 0.3247760 0.8572170
vt 0.0030370 0.8010950
vt 0.0408540 0.6161720
vt 0.3713360 0.5088900
vt 0.5540980 0.5088900
vt 0.5125950 0.5166460
vt 0.9289540 0.0329900
vt 0.8985360 0.0008900
vt 0.9062570 0.0005760
vt 0.6800150 0.9801190
vt 0.6645660 0.9798430
vt 0.6766640 0.9789000
vt 0.6621010 0.9785640
vt 0.6618480 0.9816890
vt 0.6599210 0.9800930
vt 0.6944360 0.9894350
vt 0.6508150 0.9918140
vt 0.9746070 0.6096420
vt 0.9802450 0.6078100
vt 0.9911750 0.6501060
vt 0.8905680 0.1121750
vt 0.8968410 0.0987230
vt 0.8902140 0.1148140
vt 0.8973240 0.1275290
vt 0.2122600 0.8879200
vt 0.2090710 0.8772640
vt 0.2158530 0.8733480
vt 0.9893950 0.0779760
vt 0.9893950 0.0435770
vt 0.9952830 0.0772830
vt 0.0145280 0.5697740
vt 0.0272570 0.5353990
vt 0.0285330 0.5697740
vt 0.2130970 0.8092200
vt 0.0581590 0.7580350
vt 0.0568220 0.7440940
vt 0.0647300 0.7145810
vt 0.0141010 0.5354020
vt 0.0362270 0.5922500
vt 0.0301670 0.5922500
vt 0.0359310 0.5578770
vt 0.0356310 0.5236840
vt 0.4824790 0.9875320
vt 0.4827030 0.9802920
vt 0.4830070 0.9814950
vt 0.0600820 0.8017620
vt 0.0133470 0.5012170
vt 0.8951830 0.2821700
vt 0.8887810 0.2827300
vt 0.8916120 0.1856050
vt 0.7410720 0.9986440
vt 0.7557370 0.9986440
vt 0.7406880 0.9998240
vt 0.6869520 0.9802550
vt 0.6993140 0.9889170
vt 0.6985520 0.9917590
vt 0.4388520 0.9840040
vt 0.7011220 0.9892950
vt 0.6877200 0.9799370
vt 0.7021720 0.9922780
vt 0.9060550 0.0975930
vt 0.3802270 0.9599780
vt 0.3925000 0.9749350
vt 0.3807360 0.9635990
vt 0.3811300 0.9423270
vt 0.0046250 0.1914090
vt 0.0344810 0.1697170
vt 0.0525770 0.2220090
vt 0.7178020 0.9888770
vt 0.7198150 0.9912280
vt 0.0117660 0.4349100
vt 0.0107740 0.3751000
vt 0.7303110 0.9786100
vt 0.9571250 0.6081350
vt 0.9647340 0.5211610
vt 0.9642440 0.6182660
vt 0.8979100 0.0979940
vt 0.0249770 0.4065790
vt 0.9944390 0.9345580
vt 0.9887840 0.9194390
vt 0.9948730 0.9107430
vt 0.2929010 0.1700130
vt 0.1855610 0.1889400
vt 0.2931950 0.1662280
vt 0.1653420 0.9526830
vt 0.1135140 0.9548760
vt 0.1402970 0.9546760
vt 0.1571900 0.9592030
vt 0.1053220 0.9600320
vt 0.4413350 0.1684980
vt 0.4413350 0.1619420
vt 0.5699010 0.1667910
vt 0.0022460 0.1945470
vt 0.0035070 0.1940880
vt 0.0038830 0.2262390
vt 0.5641510 0.1126180
vt 0.4348270 0.1126180
vt 0.4352070 0.1059720
vt 0.0583550 0.9860050
vt 0.0938410 0.9694570
vt 0.0584040 0.9922380
vt 0.0584610 0.9698300
vt 0.3134180 0.1928120
vt 0.5269670 0.9310330
vt 0.5262450 0.9072250
vt 0.5345310 0.8973510
vt 0.9897980 0.9369860
vt 0.9905040 0.9488070
vt 0.0029190 0.2256100
vt 0.0001450 0.2413450
vt 0.0014740 0.2080930
vt 0.8017770 0.1774570
vt 0.8017770 0.2249950
vt 0.6706440 0.1780040
vt 0.5322620 0.9448350
vt 0.5145100 0.3087240
vt 0.6816090 0.3087240
vt 0.6455430 0.3138500
vt 0.6584530 0.6011680
vt 0.6648360 0.5282190
vt 0.6621750 0.7077370
vt 0.8942760 0.4398800
vt 0.8942760 0.5427550
vt 0.8876440 0.5421840
vt 0.1320630 0.9526830
vt 0.6518740 0.0987160
vt 0.7776460 0.1011350
vt 0.6530050 0.1051320
vt 0.7218900 0.1065950
vt 0.1759330 0.8568760
vt 0.1776200 0.7310930
vt 0.2173250 0.7851840
vt 0.1390670 0.7320430
vt 0.1765610 0.7320430
vt 0.1743310 0.8573340
vt 0.1780290 0.6957280
vt 0.2200810 0.5794770
vt 0.1951650 0.4864900
vt 0.2231190 0.4154150
vt 0.5059440 0.0865880
vt 0.4660520 0.0654160
vt 0.5015350 0.0625250
vt 0.3898680 0.0823650
vt 0.4977830 0.0556690
vt 0.4747060 0.0440220
vt 0.5015330 0.0528900
vt 0.4521210 0.0444890
vt 0.8938560 0.1848570
vt 0.8902950 0.1758410
vt 0.8964870 0.1527330
vt 0.8967320 0.1835470
vt 0.8006050 0.9619970
vt 0.7614940 0.9619970
vt 0.8151150 0.9598620
vt 0.4877100 0.0458560
vt 0.4713000 0.0221960
vt 0.7651950 0.4598560
vt 0.7726010 0.4322140
vt 0.7672330 0.5851510
vt 0.7736200 0.5125700
vt 0.8903890 0.1841360
vt 0.7771610 0.9972940
vt 0.7636970 0.9972940
vt 0.7755870 0.9960660
vt 0.8669990 0.8511590
vt 0.9075530 0.8081370
vt 0.9483530 0.8709240
vt 0.8907550 0.9073170
vt 0.8741080 0.8950540
vt 0.8995330 0.9062520
vt 0.8549090 0.8471680
vt 0.7969930 0.4191750
vt 0.7528970 0.2791180
vt 0.7967580 0.2631540
vt 0.7470380 0.2823520
vt 0.8924020 0.9097260
vt 0.0529300 0.4448720
vt 0.0559790 0.4275780
vt 0.0517840 0.5111350
vt 0.8924310 0.9170930
vt 0.2938640 0.9966200
vt 0.3030480 0.9950010
vt 0.3118570 0.9973380
vt 0.7193510 0.2745250
vt 0.7452420 0.2781870
vt 0.8845270 0.9087620
vt 0.8960440 0.4690050
vt 0.9002860 0.4750620
vt 0.8944020 0.5718530
vt 0.9654460 0.5331960
vt 0.9654460 0.5204300
vt 0.9855240 0.5331070
vt 0.9804680 0.2915950
vt 0.9648850 0.2915950
vt 0.9730000 0.2855240
vt 0.8492600 0.8659200
vt 0.9665140 0.4269480
vt 0.9665140 0.4152380
vt 0.9737310 0.4216030
vt 0.8412280 0.8552460
vt 0.8728830 0.9097380
vt 0.8675890 0.9143810
vt 0.4653180 0.7230740
vt 0.4776190 0.7473040
vt 0.4614290 0.7314130
vt 0.7599130 0.9962930
vt 0.7590250 0.9950240
vt 0.7726400 0.9952870
vt 0.4742040 0.6743050
vt 0.5551220 0.7430260
vt 0.5508230 0.6692910
vt 0.5579780 0.5598990
vt 0.4912350 0.7475580
vt 0.4891180 0.6720920
vt 0.4956700 0.9957910
vt 0.4729840 0.9957910
vt 0.4716440 0.9950160
vt 0.9118390 0.7240540
vt 0.9456690 0.7228730
vt 0.9137040 0.8154310
vt 0.3087070 0.9045620
vt 0.3143790 0.9083330
vt 0.3082940 0.9144180
vt 0.7120270 0.3059930
vt 0.7393390 0.3385430
vt 0.5761240 0.3384210
vt 0.2660150 0.9954420
vt 0.2508390 0.9956640
vt 0.6426390 0.9951440
vt 0.6414050 0.9967340
vt 0.6410470 0.9960630
vt 0.1759780 0.0004470
vt 0.1728470 0.0004470
vt 0.1735040 0.0000640
vt 0.6436110 0.9979190
vt 0.6286080 0.9998830
vt 0.6253490 0.9985850
vt 0.6271020 0.9988280
vt 0.6099000 0.9998620
vt 0.6443960 0.9949310
vt 0.7318490 0.1195490
vt 0.6057400 0.1603060
vt 0.6378880 0.1195490
vt 0.0011750 0.1624400
vt 0.0053660 0.1468010
vt 0.0054640 0.1769990
vt 0.0297830 0.5754240
vt 0.0297830 0.5113990
vt 0.0355900 0.5126800
vt 0.3076850 0.9301480
vt 0.4292010 0.9882350
vt 0.4139950 0.9841600
vt 0.4452620 0.9790790
vt 0.6597710 0.9969120
vt 0.7425680 0.3201150
vt 0.7397740 0.3187640
vt 0.4025420 0.9811980
vt 0.7189480 0.1603290
vt 0.4553530 0.0004210
vt 0.4435230 0.0004210
vt 0.4544730 0.0000890
vt 0.3120610 0.9529460
vt 0.7677290 0.9986290
vt 0.7679430 0.9998390
vt 0.7540180 0.9996960
vt 0.6211300 0.1765740
vt 0.6330400 0.1696980
vt 0.7343350 0.1757150
vt 0.9742010 0.7005150
vt 0.9880050 0.6580290
vt 0.9791340 0.7015220
vt 0.2629910 0.9946320
vt 0.0061630 0.4598120
vt 0.0099980 0.4608390
vt 0.0058350 0.4650410
vt 0.0082860 0.4082990
vt 0.1378180 0.8553650
vt 0.0884330 0.8323360
vt 0.1321370 0.7335010
vt 0.8187040 0.9998710
vt 0.8172650 0.9992000
vt 0.8206310 0.9991070
vt 0.9381760 0.5499910
vt 0.9295420 0.5302630
vt 0.9295420 0.5117710
vt 0.9280140 0.5332620
vt 0.4368200 0.0090480
vt 0.4755440 0.0015940
vt 0.4844160 0.0023700
vt 0.4674950 0.0011460
vt 0.4585720 0.0001450
vt 0.5141510 0.0045640
vt 0.0106890 0.9249890
vt 0.0405030 0.9247250
vt 0.0442420 0.9459300
vt 0.0494090 0.9246910
vt 0.0574700 0.9245710
vt 0.0664480 0.9246710
vt 0.0672720 0.9459630
vt 0.9103210 0.0036020
vt 0.9593090 0.0070280
vt 0.9655720 0.0816890
vt 0.4914580 0.9968670
vt 0.5015740 0.9959820
vt 0.5146710 0.9966510
vt 0.1944850 0.9961430
vt 0.1871360 0.9967860
vt 0.1860060 0.9955530
vt 0.9283790 0.5545680
vt 0.0116750 0.0027800
vt 0.0595920 0.0610600
vt 0.0116750 0.0518870
vt 0.0113990 0.0592590
vt 0.0594940 0.0039250
vt 0.0011660 0.3382290
vt 0.0024470 0.3393040
vt 0.0011280 0.3875120
vt 0.0098470 0.9467260
vt 0.5672670 0.7841240
vt 0.5637500 0.7949490
vt 0.5347610 0.7728560
vt 0.5894020 0.7904850
vt 0.7022160 0.8379710
vt 0.9284540 0.6123350
vt 0.0216760 0.3328100
vt 0.0239430 0.3295720
vt 0.0188900 0.3476410
vt 0.0221490 0.3281180
vt 0.0171490 0.3289420
vt 0.0134460 0.3128620
vt 0.4586230 0.8730570
vt 0.4838420 0.8663000
vt 0.4462830 0.8819520
vt 0.4346870 0.9021510
vt 0.0226680 0.2887220
vt 0.0123190 0.3076840
vt 0.0157010 0.3071720
vt 0.0182360 0.7750750
vt 0.0093950 0.7645390
vt 0.4659930 0.8677520
vt 0.5121970 0.9054060
vt 0.0186950 0.7019420
vt 0.2387340 0.9944090
vt 0.2530940 0.9944090
vt 0.2416830 0.9953760
vt 0.7808240 0.9999130
vt 0.7687170 0.9999130
vt 0.7695250 0.9980440
vt 0.0159020 0.6313890
vt 0.0205650 0.7010840
vt 0.0159020 0.7002670
vt 0.0055140 0.1888810
vt 0.0010610 0.1934890
vt 0.0052990 0.1794960
vt 0.7147650 0.9998100
vt 0.6989230 0.9998100
vt 0.7605360 0.9134280
vt 0.8329270 0.9134280
vt 0.7694450 0.9369290
vt 0.0383180 0.6182440
vt 0.0428880 0.6180730
vt 0.0428880 0.6394100
vt 0.0020400 0.1742250
vt 0.7040390 0.8574360
vt 0.5247660 0.8574360
vt 0.7258160 0.9964030
vt 0.7202660 0.9954250
vt 0.7358110 0.9955550
vt 0.0351700 0.6685920
vt 0.0269340 0.7021010
vt 0.9762800 0.3343410
vt 0.0387510 0.6858090
vt 0.6953680 0.7344730
vt 0.6892080 0.8048890
vt 0.6928210 0.6256520
vt 0.5567940 0.9531050
vt 0.5354600 0.9534970
vt 0.5354600 0.9286850
vt 0.9760240 0.3337620
vt 0.7863050 0.9986310
vt 0.7931430 0.9998370
vt 0.7814230 0.9996250
vt 0.9861800 0.3337440
vt 0.0001040 0.1619760
vt 0.9709880 0.3735070
vt 0.9716840 0.3854960
vt 0.9666480 0.3854960
vt 0.6039680 0.9280140
vt 0.6765340 0.9951600
vt 0.6662430 0.9979170
vt 0.6579910 0.9949320
vt 0.9658610 0.4477760
vt 0.9658610 0.4352680
vt 0.9779590 0.4417550
vt 0.9668340 0.3212950
vt 0.9654680 0.3688450
vt 0.7807090 0.9961530
vt 0.7893510 0.9976770
vt 0.7775540 0.9982290
vt 0.9732450 0.3737900
vt 0.1753180 0.9993170
vt 0.1737090 0.9977080
vt 0.1786910 0.9976190
vt 0.0297870 0.7026250
vt 0.2080920 0.9959950
vt 0.2174340 0.9993950
vt 0.2049360 0.9999190
vt 0.2145660 0.9946160
vt 0.2282330 0.9946160
vt 0.2197300 0.9997660
vt 0.7378070 0.0980170
vt 0.6171470 0.0980170
vt 0.6211330 0.0899300
vt 0.7004180 0.9991690
vt 0.5833070 0.8509400
vt 0.9737510 0.3426470
vt 0.9734500 0.3350750
vt 0.3395410 0.9507770
vt 0.3379540 0.9443560
vt 0.3422790 0.9429320
vt 0.7093280 0.9972090
vt 0.6962620 0.9976600
vt 0.6920000 0.9961090
vt 0.6915910 0.9982730
vt 0.3360440 0.9465700
vt 0.3392790 0.9650910
vt 0.3742770 0.9377440
vt 0.3710940 0.9585680
vt 0.0002030 0.7153360
vt 0.0002030 0.6849480
vt 0.0013290 0.7190360
vt 0.7979240 0.5942770
vt 0.7979240 0.4552640
vt 0.8052430 0.5609640
vt 0.1764590 0.9944900
vt 0.1781340 0.9947850
vt 0.1742670 0.9947040
vt 0.1753830 0.9968100
vt 0.1764750 0.9955080
vt 0.1805930 0.9968310
vt 0.0956570 0.3068150
vt 0.0956570 0.1855240
vt 0.1173150 0.1931400
vt 0.8080910 0.9995410
vt 0.8135810 0.9955520
vt 0.8165260 0.9998510
vt 0.3344470 0.9609410
vt 0.3882890 0.9392480
vt 0.3918700 0.9400090
vt 0.3815580 0.9401030
vt 0.7479250 0.6545700
vt 0.7873260 0.6545700
vt 0.7474300 0.6883960
vt 0.3341590 0.9562930
vt 0.3419310 0.9778430
vt 0.3952550 0.9416610
vt 0.3328190 0.9628620
vt 0.7474030 0.5398980
vt 0.3941220 0.9729070
vt 0.7791090 0.6106450
vt 0.7737530 0.5781550
vt 0.7814060 0.5347520
vt 0.7756800 0.4608560
vt 0.3285280 0.9728640
vt 0.7369000 0.0865090
vt 0.6225200 0.0771220
vt 0.6225200 0.0651380
vt 0.6195860 0.0867250
vt 0.0191330 0.0715500
vt 0.0341960 0.0660640
vt 0.0291750 0.0715500
vt 0.6069170 0.5793160
vt 0.5758510 0.5280400
vt 0.5800470 0.5083010
vt 0.3752510 0.9779860
vt 0.0411330 0.0723420
vt 0.0143830 0.9932730
vt 0.0146850 0.9649520
vt 0.0152690 0.9882510
vt 0.6853310 0.0012350
vt 0.6847880 0.0074470
vt 0.5705420 0.0052560
vt 0.6207080 0.0440200
vt 0.1717360 0.9944830
vt 0.1702620 0.9968340
vt 0.0183360 0.9931170
vt 0.0489470 0.9655120
vt 0.0335760 0.9935790
vt 0.0271260 0.9933500
vt 0.0399370 0.9936790
vt 0.6070560 0.6929240
vt 0.5558650 0.5362290
vt 0.1744780 0.9964750
vt 0.6894230 0.5700980
vt 0.6894230 0.7496160
vt 0.6701270 0.6711460
vt 0.7100260 0.9983810
vt 0.7100260 0.9960010
vt 0.7271550 0.9973320
vt 0.9830500 0.4530240
vt 0.9861650 0.4598380
vt 0.9861650 0.4684740
vt 0.9652900 0.3440120
vt 0.9652900 0.3209520
vt 0.9729120 0.3392860
vt 0.9820750 0.4763020
vt 0.9655760 0.4726950
vt 0.9659090 0.4521960
vt 0.2296230 0.9810160
vt 0.2289880 0.9772360
vt 0.2296230 0.9775230
vt 0.3867110 0.8964450
vt 0.3882360 0.8892720
vt 0.3967410 0.9112010
vt 0.5156490 0.9986240
vt 0.5154870 0.9992270
vt 0.4935440 0.9993330
vt 0.2102650 0.9811410
vt 0.2059270 0.9772530
vt 0.1881500 0.9813950
vt 0.9643630 0.5181520
vt 0.9840540 0.5098350
vt 0.9837220 0.5181520
vt 0.9866950 0.4601680
vt 0.9647350 0.5094270
vt 0.3895350 0.9047080
vt 0.6138830 0.9989070
vt 0.5945590 0.9989070
vt 0.5944930 0.9949640
vt 0.7984190 0.9950200
vt 0.8078120 0.9980720
vt 0.8012390 0.9998730
vt 0.9652970 0.4761500
vt 0.4368930 0.9989080
vt 0.4368930 0.9949640
vt 0.4614720 0.9976360
vt 0.2011030 0.9951870
vt 0.1922700 0.9951870
vt 0.2014990 0.9945990
vt 0.0230630 0.4369750
vt 0.0281320 0.3790350
vt 0.0311020 0.4422110
vt 0.0143730 0.4365990
vt 0.7040790 0.4454810
vt 0.7040790 0.6249990
vt 0.6845830 0.5477890
vt 0.3966060 0.9283990
vt 0.0128200 0.4376030
vt 0.9481710 0.0939860
vt 0.9477740 0.1477220
vt 0.9163560 0.1879340
vt 0.9544720 0.2414190
vt 0.9589600 0.1901200
vt 0.9621320 0.2843390
vt 0.1847550 0.9951210
vt 0.1853200 0.9956860
vt 0.6808510 0.9998400
vt 0.6808510 0.9990410
vt 0.6981070 0.9999380
vt 0.9549310 0.2540640
vt 0.0030410 0.7628260
vt 0.0003360 0.7781690
vt 0.0000230 0.7458350
vt 0.8887250 0.2496470
vt 0.8887250 0.2173110
vt 0.8896200 0.2166450
vt 0.8552720 0.8847740
vt 0.8227590 0.8905070
vt 0.7616840 0.8877930
vt 0.8916140 0.1201840
vt 0.8971280 0.1347550
vt 0.8909210 0.1518100
vt 0.8968450 0.1520330
vt 0.9166940 0.9622110
vt 0.9041500 0.9938440
vt 0.9040410 0.9622110
vt 0.0666860 0.2409090
vt 0.0759150 0.2340650
vt 0.0790840 0.2408610
vt 0.8034580 0.9957560
vt 0.8105620 0.9951350
vt 0.8109440 0.9961830
vt 0.1603330 0.0198430
vt 0.0694930 0.0198430
vt 0.0696750 0.0159080
vt 0.9165470 0.9938670
vt 0.2162910 0.2370120
vt 0.2473810 0.2434840
vt 0.2157250 0.2434800
vt 0.3603730 0.2435800
vt 0.1719730 0.0258610
vt 0.0808360 0.0258610
vt 0.1713970 0.0201050
vt 0.2735860 0.6341910
vt 0.2636970 0.6224050
vt 0.2702960 0.4556970
vt 0.5841130 0.9638580
vt 0.5813400 0.9481270
vt 0.5931080 0.9370550
vt 0.5932250 0.9761670
vt 0.5919980 0.9357830
vt 0.9490020 0.2559800
vt 0.9561240 0.2948830
vt 0.9503460 0.2950690
vt 0.9488120 0.1869850
vt 0.5920900 0.9763730
vt 0.7244420 0.9985800
vt 0.7378150 0.9985800
vt 0.7398070 0.9993770
vt 0.0366550 0.2352070
vt 0.5818770 0.9445240
vt 0.5814930 0.2074630
vt 0.5814930 0.2399320
vt 0.4460870 0.2111300
vt 0.0459450 0.1212880
vt 0.0459450 0.1764650
vt 0.0189170 0.1522130
vt 0.0256150 0.2408480
vt 0.1831460 0.0019340
vt 0.1769150 0.0019340
vt 0.1769160 0.0001080
vt 0.8252740 0.4366220
vt 0.7978110 0.4292630
vt 0.8193860 0.2983120
vt 0.7450510 0.7433610
vt 0.7334990 0.5707350
vt 0.7068700 0.8425700
vt 0.7068700 0.6666230
vt 0.7343970 0.8367650
vt 0.7060290 0.4562300
vt 0.7200940 0.4578070
vt 0.7200940 0.6316150
vt 0.7255230 0.4583300
vt 0.7326830 0.4590610
vt 0.1788270 0.9952410
vt 0.5799110 0.9453830
vt 0.7450510 0.6079060
vt 0.1945340 0.6908180
vt 0.1880720 0.6911800
vt 0.1564170 0.5730400
vt 0.1714560 0.6965580
vt 0.1537810 0.7032620
vt 0.9820700 0.5344600
vt 0.9653870 0.5515800
vt 0.9656140 0.5373620
vt 0.9653260 0.5337120
vt 0.7305030 0.1267600
vt 0.8501920 0.1656490
vt 0.7309280 0.1679280
vt 0.7417430 0.9961170
vt 0.7440680 0.9971830
vt 0.4621510 0.9491350
vt 0.4501140 0.9507920
vt 0.4386100 0.9424340
vt 0.4263050 0.9335030
vt 0.4527160 0.9533680
vt 0.4239570 0.9215040
vt 0.0012200 0.6662600
vt 0.0012200 0.6330840
vt 0.0023560 0.6289400
vt 0.3619430 0.8747620
vt 0.3316260 0.8623000
vt 0.3640460 0.8723590
vt 0.0132990 0.4576000
vt 0.0218200 0.4565030
vt 0.0265040 0.5100460
vt 0.1373640 0.1102960
vt 0.1012990 0.1006330
vt 0.2225010 0.1021580
vt 0.3669550 0.8575270
vt 0.4068830 0.8714560
vt 0.3883540 0.8852500
vt 0.3659060 0.8736820
vt 0.0179640 0.5097390
vt 0.0276300 0.6512850
vt 0.0276300 0.5980050
vt 0.0357000 0.6637300
vt 0.3895740 0.8853670
vt 0.3975690 0.9095820
vt 0.0356460 0.5931650
vt 0.6400800 0.0901330
vt 0.7603280 0.0901330
vt 0.7594750 0.0983240
vt 0.0285800 0.4424570
vt 0.4838200 0.4566180
vt 0.5167180 0.9084370
vt 0.4854010 0.8653340
vt 0.5820140 0.8617360
vt 0.2422100 0.6898090
vt 0.2552370 0.6411910
vt 0.2503090 0.8153970
vt 0.7114730 0.6870500
vt 0.7323530 0.5686280
vt 0.7425620 0.7439350
vt 0.7288640 0.9972440
vt 0.6532160 0.5163130
vt 0.6447100 0.4996200
vt 0.6545870 0.4749670
vt 0.4683960 0.5707450
vt 0.5498970 0.6678750
vt 0.4492150 0.5852790
vt 0.1044630 0.4093190
vt 0.1390770 0.4465710
vt 0.1080030 0.5319470
vt 0.3545970 0.6761050
vt 0.4267360 0.5968140
vt 0.1466430 0.4418190
vt 0.1476600 0.4524080
vt 0.1446780 0.4372250
vt 0.1520830 0.4394350
vt 0.1520830 0.4394350
vt 0.1520830 0.4394350
vt 0.1012370 0.4098880
vt 0.1544080 0.2588640
vt 0.1549770 0.2556370
vt 0.1590170 0.2585620
vt 0.4628680 0.5725090
vt 0.1607380 0.2549500
vt 0.1785850 0.2493840
vt 0.1646660 0.2966720
vt 0.1695000 0.2776920
vt 0.1766970 0.2994710
vt 0.9746690 0.9881190
vt 0.9586790 0.9822990
vt 0.9774800 0.9822590
vt 0.1758910 0.3592580
vt 0.1700310 0.3752330
vt 0.8319180 0.1167350
vt 0.7114940 0.1167350
vt 0.8287700 0.1110490
vt 0.1492110 0.6278910
vt 0.1083170 0.6622050
vt 0.1528450 0.6094450
vt 0.1495020 0.6881500
vt 0.1131510 0.6992310
vt 0.1582810 0.7302990
vt 0.9326200 0.5100520
vt 0.9657460 0.4081020
vt 0.9510370 0.5132460
vt 0.1099620 0.7327410
vt 0.1103010 0.7060480
vt 0.4121090 0.5542320
vt 0.9654820 0.3201180
vt 0.9654820 0.2953060
vt 0.9921280 0.3184780
vt 0.5346400 0.7512850
vt 0.5325080 0.8557420
vt 0.4229110 0.8557420
vt 0.4399180 0.7540790
vt 0.4244190 0.7540580
vt 0.4045210 0.8573620
vt 0.4004970 0.6778780
vt 0.5684050 0.4278900
vt 0.3978870 0.4840490
vt 0.4201210 0.4487300
vt 0.4246210 0.4410640
vt 0.4128950 0.4101720
vt 0.4164440 0.4428240
vt 0.1003240 0.4113410
vt 0.0848570 0.5309470
vt 0.0848250 0.4113410
vt 0.4136990 0.3989950
vt 0.4043670 0.4076540
vt 0.1774300 0.4647540
vt 0.1774300 0.2998010
vt 0.2571970 0.3749590
vt 0.1051650 0.5199990
vt 0.9517550 0.6209140
vt 0.9338420 0.5193220
vt 0.9514940 0.5139180
vt 0.1330420 0.7335950
vt 0.1713500 0.8514970
vt 0.1470390 0.8573140
vt 0.5104800 0.2558510
vt 0.3673450 0.2558510
vt 0.3664360 0.2308700
vt 0.9238710 0.5259610
vt 0.8989660 0.4262310
vt 0.9655980 0.4045800
vt 0.9312680 0.4136840
vt 0.8903770 0.4237100
vt 0.8948520 0.4255580
vt 0.1275080 0.9609090
vt 0.1240940 0.9633010
vt 0.1191720 0.9641680
vt 0.1247080 0.9748890
vt 0.9484100 0.1910830
vt 0.8932650 0.2933590
vt 0.9197110 0.1885720
vt 0.8467960 0.0002450
vt 0.7430910 0.0694920
vt 0.7416520 0.0187850
vt 0.9370150 0.1888830
vt 0.8502790 0.1197750
vt 0.9481270 0.2955950
vt 0.7419750 0.0155140
vt 0.7297700 0.0416880
vt 0.6237040 0.0209610
vt 0.2181910 0.9527510
vt 0.2296760 0.9558290
vt 0.2003700 0.9530130
vt 0.1748180 0.9534890
vt 0.1264970 0.9921040
vt 0.6727810 0.9620320
vt 0.6727810 0.9133510
vt 0.6969850 0.9489900
vt 0.5022820 0.2908100
vt 0.5714730 0.2968630
vt 0.4460050 0.2977030
vt 0.6011600 0.1392640
vt 0.5485160 0.1392640
vt 0.6276400 0.1309090
vt 0.5010630 0.1329950
vt 0.6071100 0.2906520
vt 0.2299700 0.9597780
vt 0.2715620 0.9597780
vt 0.2306950 0.9927240
vt 0.2695670 0.4330690
vt 0.2288950 0.4696900
vt 0.2777440 0.3112090
vt 0.1970350 0.1592380
vt 0.1898020 0.1395910
vt 0.2480520 0.0940820
vt 0.6989740 0.2627600
vt 0.7342920 0.3048500
vt 0.6294720 0.3061880
vt 0.2515940 0.9914650
vt 0.1862530 0.1298530
vt 0.3149230 0.1162810
vt 0.3140450 0.1937930
vt 0.1881270 0.2347060
vt 0.1874880 0.1968880
vt 0.5901850 0.2798290
vt 0.4312650 0.2694180
vt 0.1815030 0.1185240
vt 0.5602800 0.2888530
vt 0.4342400 0.2888530
vt 0.5948720 0.2816270
vt 0.5726540 0.2638340
vt 0.0134420 0.7285540
vt 0.0072630 0.6579280
vt 0.0141870 0.6570440
vt 0.5678350 0.1766750
vt 0.4423800 0.1766750
vt 0.4467640 0.1690860
vt 0.5775200 0.2692010
vt 0.9724520 0.9302020
vt 0.9710500 0.9313780
vt 0.9724710 0.8852710
vt 0.0057630 0.5597120
vt 0.0105690 0.5465080
vt 0.0105800 0.6113060
vt 0.8260950 0.4307140
vt 0.8342730 0.5241800
vt 0.8277490 0.5677540
vt 0.9743030 0.9186810
vt 0.0001560 0.7208580
vt 0.0020980 0.7197360
vt 0.0023980 0.7531950
vt 0.2896610 0.6274990
vt 0.2945340 0.5928300
vt 0.3446600 0.4572810
vt 0.0002270 0.1612720
vt 0.0002270 0.1339270
vt 0.0033480 0.1476270
vt 0.9947780 0.1148170
vt 0.9894490 0.0828430
vt 0.9947780 0.0911350
vt 0.2443760 0.6388980
vt 0.2645290 0.4668220
vt 0.2627140 0.6339850
vt 0.2302410 0.6091630
vt 0.9446030 0.9891690
vt 0.9302030 0.9889780
vt 0.9179080 0.9832440
vt 0.3543780 0.9949080
vt 0.3547820 0.9953890
vt 0.3403830 0.9951480
vt 0.9175010 0.9891770
vt 0.8401510 0.8543390
vt 0.8433850 0.7411670
vt 0.8825030 0.8188010
vt 0.3674820 0.9950920
vt 0.2743460 0.9597780
vt 0.2874520 0.9597780
vt 0.2749920 0.9927250
vt 0.2359310 0.4861760
vt 0.2237250 0.4720940
vt 0.1386920 0.9888020
vt 0.1279060 0.9923070
vt 0.1284010 0.9622380
vt 0.3188400 0.0063700
vt 0.4324360 0.0106390
vt 0.3193460 0.0121450
vt 0.4319960 0.0047090
vt 0.1274620 0.4078650
vt 0.0880640 0.4069470
vt 0.8487410 0.3754690
vt 0.8487410 0.4897000
vt 0.8320560 0.4874000
vt 0.8670590 0.7417530
vt 0.8840580 0.7439490
vt 0.9952300 0.0782370
vt 0.8830920 0.7849040
vt 0.9656490 0.4157960
vt 0.9634940 0.5203630
vt 0.9620780 0.4566070
vt 0.9592740 0.4903920
vt 0.1153110 0.7359810
vt 0.0833620 0.8440840
vt 0.8961420 0.4612650
vt 0.8944240 0.4285000
vt 0.9222250 0.5296210
vt 0.0904230 0.2938710
vt 0.0833660 0.7243540
vt 0.8684990 0.4318820
vt 0.8682710 0.3714390
vt 0.8707490 0.3700090
vt 0.8498850 0.3679730
vt 0.8550190 0.3693900
vt 0.7588690 0.9130210
vt 0.6953320 0.9018180
vt 0.7883250 0.8974990
vt 0.9033020 0.9635650
vt 0.9033020 0.9917980
vt 0.8653400 0.9627470
vt 0.7517850 0.5489320
vt 0.7466820 0.4158790
vt 0.8587590 0.4788100
vt 0.5145850 0.9111460
vt 0.5121500 0.9609670
vt 0.4741790 0.9609670
vt 0.3999900 0.1975250
vt 0.3988370 0.1967180
vt 0.4184310 0.1975470
vt 0.4329750 0.2036910
vt 0.4505370 0.0678840
vt 0.3357890 0.0678840
vt 0.4512380 0.0332400
vt 0.3553700 0.2363720
vt 0.2089820 0.2363720
vt 0.2104800 0.2309420
vt 0.8887520 0.2155320
vt 0.8887520 0.1876260
vt 0.8895930 0.2158470
vt 0.1761610 0.0019340
vt 0.1741970 0.0012960
vt 0.1757600 0.0011300
vt 0.5142050 0.9611730
vt 0.8011180 0.0072950
vt 0.6861140 0.0080840
vt 0.7362590 0.0016200
vt 0.6862330 0.0020200
vt 0.6727350 0.8585660
vt 0.6465320 0.8645590
vt 0.5812570 0.8588490
vt 0.3860720 0.1969190
vt 0.5886340 0.2402120
vt 0.6990740 0.2400770
vt 0.6332050 0.2441120
vt 0.5598640 0.2486870
vt 0.3636000 0.3031320
vt 0.2996030 0.3320810
vt 0.3030680 0.3138050
vt 0.2994050 0.2029960
vt 0.2901170 0.3030580
vt 0.3275070 0.3435200
vt 0.6730840 0.8646210
vt 0.4565640 0.3133980
vt 0.2323590 0.0974350
vt 0.1181700 0.0950080
vt 0.1712500 0.0546460
vt 0.1191750 0.0546590
vt 0.3457120 0.1973800
vt 0.1179990 0.0532290
vt 0.0288940 0.7753950
vt 0.0281600 0.8286610
vt 0.0211570 0.8192720
vt 0.0217600 0.8507540
vt 0.7517850 0.3979520
vt 0.3951070 0.2033940
vt 0.0412870 0.7027980
vt 0.0412870 0.7748990
vt 0.0363430 0.7757520
vt 0.1461470 0.9152560
vt 0.2081750 0.9152560
vt 0.1452470 0.9468480
vt 0.9903770 0.1404750
vt 0.9946310 0.1313530
vt 0.9948120 0.1720170
vt 0.2720800 0.9993750
vt 0.2549890 0.9993750
vt 0.2646450 0.9965380
vt 0.8530530 0.0516180
vt 0.8598260 0.1389800
vt 0.8573250 0.1401460
vt 0.8828530 0.1449160
vt 0.8495280 0.1633970
vt 0.6807110 0.9964910
vt 0.6801190 0.9973800
vt 0.6728040 0.9973800
vt 0.3704660 0.9950850
vt 0.3870420 0.9992480
vt 0.3797290 0.9994040
vt 0.8011960 0.1765340
vt 0.7391670 0.1765340
vt 0.8370670 0.1721630
vt 0.7252410 0.1707590
vt 0.0838420 0.4109650
vt 0.0838420 0.4570440
vt 0.0788360 0.4106370
vt 0.0840850 0.5004970
vt 0.0802850 0.4561450
vt 0.0721180 0.5024640
vt 0.0779180 0.4127560
vt 0.0821210 0.5021880
vt 0.0803570 0.5020150
vt 0.8729350 0.5967170
vt 0.8834040 0.5833180
vt 0.8438690 0.6858340
vt 0.6908330 0.9972240
vt 0.8315210 0.4804950
vt 0.8239260 0.3499440
vt 0.8315210 0.3542950
vt 0.8557430 0.9125110
vt 0.7620050 0.9125110
vt 0.8557110 0.9086390
vt 0.9671140 0.3669770
vt 0.9653480 0.3671310
vt 0.3690210 0.9998070
vt 0.3651510 0.9996770
vt 0.8557180 0.9041460
vt 0.3606590 0.9997630
vt 0.9753630 0.3668030
vt 0.8502310 0.3579640
vt 0.9816910 0.3666850
vt 0.8557460 0.8970500
vt 0.3664840 0.8819910
vt 0.3780740 0.9477250
vt 0.9856230 0.3666140
vt 0.8557560 0.8928140
vt 0.3704160 0.8820550
vt 0.3768290 0.8822370
vt 0.8559730 0.8857530
vt 0.2840370 0.2708080
vt 0.4422140 0.2708080
vt 0.3779640 0.2991610
vt 0.3793740 0.8816930
vt 0.9571900 0.6119350
vt 0.9626260 0.6184140
vt 0.9601390 0.7077790
vt 0.5128430 0.2630240
vt 0.5770380 0.2686410
vt 0.4188760 0.2663720
vt 0.9657080 0.3448200
vt 0.3601560 0.8818720
vt 0.3546650 0.8746650
vt 0.3319280 0.9371330
vt 0.3316480 0.8636840
vt 0.8449800 0.9938440
vt 0.8708540 0.9697040
vt 0.8914860 0.9846930
vt 0.4327410 0.0957440
vt 0.4369670 0.0960130
vt 0.5708930 0.1001860
vt 0.6510730 0.0992100
vt 0.6498630 0.1070950
vt 0.5241060 0.1096760
vt 0.7886480 0.8469520
vt 0.7914090 0.7668140
vt 0.7928830 0.8469520
vt 0.3608950 0.8775290
vt 0.8656000 0.9652990
vt 0.7994100 0.8471270
vt 0.8096350 0.8473940
vt 0.8045850 0.8472570
vt 0.4434860 0.0956480
vt 0.4486550 0.0953640
vt 0.2570970 0.3727390
vt 0.1829680 0.2711190
vt 0.2681070 0.3032220
vt 0.1818420 0.2466670
vt 0.1858680 0.2458400
vt 0.7792750 0.7095100
vt 0.7792750 0.8568840
vt 0.7340040 0.8405370
vt 0.1954610 0.0004350
vt 0.1886050 0.0004350
vt 0.1892190 0.0000760
vt 0.8209260 0.5064520
vt 0.8151150 0.5728740
vt 0.8122390 0.4342760
vt 0.8220820 0.5727120
vt 0.2014450 0.2332600
vt 0.8645330 0.9633940
vt 0.8365260 0.9856300
vt 0.8152420 0.9635900
vt 0.8442410 0.9921730
vt 0.1793320 0.9976540
vt 0.1857130 0.9970960
vt 0.1858370 0.9977970
vt 0.6235650 0.0203380
vt 0.5102590 0.0203380
vt 0.5102450 0.0133700
vt 0.8392960 0.8481780
vt 0.4536990 0.0950730
vt 0.2039510 0.0209160
vt 0.0909820 0.0154950
vt 0.2039510 0.0108000
vt 0.2042170 0.0030880
vt 0.4833080 0.0931600
vt 0.2028060 0.2309380
vt 0.8431190 0.7095340
vt 0.4996110 0.0926250
vt 0.8138630 0.5774730
vt 0.8030930 0.5163910
vt 0.8087760 0.4388700
vt 0.7242360 0.0001290
vt 0.8411370 0.0001290
vt 0.8137980 0.0039570
vt 0.1500300 0.0481230
vt 0.1380340 0.0524890
vt 0.0603890 0.0488690
vt 0.5626630 0.0959450
vt 0.9668250 0.3882810
vt 0.9664930 0.4058970
vt 0.3414070 0.9785950
vt 0.3720760 0.9785950
vt 0.3494170 0.9928040
vt 0.2381170 0.8554650
vt 0.2815560 0.8438250
vt 0.4038650 0.8574000
vt 0.5304580 0.1734150
vt 0.5041190 0.1687710
vt 0.6271380 0.1719410
vt 0.8834600 0.7290780
vt 0.8397270 0.7059830
vt 0.4497240 0.1019620
vt 0.9722200 0.3998510
vt 0.8834600 0.6197480
vt 0.7014160 0.1162390
vt 0.7014160 0.1096320
vt 0.8256520 0.1095010
vt 0.1823960 0.4668960
vt 0.2205670 0.5851220
vt 0.1832850 0.6025070
vt 0.9943010 0.8627230
vt 0.9943010 0.9028540
vt 0.9847600 0.8654400
vt 0.5949560 0.5007240
vt 0.5660540 0.5084690
vt 0.4142370 0.5043750
vt 0.1921280 0.6301420
vt 0.1391500 0.4298450
vt 0.1406660 0.3055990
vt 0.1758860 0.3931090
vt 0.3815700 0.9390070
vt 0.3874380 0.9021570
vt 0.3886080 0.9377660
vt 0.9731780 0.6990480
vt 0.9791030 0.6608940
vt 0.9848700 0.6630630
vt 0.6195370 0.9899960
vt 0.6132570 0.9933350
vt 0.6007040 0.9550810
vt 0.8038620 0.9630380
vt 0.8041950 0.9937190
vt 0.7666480 0.9937190
vt 0.7733660 0.4289840
vt 0.7949720 0.4184700
vt 0.7966030 0.4210610
vt 0.7864830 0.4342030
vt 0.7861730 0.4300940
vt 0.1764780 0.4257950
vt 0.7884220 0.5718260
vt 0.2264400 0.8272370
vt 0.2999430 0.2043240
vt 0.4349900 0.2043240
vt 0.4187000 0.2384740
vt 0.9869860 0.6574380
vt 0.3957540 0.9384500
vt 0.7629270 0.9977730
vt 0.7558660 0.9979020
vt 0.7558660 0.9964800
vt 0.8111160 0.9939700
vt 0.8111160 0.9612790
vt 0.8421020 0.9942880
vt 0.7488200 0.9976750
vt 0.7637320 0.9628690
vt 0.4572030 0.3135300
vt 0.4578180 0.3065070
vt 0.4921770 0.3142420
vt 0.4583640 0.2994660
vt 0.4925390 0.3080910
vt 0.4561850 0.3437930
vt 0.4855010 0.3517090
vt 0.4564970 0.3508990
vt 0.6250200 0.3041680
vt 0.5241910 0.3462560
vt 0.6154370 0.3490020
vt 0.2490910 0.8113760
vt 0.2263940 0.6559090
vt 0.6464870 0.9761920
vt 0.9848700 0.6630630
vt 0.9791030 0.6608940
vt 0.6224580 0.4000440
vt 0.6586230 0.4579200
vt 0.4889770 0.3990770
vt 0.0372610 0.6793870
vt 0.0387290 0.7211230
vt 0.0363690 0.7480900
vt 0.9530790 0.1867840
vt 0.9541580 0.1477440
vt 0.9624050 0.1450650
vt 0.0397290 0.7125090
vt 0.9823080 0.1385480
vt 0.9943160 0.1743360
vt 0.0017260 0.5903190
vt 0.0028710 0.5900120
vt 0.0018870 0.6280680
vt 0.9898500 0.1321450
vt 0.9898500 0.0920640
vt 0.9953380 0.1297350
vt 0.0200040 0.7970760
vt 0.0200040 0.7248850
vt 0.0274930 0.7779420
vt 0.5958570 0.1219540
vt 0.4684350 0.1219540
vt 0.4679840 0.1134900
vt 0.1118740 0.6988120
vt 0.1028660 0.7000220
vt 0.0885950 0.6467610
vt 0.3145370 0.1643720
vt 0.1864850 0.1643720
vt 0.3139770 0.1190810
vt 0.2359400 0.0661480
vt 0.1727880 0.0219290
vt 0.2873760 0.0211860
vt 0.3640560 0.0534050
vt 0.3126440 0.0534050
vt 0.3762430 0.0453640
vt 0.0820170 0.8125280
vt 0.0777810 0.7885080
vt 0.0825860 0.7237330
vt 0.0686520 0.6030050
vt 0.0841370 0.5501890
vt 0.1230840 0.5328480
vt 0.0679270 0.5345430
vt 0.0802430 0.5479850
vt 0.0838350 0.5466950
vt 0.2112470 0.0130520
vt 0.2264280 0.0048470
vt 0.2536770 0.0048470
vt 0.0974320 0.6437950
vt 0.2251780 0.0039440
vt 0.0084820 0.6131910
vt 0.0048390 0.6548210
vt 0.0074050 0.5864040
vt 0.0150100 0.6284160
vt 0.0149650 0.6320520
vt 0.0161000 0.6115240
vt 0.0140600 0.6561900
vt 0.9725100 0.7213890
vt 0.9723650 0.7177560
vt 0.9895130 0.7078550
vt 0.0928180 0.6255650
vt 0.1022220 0.6281320
vt 0.9729530 0.7455410
vt 0.9907720 0.7442170
vt 0.0514950 0.2415760
vt 0.0014320 0.2870250
vt 0.0010510 0.2504700
vt 0.2064860 0.0012490
vt 0.0000880 0.2422330
vt 0.2616530 0.0451650
vt 0.9929220 0.8069210
vt 0.9931780 0.8117990
vt 0.9802650 0.7683850
vt 0.9531390 0.8177690
vt 0.9924780 0.8163140
vt 0.9917860 0.8211500
vt 0.9543760 0.8543040
vt 0.9942560 0.8616360
vt 0.9553970 0.8619290
vt 0.0028430 0.5098720
vt 0.0028430 0.5498830
vt 0.0017530 0.5487160
vt 0.1923490 0.9989220
vt 0.1840550 0.9989220
vt 0.1916160 0.9975030
vt 0.9719820 0.7008330
vt 0.9917570 0.7453790
vt 0.9903840 0.7310080
vt 0.9870300 0.0817070
vt 0.9782410 0.0793080
vt 0.9805350 0.0662950
vt 0.9842230 0.0434210
vt 0.2056070 0.0005270
vt 0.2053420 0.0020270
vt 0.1963340 0.0006640
vt 0.0574660 0.9480540
vt 0.0505350 0.9681870
vt 0.0493920 0.9639010
vt 0.1562860 0.9734760
vt 0.1721100 0.9592280
vt 0.1605390 0.9927640
vt 0.0894380 0.5778120
vt 0.3242800 0.9093650
vt 0.3189620 0.9553710
vt 0.0140350 0.9641340
vt 0.1407210 0.6172310
vt 0.3151480 0.9077550
vt 0.9751410 0.6140900
vt 0.9885980 0.6555070
vt 0.9825660 0.6576160
vt 0.9150560 0.7218020
vt 0.9468460 0.6631170
vt 0.9463780 0.7218020
vt 0.8868720 0.5435820
vt 0.8930050 0.5435820
vt 0.8894590 0.6418110
vt 0.0994150 0.0027440
vt 0.1976300 0.0027440
vt 0.0848010 0.0089630
vt 0.0007320 0.4354230
vt 0.0007320 0.3929740
vt 0.0018220 0.4353290
vt 0.0317420 0.5051270
vt 0.0360740 0.4556100
vt 0.0382280 0.5142570
vt 0.0604000 0.2541520
vt 0.0948320 0.2877290
vt 0.0512350 0.3313260
vt 0.9488030 0.0842770
vt 0.9183460 0.1780140
vt 0.9260350 0.0779640
vt 0.9153440 0.0742840
vt 0.9525020 0.8563220
vt 0.9177740 0.8067250
vt 0.9521190 0.7585910
vt 0.1293960 0.0095130
vt 0.0517590 0.2430950
vt 0.0941270 0.2427290
vt 0.0741010 0.0981480
vt 0.0804670 0.0975930
vt 0.0814140 0.0981400
vt 0.0745380 0.1325770
vt 0.0821810 0.1863700
vt 0.3064000 0.9927970
vt 0.2932650 0.9832870
vt 0.2932650 0.9581740
vt 0.9037540 0.6771810
vt 0.8999550 0.5786920
vt 0.9085230 0.6226740
vt 0.3068370 0.9583670
vt 0.9858310 0.9212360
vt 0.9858310 0.8831570
vt 0.9947610 0.9077000
vt 0.9543230 0.9833540
vt 0.9525190 0.9900880
vt 0.9282100 0.9837820
vt 0.7062080 0.8421350
vt 0.6901150 0.8076240
vt 0.7027670 0.6629720
vt 0.9130840 0.6237510
vt 0.9121940 0.7220100
vt 0.1298990 0.9601850
vt 0.1688750 0.9601850
vt 0.1388400 0.9856780
vt 0.2391470 0.9965880
vt 0.2542130 0.9965880
vt 0.2539880 0.9998370
vt 0.6474830 0.9998730
vt 0.6322900 0.9998730
vt 0.6288190 0.9985940
vt 0.9078900 0.6091150
vt 0.5711500 0.6880430
vt 0.5562920 0.7434940
vt 0.5601420 0.5593660
vt 0.8619250 0.9623160
vt 0.8366050 0.9623160
vt 0.8716990 0.9237630
vt 0.1980970 0.0019290
vt 0.1890330 0.0019290
vt 0.1906610 0.0011360
vt 0.5294950 0.9911340
vt 0.5288820 0.9928380
vt 0.4843890 0.9849930
vt 0.5299120 0.9836680
vt 0.1046300 0.9685990
vt 0.0590870 0.9685990
vt 0.1040710 0.9476420
vt 0.8349910 0.9139080
vt 0.8555310 0.9143990
vt 0.0582920 0.9488480
vt 0.8547490 0.9133130
vt 0.1665810 0.4771300
vt 0.1773500 0.4931140
vt 0.1704190 0.5324220
vt 0.1780280 0.5140680
vt 0.8934660 0.9128550
vt 0.9533160 0.8693720
vt 0.9344990 0.9508280
vt 0.9214210 0.9490030
vt 0.8157370 0.9221530
vt 0.2723280 0.0144420
vt 0.2588860 0.0050300
vt 0.3169500 0.0042830
vt 0.3181140 0.0134960
vt 0.2048690 0.0161460
vt 0.1936330 0.9970250
vt 0.2025100 0.9999100
vt 0.1933020 0.9987140
vt 0.6673660 0.9420960
vt 0.6160350 0.9088210
vt 0.6173830 0.9072330
vt 0.6158020 0.9071920
vt 0.1279450 0.4803560
vt 0.1308150 0.5365830
vt 0.1271820 0.6020320
vt 0.4203270 0.9017150
vt 0.4147140 0.9574130
vt 0.7614420 0.9188960
vt 0.7068490 0.9585600
vt 0.6726750 0.9106940
vt 0.4864520 0.9987400
vt 0.4873380 0.9978540
vt 0.5099740 0.9976850
vt 0.6132790 0.9357220
vt 0.8234000 0.9622860
vt 0.5867110 0.6346630
vt 0.9418530 0.9523850
vt 0.8158890 0.9625810
vt 0.2130140 0.7944260
vt 0.2211020 0.7944260
vt 0.2189200 0.8781990
vt 0.5314270 0.9537220
vt 0.5351940 0.9540880
vt 0.5457540 0.9935000
vt 0.5308580 0.9941460
vt 0.5764990 0.9543640
vt 0.5769050 0.9941840
vt 0.6139370 0.9394560
vt 0.6110170 0.9392700
vt 0.5963560 0.9353050
vt 0.6205700 0.9589980
vt 0.5941250 0.9522900
vt 0.3846020 0.9977100
vt 0.4088510 0.9955890
vt 0.4105970 0.9993040
vt 0.1823170 0.5721400
vt 0.4111340 0.9000950
vt 0.0024520 0.4774860
vt 0.0000300 0.4498000
vt 0.0025240 0.4362010
vt 0.8494240 0.4875420
vt 0.8494240 0.3750730
vt 0.8569090 0.4872930
vt 0.0015730 0.5191920
vt 0.0015730 0.4805720
vt 0.0030240 0.4782550
vt 0.0886870 0.2408710
vt 0.0522740 0.2181180
vt 0.0635260 0.1559630
vt 0.4111280 0.8650090
vt 0.3751220 0.8582630
vt 0.3872600 0.8586140
vt 0.3916710 0.8584930
vt 0.6304200 0.0462520
vt 0.7406260 0.0424030
vt 0.7424090 0.0832350
vt 0.7383700 0.9804930
vt 0.7207950 0.9906390
vt 0.7390060 0.9787170
vt 0.7628610 0.9891210
vt 0.3981790 0.8583220
vt 0.0828200 0.2179490
vt 0.0828200 0.0981900
vt 0.1224910 0.1096190
vt 0.3322120 0.9391700
vt 0.3593100 0.8896870
vt 0.3406000 0.9391700
vt 0.4065640 0.8581040
vt 0.1383490 0.8821720
vt 0.1189410 0.9518420
vt 0.0817740 0.9320800
vt 0.9609150 0.1971930
vt 0.9950090 0.2384560
vt 0.9609150 0.2249850
vt 0.9951620 0.1975850
vt 0.3496790 0.9391900
vt 0.2258410 0.8281400
vt 0.2333010 0.8287930
vt 0.2292510 0.9103680
vt 0.4156400 0.8578550
vt 0.2513850 0.8854590
vt 0.2527660 0.8820690
vt 0.3293100 0.9099280
vt 0.2565490 0.8702080
vt 0.4121410 0.8992440
vt 0.4157860 0.8989090
vt 0.3390030 0.4566590
vt 0.2805070 0.4798890
vt 0.4282280 0.8984930
vt 0.3585530 0.9392200
vt 0.4594030 0.8632970
vt 0.4245120 0.8577170
vt 0.0899850 0.9108990
vt 0.0020370 0.2879960
vt 0.0020370 0.3375350
vt 0.0005170 0.2875930
vt 0.8868450 0.4710760
vt 0.8786830 0.4681490
vt 0.8880830 0.4148380
vt 0.8793680 0.4181880
vt 0.8797080 0.3984470
vt 0.8780040 0.5065580
vt 0.9865320 0.0970980
vt 0.9865320 0.1393670
vt 0.9710780 0.1322680
vt 0.2817910 0.6260780
vt 0.6494170 0.9990020
vt 0.6664240 0.9990020
vt 0.6481830 0.9999760
vt 0.3286540 0.8597350
vt 0.0127070 0.7343880
vt 0.0051680 0.7379030
vt 0.0067780 0.6650590
vt 0.4427470 0.8566290
vt 0.9699540 0.0790430
vt 0.9764870 0.0419920
vt 0.9774410 0.0816040
vt 0.3265620 0.4948530
vt 0.0569580 0.3398090
vt 0.0866630 0.4035110
vt 0.0537870 0.4278110
vt 0.0891610 0.3102090
vt 0.0860190 0.3991880
vt 0.0819320 0.3512050
vt 0.8788550 0.0794570
vt 0.8867680 0.1153840
vt 0.8756530 0.0873830
vt 0.8622560 0.0494060
vt 0.8498690 0.0128200
vt 0.8881290 0.0865610
vt 0.8872130 0.0005510
vt 0.8434120 0.6755940
vt 0.8434120 0.5663530
vt 0.8828390 0.5654680
vt 0.9571360 0.5541510
vt 0.9571360 0.5841150
vt 0.9554870 0.5455250
vt 0.9614710 0.5468610
vt 0.0415220 0.6630820
vt 0.0447910 0.7004450
vt 0.0424950 0.7317090
vt 0.9579050 0.4838110
vt 0.9601660 0.5155400
vt 0.9532380 0.5053170
vt 0.1182560 0.9608570
vt 0.1182560 0.9926670
vt 0.1054420 0.9615320
vt 0.0819380 0.3383730
vt 0.1069790 0.9921460
vt 0.2297070 0.6348740
vt 0.2238170 0.6339720
vt 0.2238170 0.4955370
vt 0.2293780 0.6673840
vt 0.8744030 0.1878510
vt 0.8840380 0.1876060
vt 0.8840380 0.2970720
vt 0.8709000 0.1878490
vt 0.8657340 0.1878500
vt 0.8442560 0.2271410
vt 0.5299090 0.9831250
vt 0.4838810 0.9831250
vt 0.5087630 0.9785710
vt 0.4103040 0.9960870
vt 0.4217650 0.9951040
vt 0.4175830 0.9967240
vt 0.4359680 0.9961610
vt 0.0029990 0.3700040
vt 0.0029990 0.4175340
vt 0.0015980 0.3968690
vt 0.4739970 0.8656560
vt 0.4608900 0.8572120
vt 0.4687160 0.8565090
vt 0.0062870 0.7387560
vt 0.0036860 0.8128280
vt 0.0344840 0.7014550
vt 0.0357030 0.7755630
vt 0.0281380 0.7739950
vt 0.9594610 0.7174300
vt 0.9647160 0.7111670
vt 0.9640990 0.7551430
vt 0.1958090 0.9964670
vt 0.2061320 0.9964670
vt 0.2037470 0.9984250
vt 0.9598640 0.7335620
vt 0.0289440 0.7300220
vt 0.0028320 0.8305740
vt 0.0004320 0.8580120
vt 0.0002320 0.8289130
vt 0.9465890 0.7548750
vt 0.0012660 0.5522650
vt 0.0028400 0.5521270
vt 0.9455680 0.9779190
vt 0.9837000 0.9322920
vt 0.9825480 0.9779190
vt 0.0012450 0.5507150
vt 0.9840930 0.9777880
vt 0.9454270 0.9316830
vt 0.9481860 0.7235420
vt 0.9477460 0.7207030
vt 0.9824830 0.7796140
vt 0.9556390 0.8165620
vt 0.9531650 0.7580040
vt 0.9481080 0.7085960
vt 0.9655660 0.7091060
vt 0.4414150 0.1135970
vt 0.4403740 0.1596410
vt 0.4393320 0.1141550
vt 0.4861810 0.8566850
vt 0.9473890 0.7306870
vt 0.7461310 0.9961880
vt 0.7433010 0.9956890
vt 0.7582310 0.9956400
vt 0.3664950 0.2531410
vt 0.2684910 0.2546830
vt 0.2630840 0.2453170
vt 0.2536420 0.2531320
vt 0.2465200 0.2528290
vt 0.2223720 0.2512390
vt 0.0426420 0.0677800
vt 0.0544220 0.0617820
vt 0.0444260 0.0712350
vt 0.0426690 0.0713650
vt 0.0298480 0.0609130
vt 0.1479980 0.2390730
vt 0.1546380 0.2533070
vt 0.1063430 0.2568060
vt 0.4966430 0.1315540
vt 0.4950980 0.1227870
vt 0.6228800 0.1298540
vt 0.5387310 0.9999780
vt 0.5169380 0.9999780
vt 0.5241510 0.9959360
vt 0.1169490 0.3579530
vt 0.5426850 0.8586850
vt 0.6588810 0.2247720
vt 0.7951540 0.2247720
vt 0.7789560 0.2680780
vt 0.5683290 0.1572170
vt 0.0106140 0.7882170
vt 0.0025270 0.5892240
vt 0.1244530 0.2352410
vt 0.1221310 0.2339780
vt 0.6575950 0.5016610
vt 0.6575950 0.6811790
vt 0.6529260 0.6413670
vt 0.7836780 0.6590510
vt 0.7873000 0.7736110
vt 0.7790940 0.6850460
vt 0.7835290 0.8072410
vt 0.3348230 0.9734750
vt 0.3348230 0.9995680
vt 0.3127740 0.9735250
vt 0.3400250 0.9741790
vt 0.1826800 0.9986890
vt 0.1831660 0.9992680
vt 0.1779170 0.9992660
vt 0.9401040 0.9789030
vt 0.9193580 0.9516380
vt 0.9350070 0.9526810
vt 0.3830810 0.0417090
vt 0.4697630 0.0216970
vt 0.3611870 0.0589980
vt 0.3393500 0.9999010
vt 0.9407040 0.9531790
vt 0.9893160 0.0421770
vt 0.9683930 0.0403460
vt 0.9908810 0.0124710
vt 0.7975330 0.9950470
vt 0.7975330 0.9998450
vt 0.7919030 0.9951500
vt 0.1271380 0.1109780
vt 0.1279940 0.2332510
vt 0.1205970 0.1857420
vt 0.0078110 0.9534140
vt 0.0032190 0.9273740
vt 0.0090380 0.9255440
vt 0.9685030 0.0203690
vt 0.9688110 0.0142770
vt 0.3126820 0.9999680
vt 0.9950600 0.0192340
vt 0.3783000 0.0442000
vt 0.2636820 0.0442000
vt 0.3524770 0.0216840
vt 0.9952970 0.0135210
vt 0.1061430 0.9892560
vt 0.0690360 0.9882030
vt 0.1043860 0.1872430
vt 0.1108730 0.1866650
vt 0.6838070 0.5958880
vt 0.6532720 0.4819290
vt 0.6837400 0.4163690
vt 0.2139820 0.9945800
vt 0.2135570 0.9952050
vt 0.2079260 0.9952050
vt 0.1189180 0.1871970
vt 0.2022590 0.9948600
vt 0.7862260 0.9951440
vt 0.9943140 0.0349000
vt 0.9676680 0.0383450
vt 0.3771630 0.0247140
vt 0.1496220 0.0205030
vt 0.0602870 0.0249510
vt 0.8915070 0.4454180
vt 0.8878600 0.5238510
vt 0.8547600 0.8833490
vt 0.7611740 0.8833490
vt 0.8396060 0.8796750
vt 0.3758680 0.0223180
vt 0.9674200 0.0410580
vt 0.0061630 0.5458570
vt 0.0061630 0.4827440
vt 0.0112020 0.5457830
vt 0.0931830 0.9714180
vt 0.0603560 0.0205030
vt 0.8890570 0.4174150
vt 0.5830690 0.2407890
vt 0.5307270 0.2500180
vt 0.4429780 0.2430190
vt 0.2797920 0.4943900
vt 0.2797920 0.6347870
vt 0.2712810 0.4561220
vt 0.6100660 0.6666670
vt 0.6057700 0.5007290
vt 0.6141890 0.6655620
vt 0.3990920 0.9293300
vt 0.3990920 0.8791480
vt 0.4073430 0.8796050
vt 0.6318590 0.6660000
vt 0.6500780 0.6805780
vt 0.8966640 0.2391120
vt 0.8966640 0.2710070
vt 0.8944500 0.2376750
vt 0.2839520 0.9959730
vt 0.2736220 0.9987410
vt 0.2666090 0.9951310
vt 0.5641260 0.2373320
vt 0.4804530 0.2415220
vt 0.4231060 0.2314100
vt 0.4347570 0.2369330
vt 0.4233890 0.2396680
vt 0.4516320 0.2404450
vt 0.6609920 0.8797620
vt 0.6725260 0.8669520
vt 0.6472000 0.9052640
vt 0.3794780 0.9942090
vt 0.3880410 0.9933680
vt 0.2806310 0.9984870
vt 0.2879750 0.9956120
vt 0.2816910 0.9989820
vt 0.1787950 0.9923280
vt 0.1787950 0.9589230
vt 0.1873950 0.9586420
vt 0.6547000 0.5557390
vt 0.0589830 0.6236810
vt 0.1090510 0.7139090
vt 0.0589830 0.6437800
vt 0.0574460 0.7135640
vt 0.7005780 0.1146990
vt 0.5757250 0.1189210
vt 0.6616840 0.1078410
vt 0.5919020 0.1094640
vt 0.5976480 0.8927800
vt 0.4101040 0.9915990
vt 0.3794780 0.9659550
vt 0.2980210 0.9992810
vt 0.0163990 0.3544500
vt 0.0228720 0.3432390
vt 0.0263440 0.3610300
vt 0.0263290 0.3850990
vt 0.7521590 0.8759590
vt 0.7513490 0.8730290
vt 0.7545280 0.8724690
vt 0.4465970 0.9949230
vt 0.4706660 0.9949230
vt 0.4570760 0.9958830
vt 0.6733080 0.9098910
vt 0.6737970 0.8594150
vt 0.7654050 0.8582400
vt 0.1079130 0.0351810
vt 0.1770510 0.0266920
vt 0.2179290 0.0667710
vt 0.5752340 0.0151010
vt 0.5227040 0.0058390
vt 0.6371530 0.0075170
vt 0.7580330 0.8810010
vt 0.8104060 0.8715630
vt 0.8495780 0.8784700
vt 0.8444260 0.8709650
vt 0.8502410 0.8707870
vt 0.9710420 0.1167180
vt 0.9706040 0.0826940
vt 0.9860690 0.0906900
vt 0.9746190 0.1212420
vt 0.9699020 0.1224230
vt 0.9861750 0.0823780
vt 0.0183370 0.3885940
vt 0.6696670 0.9980900
vt 0.6852410 0.9980900
vt 0.6671590 0.9993570
vt 0.8501430 0.2912250
vt 0.8413790 0.3409260
vt 0.8435750 0.2275110
vt 0.7049840 0.6330650
vt 0.7049840 0.4552900
vt 0.7143220 0.6212290
vt 0.1818740 0.6308550
vt 0.2221090 0.6308550
vt 0.2203290 0.7930470
vt 0.0133170 0.3294850
vt 0.0129820 0.3750840
vt 0.2988540 0.3720170
vt 0.4769370 0.3720170
vt 0.3731400 0.3981570
vt 0.0018060 0.6714280
vt 0.0018060 0.7025850
vt 0.0007480 0.6671800
vt 0.5561820 0.9987250
vt 0.5700290 0.9950140
vt 0.5771170 0.9998780
vt 0.5339010 0.8473950
vt 0.6416110 0.8473950
vt 0.7117570 0.8563850
vt 0.9935940 0.7844970
vt 0.9937430 0.7888710
vt 0.9925610 0.7858660
vt 0.9902940 0.7783440
vt 0.9878630 0.7538710
vt 0.9552370 0.9828000
vt 0.9757550 0.9897580
vt 0.9610510 0.9897280
vt 0.3746080 0.9949280
vt 0.4006730 0.9949280
vt 0.3800460 0.9958790
vt 0.5459500 0.9959860
vt 0.5446120 0.9996600
vt 0.5397080 0.9949280
vt 0.5606500 0.9963110
vt 0.5938280 0.9956980
vt 0.5731790 0.9956980
vt 0.5774550 0.9951090
vt 0.9547860 0.9906430
vt 0.5394520 0.9999650
vt 0.8172570 0.9984020
vt 0.8163670 0.9975120
vt 0.8215290 0.9977780
vt 0.9393980 0.9824690
vt 0.9199730 0.9557330
vt 0.9406080 0.9821200
vt 0.9297680 0.9798960
vt 0.6538650 0.9722000
vt 0.6500070 0.9721960
vt 0.9293890 0.9822520
vt 0.9270950 0.9805820
vt 0.9854790 0.7798440
vt 0.9745930 0.7481650
vt 0.9795450 0.7463680
vt 0.2737280 0.9598930
vt 0.2716610 0.9941420
vt 0.2708790 0.9924480
vt 0.6632220 0.9668690
vt 0.9199640 0.9712570
vt 0.2684320 0.9783230
vt 0.2671300 0.9693660
vt 0.6622460 0.9476220
vt 0.6611340 0.9633580
vt 0.9226640 0.9716580
vt 0.9212750 0.9697350
vt 0.6171940 0.9612850
vt 0.8211600 0.9959360
vt 0.8165100 0.9967560
vt 0.8152040 0.9955840
vt 0.6652380 0.9639960
vt 0.9654100 0.4777550
vt 0.9921230 0.4782500
vt 0.9649760 0.5002840
vt 0.6516420 0.9885370
vt 0.9902750 0.4993760
vt 0.6071000 0.7505320
vt 0.4245650 0.7505320
vt 0.5744090 0.7458930
vt 0.6200040 0.0352530
vt 0.6196500 0.0648210
vt 0.5040940 0.0648200
vt 0.7754790 0.4162170
vt 0.7541480 0.4958250
vt 0.7539950 0.3417650
vt 0.6205230 0.0704670
vt 0.5063710 0.0217020
vt 0.6289720 0.0234900
vt 0.5143590 0.0462890
vt 0.0453120 0.7633610
vt 0.0420220 0.7756390
vt 0.0452450 0.7069970
vt 0.7781810 0.4060850
vt 0.7881500 0.7730220
vt 0.7881500 0.6340260
vt 0.8201230 0.6741360
vt 0.0279200 0.5830770
vt 0.0241590 0.6393150
vt 0.0114060 0.5890870
vt 0.4944040 0.0910940
vt 0.6112050 0.0910940
vt 0.6164230 0.0978740
vt 0.5184630 0.0600140
vt 0.8961530 0.2045260
vt 0.8961530 0.2282240
vt 0.8944500 0.2367400
vt 0.8971760 0.0978850
vt 0.8913830 0.0978850
vt 0.8964680 0.0691220
vt 0.0208220 0.5785260
vt 0.2239290 0.9987790
vt 0.2373860 0.9944070
vt 0.2392980 0.9999750
vt 0.6701010 0.0102400
vt 0.7864870 0.0097100
vt 0.7041650 0.0162470
vt 0.0255280 0.5705930
vt 0.4702570 0.9966600
vt 0.4856140 0.9980040
vt 0.4612710 0.9987430
vt 0.0017570 0.8236560
vt 0.0005410 0.8152560
vt 0.0030340 0.8111400
vt 0.6936790 0.0163370
vt 0.1580030 0.9595180
vt 0.1585700 0.9536580
vt 0.1632730 0.9544880
vt 0.1758130 0.9566620
vt 0.0013780 0.8283480
vt 0.5746510 0.0161700
vt 0.6468370 0.0098550
vt 0.6909270 0.0167030
vt 0.0252620 0.0902230
vt 0.0169990 0.0862840
vt 0.0011460 0.7988230
vt 0.0224460 0.1163580
vt 0.7988450 0.3772660
vt 0.7988450 0.2396900
vt 0.8211750 0.2863430
vt 0.2107400 0.9558300
vt 0.8487910 0.1637450
vt 0.7308820 0.1254340
vt 0.8470830 0.1212390
vt 0.4823100 0.9942250
vt 0.5137410 0.9914750
vt 0.5248400 0.9932760
vt 0.0063710 0.0783590
vt 0.0205860 0.1001150
vt 0.0564480 0.0623960
vt 0.0151200 0.0965810
vt 0.6700710 0.8749380
vt 0.6626030 0.9370420
vt 0.6470900 0.9077590
vt 0.6001670 0.0871100
vt 0.6082810 0.0712150
vt 0.6214150 0.0735310
vt 0.6685930 0.9361020
vt 0.6681200 0.9386470
vt 0.6011820 0.9951280
vt 0.6204730 0.9951280
vt 0.6185540 0.9977220
vt 0.0306140 0.7765020
vt 0.0426540 0.7767750
vt 0.0433240 0.7792750
vt 0.0448420 0.8404370
vt 0.0287020 0.8522010
vt 0.5782790 0.0715100
vt 0.0704190 0.8616910
vt 0.0704190 0.9201190
vt 0.0036370 0.8479430
vt 0.0041030 0.8647100
vt 0.0041810 0.9247840
vt 0.1868790 0.1877570
vt 0.1789760 0.1856750
vt 0.1823570 0.1860370
vt 0.1853090 0.1791970
vt 0.1855260 0.1645090
vt 0.1935160 0.1796400
vt 0.5798000 0.0814130
vt 0.1304320 0.2348550
vt 0.1282410 0.1121140
vt 0.1682780 0.1093730
vt 0.5632350 0.9267980
vt 0.5368240 0.8953220
vt 0.5775360 0.9270380
vt 0.6133810 0.9276160
vt 0.6125120 0.8976260
vt 0.5362620 0.9279670
vt 0.3493500 0.4998540
vt 0.3902880 0.4848450
vt 0.4261380 0.4848450
vt 0.3759860 0.4846910
vt 0.3489890 0.4848530
vt 0.5289480 0.5015200
vt 0.4602090 0.2093370
vt 0.4520560 0.1918530
vt 0.4844940 0.1955770
vt 0.1468210 0.1243260
vt 0.5047340 0.0754400
vt 0.5126580 0.5932140
vt 0.3546020 0.5079100
vt 0.4995070 0.5650110
vt 0.5803620 0.2063780
vt 0.4973710 0.5585800
vt 0.5047320 0.5585540
vt 0.5189630 0.5263000
vt 0.5262640 0.5227430
vt 0.5580640 0.5093490
vt 0.5821620 0.1916280
vt 0.4874050 0.1808570
vt 0.3374760 0.8335410
vt 0.3250350 0.8475710
vt 0.2633140 0.7836560
vt 0.2585040 0.6376180
vt 0.4013540 0.7437410
vt 0.3207430 0.7063960
vt 0.3899170 0.7592760
vt 0.1611350 0.0267450
vt 0.1458780 0.0294350
vt 0.0702230 0.0272630
vt 0.6243510 0.9968460
vt 0.6211230 0.9949820
vt 0.6403680 0.9963180
vt 0.3310030 0.1935290
vt 0.3149780 0.1936270
vt 0.3142100 0.1915180
vt 0.4442170 0.1980990
vt 0.4255020 0.1969330
vt 0.4286990 0.1512460
vt 0.5940870 0.3519470
vt 0.7315340 0.3392600
vt 0.7395860 0.4544070
vt 0.3499270 0.1928370
vt 0.3538170 0.0936280
vt 0.4301050 0.0961020
vt 0.3357930 0.1369590
vt 0.3345450 0.1946890
vt 0.3211430 0.1007200
vt 0.8682370 0.2984460
vt 0.9644670 0.2958000
vt 0.9644670 0.3653690
vt 0.0529920 0.1228310
vt 0.0465140 0.0805690
vt 0.0536710 0.0839350
vt 0.0549810 0.1217910
vt 0.1067040 0.0536200
vt 0.8883830 0.4017840
vt 0.8717550 0.3779400
vt 0.0688920 0.0503050
vt 0.9657770 0.4038940
vt 0.0781310 0.0540350
vt 0.3350190 0.1011530
vt 0.0197000 0.8501930
vt 0.0037930 0.8160810
vt 0.0185590 0.7759560
vt 0.3171390 0.1059970
vt 0.4317390 0.0939010
vt 0.0101430 0.4623500
vt 0.0101430 0.5197750
vt 0.0082430 0.4646460
vt 0.3543740 0.0899500
vt 0.4315650 0.0935030
vt 0.0467300 0.1904510
vt 0.0467300 0.1230960
vt 0.0497970 0.1078120
vt 0.0559470 0.5114150
vt 0.0559470 0.5886870
vt 0.0507950 0.5123140
vt 0.8430510 0.6970070
vt 0.7754370 0.6167500
vt 0.7787990 0.6127440
vt 0.8406420 0.5578450
vt 0.3471340 0.6367000
vt 0.3101690 0.5926460
vt 0.3456560 0.4577850
vt 0.7511630 0.3810690
vn 0.7332124 -0.1186984 0.6695597
vn 0.7332124 -0.1186984 0.6695597
vn 0.7332124 -0.1186984 0.6695597
vn 0.9998072 -0.0034560 0.0193295
vn 0.9998134 -0.0033903 0.0190199
vn 0.9999157 -0.0008683 0.0129557
vn 0.9843474 0.0042904 -0.1761869
vn 0.9999242 0.0016370 -0.0122030
vn 0.9999988 0.0001626 0.0015709
vn -0.9999934 0.0020616 -0.0029895
vn -0.9999946 -0.0017617 -0.0027692
vn -0.9999929 0.0015567 -0.0034244
vn -0.0598744 0.9981981 0.0039456
vn -0.3904250 0.8023212 0.4514964
vn -0.1927191 0.9811802 -0.0120329
vn -0.9999804 0.0046793 -0.0041507
vn 0.4990996 0.8504259 0.1663590
vn 0.0319222 0.9747261 0.2211108
vn 0.2576372 0.9389793 -0.2279054
vn 0.2306501 0.9487763 -0.2159262
vn -0.1071357 0.9869191 -0.1204684
vn 0.9999412 0.0013651 0.0107599
vn -0.9912533 0.0361551 0.1269242
vn -0.9912533 0.0361551 0.1269242
vn -0.9912533 0.0361551 0.1269242
vn 0.0241940 0.9810447 0.1922653
vn -0.9999801 0.0037664 -0.0050528
vn -0.0180831 0.9134891 -0.4064612
vn 0.0111407 0.9249469 -0.3799329
vn 0.9998699 -0.0067227 -0.0146602
vn 0.9340425 0.0031768 -0.3571476
vn 0.0030358 0.0056639 -0.9999794
vn 0.0065546 0.0045373 -0.9999682
vn 0.2007932 -0.0272961 -0.9792533
vn 0.0096142 0.0008544 -0.9999534
vn -0.0009629 0.0019105 -0.9999977
vn -0.0008713 0.0047763 -0.9999882
vn -0.0005574 -0.0002826 -0.9999998
vn 0.1949018 0.9727660 -0.1254574
vn 0.7801202 0.6256144 0.0043713
vn 0.7801202 0.6256144 0.0043713
vn 0.7801202 0.6256144 0.0043713
vn 0.9999995 0.0009866 -0.0003210
vn 0.9999995 0.0009866 -0.0003210
vn 0.9999995 0.0009866 -0.0003210
vn -0.9999999 -0.0000081 0.0003965
vn -0.9999825 -0.0014705 0.0057250
vn -0.9999983 0.0005804 -0.0017475
vn 0.0423847 -0.9990920 0.0043203
vn 0.0423847 -0.9990920 0.0043203
vn 0.0423847 -0.9990920 0.0043203
vn -0.1425855 -0.9896550 0.0158850
vn 0.0103524 -0.9987214 0.0494804
vn -0.2049041 -0.9787803 0.0018560
vn -0.3326573 -0.9426450 -0.0275580
vn -0.0487130 0.9638753 0.2618615
vn -0.0487130 0.9638753 0.2618615
vn -0.0487130 0.9638753 0.2618615
vn 0.4372869 0.7768947 0.4530064
vn 0.4292764 0.8498825 0.3056494
vn 0.0014497 0.9378835 0.3469472
vn 0.0986640 0.9946561 0.0304067
vn 0.2021918 0.9537498 -0.2224404
vn -0.0066137 0.1974954 -0.9802815
vn -0.0066137 0.1974954 -0.9802815
vn -0.0066137 0.1974954 -0.9802815
vn -0.1650911 -0.0109720 -0.9862173
vn -0.0171264 0.0110468 -0.9997923
vn -0.2833296 -0.0174157 -0.9588645
vn 0.0084821 0.0081104 -0.9999311
vn -0.0094411 0.0220732 -0.9997118
vn -0.0220887 0.0185615 -0.9995837
vn 0.0004821 0.0175417 -0.9998460
vn -0.0403717 0.0195034 -0.9989944
vn -0.0414187 0.9991376 0.0029196
vn -0.0092834 0.9996293 -0.0255944
vn 0.0467993 0.9983355 -0.0337062
vn 0.2312058 0.9727631 -0.0166106
vn 0.5494000 0.8345431 0.0412002
vn -0.0190876 0.0002235 0.9998178
vn -0.0238803 0.0006667 0.9997146
vn -0.0447130 0.0022154 0.9989974
vn 0.0032390 -0.0015613 0.9999935
vn 0.0063088 -0.0019529 0.9999782
vn -0.9863124 0.1647782 0.0059995
vn -0.9863124 0.1647782 0.0059995
vn -0.9863124 0.1647782 0.0059995
vn 0.9999616 -0.0042728 -0.0076509
vn 0.9999616 -0.0042728 -0.0076509
vn 0.9999616 -0.0042728 -0.0076509
vn -0.0672202 0.9975143 0.0211346
vn -0.1323687 0.9880547 0.0789073
vn -0.9999251 0.0033336 -0.0117791
vn -0.0012269 0.0001209 0.9999992
vn 0.0017319 0.0052853 0.9999845
vn 0.0016232 0.0050955 0.9999857
vn 0.0032153 0.0078746 0.9999638
vn 0.0228561 0.8699867 0.4925451
vn 0.0228561 0.8699867 0.4925451
vn 0.0228561 0.8699867 0.4925451
vn 0.0092663 0.9610936 -0.2760675
vn 0.0124292 0.0296845 -0.9994820
vn 0.0124292 0.0296845 -0.9994820
vn 0.0124292 0.0296845 -0.9994820
vn -0.9955546 -0.0011054 -0.0941802
vn -0.9955546 -0.0011054 -0.0941802
vn -0.9955546 -0.0011054 -0.0941802
vn 0.0039311 0.0117357 0.9999234
vn 0.0039311 0.0117357 0.9999234
vn 0.0039311 0.0117357 0.9999234
vn -0.0632210 0.9978835 -0.0152188
vn -0.0554822 0.9984345 -0.0070956
vn -0.0344802 0.9990970 0.0248247
vn -0.0488175 0.9983043 0.0317078
vn -0.0007593 0.0005775 0.9999995
vn -0.0007593 0.0005775 0.9999995
vn -0.0007593 0.0005775 0.9999995
vn -0.0349761 0.9958727 0.0837516
vn 0.0300152 0.9119886 0.4091160
vn 0.0136971 0.9782250 0.2070948
vn 0.0225719 0.9480968 0.3171796
vn -0.0297544 0.9992407 0.0251528
vn 0.0239287 -0.9987040 -0.0449188
vn 0.0085773 -0.9996920 -0.0232895
vn 0.0278492 -0.9983387 -0.0504414
vn -0.9993193 0.0140800 0.0340994
vn -0.9999854 0.0011539 0.0052700
vn -0.9985246 0.0397054 0.0370414
vn -0.9999846 -0.0029138 -0.0047304
vn 0.0123955 0.9815296 0.1909084
vn -0.9999085 0.0033377 0.0131069
vn 0.0193296 -0.9981074 0.0583777
vn 0.0193296 -0.9981074 0.0583777
vn 0.0193296 -0.9981074 0.0583777
vn -0.9999995 0.0009492 0.0001052
vn -0.4148882 -0.9098489 -0.0065399
vn -0.4148882 -0.9098489 -0.0065399
vn -0.4148882 -0.9098489 -0.0065399
vn 0.0162277 0.9079526 -0.4187586
vn 0.0162277 0.9079526 -0.4187586
vn -1.0000000 -0.0000102 -0.0000949
vn -0.0817263 0.9249763 -0.3711329
vn -0.0817263 0.9249763 -0.3711329
vn 0.0078924 -0.9997196 -0.0223243
vn -0.6912254 -0.0769088 -0.7185350
vn -0.6912254 -0.0769088 -0.7185350
vn -0.6912254 -0.0769088 -0.7185350
vn 0.0011565 -0.0014326 -0.9999983
vn 0.0016972 -0.0003188 -0.9999985
vn 0.0017873 -0.0003965 -0.9999983
vn -0.4557896 -0.0014744 -0.8900863
vn -0.4557896 -0.0014744 -0.8900863
vn 0.0010752 -0.0017821 -0.9999978
vn 0.0024937 0.0002941 -0.9999968
vn 0.0001103 0.0040835 -0.9999917
vn 0.0001103 0.0040835 -0.9999917
vn 0.0001103 0.0040835 -0.9999917
vn -0.0317479 0.0938781 -0.9950774
vn -0.0317479 0.0938781 -0.9950774
vn 0.0162277 0.9079526 -0.4187586
vn -0.0817263 0.9249763 -0.3711329
vn -0.4557896 -0.0014744 -0.8900863
vn -0.0317479 0.0938781 -0.9950774
vn 0.0873139 -0.9960740 0.0145897
vn 0.0873139 -0.9960740 0.0145897
vn 0.0873139 -0.9960740 0.0145897
vn -0.0801587 -0.9967458 0.0085032
vn -0.0202814 -0.9993427 -0.0300462
vn 0.0110722 -0.9978712 -0.0642683
vn -0.7660747 0.6427428 -0.0033541
vn 0.4113102 0.9042607 0.1146143
vn -0.7369062 0.6759864 -0.0033991
vn 0.0208922 0.9982079 0.0560762
vn 0.2459249 0.9505036 -0.1899051
vn -0.0431934 0.8656523 -0.4987789
vn 0.6278552 0.7734164 -0.0873207
vn 0.5489639 0.8169923 -0.1765280
vn 0.9997829 0.0182947 -0.0099701
vn 0.9997829 0.0182947 -0.0099701
vn 0.9997829 0.0182947 -0.0099701
vn -0.6376045 -0.7634098 -0.1032763
vn -0.5777379 -0.8161290 -0.0123420
vn -0.5787019 -0.8154239 -0.0137124
vn -0.5703496 -0.8213998 -0.0019264
vn -0.9957655 0.0100174 -0.0913821
vn -0.9993668 0.0052501 -0.0351927
vn -0.9998670 0.0036119 -0.0159035
vn 0.0209796 -0.0121673 -0.9997059
vn 0.0209796 -0.0121673 -0.9997059
vn 0.0209796 -0.0121673 -0.9997059
vn -0.0324115 0.9696744 -0.2422416
vn 0.0002760 0.9855095 -0.1696202
vn -0.0461099 0.9609293 -0.2729262
vn -0.9999914 0.0019498 0.0036558
vn 0.9934674 -0.1141080 -0.0013369
vn 0.9948493 -0.1006374 0.0121262
vn 0.9937411 -0.1117024 0.0010704
vn 0.0090246 0.9886579 -0.1499136
vn 0.0061773 -0.0019659 0.9999790
vn 0.0027915 0.0008937 0.9999957
vn -0.0013377 0.0043812 0.9999895
vn -0.0042559 0.0068458 0.9999675
vn 0.9999911 0.0027547 -0.0031891
vn 0.9999189 0.0026906 -0.0124456
vn 0.9818511 0.0014168 -0.1896483
vn 0.9927420 -0.1200426 -0.0072811
vn 0.0097588 0.9886493 -0.1499244
vn -0.9999895 -0.0028130 -0.0036166
vn -0.9999895 -0.0028130 -0.0036166
vn -0.9999895 -0.0028130 -0.0036166
vn -0.7976672 0.0224755 0.6026790
vn -0.7976672 0.0224755 0.6026790
vn -0.7976672 0.0224755 0.6026790
vn 0.3226536 0.8388966 0.4383460
vn -0.1087835 0.7046336 0.7011831
vn 0.0039000 0.9040476 0.4274139
vn 0.9999940 0.0027624 -0.0020807
vn -0.0380854 0.9852336 0.1669259
vn 0.2688787 0.9612023 0.0615987
vn -0.6477641 0.7607612 0.0405472
vn 0.1154478 -0.9932879 0.0071406
vn -0.6157976 -0.7878643 -0.0079455
vn -0.6262552 -0.7795949 0.0060144
vn -0.7619766 -0.6050127 0.2309790
vn -0.5519014 -0.8293232 -0.0873372
vn 0.0456393 -0.9987702 0.0193704
vn 0.0456393 -0.9987702 0.0193704
vn 0.0456393 -0.9987702 0.0193704
vn 0.4174337 0.9071381 -0.0533810
vn 0.4064585 0.9098371 -0.0835944
vn -0.1994713 0.9007752 0.3857657
vn -0.1994713 0.9007752 0.3857657
vn 0.2275628 0.9737464 0.0057617
vn 0.9988049 -0.0165475 0.0459883
vn 0.9988049 -0.0165475 0.0459883
vn 0.9988049 -0.0165475 0.0459883
vn 0.1653983 -0.9862115 0.0055092
vn -0.1994713 0.9007752 0.3857657
vn -0.8932578 -0.3952603 -0.2141488
vn -0.8229723 -0.5674983 0.0257322
vn -0.7930066 -0.6092020 0.0036683
vn -0.0694138 0.9385577 -0.3380698
vn -0.0615454 0.9537135 -0.2943514
vn -0.0828750 0.9068992 -0.4131169
vn -0.9585190 -0.2218902 0.1789023
vn -0.9585190 -0.2218902 0.1789023
vn -0.9999191 -0.0114570 0.0055310
vn -0.9999191 -0.0114570 0.0055310
vn -0.9999191 -0.0114570 0.0055310
vn 0.0083423 0.9450357 -0.3268607
vn 0.0083423 0.9450357 -0.3268607
vn 0.0083423 0.9450357 -0.3268607
vn -0.8467305 0.0004019 -0.5320219
vn -0.8467305 0.0004019 -0.5320219
vn -0.8467305 0.0004019 -0.5320219
vn -0.0032678 -0.0032944 -0.9999892
vn -0.0032678 -0.0032944 -0.9999892
vn -0.0032678 -0.0032944 -0.9999892
vn -0.0370684 -0.9985136 -0.0399556
vn -0.0615833 -0.9976651 -0.0295254
vn -0.0134720 -0.9986605 -0.0499576
vn -0.0771746 -0.9967552 -0.0228713
vn -0.0577231 0.9602377 -0.2731514
vn -0.7852048 0.6188652 0.0214317
vn -0.1833223 0.9751079 -0.1247300
vn -0.4613648 0.8845414 -0.0687681
vn -0.9111995 -0.3732438 -0.1743691
vn -0.8247114 -0.2608684 -0.5017955
vn -0.9990678 -0.0429426 0.0044091
vn -0.9990678 -0.0429426 0.0044091
vn -0.9990678 -0.0429426 0.0044091
vn 0.0013513 -0.9973745 -0.0724041
vn 0.0013513 -0.9973745 -0.0724041
vn 0.0013513 -0.9973745 -0.0724041
vn -0.8243602 0.5649360 0.0357436
vn 0.0030352 0.0023867 -0.9999925
vn 0.0030352 0.0023867 -0.9999925
vn 0.0030352 0.0023867 -0.9999925
vn 0.0037933 -0.0068296 0.9999695
vn 0.0037933 -0.0068296 0.9999695
vn 0.0037933 -0.0068296 0.9999695
vn -0.9999973 0.0006284 -0.0022168
vn -0.9999973 0.0006284 -0.0022168
vn -0.9999973 0.0006284 -0.0022168
vn -0.9585190 -0.2218902 0.1789023
vn -0.0128523 -0.0352494 0.9992959
vn -0.0054250 -0.0127541 0.9999039
vn -0.0097358 -0.0258102 0.9996195
vn 0.0017210 0.0088876 0.9999590
vn 0.0090422 -0.9997502 -0.0204419
vn 0.0052403 -0.9996691 -0.0251830
vn 0.0085218 -0.9997412 -0.0210909
vn 0.0113223 -0.9993563 0.0340399
vn 0.0113223 -0.9993563 0.0340399
vn 0.0113223 -0.9993563 0.0340399
vn 0.0041734 -0.9996397 -0.0265133
vn -0.0348270 0.9931320 -0.1116954
vn -0.0348270 0.9931320 -0.1116954
vn -0.0348270 0.9931320 -0.1116954
vn -0.0003157 0.9854081 0.1702083
vn 0.0064443 0.9998349 -0.0169905
vn 0.0724907 0.9966580 0.0376547
vn 0.0575925 0.9626840 0.2644288
vn 0.2439369 0.9600820 -0.1368843
vn 0.1817480 0.7313638 -0.6573239
vn 0.2087917 0.9514017 -0.2263642
vn -0.0920265 0.9208725 -0.3788469
vn -0.1097723 0.0554646 -0.9924080
vn -0.0596760 0.0191802 -0.9980335
vn -0.1211110 0.0654619 -0.9904781
vn -0.1101938 0.0880170 -0.9900052
vn -0.0067347 -0.0083260 -0.9999427
vn -0.0067347 -0.0083260 -0.9999427
vn -0.0067347 -0.0083260 -0.9999427
vn 0.1838301 0.9678947 0.1714245
vn 0.3513783 0.3147598 -0.8817367
vn -0.0015421 0.0116855 -0.9999305
vn -0.0034157 0.0060980 -0.9999756
vn -0.0045108 0.0028323 -0.9999858
vn -0.0080266 -0.0076544 -0.9999385
vn -0.0054305 -0.0015749 -0.9999840
vn -0.0227370 -0.0919786 -0.9955014
vn -0.0227370 -0.0919786 -0.9955014
vn -0.0227370 -0.0919786 -0.9955014
vn 0.9999937 0.0017944 -0.0030517
vn 0.9999880 0.0015308 0.0046518
vn 0.9999831 0.0015485 0.0055974
vn 0.9652690 0.0336349 0.2590837
vn 0.9994990 0.0003428 -0.0316495
vn 0.9882511 0.0336987 0.1490777
vn 0.9990079 0.0094452 -0.0435209
vn 0.0415512 0.9984057 -0.0382052
vn 0.0917106 0.9573031 0.2741532
vn 0.0360505 0.9993201 0.0077309
vn 0.0634180 0.9976750 -0.0249537
vn 0.8305568 0.0682169 0.5527403
vn -0.9921593 0.0835171 0.0929772
vn -0.9921593 0.0835171 0.0929772
vn -0.9921593 0.0835171 0.0929772
vn 0.7138679 0.0495475 0.6985254
vn 0.3920378 0.8956381 0.2100922
vn 0.3920378 0.8956381 0.2100922
vn 0.3920378 0.8956381 0.2100922
vn 0.0084958 0.9408808 -0.3386314
vn 0.0049416 0.9419230 -0.3357926
vn 0.9979525 0.0178960 0.0614051
vn -0.9728499 0.0431109 -0.2273863
vn -0.9728499 0.0431109 -0.2273863
vn -0.9728499 0.0431109 -0.2273863
vn -0.9996614 -0.0011313 -0.0259943
vn -0.9996614 -0.0011313 -0.0259943
vn -0.9996614 -0.0011313 -0.0259943
vn 0.6761729 0.1485990 -0.7216014
vn 0.6761729 0.1485990 -0.7216014
vn 0.6761729 0.1485990 -0.7216014
vn 0.9998807 0.0018932 -0.0153310
vn 0.9097750 0.2892104 0.2977697
vn 0.9097750 0.2892104 0.2977697
vn 0.9097750 0.2892104 0.2977697
vn 0.9976097 0.0130589 -0.0678552
vn 0.9002966 0.0372149 -0.4336831
vn 0.9472211 0.0249761 -0.3196066
vn 0.0407343 0.0539476 -0.9977126
vn 0.0010385 0.0009798 -0.9999990
vn 0.0003906 0.0494024 -0.9987789
vn -0.5395693 0.0021557 -0.8419384
vn -0.5395693 0.0021557 -0.8419384
vn -0.5395693 0.0021557 -0.8419384
vn 0.0094172 0.0014866 -0.9999546
vn 0.0005845 0.0008832 -0.9999994
vn 0.0002525 0.0005005 -0.9999998
vn 0.0002544 0.0000426 -1.0000000
vn 0.0034579 -0.0024233 -0.9999911
vn 0.0038781 -0.0013715 -0.9999915
vn -0.9455926 0.1605823 -0.2829629
vn -0.9455926 0.1605823 -0.2829629
vn -0.9455926 0.1605823 -0.2829629
vn 0.1078223 0.9935168 -0.0360371
vn 0.1078223 0.9935168 -0.0360371
vn 0.1078223 0.9935168 -0.0360371
vn 0.9999562 -0.0092844 -0.0011539
vn 0.9999656 -0.0072396 0.0040543
vn 0.9999595 -0.0089788 0.0005957
vn 0.0937810 0.9938473 -0.0589292
vn 0.0930589 0.9953612 -0.0244165
vn 0.0672291 0.9943438 -0.0822235
vn -0.7219050 0.1697903 0.6708386
vn -0.7219050 0.1697903 0.6708386
vn 0.6029145 0.7765214 -0.1830537
vn 0.6470468 0.7534013 0.1171196
vn 0.7691960 0.3557082 0.5308570
vn -0.8482552 -0.2121243 0.4852487
vn -0.8482552 -0.2121243 0.4852487
vn -0.8482552 -0.2121243 0.4852487
vn 0.5348243 0.8106358 -0.2383959
vn 0.5501902 -0.7904188 0.2693118
vn -0.2322766 -0.9672753 0.1021084
vn 0.9015244 -0.3290539 0.2810289
vn -0.4072859 -0.9119865 0.0489781
vn 0.5834831 0.7725086 -0.2505554
vn -0.0404603 -0.9392049 0.3409651
vn -0.1392671 -0.9863684 0.0876472
vn -0.2289935 -0.9571608 -0.1772150
vn -0.9746898 -0.2214762 0.0304641
vn -0.9746898 -0.2214762 0.0304641
vn -0.9746898 -0.2214762 0.0304641
vn 0.9995476 -0.0287964 -0.0086818
vn 0.9995476 -0.0287964 -0.0086818
vn 0.9995476 -0.0287964 -0.0086818
vn 0.9999639 -0.0073230 0.0042991
vn 0.9029981 0.4296430 -0.0011333
vn 0.9180853 0.3949290 0.0339176
vn 0.9098573 0.4146812 0.0141153
vn 0.6354232 0.7664313 -0.0939172
vn -0.3013469 0.9532460 0.0226278
vn 0.0246072 0.9990266 0.0366120
vn 0.9223763 0.3836557 0.0450587
vn 0.0298083 -0.8647401 0.5013342
vn 0.9873429 -0.1585930 0.0014936
vn 0.9873429 -0.1585930 0.0014936
vn 0.9873429 -0.1585930 0.0014936
vn 0.9999614 -0.0060623 0.0063607
vn 0.4784962 -0.1378048 -0.8672089
vn 0.4784962 -0.1378048 -0.8672089
vn 0.4784962 -0.1378048 -0.8672089
vn -0.0061245 -0.0144374 -0.9998770
vn -0.0061245 -0.0144374 -0.9998770
vn -0.0061245 -0.0144374 -0.9998770
vn 0.7036330 -0.7089721 -0.0475313
vn 0.7036330 -0.7089721 -0.0475313
vn 0.7036330 -0.7089721 -0.0475313
vn -0.7219050 0.1697903 0.6708386
vn 0.0514437 0.9762681 0.2103667
vn 0.0680313 0.9773357 0.2004662
vn -0.1585282 0.9313160 0.3279015
vn 0.2293910 0.9682524 0.0993330
vn 0.0037806 -0.9999543 0.0087803
vn 0.0037806 -0.9999543 0.0087803
vn 0.0037806 -0.9999543 0.0087803
vn -0.7598686 -0.2368791 -0.6053826
vn -0.7598686 -0.2368791 -0.6053826
vn -0.7598686 -0.2368791 -0.6053826
vn 0.9999649 0.0005069 -0.0083658
vn 0.9989860 0.0155147 -0.0422642
vn 0.9999797 0.0023935 -0.0059026
vn 0.9999486 0.0086696 -0.0052574
vn -0.0043248 0.0053293 -0.9999764
vn -0.0015551 0.0046987 -0.9999878
vn -0.0020819 0.0045508 -0.9999875
vn -0.0037994 0.0048390 -0.9999811
vn -0.0184557 0.0112925 -0.9997659
vn -0.0005121 0.0034687 -0.9999939
vn -0.1068452 0.9732866 -0.2032175
vn 0.0515405 0.9982564 -0.0287699
vn 0.0393062 0.9922785 -0.1176369
vn -0.0197877 0.9997787 0.0071448
vn 0.1292122 0.9854352 -0.1105513
vn 0.2217865 0.9630954 -0.1525058
vn 0.1959916 0.9723867 -0.1266938
vn -0.0949676 -0.9947777 0.0373975
vn -0.0949676 -0.9947777 0.0373975
vn -0.0949676 -0.9947777 0.0373975
vn 0.0074885 0.0736289 0.9972576
vn 0.0074885 0.0736289 0.9972576
vn 0.0074885 0.0736289 0.9972576
vn -0.0133428 0.1269934 0.9918138
vn -0.0133428 0.1269934 0.9918138
vn -0.0133428 0.1269934 0.9918138
vn 0.9999873 -0.0014316 0.0048392
vn -0.0492562 -0.0005212 0.9987860
vn -0.0188929 0.0046532 0.9998107
vn -0.0231953 -0.0005008 0.9997308
vn 0.0070904 0.0002937 0.9999748
vn -0.0153814 0.0054081 0.9998671
vn 0.6656113 0.0025395 0.7462943
vn 0.6656113 0.0025395 0.7462943
vn 0.6656113 0.0025395 0.7462943
vn -0.1740086 0.9384878 -0.2982644
vn -0.0012490 0.0252966 0.9996792
vn -0.0088017 0.0201981 0.9997573
vn -0.0189072 0.0252757 0.9995017
vn 0.0013708 0.0210527 0.9997774
vn -0.0111705 0.0174643 0.9997851
vn 0.9998434 -0.0031260 -0.0174171
vn 0.0437806 0.9868929 0.1553246
vn -0.6543564 0.6145522 0.4406169
vn 0.0500308 0.9986116 0.0164873
vn -0.1833169 0.9357474 0.3012834
vn 0.3326595 0.9422417 0.0389651
vn 0.6360255 0.7638220 0.1097617
vn -0.9999693 -0.0078281 -0.0003867
vn -0.9999704 -0.0029073 -0.0071195
vn -0.9999767 -0.0051649 -0.0044556
vn -0.9999651 -0.0022840 -0.0080398
vn -0.5684313 0.8215512 0.0440387
vn 0.0909189 0.8223154 0.5617216
vn -0.1232403 0.9757945 0.1806570
vn -0.9999536 -0.0014845 0.0095204
vn -0.9999536 -0.0014845 0.0095204
vn -0.9999660 -0.0082256 0.0005481
vn -0.9999659 -0.0019494 -0.0080270
vn -0.9999536 -0.0014845 0.0095204
vn -0.2904786 -0.9552473 -0.0558998
vn -0.2904786 -0.9552473 -0.0558998
vn -0.2904786 -0.9552473 -0.0558998
vn 0.0463189 0.9953377 0.0846021
vn 0.0463189 0.9953377 0.0846021
vn 0.0463189 0.9953377 0.0846021
vn 0.0025044 -0.9993873 -0.0349119
vn -0.0272675 -0.9992461 -0.0276363
vn -0.0625621 -0.9978374 -0.0201603
vn 0.9999727 -0.0073839 -0.0001931
vn 0.9999653 -0.0083292 -0.0002519
vn 0.9999736 -0.0072639 0.0000174
vn 0.8000243 0.5996430 0.0197344
vn 0.8000243 0.5996430 0.0197344
vn -0.0430835 0.9989589 0.0149979
vn -0.0430835 0.9989589 0.0149979
vn -0.0430835 0.9989589 0.0149979
vn 0.9999345 -0.0114302 -0.0005864
vn 0.9999447 -0.0103059 -0.0020846
vn 0.9999331 -0.0115638 -0.0004082
vn 0.9999523 -0.0097400 -0.0006847
vn 0.0241259 0.9532431 -0.3012401
vn 0.0241259 0.9532431 -0.3012401
vn 0.9476959 0.3191527 0.0037327
vn 0.9476959 0.3191527 0.0037327
vn 0.9476959 0.3191527 0.0037327
vn 0.0293905 -0.9988719 -0.0372991
vn 0.2007083 -0.9794283 -0.0208887
vn 0.8998165 0.0536395 -0.4329585
vn 0.9999248 -0.0122502 0.0005065
vn -0.0023414 0.0226310 -0.9997411
vn -0.0023414 0.0226310 -0.9997411
vn -0.0023414 0.0226310 -0.9997411
vn -0.0332415 -0.9993464 0.0142031
vn -0.0506027 -0.9987079 -0.0046865
vn -0.0376166 -0.9992476 0.0094460
vn 0.8380487 0.0449793 -0.5437381
vn -0.8343516 -0.0869286 0.5443352
vn -0.8343516 -0.0869286 0.5443352
vn -0.8343516 -0.0869286 0.5443352
vn 0.8242993 0.0558829 -0.5633895
vn 0.9999313 -0.0116378 -0.0013874
vn 0.1230838 0.9323400 0.3399890
vn 0.1218584 0.9903807 0.0655485
vn 0.1541352 0.9872994 -0.0384996
vn -0.0255582 -0.9994189 0.0225522
vn 0.7845877 -0.4789699 0.3937131
vn 0.7845877 -0.4789699 0.3937131
vn 0.7845877 -0.4789699 0.3937131
vn 0.9743208 0.1926537 -0.1165484
vn 0.9743208 0.1926537 -0.1165484
vn 0.9743208 0.1926537 -0.1165484
vn 0.7928607 0.0395434 -0.6081186
vn 0.1925776 0.9778715 0.0817390
vn 0.0758364 0.0861935 0.9933879
vn 0.0758364 0.0861935 0.9933879
vn 0.0758364 0.0861935 0.9933879
vn -0.0055602 0.6481214 0.7615167
vn -0.9140048 -0.2923596 -0.2812846
vn -0.9140048 -0.2923596 -0.2812846
vn -0.9140048 -0.2923596 -0.2812846
vn 0.4071715 -0.9133369 -0.0052145
vn 0.0740965 -0.0982573 0.9923987
vn 0.0740965 -0.0982573 0.9923987
vn 0.0740965 -0.0982573 0.9923987
vn 0.9043134 0.4268380 0.0051572
vn 0.9043134 0.4268380 0.0051572
vn 0.9043134 0.4268380 0.0051572
vn -0.0367815 0.4054280 0.9133867
vn -0.0367815 0.4054280 0.9133867
vn -0.0367815 0.4054280 0.9133867
vn 0.8000243 0.5996430 0.0197344
vn 0.0241259 0.9532431 -0.3012401
vn 0.9812651 0.0480233 -0.1865813
vn 0.9134385 0.0451559 -0.4044640
vn 0.9997929 0.0171142 -0.0110095
vn 0.9971123 0.0127951 -0.0748552
vn 0.9999496 0.0021236 -0.0098176
vn 0.5686720 -0.8225640 -0.0008370
vn 0.4631901 -0.8845420 -0.0551392
vn -0.2300422 -0.9198959 -0.3176038
vn -0.3689369 -0.8597590 -0.3531291
vn 0.9962434 0.0148498 -0.0853149
vn 0.9980102 0.0444283 -0.0447413
vn 0.9999504 -0.0010373 0.0099014
vn 0.9999945 0.0003540 0.0032960
vn 0.7646578 0.5103934 -0.3934425
vn 0.7646578 0.5103934 -0.3934425
vn 0.7646578 0.5103934 -0.3934425
vn -0.0017330 -0.0075184 -0.9999702
vn -0.0017330 -0.0075184 -0.9999702
vn -0.0017330 -0.0075184 -0.9999702
vn 0.1814362 -0.0931698 -0.9789792
vn 0.1814362 -0.0931698 -0.9789792
vn 0.1814362 -0.0931698 -0.9789792
vn 0.3968389 0.0110223 -0.9178221
vn 0.3968389 0.0110223 -0.9178221
vn 0.3968389 0.0110223 -0.9178221
vn 0.0224044 0.9989866 -0.0390360
vn 0.0224044 0.9989866 -0.0390360
vn 0.0224044 0.9989866 -0.0390360
vn 0.9893711 0.0606266 0.1321713
vn 0.9893711 0.0606266 0.1321713
vn 0.9893711 0.0606266 0.1321713
vn 0.9715162 0.0531866 -0.2309275
vn 0.8849750 0.4655941 -0.0064377
vn 0.7970304 0.6034292 -0.0248131
vn 0.1773180 0.9837340 0.0287350
vn -0.0212394 -0.9997732 -0.0015820
vn -0.0124977 -0.9999207 -0.0015699
vn -0.0506570 -0.9987148 -0.0016217
vn 0.9888125 -0.0108441 -0.1487689
vn 0.9999479 -0.0014247 -0.0101080
vn 0.1120037 0.9933221 0.0276836
vn 0.9554060 0.0881164 -0.2818421
vn 0.0084125 -0.9999634 -0.0015406
vn -0.0912492 0.9949974 0.0406674
vn 0.0104112 0.0128134 0.9998637
vn 0.0071296 0.0159862 0.9998468
vn 0.0041569 0.0188598 0.9998135
vn 0.0014863 0.0214411 0.9997690
vn 0.9914097 0.0891698 -0.0956846
vn 0.0368280 -0.9989714 0.0264556
vn 0.0046591 -0.9632286 0.2686429
vn 0.0559921 -0.9834779 -0.1721515
vn -0.0270027 -0.8194634 0.5724951
vn 0.9519097 -0.0470902 0.3027381
vn 0.9928872 -0.0227839 0.1168581
vn 0.9823510 -0.0316415 0.1843512
vn 0.0210425 0.9985124 -0.0503020
vn -0.0094441 0.9845742 0.1747125
vn -0.0475698 0.9500877 0.3083351
vn 0.9999965 0.0018394 -0.0019180
vn 0.9999729 -0.0073576 -0.0000607
vn 0.0290939 0.0009916 -0.9995762
vn 0.0112879 -0.0048625 -0.9999245
vn 0.1737126 -0.0031495 -0.9847914
vn -0.0023266 -0.0059318 -0.9999797
vn -0.0023266 -0.0059318 -0.9999797
vn -0.0023266 -0.0059318 -0.9999797
vn 0.0700357 -0.9675950 -0.2426003
vn 0.0024362 0.9997105 -0.0239373
vn 0.0024362 0.9997105 -0.0239373
vn 0.0132110 -0.0000741 -0.9999127
vn 0.0105952 -0.0048674 -0.9999320
vn -0.0048223 -0.0072315 -0.9999622
vn 0.0101516 0.0024009 -0.9999456
vn -0.0152856 -0.0131219 -0.9997971
vn 0.0343699 0.9985535 -0.0413464
vn 0.0454864 0.9988790 0.0131082
vn 0.0024362 0.9997105 -0.0239373
vn 0.0049176 -0.9999879 0.0001353
vn 0.0049176 -0.9999879 0.0001353
vn 0.0049176 -0.9999879 0.0001353
vn 0.0023883 0.0037847 0.9999900
vn 0.0023883 0.0037847 0.9999900
vn 0.0023883 0.0037847 0.9999900
vn -0.9999932 0.0021595 0.0029751
vn -0.9997448 0.0222962 0.0036421
vn -0.9999175 0.0125573 0.0027149
vn 0.0014952 0.9892509 -0.1462207
vn 0.0014952 0.9892509 -0.1462207
vn 0.0014952 0.9892509 -0.1462207
vn -0.9999957 0.0020118 0.0021340
vn -0.9999247 -0.0012009 -0.0122163
vn -0.9999294 -0.0016401 0.0117658
vn 0.0235407 -0.0041418 -0.9997143
vn 0.0397685 0.0035664 -0.9992026
vn 0.2065665 0.0004629 -0.9784325
vn 0.9956846 -0.0674759 -0.0637112
vn 0.9924326 -0.0307395 -0.1188804
vn 0.9959445 -0.0727656 -0.0529121
vn -0.0023218 -0.1000133 -0.9949834
vn -0.0023218 -0.1000133 -0.9949834
vn -0.0023218 -0.1000133 -0.9949834
vn 0.0013095 0.0048586 -0.9999873
vn -0.0028947 0.0091198 -0.9999542
vn -0.0105017 0.0078640 -0.9999139
vn -0.0699455 0.9882638 -0.1358022
vn -0.0464697 0.9820963 -0.1825580
vn -0.0299765 0.9761642 -0.2149530
vn -0.9986762 0.0508113 0.0080054
vn -0.0858308 0.9908954 -0.1037271
vn 0.9945632 -0.1039850 -0.0055855
vn 0.0013106 0.0161798 0.9998682
vn 0.0013106 0.0161798 0.9998682
vn 0.0013106 0.0161798 0.9998682
vn -0.3929558 -0.7897777 0.4709956
vn -0.3929558 -0.7897777 0.4709956
vn -0.3929558 -0.7897777 0.4709956
vn -0.9994765 -0.0010137 -0.0323360
vn 0.9999692 -0.0004471 0.0078400
vn 0.9999692 -0.0004471 0.0078400
vn 0.9999692 -0.0004471 0.0078400
vn -0.9405059 0.1105932 -0.3212752
vn -0.9405059 0.1105932 -0.3212752
vn -0.9405059 0.1105932 -0.3212752
vn 0.3379674 0.9401808 0.0428736
vn 0.0142503 0.9645394 0.2635540
vn 0.1084694 0.9765232 0.1861099
vn -0.3014335 0.9362175 0.1806504
vn 0.7723217 0.6352316 -0.0000786
vn 0.7723217 0.6352316 -0.0000786
vn 0.7723217 0.6352316 -0.0000786
vn 0.9942951 -0.1066365 0.0024332
vn -0.4002053 0.8914574 0.2124603
vn 0.1448794 -0.9889583 0.0311669
vn 0.1182880 -0.9929124 0.0115298
vn 0.0477612 -0.9980515 -0.0401514
vn 0.9999674 0.0080785 0.0001693
vn 0.9999686 0.0079170 0.0003130
vn 0.9999791 0.0051184 0.0039409
vn 0.9951493 -0.0037283 0.0983056
vn 0.9951493 -0.0037283 0.0983056
vn 0.0170142 0.1770766 -0.9840500
vn 0.0170142 0.1770766 -0.9840500
vn 0.0170142 0.1770766 -0.9840500
vn 0.9999925 0.0012199 0.0036837
vn -0.0583129 0.0198059 0.9981019
vn -0.0583129 0.0198059 0.9981019
vn -0.0583129 0.0198059 0.9981019
vn -0.2216819 0.1427351 0.9646159
vn -0.2216819 0.1427351 0.9646159
vn -0.2216819 0.1427351 0.9646159
vn 0.0048192 0.0043737 -0.9999788
vn 0.0048192 0.0043737 -0.9999788
vn 0.0048192 0.0043737 -0.9999788
vn 0.0036847 0.0005497 -0.9999931
vn 0.0115947 0.0039336 -0.9999250
vn 0.0071566 0.0020350 -0.9999723
vn 0.0167664 0.0061462 -0.9998405
vn 0.0305484 0.9990083 -0.0323919
vn 0.0150114 0.9975576 -0.0682161
vn 0.0388466 0.9991581 -0.0131936
vn -0.9999660 -0.0024560 0.0078710
vn -0.9998784 -0.0037218 0.0151411
vn -0.9999754 -0.0066138 0.0023350
vn -0.8698744 0.0296894 -0.4923790
vn -0.8698744 0.0296894 -0.4923790
vn -0.8698744 0.0296894 -0.4923790
vn -0.4408177 0.8975350 -0.0105182
vn -0.4408177 0.8975350 -0.0105182
vn -0.4408177 0.8975350 -0.0105182
vn 0.0065743 0.9961337 -0.0876043
vn 0.0022717 0.0085167 0.9999612
vn 0.0011900 0.0092904 0.9999561
vn 0.0052167 0.0064101 0.9999658
vn -0.0005684 0.0105481 0.9999442
vn -0.9999431 0.0106344 0.0008474
vn -0.9999431 0.0106344 0.0008474
vn -0.9999431 0.0106344 0.0008474
vn -0.0184803 0.9755545 0.2189794
vn -0.0184803 0.9755545 0.2189794
vn -0.0184803 0.9755545 0.2189794
vn 0.3220012 0.9456364 0.0456834
vn 0.0816207 0.9919414 -0.0969036
vn 0.9569268 0.2903246 -0.0016513
vn 0.9519087 0.3063680 -0.0029012
vn 0.7735224 0.6311292 -0.0577836
vn 0.9999810 -0.0055548 0.0026663
vn 0.9999883 -0.0017163 0.0045203
vn 0.9999966 0.0001972 -0.0025943
vn 0.0132881 -0.9977835 -0.0652042
vn 0.8469493 0.5316669 0.0026911
vn -0.6172156 0.2323759 0.7516957
vn -0.6172156 0.2323759 0.7516957
vn -0.6172156 0.2323759 0.7516957
vn -0.9999229 0.0013481 0.0123459
vn 0.3811768 0.7742438 -0.5052236
vn 0.0131654 0.5251209 0.8509258
vn 0.0131654 0.5251209 0.8509258
vn 0.0131654 0.5251209 0.8509258
vn -0.0805466 -0.9889612 0.1243700
vn -0.0805466 -0.9889612 0.1243700
vn -0.0805466 -0.9889612 0.1243700
vn -0.9999616 0.0057753 0.0065966
vn 0.8595191 0.0142441 0.5109050
vn 0.8595191 0.0142441 0.5109050
vn 0.8595191 0.0142441 0.5109050
vn -0.9823576 -0.0212906 0.1857961
vn -0.9823576 -0.0212906 0.1857961
vn -0.9823576 -0.0212906 0.1857961
vn 0.9906353 -0.0736225 -0.1149843
vn 0.9906353 -0.0736225 -0.1149843
vn 0.9853925 -0.0026831 -0.1702772
vn 0.9853925 -0.0026831 -0.1702772
vn 0.9853925 -0.0026831 -0.1702772
vn -0.0400381 -0.6314372 -0.7743927
vn -0.0265786 -0.6311085 -0.7752391
vn -0.0207808 -0.6310132 -0.7754937
vn -0.0012105 -0.6303244 -0.7763310
vn 0.0095113 -0.6299634 -0.7765666
vn 0.9951493 -0.0037283 0.0983056
vn -0.5945192 0.7550007 -0.2766239
vn 0.9906353 -0.0736225 -0.1149843
vn 0.6101246 -0.7923018 -0.0024195
vn 0.3315108 -0.9432074 -0.0214552
vn 0.0427247 -0.9980071 -0.0464377
vn -0.0960745 -0.9938201 -0.0555997
vn -0.1668369 -0.9836488 -0.0678275
vn -0.2489556 0.9685032 -0.0047679
vn 0.0030167 0.9991606 0.0408537
vn -0.3584298 0.9332090 -0.0254760
vn -0.7174645 0.6895886 -0.0985508
vn -0.0000467 0.9999732 0.0073254
vn -0.0000467 0.9999732 0.0073254
vn -0.0000467 0.9999732 0.0073254
vn 0.0054919 0.9510176 -0.3090881
vn 0.0054919 0.9510176 -0.3090881
vn -0.0010419 0.0131987 0.9999124
vn -0.0550330 0.0036553 0.9984778
vn 0.0014008 0.0124594 0.9999214
vn 0.0029913 0.0134779 0.9999047
vn -0.0984406 -0.0030854 0.9951381
vn 0.0048198 0.0147047 0.9998803
vn 0.4009397 -0.3528273 0.8454350
vn 0.4009397 -0.3528273 0.8454350
vn 0.4009397 -0.3528273 0.8454350
vn -0.1169675 0.9433421 0.3105227
vn 0.0108364 0.9769546 0.2131720
vn -0.2462387 0.8164481 0.5222825
vn 0.9999989 0.0014753 0.0003506
vn 0.9999873 0.0042103 -0.0027669
vn 0.9999976 0.0021440 -0.0005360
vn -0.0062209 0.9357159 0.3526997
vn -0.0062209 0.9357159 0.3526997
vn -0.0062209 0.9357159 0.3526997
vn 0.1749609 0.9643105 0.1987307
vn 0.2837990 0.9471618 -0.1494749
vn -0.4268323 0.8822844 -0.1984653
vn 0.1090688 0.9197402 0.3770703
vn 0.9999921 -0.0017933 0.0035421
vn -0.9999944 0.0017829 0.0028183
vn -0.9999175 -0.0111003 -0.0064711
vn -0.9999542 -0.0084211 -0.0045393
vn -0.7944524 0.4045466 -0.4529762
vn -0.9713194 0.2374697 0.0121136
vn -0.9997364 -0.0193216 -0.0123994
vn -0.9999525 -0.0060687 0.0076270
vn -0.9999525 -0.0060687 0.0076270
vn -0.9999525 -0.0060687 0.0076270
vn 0.9999888 0.0038370 -0.0027746
vn 0.0092141 0.9908724 -0.1344882
vn -0.0258654 -0.9988374 0.0406789
vn -0.0258654 -0.9988374 0.0406789
vn -0.0258654 -0.9988374 0.0406789
vn 0.9295781 -0.2636001 -0.2576811
vn 0.9295781 -0.2636001 -0.2576811
vn 0.9295781 -0.2636001 -0.2576811
vn 0.0954182 -0.9952301 -0.0203085
vn 0.0954182 -0.9952301 -0.0203085
vn 0.0954182 -0.9952301 -0.0203085
vn 0.0054919 0.9510176 -0.3090881
vn 0.0125864 0.9844823 -0.1750319
vn 0.0103994 0.9888212 -0.1487430
vn 0.0074866 0.9934865 -0.1137037
vn 0.9999608 -0.0049205 0.0073560
vn 0.9999828 -0.0001522 0.0058570
vn 0.9999784 0.0037964 0.0053627
vn 0.7676547 0.6388944 -0.0502011
vn 0.2506880 0.9670258 -0.0449061
vn 0.5823386 0.8121377 0.0362503
vn 0.9998796 -0.0036372 0.0150840
vn 0.9999264 -0.0002968 0.0121247
vn -0.2138738 0.9411714 -0.2616377
vn -0.5906643 0.5975344 0.5422807
vn -0.0477116 0.8472537 -0.5290413
vn -0.3087416 0.3455066 -0.8861737
vn 0.0461128 0.9783446 -0.2017807
vn -0.8446713 0.4083883 0.3460483
vn 0.9384260 0.3454681 -0.0029151
vn 0.0933693 0.1627876 -0.9822334
vn 0.5328611 0.1402464 -0.8344999
vn 0.3119582 0.1116694 -0.9435105
vn 0.9983306 -0.0067304 0.0573645
vn 0.3675843 0.0194811 -0.9297861
vn 0.1896898 0.0429103 -0.9809059
vn -0.0508908 0.1109036 -0.9925273
vn 0.1126105 0.0525770 -0.9922472
vn 0.0831378 0.0918121 -0.9922997
vn -0.3020359 0.0119263 -0.9532220
vn -0.3020359 0.0119263 -0.9532220
vn -0.3020359 0.0119263 -0.9532220
vn -0.1032735 0.1384960 -0.9849637
vn -0.1182383 0.1502469 -0.9815526
vn -0.0468938 0.0043524 0.9988904
vn -0.0468938 0.0043524 0.9988904
vn -0.0468938 0.0043524 0.9988904
vn -0.5227853 0.6095864 -0.5959026
vn -0.1851527 0.8027219 -0.5668827
vn -0.6558637 0.4297257 -0.6206276
vn 0.2112591 0.8416927 -0.4969135
vn 0.2791941 0.8982765 -0.3393375
vn 0.4877193 0.8413339 -0.2329961
vn 0.2736936 0.0049459 -0.9618042
vn 0.2736936 0.0049459 -0.9618042
vn 0.2736936 0.0049459 -0.9618042
vn 0.2007794 0.9795642 -0.0119005
vn 0.2153601 0.9714954 0.0990791
vn 0.9999167 0.0074257 0.0105556
vn 0.0573674 0.0062807 0.9983334
vn 0.0573674 0.0062807 0.9983334
vn 0.0573674 0.0062807 0.9983334
vn 0.0172828 -0.0018276 0.9998490
vn 0.0196078 -0.0021411 0.9998055
vn -0.0081672 0.0123259 0.9998907
vn -0.0051616 0.0018438 0.9999850
vn -0.0062650 0.0098064 0.9999323
vn -0.0036833 0.0144411 0.9998889
vn 0.0009876 0.0110631 0.9999383
vn -0.0238350 0.9852502 0.1694520
vn 0.2583880 0.8878750 0.3806753
vn 0.1851791 0.9368002 0.2968402
vn -0.0214715 0.9991112 -0.0362731
vn -0.3056803 0.9510522 -0.0453793
vn 0.2964389 0.9549705 -0.0124627
vn -0.9999917 0.0039081 0.0011839
vn -0.9999910 0.0041210 0.0009741
vn -0.9999733 -0.0020179 0.0070219
vn 0.0188743 0.9979215 0.0616159
vn -0.3892667 0.9210499 -0.0117714
vn 0.9998638 0.0018900 -0.0163963
vn 0.9998638 0.0018900 -0.0163963
vn 0.9998638 0.0018900 -0.0163963
vn -0.9999480 0.0093182 -0.0041462
vn 0.9999265 -0.0114533 -0.0039653
vn 0.9999265 -0.0114533 -0.0039653
vn 0.9999265 -0.0114533 -0.0039653
vn 0.0172198 0.0084978 0.9998156
vn 0.0172198 0.0084978 0.9998156
vn 0.0172198 0.0084978 0.9998156
vn 0.9998018 -0.0132128 -0.0148921
vn 0.9998018 -0.0132128 -0.0148921
vn 0.9998018 -0.0132128 -0.0148921
vn -0.9997055 0.0007512 -0.0242560
vn -0.9745966 -0.0125743 -0.2236145
vn -1.0000000 0.0000166 -0.0001219
vn -0.9998471 -0.0147698 -0.0093591
vn -0.9973156 -0.0606535 -0.0410204
vn -0.8852062 -0.0004123 -0.4651986
vn -0.2178101 0.2569044 -0.9415726
vn -0.1170795 0.2624845 -0.9578070
vn 0.2442230 0.3698670 -0.8964115
vn 0.1084728 0.6672249 -0.7369156
vn -0.0016344 -0.0019473 -0.9999968
vn -0.0524556 0.0024877 -0.9986202
vn -0.0000400 -0.0023801 -0.9999972
vn 0.0347325 0.0021960 -0.9993942
vn 0.0036755 -0.0006829 -0.9999930
vn -0.0000320 -0.0010265 -0.9999995
vn -0.0010804 -0.0045383 -0.9999891
vn 0.0363951 0.0023501 -0.9993347
vn -0.0537836 0.0025897 -0.9985493
vn -0.1641038 0.0072449 0.9864165
vn -0.1641038 0.0072449 0.9864165
vn -0.1641038 0.0072449 0.9864165
vn 0.0021181 0.3847105 -0.9230349
vn 0.0089259 0.4061619 -0.9137575
vn 0.0281532 0.4655330 -0.8845826
vn 0.0307010 0.4732647 -0.8803851
vn 0.0095476 0.8009417 -0.5986663
vn -0.9996933 0.0070550 0.0237401
vn -0.9996933 0.0070550 0.0237401
vn -0.9996933 0.0070550 0.0237401
vn -0.0014231 -0.0100271 0.9999487
vn -0.0020464 -0.0090215 0.9999572
vn -0.0011675 -0.0104396 0.9999448
vn 0.0152036 0.0180629 0.9997213
vn 0.0056424 0.0028239 0.9999801
vn 0.0088351 0.0079123 0.9999297
vn 0.0022458 -0.0025893 0.9999941
vn -0.0023359 -0.0085545 0.9999607
vn -0.9999775 0.0024925 0.0062238
vn -0.9999814 0.0023633 0.0056141
vn -0.9999974 0.0007166 -0.0021573
vn -0.0013954 0.9996143 0.0277364
vn -0.0013954 0.9996143 0.0277364
vn -0.0013954 0.9996143 0.0277364
vn -0.0530196 0.9899534 0.1310773
vn -0.0677682 0.9910350 0.1151395
vn -0.0009553 0.9992536 0.0386186
vn 0.0117468 -0.9995697 0.0268788
vn 0.0186038 -0.9991309 0.0372997
vn -0.0010708 -0.9999721 0.0073955
vn -0.9999933 0.0004008 -0.0036476
vn -0.0210004 0.9993637 -0.0288285
vn 0.0158594 0.9994170 0.0302354
vn -0.0260130 -0.9950900 -0.0954947
vn -0.0260130 -0.9950900 -0.0954947
vn -0.0260130 -0.9950900 -0.0954947
vn -0.0424205 0.9507175 -0.3071430
vn -0.0424205 0.9507175 -0.3071430
vn -0.0148975 0.9980808 -0.0601056
vn -0.0003281 0.0296305 -0.9995609
vn -0.0003281 0.0296305 -0.9995609
vn -0.0003281 0.0296305 -0.9995609
vn -0.0072471 -0.9999718 -0.0019945
vn 0.0041861 -0.0161982 -0.9998600
vn 0.0041861 -0.0161982 -0.9998600
vn 0.0041861 -0.0161982 -0.9998600
vn 0.0018600 0.0054849 0.9999832
vn 0.0018600 0.0054849 0.9999832
vn 0.0018600 0.0054849 0.9999832
vn -0.0424205 0.9507175 -0.3071430
vn 0.9672092 0.2051117 -0.1497852
vn 0.9462266 0.2575700 -0.1957369
vn 0.9840928 0.1472984 -0.0993205
vn 0.9998784 -0.0143266 -0.0061595
vn 0.9998784 -0.0143266 -0.0061595
vn 0.9998784 -0.0143266 -0.0061595
vn -0.0015701 0.0173259 -0.9998487
vn -0.0015701 0.0173259 -0.9998487
vn -0.0015701 0.0173259 -0.9998487
vn 0.9929249 0.1023491 -0.0602070
vn 0.7722900 -0.3934256 0.4987830
vn 0.7722900 -0.3934256 0.4987830
vn 0.7722900 -0.3934256 0.4987830
vn 0.0019527 0.0021836 0.9999957
vn 0.0019527 0.0021836 0.9999957
vn 0.0019527 0.0021836 0.9999957
vn -0.9996902 0.0180964 0.0170885
vn -0.9996902 0.0180964 0.0170885
vn -0.9996902 0.0180964 0.0170885
vn 0.9999954 0.0030094 0.0002583
vn 0.9999939 0.0033161 -0.0010620
vn 0.9999942 0.0032807 -0.0009095
vn -0.0367611 0.9990397 -0.0238380
vn 0.0191305 0.9899090 0.1404074
vn -0.0341782 0.9993698 -0.0095792
vn -0.0339799 0.9988110 -0.0349571
vn 0.9999661 0.0006367 0.0082078
vn 0.9999922 -0.0030937 -0.0024726
vn 0.9999742 -0.0042512 -0.0057867
vn 0.9740603 -0.2262874 0.0007878
vn 0.9741599 -0.2258441 0.0026243
vn 0.9737374 -0.2276241 -0.0047696
vn 0.9998025 -0.0085040 -0.0179642
vn -0.0004303 -0.9982238 0.0595746
vn 0.0839628 -0.9919784 0.0944938
vn 0.0094171 -0.9970431 0.0762656
vn 0.9744401 -0.2244988 0.0081764
vn -0.0007643 -0.9999771 -0.0067173
vn -0.0007643 -0.9999771 -0.0067173
vn -0.0007643 -0.9999771 -0.0067173
vn 0.0217523 0.9989225 0.0409965
vn 0.0066479 0.9946129 -0.1034456
vn 0.2618065 0.0135303 0.9650255
vn 0.2618065 0.0135303 0.9650255
vn 0.2618065 0.0135303 0.9650255
vn -0.0012021 -0.0065480 0.9999778
vn -0.0002200 -0.0092872 0.9999568
vn -0.0015779 -0.0054998 0.9999836
vn 0.0001477 -0.0103128 0.9999468
vn 0.0144156 -0.9997927 0.0143777
vn 0.0144156 -0.9997927 0.0143777
vn -0.0056660 0.9910652 0.1332579
vn -0.0056660 0.9910652 0.1332579
vn -0.0056660 0.9910652 0.1332579
vn 0.9534468 -0.2944730 0.0649984
vn 0.1057927 -0.9889666 0.1036964
vn 0.9999897 0.0036879 -0.0026621
vn 0.0335646 -0.9918145 0.1231964
vn -0.0048591 -0.0007334 -0.9999879
vn -0.0093924 0.0052917 -0.9999419
vn -0.0062639 0.0011337 -0.9999797
vn -0.0120869 0.0088730 -0.9998876
vn -0.0123364 0.9985565 0.0522759
vn -0.0123364 0.9985565 0.0522759
vn -0.0009699 0.0177433 0.9998421
vn -0.0009699 0.0177433 0.9998421
vn -0.0009699 0.0177433 0.9998421
vn 0.0144156 -0.9997927 0.0143777
vn -0.0123364 0.9985565 0.0522759
vn -0.0514121 0.9719628 0.2294452
vn 0.1090459 0.9939223 0.0150781
vn 0.0807557 0.9862504 0.1441826
vn 0.0511121 0.9975283 0.0482169
vn 0.1012531 0.9935638 -0.0507821
vn 0.0167122 -0.9993920 -0.0305983
vn 0.0167122 -0.9993920 -0.0305983
vn 0.0167122 -0.9993920 -0.0305983
vn 0.9999345 0.0006734 0.0114281
vn 0.9999345 0.0006734 0.0114281
vn 0.9999345 0.0006734 0.0114281
vn 0.0347755 0.4967354 -0.8672051
vn 0.0347755 0.4967354 -0.8672051
vn -0.0735040 0.9608571 0.2671158
vn 0.0329720 0.9994482 0.0040059
vn 0.0204066 0.9599115 -0.2795593
vn 0.0348430 0.9980250 0.0522688
vn 0.9991118 0.0420706 -0.0023683
vn 0.9966684 0.0814251 0.0046965
vn 0.9967644 0.0803759 0.0006703
vn 0.9999910 -0.0038499 0.0017809
vn 0.0013490 -0.9999282 -0.0119104
vn 0.0013490 -0.9999282 -0.0119104
vn 0.0013490 -0.9999282 -0.0119104
vn 0.0075033 0.0035781 -0.9999654
vn 0.0075033 0.0035781 -0.9999654
vn 0.0075033 0.0035781 -0.9999654
vn 0.7741027 -0.0008466 -0.6330594
vn 0.7741027 -0.0008466 -0.6330594
vn 0.7741027 -0.0008466 -0.6330594
vn 0.9625054 0.1764826 -0.2060029
vn 0.9625054 0.1764826 -0.2060029
vn 0.9625054 0.1764826 -0.2060029
vn 0.0032944 0.8100278 -0.5863822
vn 0.0070559 -0.0117425 -0.9999062
vn 0.0058312 -0.0102394 -0.9999306
vn 0.0064747 -0.0110292 -0.9999182
vn 0.0048729 -0.0090632 -0.9999471
vn 0.9999942 -0.0031433 0.0012813
vn 0.9999945 -0.0030934 0.0012110
vn 0.9999968 -0.0025039 0.0003801
vn 0.9999564 0.0088063 -0.0031068
vn 0.0004082 0.0072969 0.9999733
vn 0.0015923 0.0061335 0.9999799
vn 0.0012048 0.0065143 0.9999781
vn 0.0000557 0.0076433 0.9999708
vn -0.0189379 0.9971371 0.0732043
vn 0.0529600 0.9982022 -0.0280648
vn 0.0363073 0.9908833 0.1297386
vn 0.9999960 0.0020997 0.0018688
vn -0.0000438 0.9520877 0.3058251
vn 0.0100002 0.9992507 0.0373896
vn 0.9999881 -0.0041078 0.0026410
vn -0.0419093 0.9959310 0.0797813
vn -0.0107152 -0.9997463 0.0198107
vn 0.0229598 -0.9980204 0.0585507
vn 0.0062696 -0.9998873 0.0136428
vn 0.0265661 -0.8302605 -0.5567420
vn 0.9999952 0.0026351 0.0016249
vn -0.0041024 -0.3915682 -0.9201400
vn 0.0023643 0.0208921 -0.9997789
vn 0.0129753 0.0188200 -0.9997387
vn 0.0205699 0.0173354 -0.9996381
vn 0.0347192 0.0145661 -0.9992910
vn 0.0347755 0.4967354 -0.8672051
vn 0.9999993 -0.0012119 0.0001202
vn -0.9999455 -0.0102932 -0.0017427
vn -0.9999455 -0.0102932 -0.0017427
vn -0.9999455 -0.0102932 -0.0017427
vn 0.0604426 -0.9981627 -0.0042360
vn 0.0604426 -0.9981627 -0.0042360
vn 0.0604426 -0.9981627 -0.0042360
vn -0.9997842 0.0179496 -0.0104554
vn -0.9997842 0.0179496 -0.0104554
vn -0.9997842 0.0179496 -0.0104554
vn 0.9986070 -0.0271413 0.0452489
vn 0.9986070 -0.0271413 0.0452489
vn 0.9986070 -0.0271413 0.0452489
vn -0.0627219 0.9069103 0.4166289
vn -0.0661553 0.8590032 0.5076781
vn -0.0027701 0.9735657 -0.2283903
vn -0.0796353 0.7704312 0.6325298
vn 0.0200268 0.8778472 -0.4785220
vn -0.9943688 0.1058394 0.0053622
vn -0.9943949 0.1056564 0.0039470
vn -0.9944542 0.1051703 0.0001963
vn -0.9999991 0.0013528 0.0002458
vn -0.9999991 0.0009221 -0.0009561
vn -0.9999977 0.0011992 -0.0017998
vn -0.0072242 0.0110667 -0.9999127
vn -0.0044796 0.0034813 -0.9999839
vn -0.0056111 0.0066083 -0.9999624
vn -0.0039797 0.0020998 -0.9999899
vn 0.0080674 -0.0281188 0.9995720
vn -0.0066485 -0.0495005 0.9987520
vn 0.0043051 -0.0335878 0.9994265
vn -0.0102713 -0.0547603 0.9984467
vn 0.0229375 0.9529491 0.3022613
vn -0.0418204 0.9982148 0.0426401
vn 0.0283460 0.9474284 0.3187098
vn -0.0255412 0.9164495 0.3993343
vn -0.0376437 0.9765459 0.2119930
vn 0.0036885 0.0158890 0.9998670
vn 0.0036885 0.0158890 0.9998670
vn 0.0036885 0.0158890 0.9998670
vn -0.9942975 0.1062799 0.0087746
vn -0.0144098 0.9995943 -0.0245688
vn -0.0103012 0.9991327 0.0403452
vn -0.0126190 0.9999130 0.0038295
vn -0.0283919 -0.9488989 0.3143005
vn -0.0527385 -0.9985652 0.0092873
vn -0.0378233 -0.9872126 0.1548568
vn -0.9974979 -0.0001848 0.0706965
vn -0.9912094 -0.0006337 0.1323012
vn -0.9999933 0.0019019 0.0031358
vn -0.9999847 0.0014015 0.0053440
vn -0.0459176 -0.9989451 -0.0004161
vn -0.9999992 0.0005844 0.0011311
vn -0.9999947 0.0001062 -0.0032423
vn -0.0159737 0.9986460 -0.0495077
vn -0.9999998 -0.0000121 -0.0006495
vn -0.0456092 -0.9989592 0.0006446
vn -0.0126931 0.9999194 -0.0003983
vn -0.0089237 0.9977400 -0.0665980
vn -0.9999985 0.0001072 -0.0017032
vn -0.0664201 -0.9937557 -0.0896547
vn -0.0109991 0.9998816 -0.0107610
vn -0.0012307 0.9751821 -0.2214009
vn -0.0817113 -0.9841401 -0.1574533
vn -0.0017951 -0.9992402 -0.0389334
vn -0.0017951 -0.9992402 -0.0389334
vn -0.0017951 -0.9992402 -0.0389334
vn 0.0067030 0.9154483 -0.4023797
vn -0.0003382 0.0098140 -0.9999518
vn -0.0003382 0.0098140 -0.9999518
vn -0.0003382 0.0098140 -0.9999518
vn 0.0003919 0.0003199 -0.9999999
vn 0.0003919 0.0003199 -0.9999999
vn 0.0003919 0.0003199 -0.9999999
vn -0.9999646 0.0000747 0.0084134
vn -0.0131168 0.9999127 0.0015975
vn 0.0020464 0.9780837 -0.2082019
vn -0.0078221 0.9929493 -0.1182817
vn -0.0183655 0.9996225 -0.0204327
vn -0.9999917 0.0006512 -0.0040152
vn -0.9999631 0.0005062 -0.0085741
vn -0.9999990 0.0007415 -0.0011780
vn -0.9992792 -0.0147758 0.0349679
vn -0.9996770 -0.0111359 0.0228441
vn -0.0049573 -0.0078349 0.9999570
vn -0.0089740 -0.0021197 0.9999575
vn -0.0068238 -0.0051792 0.9999633
vn -0.0035183 -0.0098823 0.9999450
vn 0.0169156 -0.7968849 0.6038943
vn -0.0290252 -0.9990805 -0.0315556
vn 0.0004826 -0.9504585 0.3108510
vn 0.0250877 0.9108947 -0.4118756
vn -0.9998944 0.0003166 -0.0145322
vn -0.0147021 -0.9998843 0.0039139
vn -0.0247196 -0.9990798 -0.0350492
vn -0.0162473 -0.9998649 -0.0024784
vn -0.9999916 -0.0040843 -0.0002646
vn -0.9999912 -0.0041904 -0.0003084
vn 0.0268905 0.9982040 0.0535312
vn -0.0648035 0.9911757 0.1156343
vn 0.0104994 0.9975226 0.0695587
vn -0.2237788 0.9720881 0.0704822
vn -0.2243276 0.9720032 0.0699057
vn -0.0088875 -0.9975072 -0.0700033
vn -0.0088875 -0.9975072 -0.0700033
vn -0.0088875 -0.9975072 -0.0700033
vn 0.9997175 0.0234678 0.0037658
vn 0.9997175 0.0234678 0.0037658
vn 0.9997175 0.0234678 0.0037658
vn -0.0012508 0.0063709 -0.9999789
vn -0.0035642 0.0032496 -0.9999884
vn 0.0003078 0.0084738 -0.9999640
vn -0.0061745 -0.0002725 -0.9999809
vn -0.0249152 0.9856193 -0.1671341
vn -0.0124513 -0.0018975 -0.9999207
vn -0.0408519 -0.0006538 -0.9991650
vn -0.0012890 -0.0023858 -0.9999963
vn -0.0541032 -0.0000728 -0.9985353
vn -0.1684024 0.2232816 -0.9600969
vn -0.1684024 0.2232816 -0.9600969
vn -0.1684024 0.2232816 -0.9600969
vn -0.9999830 -0.0001840 -0.0058333
vn -0.9999830 -0.0001840 -0.0058333
vn -0.9999830 -0.0001840 -0.0058333
vn -0.0305785 -0.9980574 -0.0542815
vn -0.9999908 -0.0041547 -0.0010299
vn -0.5266220 -0.8499567 0.0155856
vn -0.3081513 -0.9513178 -0.0061010
vn -0.2317979 -0.9726743 -0.0132085
vn 0.0651333 -0.9971187 -0.0388840
vn -0.9999810 -0.0055601 -0.0026608
vn 0.0408819 0.8980303 -0.4380299
vn -0.0321257 -0.9978823 -0.0565579
vn -0.9999984 -0.0018049 0.0001032
vn 0.0024359 0.0146770 -0.9998893
vn 0.0024359 0.0146770 -0.9998893
vn 0.0024359 0.0146770 -0.9998893
vn 0.2112605 0.4671488 -0.8585692
vn 0.2112605 0.4671488 -0.8585692
vn 0.2112605 0.4671488 -0.8585692
vn -0.1769211 -0.2170864 -0.9599856
vn -0.1769211 -0.2170864 -0.9599856
vn -0.1769211 -0.2170864 -0.9599856
vn -0.9999987 0.0000961 0.0016345
vn -0.6598206 0.7449566 -0.0983689
vn -0.6598206 0.7449566 -0.0983689
vn -0.7698766 0.6312778 -0.0936926
vn -0.7698766 0.6312778 -0.0936926
vn -0.7698766 0.6312778 -0.0936926
vn 0.1770340 -0.7543386 0.6321647
vn 0.1770340 -0.7543386 0.6321647
vn 0.1770340 -0.7543386 0.6321647
vn 0.0012026 -0.0435945 0.9990486
vn 0.0012026 -0.0435945 0.9990486
vn 0.0012026 -0.0435945 0.9990486
vn -0.0252110 -0.9872200 -0.1573563
vn -0.0252110 -0.9872200 -0.1573563
vn -0.9999944 -0.0032053 0.0010098
vn -0.6598206 0.7449566 -0.0983689
vn -0.0252110 -0.9872200 -0.1573563
vn 0.0134204 0.0090943 0.9998686
vn 0.0134204 0.0090943 0.9998686
vn 0.0134204 0.0090943 0.9998686
vn -0.0119107 -0.9998952 -0.0082246
vn -0.0070770 -0.9999359 -0.0088336
vn 0.0000058 -0.9999527 -0.0097257
vn 0.9918053 0.1277340 0.0025004
vn 0.9918053 0.1277340 0.0025004
vn 0.9918053 0.1277340 0.0025004
vn -0.0004351 0.0285908 0.9995911
vn -0.0004351 0.0285908 0.9995911
vn -0.0004351 0.0285908 0.9995911
vn 0.0079774 -0.9999106 -0.0107290
vn 0.0141585 0.9997805 0.0154422
vn -0.0114046 0.9999278 -0.0037957
vn 0.0062483 0.9999354 0.0094898
vn -0.9999588 -0.0086904 0.0026384
vn -0.9999662 0.0076054 0.0031123
vn -0.9999613 0.0082215 0.0031302
vn 0.9884366 -0.0051668 0.1515465
vn 0.9884366 -0.0051668 0.1515465
vn 0.9884366 -0.0051668 0.1515465
vn -0.9999802 -0.0047118 0.0041637
vn -0.9999353 -0.0107926 0.0036030
vn -0.9999830 -0.0040140 0.0042280
vn 0.9999908 0.0012249 -0.0041003
vn 0.9999640 -0.0012482 0.0083966
vn 0.9999781 -0.0008857 0.0065650
vn -0.2025601 0.9512446 -0.2326006
vn -0.5802714 0.8061777 0.1155963
vn -0.5833441 0.8067600 0.0940637
vn -0.5308985 0.8455351 -0.0567204
vn -0.5265254 0.8464047 0.0798128
vn 0.0464071 0.9981332 0.0397044
vn -0.0035785 0.9082865 -0.4183333
vn 0.0423069 0.9785040 0.2018415
vn 0.0008075 -0.9942703 0.1068921
vn 0.0008075 -0.9942703 0.1068921
vn 0.0008075 -0.9942703 0.1068921
vn 0.9999876 -0.0043779 -0.0023760
vn -0.9996918 0.0245607 0.0036046
vn -0.8372720 0.0093699 -0.5467063
vn -0.8373845 0.0074718 -0.5465633
vn -0.8373720 0.0076847 -0.5465794
vn 0.0884676 0.0142725 0.9959768
vn 0.0884676 0.0142725 0.9959768
vn 0.0884676 0.0142725 0.9959768
vn -0.8374819 0.0057851 -0.5464345
vn 0.9999820 0.0015615 -0.0058012
vn -0.0008013 -0.0018134 -0.9999980
vn 0.0076840 0.0040966 -0.9999621
vn 0.0011506 -0.0002160 -0.9999993
vn 0.0055954 0.0032083 -0.9999792
vn 0.0070458 0.0039259 -0.9999675
vn -0.0035977 0.0018585 -0.9999918
vn -0.0050087 0.0046316 -0.9999767
vn -0.0104749 0.0013700 -0.9999442
vn 0.0029750 0.0014605 -0.9999945
vn -0.0019180 0.0041938 -0.9999894
vn -0.0015928 0.0062230 -0.9999794
vn 0.0423069 0.9785040 0.2018415
vn 0.0423069 0.9785040 0.2018415
vn -0.9999889 0.0006987 0.0046625
vn 0.9999876 -0.0043779 -0.0023760
vn 0.9999876 -0.0043779 -0.0023760
vn 0.1325913 0.9740205 0.1835852
vn 0.1325913 0.9740205 0.1835852
vn 0.1325913 0.9740205 0.1835852
vn 0.9999849 -0.0032358 0.0044419
vn 0.9999780 -0.0040769 0.0052369
vn 0.9999656 -0.0052910 0.0063842
vn 0.0362175 -0.9993376 -0.0035684
vn 0.0325044 -0.9994693 0.0021506
vn 0.0355042 -0.9993664 -0.0024977
vn 0.9999991 0.0000408 0.0013453
vn 0.0369474 -0.9993062 -0.0046991
vn 0.0369816 -0.9993048 -0.0047261
vn -0.0002317 -0.2260008 -0.9741271
vn -0.0002317 -0.2260008 -0.9741271
vn -0.0002317 -0.2260008 -0.9741271
vn 0.0184239 0.0041298 -0.9998217
vn 0.0184239 0.0041298 -0.9998217
vn 0.0184239 0.0041298 -0.9998217
vn -0.0095213 0.0000726 -0.9999547
vn -0.0095213 0.0000726 -0.9999547
vn -0.0095213 0.0000726 -0.9999547
vn 0.9999986 -0.0000150 -0.0016444
vn 0.9999986 -0.0000150 -0.0016444
vn 0.9999986 -0.0000150 -0.0016444
vn -0.9999626 0.0053230 -0.0068148
vn -0.9998175 -0.0024248 -0.0189510
vn -0.9999310 0.0067440 -0.0096137
vn -0.0829314 -0.9962233 0.0257201
vn -0.0829314 -0.9962233 0.0257201
vn -0.0829314 -0.9962233 0.0257201
vn -0.0357910 -0.9990797 0.0236387
vn -0.0357910 -0.9990797 0.0236387
vn -0.0357910 -0.9990797 0.0236387
vn -0.9999378 0.0095362 0.0057755
vn -0.9999991 0.0003847 -0.0012864
vn -0.9999948 0.0031113 0.0008176
vn -0.2998647 -0.8773911 -0.3745209
vn -0.2998647 -0.8773911 -0.3745209
vn -0.2998647 -0.8773911 -0.3745209
vn 0.0613376 0.9981115 0.0033225
vn 0.2558342 0.9345974 0.2471366
vn -0.0354697 0.9942299 0.1012366
vn -0.1852305 0.9694774 -0.1606340
vn 0.0116506 0.9998513 -0.0127134
vn 0.0840329 0.9881953 0.1280956
vn 0.9856434 0.0450008 -0.1627332
vn 0.9967792 0.0243691 -0.0764026
vn 0.9999981 0.0017864 -0.0007421
vn -0.9999760 0.0049273 0.0048682
vn 0.9479405 0.0840713 -0.3071495
vn -0.0075406 0.0462106 -0.9989033
vn -0.0165108 0.0232631 -0.9995930
vn -0.0006903 0.0760810 -0.9971014
vn 0.0016445 -0.0002432 -0.9999986
vn -0.0065469 0.0033553 -0.9999729
vn -0.0090675 0.0030578 -0.9999542
vn -0.0170565 0.0085389 -0.9998181
vn -0.0620303 0.9978232 -0.0223839
vn -0.0766063 0.9930815 -0.0889983
vn 0.0692960 0.9975773 0.0061312
vn -0.9999167 -0.0041951 0.0122043
vn -0.9999972 -0.0022996 0.0006127
vn -0.1005765 0.9939527 0.0440730
vn -0.5671268 0.8233462 0.0216400
vn -0.0225122 0.9994036 0.0261858
vn 0.0475219 0.9982135 0.0362147
vn -0.1003666 0.9948395 0.0148638
vn 0.9262162 0.0980438 -0.3640206
vn -0.2643656 0.9643748 -0.0095998
vn -0.9999864 -0.0032355 -0.0040799
vn 0.0221920 0.1310922 0.9911218
vn 0.0221920 0.1310922 0.9911218
vn 0.0221920 0.1310922 0.9911218
vn 0.0099354 0.0001206 0.9999506
vn 0.1746450 0.0004813 0.9846313
vn 0.0962794 -0.0008745 0.9953540
vn 0.0128233 0.0005164 0.9999176
vn -0.0063785 -0.0022888 0.9999770
vn 0.0183923 0.0006908 0.9998306
vn -0.8531675 -0.0021107 0.5216328
vn -0.8531675 -0.0021107 0.5216328
vn -0.8531675 -0.0021107 0.5216328
vn -0.0711292 -0.1232334 0.9898253
vn -0.0711292 -0.1232334 0.9898253
vn -0.0711292 -0.1232334 0.9898253
vn 0.1468420 0.9889317 0.0212483
vn -0.8763726 0.4815059 -0.0110942
vn -0.0182905 0.9986822 0.0479505
vn -0.0029029 0.0260948 0.9996553
vn 0.0009216 0.0269973 0.9996351
vn -0.0027457 0.0261318 0.9996547
vn -0.0055071 0.0254799 0.9996602
vn -0.6778466 0.0096991 0.7351394
vn -0.6778466 0.0096991 0.7351394
vn -0.6778466 0.0096991 0.7351394
vn -0.2994378 0.9506525 -0.0812207
vn -0.5690284 0.7384480 -0.3618028
vn -0.4195848 0.8852739 -0.2005960
vn 0.2754108 -0.9584579 -0.0742119
vn 0.2754108 -0.9584579 -0.0742119
vn 0.2754108 -0.9584579 -0.0742119
vn -0.9999964 -0.0023428 -0.0013067
vn -0.9997534 0.0037165 -0.0218942
vn -0.9997534 0.0037165 -0.0218942
vn -0.2223507 0.9749334 -0.0080600
vn -0.9999989 -0.0005605 -0.0013923
vn -0.9997534 0.0037165 -0.0218942
vn -0.9999272 -0.0116680 -0.0030589
vn -0.9999272 -0.0116680 -0.0030589
vn -0.9999272 -0.0116680 -0.0030589
vn 0.2473824 0.9689178 -0.0005636
vn -0.0177966 0.9997892 -0.0102438
vn -0.0381476 0.9992721 -0.0003227
vn 0.9999918 0.0040430 -0.0000568
vn 0.9999918 0.0040430 -0.0000568
vn 0.9999918 0.0040430 -0.0000568
vn 0.9999920 -0.0035541 0.0018303
vn 0.9999989 0.0014756 -0.0000214
vn 0.9999998 0.0004586 0.0003530
vn -0.9962861 0.0859959 -0.0043203
vn -0.9962861 0.0859959 -0.0043203
vn -0.9962861 0.0859959 -0.0043203
vn -0.9999683 0.0079152 -0.0008244
vn -0.9999683 0.0079152 -0.0008244
vn -0.9999683 0.0079152 -0.0008244
vn -0.0660229 0.9971310 -0.0370242
vn 0.0127643 0.9990958 0.0405546
vn 0.0093059 0.9998654 0.0135104
vn -0.0613992 -0.9977341 -0.0275097
vn 0.0743751 -0.9955919 -0.0571413
vn 0.1738530 -0.9816503 -0.0783438
vn 0.3514666 -0.9291024 -0.1150649
vn -0.0416976 -0.9989352 0.0197438
vn -0.0416976 -0.9989352 0.0197438
vn -0.0416976 -0.9989352 0.0197438
vn 0.9999553 0.0090278 -0.0028019
vn -0.0988053 0.9944103 -0.0372243
vn -0.1689278 0.9845286 0.0465492
vn -0.0033543 0.0259603 -0.9996573
vn -0.1462509 0.0258307 -0.9889102
vn -0.0115215 0.0245663 -0.9996318
vn -0.0041775 0.0244982 -0.9996911
vn -0.0055351 0.0235194 -0.9997081
vn -0.0430089 0.9937811 0.1027105
vn -0.0496951 0.9917278 0.1183483
vn -0.0373780 0.9952816 0.0895404
vn -0.9999827 0.0050253 -0.0030593
vn -0.9999788 0.0062347 -0.0018616
vn -0.9999752 0.0069535 -0.0011497
vn -0.0332029 0.9962598 0.0797747
vn -0.7782209 -0.4177752 0.4688667
vn -0.7782209 -0.4177752 0.4688667
vn -0.7782209 -0.4177752 0.4688667
vn -0.0135671 0.0201650 0.9997046
vn -0.0135671 0.0201650 0.9997046
vn -0.0135671 0.0201650 0.9997046
vn 0.0390834 0.3433056 0.9384102
vn 0.0390834 0.3433056 0.9384102
vn 0.0390834 0.3433056 0.9384102
vn 0.0101883 0.9998778 -0.0118604
vn 0.5011638 0.8653478 0.0028470
vn -0.0354018 -0.9838764 0.1753111
vn -0.0354018 -0.9838764 0.1753111
vn -0.0354018 -0.9838764 0.1753111
vn -0.1538438 0.9854642 0.0720577
vn -0.1538438 0.9854642 0.0720577
vn -0.1538438 0.9854642 0.0720577
vn -0.2677170 -0.8970621 -0.3515781
vn -0.2677170 -0.8970621 -0.3515781
vn -0.2677170 -0.8970621 -0.3515781
vn -0.9999258 0.0116667 0.0035182
vn -0.1550558 -0.9877545 0.0172824
vn -0.1848416 -0.9823803 0.0276123
vn 0.0138439 -0.9990794 -0.0406051
vn 0.9999913 -0.0000146 0.0041642
vn 0.9999973 0.0008543 0.0021728
vn 0.9999941 0.0005076 -0.0033829
vn -0.8660260 0.0162134 0.4997360
vn -0.8660260 0.0162134 0.4997360
vn -0.8660260 0.0162134 0.4997360
vn 0.0558924 0.0529798 -0.9970302
vn 0.0777717 0.0716654 -0.9943921
vn -0.0065756 -0.0003941 -0.9999783
vn -0.0163313 -0.0087327 -0.9998285
vn 0.0436095 0.9719331 -0.2311802
vn 0.0182356 0.9833489 -0.1808105
vn 0.0333613 0.9769394 -0.2108943
vn 0.9999381 0.0111272 0.0001229
vn 0.9994979 0.0312747 0.0050810
vn 0.0074376 0.9872134 -0.1592307
vn 0.9970909 0.0754046 0.0111335
vn -0.9999659 -0.0007285 0.0082236
vn -0.9999922 0.0033974 -0.0020213
vn -0.9999940 0.0019820 0.0028287
vn -0.9999122 0.0094125 -0.0093249
vn 0.0387463 0.9965045 0.0740097
vn 0.0211961 0.9988080 0.0439697
vn 0.0321112 0.9953126 -0.0912234
vn 0.1484752 0.9889105 0.0033360
vn 0.9999885 -0.0000045 -0.0047930
vn 0.0028855 0.0010912 0.9999952
vn 0.0071411 0.0045538 0.9999641
vn -0.0029408 0.0009315 0.9999952
vn -0.0126038 -0.0059824 0.9999027
vn 0.0130669 0.0033526 0.9999090
vn -0.7142842 0.0068617 0.6998221
vn -0.7142842 0.0068617 0.6998221
vn -0.7142842 0.0068617 0.6998221
vn 0.0917418 0.9850678 0.1456876
vn -0.1053626 0.6224057 0.7755707
vn -0.2903444 0.3064620 0.9065215
vn -0.6559796 0.2264665 0.7200026
vn -0.9999488 0.0020481 -0.0099132
vn -0.9997795 0.0158014 -0.0138325
vn -0.9995389 0.0263559 -0.0150803
vn -0.9999836 -0.0043252 0.0037561
vn -0.9999836 -0.0043252 0.0037561
vn -0.0385226 -0.9980202 -0.0497158
vn -0.0385226 -0.9980202 -0.0497158
vn -0.0385226 -0.9980202 -0.0497158
vn -0.8026405 0.1764583 -0.5697637
vn -0.8026405 0.1764583 -0.5697637
vn -0.8026405 0.1764583 -0.5697637
vn -0.0572767 0.9974383 0.0428503
vn 0.9994688 0.0005807 -0.0325849
vn 0.0959554 -0.9930374 -0.0683326
vn -0.0070530 0.9686336 -0.2483933
vn 0.9980219 -0.0003618 -0.0628663
vn 0.0030427 0.0043417 -0.9999859
vn 0.0030427 0.0043417 -0.9999859
vn 0.0030427 0.0043417 -0.9999859
vn 0.0871484 0.0025434 -0.9961921
vn 0.0564440 0.0013130 -0.9984049
vn -0.0052175 0.0017744 -0.9999848
vn 0.0238500 -0.0009641 -0.9997151
vn 0.0056645 -0.0001777 -0.9999839
vn -0.0434796 0.0053890 -0.9990398
vn -0.0628496 0.9939279 -0.0903174
vn -0.2258030 0.9741080 0.0112562
vn -0.3355158 0.9360154 0.1063220
vn -0.0698375 0.9937598 -0.0869720
vn -0.4518711 0.8906186 -0.0510982
vn 0.1012065 -0.9629353 -0.2500256
vn 0.1012065 -0.9629353 -0.2500256
vn 0.1012065 -0.9629353 -0.2500256
vn -0.9999702 0.0072517 -0.0026329
vn -0.9999836 -0.0043252 0.0037561
vn 0.0388653 0.7596591 0.6491591
vn 0.0388653 0.7596591 0.6491591
vn 0.0388653 0.7596591 0.6491591
vn -0.9999798 -0.0054476 0.0032831
vn -0.9999798 -0.0054476 0.0032831
vn -0.9999798 -0.0054476 0.0032831
vn -0.0176675 0.4558415 0.8898856
vn -0.0176675 0.4558415 0.8898856
vn -0.0176675 0.4558415 0.8898856
vn -0.0132523 -0.9996556 0.0226496
vn -0.0132523 -0.9996556 0.0226496
vn -0.0132523 -0.9996556 0.0226496
vn -0.9999946 -0.0026100 0.0019731
vn -0.9992305 -0.0227738 0.0319324
vn -0.9996089 -0.0173450 0.0219351
vn -0.9999859 -0.0053152 -0.0001573
vn 0.0434691 0.9990118 -0.0092620
vn 0.0434691 0.9990118 -0.0092620
vn 0.0434691 0.9990118 -0.0092620
vn 0.6784934 -0.7087547 0.1931668
vn 0.4783275 -0.8779737 0.0191065
vn 0.7945381 -0.4960759 0.3501684
vn 0.4169296 -0.8967133 0.1485762
vn -0.9999841 -0.0056106 0.0005872
vn 0.0121411 -0.9999103 -0.0056506
vn 0.0121411 -0.9999103 -0.0056506
vn 0.0121411 -0.9999103 -0.0056506
vn -0.0448827 -0.9989835 0.0041924
vn -0.0478027 -0.9985588 0.0243968
vn -0.0434633 -0.9990548 0.0007272
vn -0.9999843 -0.0056110 -0.0000307
vn -0.0369187 0.9955325 0.0869030
vn -0.0493064 0.9877939 0.1477571
vn -0.0352014 0.9962928 0.0784959
vn -0.0203750 -0.0023645 0.9997896
vn -0.0109049 -0.0007038 0.9999403
vn -0.0217338 -0.0026028 0.9997604
vn -0.0099695 -0.0005398 0.9999502
vn -0.0477418 -0.9985059 0.0265835
vn -0.0017484 0.0056737 0.9999824
vn -0.0017484 0.0056737 0.9999824
vn -0.0017484 0.0056737 0.9999824
vn -0.9999835 -0.0055440 -0.0014761
vn 0.0035904 0.9264836 0.3763180
vn -0.0049266 0.9774025 0.2113295
vn -0.0217833 0.9996748 0.0132590
vn -0.0169245 0.9995392 0.0251966
vn -0.9972280 -0.0002290 0.0744060
vn -0.9990941 0.0003394 0.0425550
vn -0.0010833 -0.9991942 -0.0401217
vn 0.0011641 -0.9991933 -0.0401413
vn -0.9999965 0.0010626 0.0024189
vn -0.0562814 -0.9961252 0.0675796
vn -0.9999990 -0.0004675 0.0013622
vn -0.9999725 -0.0062589 -0.0039666
vn 0.0009307 0.9953018 -0.0968163
vn 0.0022528 -0.2331440 -0.9724396
vn 0.0022528 -0.2331440 -0.9724396
vn 0.0022528 -0.2331440 -0.9724396
vn -0.0013242 0.0145084 -0.9998939
vn -0.0055115 0.0113544 -0.9999203
vn -0.0067206 0.0078144 -0.9999469
vn -0.0120098 0.0026841 -0.9999243
vn -0.0119667 0.0026867 -0.9999248
vn -0.0048187 0.0146817 -0.9998806
vn -0.0313582 0.9958002 -0.0860153
vn -0.0313582 0.9958002 -0.0860153
vn -0.0313582 0.9958002 -0.0860153
vn 0.0023636 -0.9991908 -0.0401516
vn -0.9969047 0.0776887 0.0120601
vn -0.9969047 0.0776887 0.0120601
vn -0.9969047 0.0776887 0.0120601
vn -0.0242751 0.9996629 -0.0092062
vn -0.0154078 -0.9963111 0.0844206
vn -0.0154078 -0.9963111 0.0844206
vn -0.0154078 -0.9963111 0.0844206
vn -0.9999897 -0.0042042 -0.0016853
vn -0.0084759 -0.0021071 0.9999619
vn -0.0084759 -0.0021071 0.9999619
vn -0.0084759 -0.0021071 0.9999619
vn 0.0006327 -0.9991940 -0.0401367
vn 0.0366931 -0.9993262 -0.0009014
vn 0.0366931 -0.9993262 -0.0009014
vn 0.0366931 -0.9993262 -0.0009014
vn -0.9999710 -0.0054702 -0.0052967
vn -0.9998931 -0.0144297 0.0023771
vn -0.9999611 -0.0015061 -0.0086916
vn -0.0158560 0.8545721 -0.5190906
vn -0.0531501 0.9154857 -0.3988245
vn -0.0653929 0.6998119 -0.7113277
vn 0.0501771 0.6147833 -0.7870983
vn -0.0099059 0.9986003 -0.0519553
vn -0.0060578 0.9985394 -0.0536877
vn -0.0158659 0.9995737 0.0245079
vn -0.0427880 -0.9945381 0.0952001
vn -0.0427880 -0.9945381 0.0952001
vn -0.0427880 -0.9945381 0.0952001
vn -0.0129595 -0.0022666 -0.9999135
vn -0.0105285 -0.0019157 -0.9999427
vn -0.0075465 -0.0028215 -0.9999675
vn 0.0017393 -0.0073479 -0.9999715
vn -0.0202150 -0.0256346 0.9994670
vn -0.0202150 -0.0256346 0.9994670
vn -0.0202150 -0.0256346 0.9994670
vn -0.0141971 -0.0113151 -0.9998352
vn 0.0030427 -0.0156168 -0.9998734
vn -0.0007813 -0.0098522 -0.9999512
vn -0.0725971 0.9753338 0.2084554
vn 0.0085807 0.9997469 0.0207991
vn -0.0466152 0.9878006 0.1485834
vn -0.9992686 0.0235411 -0.0301356
vn 0.0400115 0.9978284 -0.0523218
vn -0.0043071 -0.0016597 0.9999893
vn -0.0053901 -0.0016834 0.9999841
vn -0.0066308 -0.0017105 0.9999766
vn -0.0024608 -0.0016193 0.9999957
vn -0.0198781 -0.9868920 0.1601530
vn -0.0009185 -0.9404755 0.3398602
vn -0.0307053 -0.9979459 0.0562247
vn -0.0357326 -0.9993605 -0.0013397
vn -0.0359577 -0.9993520 -0.0016333
vn -0.0372409 -0.9992687 -0.0086729
vn 0.9999876 -0.0049469 0.0005333
vn 0.9999876 -0.0049469 0.0005333
vn 0.9999876 -0.0049469 0.0005333
vn 0.8345060 0.5477631 -0.0596264
vn 0.8411479 0.5383742 -0.0512191
vn 0.8358098 0.5459475 -0.0579937
vn 0.8422009 0.5368530 -0.0498651
vn 0.9860203 0.1654120 0.0200725
vn 0.9860203 0.1654120 0.0200725
vn 0.9860203 0.1654120 0.0200725
vn -0.9999990 0.0013785 0.0001871
vn -0.9982882 0.0035062 -0.0583820
vn -0.9996505 0.0003934 -0.0264326
vn 0.0103772 0.4597464 -0.8879896
vn 0.0103772 0.4597464 -0.8879896
vn 0.0134466 0.0244498 -0.9996106
vn -0.0015583 0.0038845 -0.9999912
vn 0.0097530 0.0193879 -0.9997645
vn -0.0847646 0.9248472 -0.3707731
vn 0.1934250 0.5980683 -0.7777538
vn 0.2260066 0.9692984 -0.0968593
vn -0.6108766 0.0370057 -0.7908605
vn -0.6108766 0.0370057 -0.7908605
vn -0.6108766 0.0370057 -0.7908605
vn 0.0056704 0.9370501 0.3491490
vn 0.0415909 0.0630129 -0.9971457
vn -0.1182967 -0.0511520 -0.9916599
vn -0.1182967 -0.0511520 -0.9916599
vn -0.1182967 -0.0511520 -0.9916599
vn 0.1858396 0.9710771 -0.1499095
vn -0.8950109 -0.0067482 -0.4459933
vn -0.8945646 -0.0096822 -0.4468337
vn 0.0086967 0.0012296 -0.9999614
vn 0.0004095 -0.0017631 -0.9999984
vn -0.0012872 -0.0054255 -0.9999845
vn -0.8934867 -0.0165506 -0.4487846
vn -0.0023396 -0.0117079 -0.9999287
vn 0.0098256 0.0014296 -0.9999507
vn -0.4205783 0.8857877 0.1961990
vn -0.2140426 0.9714707 -0.1021291
vn 0.0167440 -0.9995758 -0.0238284
vn 0.0167440 -0.9995758 -0.0238284
vn 0.0167440 -0.9995758 -0.0238284
vn -0.2335585 0.9633446 -0.1319761
vn -0.4736081 0.8791727 0.0524481
vn 0.0147786 0.8071079 -0.5902189
vn 0.0497418 0.9951260 -0.0851467
vn -0.0254334 0.3710131 -0.9282793
vn -0.9999779 0.0004910 0.0066324
vn 0.1839864 0.9346153 -0.3043734
vn 0.0097752 -0.2510807 0.9679168
vn 0.0097752 -0.2510807 0.9679168
vn 0.0097752 -0.2510807 0.9679168
vn 0.0002227 0.0078161 0.9999694
vn -0.0251851 0.0103818 0.9996289
vn -0.0000785 0.0101862 0.9999481
vn 0.0297585 0.0246067 0.9992542
vn 0.0347516 0.0188712 0.9992178
vn 0.0051502 0.0109520 0.9999268
vn -0.1954025 0.9786705 -0.0634180
vn 0.4588230 0.5604064 0.6895115
vn 0.2929598 0.9190358 -0.2637189
vn -0.3739017 0.6022824 -0.7053037
vn -0.7490511 0.2421014 -0.6166923
vn -0.0849618 0.9961511 0.0215498
vn -0.0428246 0.9980615 0.0451584
vn -0.0425519 0.9976473 0.0537517
vn -0.9999968 -0.0018266 0.0017390
vn -0.9999968 -0.0018266 0.0017390
vn -0.9999968 -0.0018266 0.0017390
vn 0.9983373 -0.0109729 -0.0565876
vn 0.9983373 -0.0109729 -0.0565876
vn 0.9983373 -0.0109729 -0.0565876
vn -0.0010514 0.9985930 0.0530182
vn -0.9998851 0.0022443 0.0149888
vn 0.0235843 -0.9996770 -0.0094731
vn 0.0235843 -0.9996770 -0.0094731
vn 0.0235843 -0.9996770 -0.0094731
vn 0.0534799 0.9984887 -0.0126572
vn 0.0103772 0.4597464 -0.8879896
vn -0.8959713 -0.0002333 -0.4441120
vn -0.6375149 0.7620744 0.1132133
vn -0.9268773 0.3486119 0.1391697
vn 0.0007582 -0.0080227 0.9999675
vn 0.0007582 -0.0080227 0.9999675
vn 0.0007582 -0.0080227 0.9999675
vn -0.0002649 0.0196253 0.9998074
vn -0.0049812 0.0080045 0.9999556
vn -0.0012020 0.0173165 0.9998493
vn -0.0059054 0.0057269 0.9999662
vn 0.0040267 -0.0041890 0.9999831
vn -0.0148432 0.0026330 0.9998864
vn -0.1143041 -0.0177753 0.9932868
vn -0.0261778 0.0108568 0.9995983
vn 0.6470644 0.0033753 0.7624279
vn 0.6470644 0.0033753 0.7624279
vn 0.6470644 0.0033753 0.7624279
vn -0.1390631 0.9902368 0.0096162
vn -0.1362599 0.9906731 -0.0003230
vn -0.1397639 0.9901108 0.0121092
vn -0.0204712 0.9917860 0.1262596
vn -0.0279239 0.9972931 0.0680197
vn -0.0114578 0.9794675 0.2012764
vn -0.0514383 0.0298562 0.9982298
vn -0.1447918 0.9890045 0.0300913
vn -0.9999923 -0.0038825 0.0006516
vn -0.9996387 -0.0120641 -0.0240180
vn -0.9999865 -0.0047422 0.0021382
vn 0.9985840 0.0047234 0.0529876
vn 0.9996516 -0.0004290 0.0263896
vn 0.9997288 -0.0010341 0.0232650
vn -0.0241199 0.9945464 0.1014677
vn 0.0207109 0.8952695 0.4450433
vn -0.0068371 0.9663425 0.2571683
vn -0.0735632 -0.9971139 0.0187705
vn -0.0735632 -0.9971139 0.0187705
vn -0.0735632 -0.9971139 0.0187705
vn -0.9999855 0.0015276 0.0051606
vn -0.9999361 0.0022830 0.0110746
vn -0.1295131 -0.0203979 0.9913679
vn -0.9999098 -0.0106457 0.0081938
vn 0.0026152 -0.9900100 0.1409729
vn 0.0026152 -0.9900100 0.1409729
vn 0.0026152 -0.9900100 0.1409729
vn -0.9997885 -0.0085047 0.0187239
vn 0.9999973 -0.0013993 0.0018459
vn 0.9999973 -0.0013993 0.0018459
vn -0.0807279 0.9693667 -0.2319724
vn -0.0596202 0.9900789 -0.1272365
vn -0.0047480 -0.9999185 0.0118517
vn -0.0047480 -0.9999185 0.0118517
vn -0.0047480 -0.9999185 0.0118517
vn 0.9806846 0.1940108 0.0248509
vn 0.9827342 0.1823773 0.0311786
vn 0.9721344 0.2344088 0.0026934
vn -0.0898099 0.9959130 0.0095644
vn 0.9703866 0.2415539 -0.0012558
vn 0.9999806 -0.0059175 -0.0019662
vn -0.9999311 -0.0117343 -0.0000511
vn -0.9976754 -0.0329113 -0.0596716
vn -0.0415206 0.9990333 -0.0144405
vn -0.0098530 -0.8254104 -0.5644471
vn -0.0098530 -0.8254104 -0.5644471
vn 0.0158311 0.4405555 -0.8975858
vn 0.0158311 0.4405555 -0.8975858
vn -0.0127529 0.0004985 -0.9999186
vn -0.0127529 0.0004985 -0.9999186
vn -0.0127529 0.0004985 -0.9999186
vn -0.0458430 0.9985736 -0.0273703
vn -0.9866225 -0.0671888 -0.1485321
vn 0.0012155 0.0261892 -0.9996563
vn 0.0012155 0.0261892 -0.9996563
vn 0.0012155 0.0261892 -0.9996563
vn 0.9999973 -0.0013993 0.0018459
vn -0.0098530 -0.8254104 -0.5644471
vn 0.0158311 0.4405555 -0.8975858
vn 0.0067838 0.0061687 -0.9999580
vn 0.0067838 0.0061687 -0.9999580
vn 0.0067838 0.0061687 -0.9999580
vn 0.0003935 0.0201916 0.9997961
vn 0.0003935 0.0201916 0.9997961
vn 0.0003935 0.0201916 0.9997961
vn -0.0021238 0.8384940 0.5449068
vn 0.0233612 0.9980558 0.0577831
vn 0.0293456 0.9570562 0.2884135
vn 0.9999100 -0.0114911 -0.0069189
vn 0.9999100 -0.0114911 -0.0069189
vn 0.9999100 -0.0114911 -0.0069189
vn 0.0964099 0.9791053 -0.1790471
vn 0.0823757 0.9822623 -0.1684488
vn 0.3251297 0.0002996 0.9456694
vn 0.3251297 0.0002996 0.9456694
vn 0.3251297 0.0002996 0.9456694
vn -0.9982707 0.0068668 0.0583817
vn -0.9982707 0.0068668 0.0583817
vn -0.9982707 0.0068668 0.0583817
vn -0.0055995 -0.0005218 0.9999842
vn -0.0017154 -0.0048198 0.9999869
vn -0.0044715 -0.0106227 0.9999336
vn 0.0138481 -0.0002931 0.9999041
vn 0.0483380 0.0360422 0.9981805
vn 0.0958578 0.0603311 0.9935650
vn -0.1241720 0.5581484 0.8203973
vn -0.1032967 0.2746899 0.9559682
vn -0.1173097 0.9867065 0.1124661
vn 0.2083624 0.9552342 -0.2100305
vn 0.1836972 0.9781506 -0.0973484
vn 0.9972412 0.0742051 0.0018985
vn 0.9998286 0.0183513 -0.0024678
vn 0.9990160 0.0443497 -0.0004369
vn 0.9998043 -0.0006473 0.0197727
vn 0.9998043 -0.0006473 0.0197727
vn 0.9998043 -0.0006473 0.0197727
vn -0.0012850 0.9947482 0.1023445
vn 0.0366792 -0.9932213 0.1102998
vn -0.0599617 -0.9981411 -0.0109034
vn 0.0131157 -0.9966367 0.0808905
vn -0.0724277 -0.9970175 -0.0266514
vn -0.0009471 0.0163411 -0.9998660
vn 0.0063377 0.0049271 -0.9999678
vn 0.0027154 0.0106029 -0.9999401
vn 0.0119513 -0.0038704 -0.9999211
vn -0.1068698 0.9936828 -0.0342537
vn 0.1630669 0.9865639 -0.0100445
vn 0.1802185 0.9801834 -0.0822306
vn 0.9999923 0.0007739 -0.0038394
vn 0.9523885 -0.3009595 0.0487809
vn 0.9811133 -0.1587993 0.1104512
vn 0.9903200 -0.1387562 0.0036193
vn 0.9725861 -0.2287523 -0.0418162
vn 0.0725106 0.8696658 0.4882864
vn 0.0500830 0.9745181 0.2186462
vn 0.0734205 0.9870700 -0.1424856
vn -0.6997262 -0.4778036 -0.5311186
vn -0.6997262 -0.4778036 -0.5311186
vn -0.6997262 -0.4778036 -0.5311186
vn 0.0277987 0.9993340 0.0236371
vn 0.0271286 0.9996284 -0.0026676
vn 0.0020574 0.9457121 -0.3249990
vn 0.1168195 -0.9931067 -0.0096022
vn 0.1168195 -0.9931067 -0.0096022
vn 0.1168195 -0.9931067 -0.0096022
vn -0.9999711 -0.0073710 0.0018661
vn -0.9999711 -0.0073710 0.0018661
vn -0.9999711 -0.0073710 0.0018661
vn 0.0006070 0.0121231 -0.9999263
vn 0.0071886 0.0169342 -0.9998308
vn -0.0087897 0.0155904 -0.9998398
vn -0.0935204 0.0137297 -0.9955227
vn -0.2119623 0.0018072 -0.9772762
vn -0.1925225 0.8949694 -0.4024487
vn 0.1401347 0.9899435 -0.0193413
vn 0.1449262 0.9870807 -0.0683236
vn -0.2378451 0.8446610 -0.4795596
vn -0.2259493 0.8415690 -0.4906206
vn 0.3079605 0.9460515 -0.1007318
vn 0.9116560 -0.4109529 0.0010105
vn 0.9997804 0.0091301 0.0188599
vn 0.9997804 0.0091301 0.0188599
vn 0.9997804 0.0091301 0.0188599
vn 0.9999944 -0.0029128 0.0016561
vn 0.9999944 -0.0029128 0.0016561
vn 0.9999944 -0.0029128 0.0016561
vn 0.0339093 0.9934794 0.1088526
vn 0.0339093 0.9934794 0.1088526
vn 0.0339093 0.9934794 0.1088526
vn 0.0625873 0.9501778 0.3053604
vn 0.0625873 0.9501778 0.3053604
vn 0.0625873 0.9501778 0.3053604
vn 0.9319743 -0.3459575 0.1083389
vn 0.8247439 -0.5653233 -0.0143900
vn -0.0316361 -0.9994643 -0.0083852
vn -0.0316361 -0.9994643 -0.0083852
vn -0.0316361 -0.9994643 -0.0083852
vn 0.9989890 0.0345400 -0.0287757
vn 0.9989890 0.0345400 -0.0287757
vn 0.9989890 0.0345400 -0.0287757
vn 0.9771022 -0.1419440 0.1585028
vn 0.9771022 -0.1419440 0.1585028
vn 0.9771022 -0.1419440 0.1585028
vn -0.9999538 -0.0094517 0.0017248
vn -0.9999538 -0.0094517 0.0017248
vn -0.9999538 -0.0094517 0.0017248
vn -0.9996602 0.0254980 -0.0054201
vn -0.9577687 0.0925214 -0.2722479
vn -0.9870898 0.0786463 -0.1395299
vn -0.9998301 0.0079019 0.0166556
vn -0.9999814 -0.0041426 0.0044657
vn -0.3329036 0.8800806 0.3385755
vn 0.2118891 0.7369028 0.6419324
vn -0.0685289 0.8545446 0.5148372
vn 0.0231571 0.0354240 0.9991040
vn 0.0231571 0.0354240 0.9991040
vn 0.0231571 0.0354240 0.9991040
vn -0.0610680 0.0204752 0.9979236
vn -0.0511932 0.0070389 0.9986640
vn -0.1320795 0.0134541 0.9911478
vn 0.0453979 0.0253310 0.9986478
vn 0.8759579 0.4819766 -0.0199105
vn 0.8759579 0.4819766 -0.0199105
vn 0.8759579 0.4819766 -0.0199105
vn -0.6658229 0.7460791 0.0067745
vn -0.0628192 0.0018647 0.9980232
vn 0.0164342 0.1174357 0.9929445
vn 0.0164342 0.1174357 0.9929445
vn 0.0164342 0.1174357 0.9929445
vn -0.7930101 0.6090702 0.0129777
vn -0.4048509 0.9136642 0.0362420
vn -0.9672569 0.2537027 0.0070068
vn -0.2320919 0.9666592 0.1081821
vn 0.8919515 -0.3374563 0.3009083
vn 0.5528891 -0.7978829 0.2402010
vn -0.1360260 0.9592519 0.2476546
vn -0.5105082 0.8513851 0.1205184
vn -0.9999368 0.0100662 -0.0050092
vn -0.9996375 0.0220746 -0.0154149
vn -0.9999895 0.0043993 -0.0013023
vn 0.9999521 -0.0052824 0.0082411
vn 0.9998682 0.0158941 -0.0033043
vn 0.9999796 -0.0000404 -0.0063921
vn 0.3545565 -0.7848007 0.5083086
vn -0.2960714 0.9367190 0.1868134
vn 0.9996064 0.0043367 0.0277160
vn 0.9983054 0.0228254 0.0535289
vn -0.0140485 -0.9189792 0.3940557
vn -0.1079651 -0.7145490 0.6912042
vn -0.4646290 0.8817686 0.0812649
vn -0.3846119 0.8975164 0.2157266
vn 0.1560641 -0.9874251 -0.0252113
vn 0.3942888 -0.0146458 0.9188699
vn 0.3942888 -0.0146458 0.9188699
vn 0.3942888 -0.0146458 0.9188699
vn -0.1332877 -0.2866312 0.9487238
vn -0.0063249 -0.0026588 0.9999765
vn -0.0059391 -0.0027283 0.9999786
vn -0.0095074 -0.0020850 0.9999526
vn 0.8722980 -0.4689793 0.1384004
vn -0.0091722 -0.0021454 0.9999556
vn 0.0008483 -0.0084305 0.9999641
vn 0.0008483 -0.0084305 0.9999641
vn 0.0008483 -0.0084305 0.9999641
vn -0.0019785 -0.9922040 0.1246087
vn -0.0011250 -0.9498690 -0.3126461
vn -0.0016972 -0.9991855 -0.0403157
vn -0.0094699 -0.9996478 -0.0247907
vn -0.0202445 -0.9989452 -0.0412137
vn -0.0076946 -0.9997265 -0.0220843
vn -0.0001225 -0.7426747 -0.6696524
vn 0.0190125 0.9887328 0.1484788
vn 0.0093327 0.9974443 0.0708364
vn 0.0068007 0.9986993 0.0505313
vn 0.0364573 0.9981824 0.0479865
vn 0.0364573 0.9981824 0.0479865
vn 0.0364573 0.9981824 0.0479865
vn 0.0380859 -0.9981333 0.0477432
vn -0.0117803 0.9997294 -0.0200593
vn -0.0117803 0.9997294 -0.0200593
vn -0.0117803 0.9997294 -0.0200593
vn -0.1106635 -0.9249305 -0.3636718
vn -0.0753945 -0.9917709 -0.1034701
vn 0.0241576 -0.9709684 -0.2379847
vn 0.0005813 0.0356780 -0.9993632
vn 0.0005813 0.0356780 -0.9993632
vn 0.0005813 0.0356780 -0.9993632
vn -0.0074262 0.9979523 -0.0635300
vn 0.9692923 -0.2244749 -0.1004162
vn 0.9692923 -0.2244749 -0.1004162
vn 0.9692923 -0.2244749 -0.1004162
vn -0.2088105 0.0084262 -0.9779198
vn -0.2088105 0.0084262 -0.9779198
vn -0.2088105 0.0084262 -0.9779198
vn -0.1012439 -0.8353382 -0.5403330
vn 0.0973602 0.0094263 -0.9952046
vn 0.0973602 0.0094263 -0.9952046
vn 0.0973602 0.0094263 -0.9952046
vn 0.0078046 0.0087074 -0.9999316
vn 0.0094791 0.0100876 -0.9999042
vn 0.0060198 0.0072362 -0.9999557
vn -0.5191805 -0.7302350 -0.4440816
vn -0.1911716 -0.1059640 -0.9758202
vn -0.1911716 -0.1059640 -0.9758202
vn -0.1911716 -0.1059640 -0.9758202
vn 0.9836149 -0.1050870 -0.1464869
vn 0.9876791 -0.1287874 -0.0889034
vn 0.9911286 -0.1236286 -0.0487859
vn -0.0007003 0.0016967 -0.9999983
vn 0.9998731 -0.0062446 -0.0146587
vn 0.9969049 0.0096921 -0.0780170
vn 0.9983681 0.0064186 -0.0567444
vn 0.9998524 -0.0161099 0.0059750
vn 0.9847117 -0.0853809 -0.1518321
vn 0.0004914 0.0082517 0.9999658
vn 0.0004914 0.0082517 0.9999658
vn 0.0004914 0.0082517 0.9999658
vn 0.4653076 -0.8851248 0.0065445
vn 0.8187935 -0.5524203 -0.1562337
vn 0.9939956 -0.1092081 -0.0068122
vn 0.8089743 -0.5753063 0.1207610
vn -0.7824474 0.6225136 0.0159047
vn -0.7824474 0.6225136 0.0159047
vn -0.7824474 0.6225136 0.0159047
vn 0.9995021 -0.0256680 0.0183473
vn 0.0049601 -0.9996729 -0.0250908
vn 0.0049601 -0.9996729 -0.0250908
vn 0.0049601 -0.9996729 -0.0250908
vn 0.9996731 0.0253174 -0.0035603
vn 0.9996731 0.0253174 -0.0035603
vn 0.9996731 0.0253174 -0.0035603
vn 0.8388294 -0.5136022 -0.1804937
vn 0.9215711 -0.3696969 0.1184522
vn 0.1183494 -0.9921753 0.0397684
vn 0.9632760 -0.2423878 0.1155313
vn -0.0203870 0.8530009 -0.5215111
vn -0.0824773 0.5758664 -0.8133729
vn -0.0068671 0.9772482 -0.2119877
vn 0.9998218 0.0149076 -0.0115803
vn 0.9995403 0.0219125 -0.0209539
vn 0.9929968 0.0293735 -0.1144315
vn -0.4409568 0.2660671 -0.8571846
vn -0.6372348 0.2079796 -0.7420757
vn -0.9139495 0.0306092 -0.4046719
vn -0.9139495 0.0306092 -0.4046719
vn -0.9139495 0.0306092 -0.4046719
vn -0.0205133 -0.0064443 -0.9997688
vn -0.2868810 0.0015585 -0.9579649
vn -0.0407433 0.0182990 -0.9990021
vn 0.0410362 0.0403423 -0.9983429
vn 0.0073055 0.0123861 -0.9998966
vn 0.9997179 0.0113032 0.0208894
vn 0.0021739 0.0019406 -0.9999958
vn 0.0034546 0.0013150 -0.9999932
vn 0.1118158 -0.0157167 -0.9936047
vn 0.0630941 -0.0100683 -0.9979568
vn -0.0147766 -0.0003537 -0.9998908
vn 0.3052379 -0.9435773 0.1284203
vn 0.0264679 -0.9963201 -0.0815209
vn 0.0695987 -0.8888703 0.4528417
vn 0.5737490 -0.7784339 -0.2546620
vn 0.9844513 -0.1382987 -0.1083012
vn 0.9066607 -0.2073216 -0.3674019
vn 0.9999669 0.0055167 -0.0059815
vn -0.0255061 -0.9964541 -0.0801794
vn 0.4083757 -0.9067483 -0.1050564
vn 0.9377341 -0.2856008 -0.1977041
vn 0.0215268 0.9990323 -0.0383545
vn 0.0480744 0.9985789 -0.0230014
vn 0.0607050 0.9980102 0.0170452
vn 0.0398944 0.9980789 -0.0474017
vn 0.0261948 0.9965752 -0.0784330
vn 0.0632175 0.9979868 -0.0050884
vn -0.0172867 0.0217930 0.9996130
vn 0.0016082 0.0306103 0.9995301
vn -0.0066240 0.0244583 0.9996789
vn -0.0257088 0.0234400 0.9993946
vn -0.0640764 0.0135115 0.9978535
vn -0.0120512 0.0205203 0.9997168
vn -0.9999426 -0.0106997 -0.0004749
vn -0.9999455 -0.0104070 0.0008448
vn -0.9999896 -0.0040652 -0.0020451
vn 0.8900705 -0.4234607 -0.1686875
vn 0.9999764 0.0057680 0.0037320
vn -0.1518480 0.9743212 0.1662538
vn 0.0255625 0.9957646 0.0883145
vn 0.1357748 0.9273003 0.3488258
vn -0.9999779 0.0065702 -0.0009716
vn 0.2165370 0.9675873 0.1299482
vn 0.0619531 0.9966205 0.0539397
vn 0.2933722 0.9453218 0.1424759
vn -0.1899463 0.9782489 0.0833637
vn -0.4465344 0.8947489 -0.0056075
vn -0.9999392 0.0095992 -0.0054197
vn -0.9999375 0.0046546 -0.0101649
vn -0.0135852 0.0018537 0.9999060
vn -0.0138095 0.0039444 0.9998969
vn -0.0142769 0.0020875 0.9998959
vn 0.0111151 0.0115335 0.9998717
vn 0.0071019 0.0085345 0.9999384
vn 0.0040406 0.0044002 0.9999822
vn 0.0013922 0.0007654 0.9999987
vn -0.8638011 0.0009476 0.5038320
vn -0.8638011 0.0009476 0.5038320
vn -0.8638011 0.0009476 0.5038320
vn -0.6061764 0.0026218 0.7953259
vn -0.6061764 0.0026218 0.7953259
vn -0.6061764 0.0026218 0.7953259
vn -0.9996378 -0.0264254 0.0050874
vn -0.9223715 0.0085756 0.3862089
vn -0.9974397 0.0102615 0.0707731
vn -0.9998030 -0.0190680 -0.0055055
vn -0.9999704 -0.0065078 0.0040993
vn -0.9999367 -0.0109262 -0.0026766
vn -0.0615259 0.9974972 0.0348418
vn 0.0197764 0.9953640 0.0941244
vn 0.0142913 0.9958256 0.0901503
vn -0.9999827 0.0049707 0.0031580
vn -0.9959571 0.0021214 -0.0898048
vn -0.9466032 -0.0007177 -0.3224002
vn -0.9999715 -0.0014608 0.0074092
vn -0.9997280 -0.0199716 0.0120448
vn -0.9998354 0.0181412 -0.0001614
vn 0.9999428 -0.0010912 0.0106384
vn 0.9999921 0.0014547 0.0036878
vn 0.9999649 0.0028200 -0.0078949
vn 0.6424908 0.4515813 0.6190960
vn -0.5200239 0.8501218 -0.0828735
vn -0.3894204 0.9207835 -0.0225708
vn 0.5766835 0.5845592 0.5707247
vn -0.1928700 0.9809902 -0.0214337
vn 0.9999169 -0.0016305 0.0127918
vn 0.9999183 -0.0015328 0.0126886
vn -0.1136916 0.9919916 -0.0550166
vn 0.9998834 0.0034105 -0.0148880
vn -0.0861190 0.9915920 -0.0965863
vn -0.9998696 0.0008855 0.0161219
vn 0.5850381 -0.8031095 0.1128958
vn 0.5850381 -0.8031095 0.1128958
vn 0.5850381 -0.8031095 0.1128958
vn -0.9988930 0.0466604 -0.0059711
vn -0.9995572 -0.0242009 -0.0173106
vn -0.9889607 -0.1480261 -0.0067138
vn -0.9889607 -0.1480261 -0.0067138
vn -0.9889607 -0.1480261 -0.0067138
vn -0.9230138 0.0000968 -0.3847669
vn -0.8694714 -0.0007891 -0.4939827
vn 0.0192481 0.8225354 -0.5683881
vn 0.0192481 0.8225354 -0.5683881
vn 0.0192481 0.8225354 -0.5683881
vn -0.1676068 -0.0018321 -0.9858522
vn -0.1676068 -0.0018321 -0.9858522
vn -0.1676068 -0.0018321 -0.9858522
vn -0.0128354 -0.6984133 -0.7155796
vn 0.5816865 -0.5794136 -0.5708946
vn 0.1772554 -0.6910497 -0.7007359
vn -0.0617962 -0.6961941 -0.7151888
vn 0.1141939 -0.9927287 0.0380722
vn 0.1141939 -0.9927287 0.0380722
vn 0.1141939 -0.9927287 0.0380722
vn 0.3090774 0.9030470 0.2982907
usemtl meshy
f 2053/2053/2053 2054/2054/2054 2055/2055/2055
f 967/967/967 968/968/968 969/969/969
f 2187/2187/2187 2188/2188/2188 2189/2189/2189
f 906/906/906 907/907/907 908/908/908
f 931/931/931 932/932/932 933/933/933
f 908/908/908 909/909/909 906/906/906
f 970/970/970 971/971/971 972/972/972
f 1818/1818/1818 1819/1819/1819 1820/1820/1820
f 910/910/910 911/911/911 912/912/912
f 2190/2190/2190 2191/2191/2191 2192/2192/2192
f 1821/1821/1821 1822/1822/1822 1823/1823/1823
f 2192/2192/2192 2193/2193/2193 2187/2187/2187
f 2192/2192/2192 2187/2187/2187 2189/2189/2189
f 2192/2192/2192 2191/2191/2191 2193/2193/2193
f 909/909/909 908/908/908 910/910/910
f 973/973/973 972/972/972 971/971/971
f 908/908/908 911/911/911 910/910/910
f 1823/1823/1823 1822/1822/1822 1824/1824/1824
f 2194/2194/2194 2195/2195/2195 2196/2196/2196
f 968/968/968 967/967/967 974/974/974
f 1825/1825/1825 1826/1826/1826 1827/1827/1827
f 1826/1826/1826 1825/1825/1825 1828/1828/1828
f 1829/1829/1829 1830/1830/1830 1831/1831/1831
f 2197/2197/2197 2198/2198/2198 2199/2199/2199
f 2200/2200/2200 2201/2201/2201 2202/2202/2202
f 2203/2203/2203 2204/2204/2204 2205/2205/2205
f 1832/1832/1832 1833/1833/1833 1834/1834/1834
f 913/913/913 914/914/914 915/915/915
f 1835/1835/1835 1836/1836/1836 1837/1837/1837
f 975/975/975 976/976/976 977/977/977
f 1076/1076/1076 1077/1077/1077 1078/1078/1078
f 2206/2206/2206 2207/2207/2207 2208/2208/2208
f 1826/1826/1826 1828/1828/1828 1838/1838/1838
f 1832/1832/1832 1834/1834/1834 1839/1839/1839
f 978/978/978 979/979/979 980/980/980
f 2209/2209/2209 2210/2210/2210 2211/2211/2211
f 1840/1840/1840 1841/1841/1841 1842/1842/1842
f 2212/2212/2212 2213/2213/2213 2200/2200/2200
f 1076/1076/1076 1079/1079/1079 1080/1080/1080
f 1843/1843/1843 1844/1844/1844 1845/1845/1845
f 913/913/913 915/915/915 916/916/916
f 2202/2202/2202 2214/2214/2214 2200/2200/2200
f 1846/1846/1846 1847/1847/1847 1848/1848/1848
f 2215/2215/2215 2216/2216/2216 2217/2217/2217
f 2200/2200/2200 2214/2214/2214 2212/2212/2212
f 1849/1849/1849 1850/1850/1850 1851/1851/1851
f 1842/1842/1842 1852/1852/1852 1853/1853/1853
f 1854/1854/1854 1827/1827/1827 1826/1826/1826
f 1842/1842/1842 1855/1855/1855 1840/1840/1840
f 1856/1856/1856 1857/1857/1857 1858/1858/1858
f 2209/2209/2209 2205/2205/2205 2204/2204/2204
f 2218/2218/2218 2219/2219/2219 2220/2220/2220
f 1842/1842/1842 1859/1859/1859 1855/1855/1855
f 1888/1888/1888 1860/1860/1860 1861/1861/1861
f 2212/2212/2212 2209/2209/2209 2213/2213/2213
f 2221/2221/2221 2218/2218/2218 2220/2220/2220
f 913/913/913 916/916/916 917/917/917
f 1862/1862/1862 1846/1846/1846 1863/1863/1863
f 1864/1864/1864 1865/1865/1865 1866/1866/1866
f 915/915/915 918/918/918 916/916/916
f 1867/1867/1867 1868/1868/1868 1869/1869/1869
f 914/914/914 918/918/918 915/915/915
f 981/981/981 982/982/982 983/983/983
f 1852/1852/1852 1842/1842/1842 1841/1841/1841
f 984/984/984 985/985/985 986/986/986
f 1846/1846/1846 1848/1848/1848 1863/1863/1863
f 2221/2221/2221 2220/2220/2220 2222/2222/2222
f 859/859/859 860/860/860 861/861/861
f 934/934/934 935/935/935 936/936/936
f 918/918/918 917/917/917 916/916/916
f 976/976/976 987/987/987 977/977/977
f 1863/1863/1863 1848/1848/1848 1870/1870/1870
f 919/919/919 920/920/920 921/921/921
f 1871/1871/1871 1867/1867/1867 1869/1869/1869
f 1844/1844/1844 1872/1872/1872 1845/1845/1845
f 1081/1081/1081 1082/1082/1082 1083/1083/1083
f 913/913/913 917/917/917 922/922/922
f 2215/2215/2215 2223/2223/2223 2224/2224/2224
f 2056/2056/2056 2057/2057/2057 2058/2058/2058
f 2225/2225/2225 2220/2220/2220 2219/2219/2219
f 2209/2209/2209 2211/2211/2211 2205/2205/2205
f 1084/1084/1084 1085/1085/1085 1086/1086/1086
f 2215/2215/2215 2217/2217/2217 2226/2226/2226
f 1840/1840/1840 1855/1855/1855 1873/1873/1873
f 2220/2220/2220 2225/2225/2225 2227/2227/2227
f 2059/2059/2059 2060/2060/2060 2061/2061/2061
f 2210/2210/2210 2212/2212/2212 2228/2228/2228
f 982/982/982 988/988/988 983/983/983
f 983/983/983 989/989/989 981/981/981
f 917/917/917 918/918/918 923/923/923
f 918/918/918 914/914/914 923/923/923
f 2210/2210/2210 2209/2209/2209 2212/2212/2212
f 862/862/862 863/863/863 864/864/864
f 860/860/860 865/865/865 866/866/866
f 867/867/867 868/868/868 863/863/863
f 1140/1140/1140 1087/1087/1087 1088/1088/1088
f 990/990/990 991/991/991 992/992/992
f 1735/1735/1735 1736/1736/1736 1737/1737/1737
f 1738/1738/1738 1739/1739/1739 1740/1740/1740
f 867/867/867 863/863/863 869/869/869
f 1079/1079/1079 1076/1076/1076 1089/1089/1089
f 869/869/869 870/870/870 867/867/867
f 868/868/868 867/867/867 872/872/872
f 1090/1090/1090 1091/1091/1091 1092/1092/1092
f 2229/2229/2229 2230/2230/2230 2231/2231/2231
f 2207/2207/2207 2252/2252/2252 2208/2208/2208
f 1740/1740/1740 1739/1739/1739 1741/1741/1741
f 937/937/937 938/938/938 939/939/939
f 1093/1093/1093 1094/1094/1094 1095/1095/1095
f 2058/2058/2058 2057/2057/2057 2062/2062/2062
f 1874/1874/1874 1852/1852/1852 1841/1841/1841
f 924/924/924 925/925/925 926/926/926
f 862/862/862 869/869/869 863/863/863
f 2127/2127/2127 2128/2128/2128 2129/2129/2129
f 1875/1875/1875 1836/1836/1836 1835/1835/1835
f 939/939/939 938/938/938 940/940/940
f 919/919/919 927/927/927 920/920/920
f 2063/2063/2063 2064/2064/2064 2065/2065/2065
f 2223/2223/2223 2215/2215/2215 2226/2226/2226
f 928/928/928 929/929/929 930/930/930
f 1006/1006/1006 993/993/993 994/994/994
f 2130/2130/2130 2131/2131/2131 2132/2132/2132
f 2222/2222/2222 2227/2227/2227 2225/2225/2225
f 862/862/862 871/871/871 869/869/869
f 1742/1742/1742 1743/1743/1743 1744/1744/1744
f 2222/2222/2222 2220/2220/2220 2227/2227/2227
f 1745/1745/1745 1746/1746/1746 1747/1747/1747
f 2066/2066/2066 2067/2067/2067 2068/2068/2068
f 1076/1076/1076 1080/1080/1080 1077/1077/1077
f 862/862/862 864/864/864 873/873/873
f 861/861/861 860/860/860 866/866/866
f 2059/2059/2059 2061/2061/2061 2069/2069/2069
f 983/983/983 988/988/988 995/995/995
f 2070/2070/2070 2071/2071/2071 2072/2072/2072
f 941/941/941 940/940/940 938/938/938
f 2214/2214/2214 2202/2202/2202 2232/2232/2232
f 1093/1093/1093 1096/1096/1096 1141/1141/1141
f 1097/1097/1097 1098/1098/1098 1099/1099/1099
f 2128/2128/2128 2133/2133/2133 2134/2134/2134
f 874/874/874 875/875/875 876/876/876
f 859/859/859 861/861/861 877/877/877
f 2128/2128/2128 2127/2127/2127 2133/2133/2133
f 1889/1889/1889 1876/1876/1876 1877/1877/1877
f 2228/2228/2228 2212/2212/2212 2214/2214/2214
f 875/875/875 878/878/878 876/876/876
f 1890/1890/1890 1878/1878/1878 1879/1879/1879
f 2073/2073/2073 2074/2074/2074 2075/2075/2075
f 1748/1748/1748 1814/1814/1814 1749/1749/1749
f 2135/2135/2135 2136/2136/2136 2137/2137/2137
f 1750/1750/1750 1751/1751/1751 1752/1752/1752
f 2138/2138/2138 2139/2139/2139 2140/2140/2140
f 879/879/879 876/876/876 878/878/878
f 996/996/996 997/997/997 998/998/998
f 880/880/880 881/881/881 882/882/882
f 883/883/883 884/884/884 885/885/885
f 1753/1753/1753 1754/1754/1754 1755/1755/1755
f 1756/1756/1756 1757/1757/1757 1758/1758/1758
f 876/876/876 879/879/879 881/881/881
f 1100/1100/1100 1101/1101/1101 1102/1102/1102
f 880/880/880 876/876/876 881/881/881
f 880/880/880 882/882/882 886/886/886
f 2141/2141/2141 2142/2142/2142 2140/2140/2140
f 1753/1753/1753 1755/1755/1755 1759/1759/1759
f 1760/1760/1760 1750/1750/1750 1752/1752/1752
f 880/880/880 886/886/886 887/887/887
f 882/882/882 881/881/881 879/879/879
f 888/888/888 889/889/889 890/890/890
f 1880/1880/1880 1881/1881/1881 1882/1882/1882
f 874/874/874 876/876/876 880/880/880
f 1761/1761/1761 1762/1762/1762 1763/1763/1763
f 874/874/874 880/880/880 887/887/887
f 2076/2076/2076 2077/2077/2077 2078/2078/2078
f 2142/2142/2142 2138/2138/2138 2140/2140/2140
f 2233/2233/2233 2203/2203/2203 2205/2205/2205
f 2064/2064/2064 2079/2079/2079 2065/2065/2065
f 2131/2131/2131 2130/2130/2130 2143/2143/2143
f 1759/1759/1759 1755/1755/1755 1764/1764/1764
f 891/891/891 892/892/892 893/893/893
f 894/894/894 895/895/895 892/892/892
f 2234/2234/2234 2235/2235/2235 2236/2236/2236
f 984/984/984 986/986/986 999/999/999
f 894/894/894 892/892/892 891/891/891
f 1883/1883/1883 1836/1836/1836 1875/1875/1875
f 2211/2211/2211 2210/2210/2210 2237/2237/2237
f 894/894/894 896/896/896 895/895/895
f 938/938/938 937/937/937 942/942/942
f 1103/1103/1103 1104/1104/1104 1105/1105/1105
f 1106/1106/1106 1107/1107/1107 1108/1108/1108
f 1874/1874/1874 1841/1841/1841 1884/1884/1884
f 943/943/943 944/944/944 945/945/945
f 897/897/897 898/898/898 899/899/899
f 1765/1765/1765 1766/1766/1766 1815/1815/1815
f 1767/1767/1767 1768/1768/1768 1769/1769/1769
f 945/945/945 944/944/944 946/946/946
f 2211/2211/2211 2237/2237/2237 2238/2238/2238
f 1765/1765/1765 1770/1770/1770 1766/1766/1766
f 2239/2239/2239 2240/2240/2240 2241/2241/2241
f 947/947/947 948/948/948 949/949/949
f 2242/2242/2242 2243/2243/2243 2244/2244/2244
f 2080/2080/2080 2081/2081/2081 2082/2082/2082
f 950/950/950 951/951/951 952/952/952
f 947/947/947 949/949/949 953/953/953
f 2083/2083/2083 2084/2084/2084 2085/2085/2085
f 950/950/950 954/954/954 951/951/951
f 798/798/798 799/799/799 800/800/800
f 947/947/947 955/955/955 948/948/948
f 2144/2144/2144 2145/2145/2145 2146/2146/2146
f 956/956/956 957/957/957 958/958/958
f 2146/2146/2146 2145/2145/2145 2147/2147/2147
f 2147/2147/2147 2145/2145/2145 2148/2148/2148
f 2149/2149/2149 2150/2150/2150 2151/2151/2151
f 959/959/959 960/960/960 961/961/961
f 960/960/960 962/962/962 961/961/961
f 1771/1771/1771 1769/1769/1769 1768/1768/1768
f 1767/1767/1767 1772/1772/1772 1768/1768/1768
f 963/963/963 945/945/945 946/946/946
f 1759/1759/1759 1773/1773/1773 1774/1774/1774
f 800/800/800 801/801/801 802/802/802
f 2086/2086/2086 2073/2073/2073 2075/2075/2075
f 2087/2087/2087 2088/2088/2088 2089/2089/2089
f 2245/2245/2245 2246/2246/2246 2247/2247/2247
f 2090/2090/2090 2091/2091/2091 2092/2092/2092
f 799/799/799 801/801/801 800/800/800
f 964/964/964 965/965/965 966/966/966
f 2086/2086/2086 2093/2093/2093 2073/2073/2073
f 2094/2094/2094 2095/2095/2095 2096/2096/2096
f 1000/1000/1000 1001/1001/1001 1002/1002/1002
f 2097/2097/2097 2098/2098/2098 2099/2099/2099
f 2090/2090/2090 2092/2092/2092 2100/2100/2100
f 1885/1885/1885 1886/1886/1886 1887/1887/1887
f 1109/1109/1109 1091/1091/1091 1090/1090/1090
f 1110/1110/1110 1111/1111/1111 1112/1112/1112
f 1111/1111/1111 1113/1113/1113 1112/1112/1112
f 1775/1775/1775 1776/1776/1776 1777/1777/1777
f 2152/2152/2152 2153/2153/2153 2154/2154/2154
f 2101/2101/2101 2102/2102/2102 2103/2103/2103
f 2101/2101/2101 2103/2103/2103 2104/2104/2104
f 2155/2155/2155 2143/2143/2143 2130/2130/2130
f 1114/1114/1114 1115/1115/1115 1116/1116/1116
f 803/803/803 804/804/804 805/805/805
f 2152/2152/2152 2149/2149/2149 2151/2151/2151
f 803/803/803 805/805/805 806/806/806
f 1753/1753/1753 1759/1759/1759 1774/1774/1774
f 2152/2152/2152 2151/2151/2151 2150/2150/2150
f 1753/1753/1753 1774/1774/1774 1778/1778/1778
f 2150/2150/2150 2156/2156/2156 2157/2157/2157
f 1779/1779/1779 1753/1753/1753 1778/1778/1778
f 1117/1117/1117 1094/1094/1094 1093/1093/1093
f 2152/2152/2152 2158/2158/2158 2153/2153/2153
f 900/900/900 901/901/901 895/895/895
f 2159/2159/2159 2160/2160/2160 2161/2161/2161
f 2105/2105/2105 2098/2098/2098 2097/2097/2097
f 1780/1780/1780 1781/1781/1781 1782/1782/1782
f 1747/1747/1747 1783/1783/1783 1745/1745/1745
f 1117/1117/1117 1093/1093/1093 1141/1141/1141
f 2162/2162/2162 2160/2160/2160 2163/2163/2163
f 900/900/900 895/895/895 896/896/896
f 902/902/902 861/861/861 866/866/866
f 807/807/807 808/808/808 809/809/809
f 2162/2162/2162 2161/2161/2161 2160/2160/2160
f 1764/1764/1764 1784/1784/1784 1759/1759/1759
f 2160/2160/2160 2159/2159/2159 2164/2164/2164
f 855/855/855 810/810/810 811/811/811
f 1773/1773/1773 1759/1759/1759 1784/1784/1784
f 1785/1785/1785 1786/1786/1786 1787/1787/1787
f 2165/2165/2165 2166/2166/2166 2167/2167/2167
f 2165/2165/2165 2168/2168/2168 2166/2166/2166
f 812/812/812 813/813/813 814/814/814
f 1788/1788/1788 1789/1789/1789 1790/1790/1790
f 1118/1118/1118 1119/1119/1119 1120/1120/1120
f 2165/2165/2165 2169/2169/2169 2168/2168/2168
f 815/815/815 812/812/812 814/814/814
f 812/812/812 816/816/816 813/813/813
f 1003/1003/1003 1004/1004/1004 1005/1005/1005
f 1791/1791/1791 1792/1792/1792 1790/1790/1790
f 1121/1121/1121 1118/1118/1118 1120/1120/1120
f 1790/1790/1790 1792/1792/1792 1793/1793/1793
f 1790/1790/1790 1789/1789/1789 1791/1791/1791
f 903/903/903 904/904/904 905/905/905
f 2106/2106/2106 2107/2107/2107 2108/2108/2108
f 815/815/815 817/817/817 812/812/812
f 2167/2167/2167 2170/2170/2170 2165/2165/2165
f 2171/2171/2171 2172/2172/2172 2173/2173/2173
f 818/818/818 819/819/819 820/820/820
f 821/821/821 822/822/822 823/823/823
f 1122/1122/1122 1123/1123/1123 1124/1124/1124
f 2150/2150/2150 2174/2174/2174 2152/2152/2152
f 1141/1141/1141 1125/1125/1125 1117/1117/1117
f 824/824/824 825/825/825 826/826/826
f 1122/1122/1122 1124/1124/1124 1126/1126/1126
f 827/827/827 828/828/828 829/829/829
f 2109/2109/2109 2110/2110/2110 2123/2123/2123
f 2143/2143/2143 2155/2155/2155 2175/2175/2175
f 2098/2098/2098 2111/2111/2111 2099/2099/2099
f 2109/2109/2109 2124/2124/2124 2110/2110/2110
f 2245/2245/2245 2247/2247/2247 2248/2248/2248
f 2176/2176/2176 2177/2177/2177 2178/2178/2178
f 823/823/823 822/822/822 830/830/830
f 2173/2173/2173 2179/2179/2179 2171/2171/2171
f 2249/2249/2249 2250/2250/2250 2251/2251/2251
f 2178/2178/2178 2177/2177/2177 2180/2180/2180
f 1122/1122/1122 1127/1127/1127 1123/1123/1123
f 830/830/830 831/831/831 832/832/832
f 833/833/833 821/821/821 823/823/823
f 826/826/826 834/834/834 824/824/824
f 1794/1794/1794 1795/1795/1795 1796/1796/1796
f 2178/2178/2178 2181/2181/2181 2176/2176/2176
f 1794/1794/1794 1797/1797/1797 1798/1798/1798
f 2177/2177/2177 2182/2182/2182 2180/2180/2180
f 2178/2178/2178 2180/2180/2180 2181/2181/2181
f 833/833/833 823/823/823 830/830/830
f 1794/1794/1794 1796/1796/1796 1797/1797/1797
f 2176/2176/2176 2181/2181/2181 2182/2182/2182
f 1114/1114/1114 1128/1128/1128 1115/1115/1115
f 2182/2182/2182 2181/2181/2181 2180/2180/2180
f 1816/1816/1816 1817/1817/1817 1799/1799/1799
f 835/835/835 836/836/836 837/837/837
f 832/832/832 838/838/838 839/839/839
f 830/830/830 832/832/832 833/833/833
f 2112/2112/2112 2109/2109/2109 2125/2125/2125
f 2124/2124/2124 2112/2112/2112 2126/2126/2126
f 2113/2113/2113 2114/2114/2114 2115/2115/2115
f 1816/1816/1816 1800/1800/1800 1801/1801/1801
f 2174/2174/2174 2150/2150/2150 2157/2157/2157
f 1941/1941/1941 1942/1942/1942 1943/1943/1943
f 837/837/837 836/836/836 840/840/840
f 1802/1802/1802 1803/1803/1803 1804/1804/1804
f 1127/1127/1127 1122/1122/1122 1129/1129/1129
f 1805/1805/1805 1806/1806/1806 1807/1807/1807
f 1808/1808/1808 1801/1801/1801 1800/1800/1800
f 1694/1694/1694 1695/1695/1695 1696/1696/1696
f 1130/1130/1130 1131/1131/1131 1132/1132/1132
f 1799/1799/1799 1800/1800/1800 1816/1816/1816
f 1745/1745/1745 1783/1783/1783 1809/1809/1809
f 1810/1810/1810 1811/1811/1811 1812/1812/1812
f 1941/1941/1941 1943/1943/1943 1944/1944/1944
f 709/709/709 710/710/710 711/711/711
f 2182/2182/2182 2183/2183/2183 2176/2176/2176
f 841/841/841 842/842/842 843/843/843
f 1945/1945/1945 1946/1946/1946 1947/1947/1947
f 1948/1948/1948 1949/1949/1949 1950/1950/1950
f 1945/1945/1945 1951/1951/1951 1952/1952/1952
f 838/838/838 832/832/832 831/831/831
f 826/826/826 825/825/825 844/844/844
f 2184/2184/2184 2176/2176/2176 2183/2183/2183
f 1946/1946/1946 1953/1953/1953 1947/1947/1947
f 856/856/856 845/845/845 857/857/857
f 1952/1952/1952 1953/1953/1953 1946/1946/1946
f 2101/2101/2101 2104/2104/2104 2116/2116/2116
f 2112/2112/2112 2124/2124/2124 2109/2109/2109
f 2185/2185/2185 2179/2179/2179 2173/2173/2173
f 2185/2185/2185 2173/2173/2173 2186/2186/2186
f 1697/1697/1697 1698/1698/1698 1699/1699/1699
f 858/858/858 857/857/857 845/845/845
f 1954/1954/1954 1955/1955/1955 1956/1956/1956
f 2117/2117/2117 2118/2118/2118 2119/2119/2119
f 1132/1132/1132 1131/1131/1131 1133/1133/1133
f 1957/1957/1957 1958/1958/1958 1959/1959/1959
f 1952/1952/1952 1946/1946/1946 1945/1945/1945
f 1125/1125/1125 1134/1134/1134 1117/1117/1117
f 1700/1700/1700 1701/1701/1701 1702/1702/1702
f 1813/1813/1813 1781/1781/1781 1780/1780/1780
f 2120/2120/2120 2121/2121/2121 2122/2122/2122
f 846/846/846 847/847/847 848/848/848
f 1700/1700/1700 1703/1703/1703 1704/1704/1704
f 1700/1700/1700 1702/1702/1702 1703/1703/1703
f 1701/1701/1701 1700/1700/1700 1705/1705/1705
f 1007/1007/1007 1008/1008/1008 1009/1009/1009
f 1132/1132/1132 1133/1133/1133 1135/1135/1135
f 712/712/712 713/713/713 714/714/714
f 715/715/715 716/716/716 795/795/795
f 1704/1704/1704 1706/1706/1706 1700/1700/1700
f 1986/1986/1986 1987/1987/1987 1988/1988/1988
f 717/717/717 718/718/718 719/719/719
f 1707/1707/1707 1708/1708/1708 1709/1709/1709
f 1010/1010/1010 1011/1011/1011 1012/1012/1012
f 1710/1710/1710 1711/1711/1711 1712/1712/1712
f 712/712/712 714/714/714 720/720/720
f 1891/1891/1891 1892/1892/1892 1893/1893/1893
f 1960/1960/1960 1961/1961/1961 1962/1962/1962
f 1013/1013/1013 1014/1014/1014 1015/1015/1015
f 1961/1961/1961 1963/1963/1963 1962/1962/1962
f 1710/1710/1710 1713/1713/1713 1711/1711/1711
f 1714/1714/1714 1715/1715/1715 1716/1716/1716
f 1710/1710/1710 1712/1712/1712 1713/1713/1713
f 1136/1136/1136 1137/1137/1137 1138/1138/1138
f 1963/1963/1963 1964/1964/1964 1962/1962/1962
f 1717/1717/1717 1718/1718/1718 1719/1719/1719
f 1719/1719/1719 1713/1713/1713 1712/1712/1712
f 1720/1720/1720 1721/1721/1721 1722/1722/1722
f 1718/1718/1718 1713/1713/1713 1719/1719/1719
f 721/721/721 722/722/722 723/723/723
f 724/724/724 725/725/725 726/726/726
f 1139/1139/1139 1138/1138/1138 1137/1137/1137
f 727/727/727 728/728/728 729/729/729
f 730/730/730 731/731/731 732/732/732
f 731/731/731 733/733/733 732/732/732
f 734/734/734 735/735/735 736/736/736
f 1965/1965/1965 1966/1966/1966 1967/1967/1967
f 1965/1965/1965 1968/1968/1968 1969/1969/1969
f 1965/1965/1965 1967/1967/1967 1968/1968/1968
f 1989/1989/1989 1990/1990/1990 1991/1991/1991
f 849/849/849 850/850/850 851/851/851
f 1970/1970/1970 1967/1967/1967 1966/1966/1966
f 1941/1941/1941 1944/1944/1944 1971/1971/1971
f 1613/1613/1613 1614/1614/1614 1615/1615/1615
f 2174/2174/2174 2158/2158/2158 2152/2152/2152
f 852/852/852 853/853/853 854/854/854
f 1616/1616/1616 1617/1617/1617 1618/1618/1618
f 737/737/737 738/738/738 739/739/739
f 1972/1972/1972 1973/1973/1973 1974/1974/1974
f 1992/1992/1992 1993/1993/1993 1994/1994/1994
f 1995/1995/1995 1996/1996/1996 1997/1997/1997
f 1941/1941/1941 1971/1971/1971 1985/1985/1985
f 1007/1007/1007 1009/1009/1009 1016/1016/1016
f 1998/1998/1998 1999/1999/1999 2000/2000/2000
f 1699/1699/1699 1723/1723/1723 1697/1697/1697
f 740/740/740 741/741/741 742/742/742
f 1975/1975/1975 1976/1976/1976 1977/1977/1977
f 743/743/743 744/744/744 745/745/745
f 1998/1998/1998 2000/2000/2000 2001/2001/2001
f 2001/2001/2001 2002/2002/2002 1998/1998/1998
f 2003/2003/2003 2004/2004/2004 2005/2005/2005
f 1017/1017/1017 1018/1018/1018 1019/1019/1019
f 1724/1724/1724 1722/1722/1722 1721/1721/1721
f 2006/2006/2006 2007/2007/2007 2008/2008/2008
f 1619/1619/1619 1620/1620/1620 1621/1621/1621
f 734/734/734 746/746/746 735/735/735
f 2009/2009/2009 2010/2010/2010 2011/2011/2011
f 2012/2012/2012 2010/2010/2010 2009/2009/2009
f 1725/1725/1725 1726/1726/1726 1727/1727/1727
f 1728/1728/1728 1726/1726/1726 1725/1725/1725
f 2013/2013/2013 2014/2014/2014 2015/2015/2015
f 2003/2003/2003 2005/2005/2005 2016/2016/2016
f 1894/1894/1894 1895/1895/1895 1896/1896/1896
f 2017/2017/2017 2011/2011/2011 2010/2010/2010
f 747/747/747 748/748/748 749/749/749
f 747/747/747 750/750/750 748/748/748
f 2018/2018/2018 2019/2019/2019 2020/2020/2020
f 751/751/751 752/752/752 753/753/753
f 1020/1020/1020 1021/1021/1021 1022/1022/1022
f 2021/2021/2021 2022/2022/2022 2023/2023/2023
f 1978/1978/1978 1979/1979/1979 1980/1980/1980
f 754/754/754 755/755/755 756/756/756
f 2022/2022/2022 2021/2021/2021 2024/2024/2024
f 1622/1622/1622 1623/1623/1623 1624/1624/1624
f 2025/2025/2025 2051/2051/2051 2026/2026/2026
f 1023/1023/1023 1024/1024/1024 1025/1025/1025
f 757/757/757 796/796/796 758/758/758
f 759/759/759 760/760/760 761/761/761
f 1026/1026/1026 1027/1027/1027 1028/1028/1028
f 1625/1625/1625 1626/1626/1626 1627/1627/1627
f 762/762/762 720/720/720 763/763/763
f 2021/2021/2021 2027/2027/2027 2024/2024/2024
f 762/762/762 763/763/763 764/764/764
f 1729/1729/1729 1730/1730/1730 1731/1731/1731
f 765/765/765 711/711/711 710/710/710
f 761/761/761 766/766/766 758/758/758
f 767/767/767 768/768/768 769/769/769
f 737/737/737 770/770/770 738/738/738
f 1897/1897/1897 1898/1898/1898 1899/1899/1899
f 771/771/771 761/761/761 758/758/758
f 2027/2027/2027 2028/2028/2028 2024/2024/2024
f 2029/2029/2029 2030/2030/2030 2031/2031/2031
f 2032/2032/2032 2033/2033/2033 2034/2034/2034
f 1625/1625/1625 1627/1627/1627 1628/1628/1628
f 1900/1900/1900 1901/1901/1901 1902/1902/1902
f 1629/1629/1629 1630/1630/1630 1631/1631/1631
f 1981/1981/1981 1982/1982/1982 1983/1983/1983
f 1941/1941/1941 1985/1985/1985 1984/1984/1984
f 1029/1029/1029 1030/1030/1030 1031/1031/1031
f 1632/1632/1632 1633/1633/1633 1634/1634/1634
f 771/771/771 758/758/758 796/796/796
f 1731/1731/1731 1732/1732/1732 1729/1729/1729
f 2031/2031/2031 2001/2001/2001 2029/2029/2029
f 1032/1032/1032 1030/1030/1030 1029/1029/1029
f 772/772/772 773/773/773 774/774/774
f 2001/2001/2001 2031/2031/2031 2002/2002/2002
f 1634/1634/1634 1635/1635/1635 1632/1632/1632
f 1903/1903/1903 1899/1899/1899 1898/1898/1898
f 1537/1537/1537 1538/1538/1538 1539/1539/1539
f 1033/1033/1033 1034/1034/1034 1035/1035/1035
f 1036/1036/1036 1037/1037/1037 1038/1038/1038
f 2035/2035/2035 2025/2025/2025 2026/2026/2026
f 2028/2028/2028 2036/2036/2036 2024/2024/2024
f 1034/1034/1034 1039/1039/1039 1035/1035/1035
f 1625/1625/1625 1628/1628/1628 1636/1636/1636
f 1637/1637/1637 1638/1638/1638 1639/1639/1639
f 1040/1040/1040 1041/1041/1041 1042/1042/1042
f 654/654/654 655/655/655 656/656/656
f 2032/2032/2032 2037/2037/2037 2038/2038/2038
f 1733/1733/1733 1732/1732/1732 1731/1731/1731
f 1733/1733/1733 1731/1731/1731 1734/1734/1734
f 766/766/766 761/761/761 760/760/760
f 1036/1036/1036 1043/1043/1043 1037/1037/1037
f 1640/1640/1640 1641/1641/1641 1642/1642/1642
f 775/775/775 776/776/776 777/777/777
f 737/737/737 778/778/778 770/770/770
f 1044/1044/1044 1045/1045/1045 1046/1046/1046
f 2039/2039/2039 2040/2040/2040 2026/2026/2026
f 2036/2036/2036 2041/2041/2041 2024/2024/2024
f 1047/1047/1047 1030/1030/1030 1032/1032/1032
f 2022/2022/2022 2041/2041/2041 2042/2042/2042
f 2037/2037/2037 2032/2032/2032 2034/2034/2034
f 2042/2042/2042 2041/2041/2041 2036/2036/2036
f 1636/1636/1636 1643/1643/1643 1625/1625/1625
f 757/757/757 758/758/758 766/766/766
f 1633/1633/1633 1632/1632/1632 1635/1635/1635
f 2022/2022/2022 2024/2024/2024 2041/2041/2041
f 1904/1904/1904 1903/1903/1903 1898/1898/1898
f 779/779/779 780/780/780 781/781/781
f 2042/2042/2042 2036/2036/2036 2022/2022/2022
f 1032/1032/1032 1048/1048/1048 1047/1047/1047
f 2035/2035/2035 2026/2026/2026 2040/2040/2040
f 1644/1644/1644 1645/1645/1645 1646/1646/1646
f 1647/1647/1647 1648/1648/1648 1649/1649/1649
f 2039/2039/2039 2026/2026/2026 2043/2043/2043
f 2044/2044/2044 2045/2045/2045 2046/2046/2046
f 2040/2040/2040 2039/2039/2039 2047/2047/2047
f 1049/1049/1049 1050/1050/1050 1051/1051/1051
f 782/782/782 783/783/783 784/784/784
f 1905/1905/1905 1906/1906/1906 1907/1907/1907
f 657/657/657 658/658/658 659/659/659
f 1647/1647/1647 1650/1650/1650 1648/1648/1648
f 1052/1052/1052 1053/1053/1053 1054/1054/1054
f 1908/1908/1908 1909/1909/1909 1910/1910/1910
f 1642/1642/1642 1641/1641/1641 1651/1651/1651
f 1652/1652/1652 1653/1653/1653 1654/1654/1654
f 1911/1911/1911 1912/1912/1912 1913/1913/1913
f 1053/1053/1053 1052/1052/1052 1055/1055/1055
f 1912/1912/1912 1914/1914/1914 1913/1913/1913
f 2052/2052/2052 2048/2048/2048 2049/2049/2049
f 1914/1914/1914 1915/1915/1915 1913/1913/1913
f 1643/1643/1643 1655/1655/1655 1625/1625/1625
f 1916/1916/1916 1915/1915/1915 1914/1914/1914
f 1074/1074/1074 1056/1056/1056 1057/1057/1057
f 1656/1656/1656 1657/1657/1657 1658/1658/1658
f 1657/1657/1657 1659/1659/1659 1658/1658/1658
f 1058/1058/1058 1059/1059/1059 1060/1060/1060
f 2052/2052/2052 2050/2050/2050 2048/2048/2048
f 1041/1041/1041 1061/1061/1061 1062/1062/1062
f 1917/1917/1917 1918/1918/1918 1919/1919/1919
f 763/763/763 720/720/720 714/714/714
f 660/660/660 661/661/661 662/662/662
f 578/578/578 579/579/579 580/580/580
f 1063/1063/1063 1028/1028/1028 1027/1027/1027
f 1920/1920/1920 1939/1939/1939 1921/1921/1921
f 581/581/581 582/582/582 583/583/583
f 1660/1660/1660 1625/1625/1625 1661/1661/1661
f 1662/1662/1662 1693/1693/1693 1663/1663/1663
f 1041/1041/1041 1064/1064/1064 1042/1042/1042
f 1661/1661/1661 1625/1625/1625 1664/1664/1664
f 1641/1641/1641 1665/1665/1665 1651/1651/1651
f 1922/1922/1922 1923/1923/1923 1924/1924/1924
f 1625/1625/1625 1666/1666/1666 1664/1664/1664
f 1925/1925/1925 1926/1926/1926 1927/1927/1927
f 1041/1041/1041 1062/1062/1062 1064/1064/1064
f 663/663/663 664/664/664 665/665/665
f 660/660/660 662/662/662 666/666/666
f 660/660/660 667/667/667 668/668/668
f 1540/1540/1540 1541/1541/1541 1542/1542/1542
f 1655/1655/1655 1667/1667/1667 1625/1625/1625
f 583/583/583 582/582/582 584/584/584
f 1543/1543/1543 1544/1544/1544 1545/1545/1545
f 1923/1923/1923 1940/1940/1940 1924/1924/1924
f 1668/1668/1668 1644/1644/1644 1646/1646/1646
f 1904/1904/1904 1898/1898/1898 1928/1928/1928
f 1669/1669/1669 1670/1670/1670 1671/1671/1671
f 578/578/578 585/585/585 579/579/579
f 580/580/580 586/586/586 578/578/578
f 1929/1929/1929 1930/1930/1930 1931/1931/1931
f 580/580/580 587/587/587 588/588/588
f 1931/1931/1931 1930/1930/1930 1932/1932/1932
f 589/589/589 590/590/590 591/591/591
f 669/669/669 670/670/670 671/671/671
f 672/672/672 673/673/673 674/674/674
f 1672/1672/1672 1673/1673/1673 1674/1674/1674
f 592/592/592 593/593/593 594/594/594
f 1674/1674/1674 1675/1675/1675 1676/1676/1676
f 1933/1933/1933 1934/1934/1934 1935/1935/1935
f 595/595/595 596/596/596 597/597/597
f 675/675/675 676/676/676 677/677/677
f 670/670/670 678/678/678 679/679/679
f 1065/1065/1065 1066/1066/1066 1067/1067/1067
f 1674/1674/1674 1673/1673/1673 1675/1675/1675
f 1934/1934/1934 1936/1936/1936 1935/1935/1935
f 1066/1066/1066 1068/1068/1068 1067/1067/1067
f 680/680/680 679/679/679 678/678/678
f 598/598/598 599/599/599 600/600/600
f 1546/1546/1546 1547/1547/1547 1548/1548/1548
f 1549/1549/1549 1546/1546/1546 1548/1548/1548
f 669/669/669 678/678/678 670/670/670
f 1673/1673/1673 1672/1672/1672 1677/1677/1677
f 1550/1550/1550 1551/1551/1551 1552/1552/1552
f 681/681/681 682/682/682 683/683/683
f 1542/1542/1542 1553/1553/1553 1554/1554/1554
f 1678/1678/1678 1679/1679/1679 1680/1680/1680
f 662/662/662 661/661/661 684/684/684
f 1937/1937/1937 1917/1917/1917 1919/1919/1919
f 1555/1555/1555 1552/1552/1552 1551/1551/1551
f 1075/1075/1075 1069/1069/1069 1070/1070/1070
f 1556/1556/1556 1554/1554/1554 1553/1553/1553
f 601/601/601 602/602/602 603/603/603
f 682/682/682 681/681/681 685/685/685
f 1681/1681/1681 1663/1663/1663 1693/1693/1693
f 604/604/604 605/605/605 606/606/606
f 1682/1682/1682 1683/1683/1683 1684/1684/1684
f 578/578/578 586/586/586 607/607/607
f 164/164/164 165/165/165 166/166/166
f 1939/1939/1939 1938/1938/1938 1921/1921/1921
f 608/608/608 609/609/609 610/610/610
f 1557/1557/1557 1558/1558/1558 1559/1559/1559
f 611/611/611 612/612/612 613/613/613
f 614/614/614 578/578/578 607/607/607
f 1659/1659/1659 1685/1685/1685 1658/1658/1658
f 1686/1686/1686 1687/1687/1687 1688/1688/1688
f 686/686/686 672/672/672 674/674/674
f 1560/1560/1560 1559/1559/1559 1558/1558/1558
f 1561/1561/1561 1562/1562/1562 1563/1563/1563
f 667/667/667 660/660/660 666/666/666
f 615/615/615 580/580/580 588/588/588
f 1625/1625/1625 1689/1689/1689 1666/1666/1666
f 1217/1217/1217 1218/1218/1218 1219/1219/1219
f 1220/1220/1220 1221/1221/1221 1222/1222/1222
f 797/797/797 785/785/785 786/786/786
f 616/616/616 610/610/610 609/609/609
f 1564/1564/1564 1561/1561/1561 1563/1563/1563
f 586/586/586 617/617/617 607/607/607
f 1542/1542/1542 1565/1565/1565 1553/1553/1553
f 612/612/612 611/611/611 618/618/618
f 1223/1223/1223 1224/1224/1224 1298/1298/1298
f 619/619/619 610/610/610 616/616/616
f 620/620/620 621/621/621 622/622/622
f 687/687/687 688/688/688 689/689/689
f 1071/1071/1071 1072/1072/1072 1073/1073/1073
f 1225/1225/1225 1226/1226/1226 1227/1227/1227
f 1690/1690/1690 1691/1691/1691 1692/1692/1692
f 1228/1228/1228 1225/1225/1225 1227/1227/1227
f 1566/1566/1566 1567/1567/1567 1568/1568/1568
f 1568/1568/1568 1569/1569/1569 1566/1566/1566
f 622/622/622 621/621/621 623/623/623
f 1566/1566/1566 1570/1570/1570 1567/1567/1567
f 1571/1571/1571 1572/1572/1572 1573/1573/1573
f 1574/1574/1574 1575/1575/1575 1576/1576/1576
f 1625/1625/1625 1667/1667/1667 1689/1689/1689
f 617/617/617 586/586/586 624/624/624
f 1229/1229/1229 1230/1230/1230 1231/1231/1231
f 1217/1217/1217 1232/1232/1232 1218/1218/1218
f 1575/1575/1575 1577/1577/1577 1576/1576/1576
f 1220/1220/1220 1233/1233/1233 1221/1221/1221
f 690/690/690 691/691/691 692/692/692
f 625/625/625 626/626/626 627/627/627
f 628/628/628 626/626/626 625/625/625
f 629/629/629 630/630/630 631/631/631
f 239/239/239 240/240/240 241/241/241
f 1578/1578/1578 1557/1557/1557 1559/1559/1559
f 632/632/632 633/633/633 634/634/634
f 1579/1579/1579 1580/1580/1580 1578/1578/1578
f 615/615/615 586/586/586 580/580/580
f 1612/1612/1612 1581/1581/1581 1582/1582/1582
f 242/242/242 243/243/243 244/244/244
f 1583/1583/1583 1584/1584/1584 1585/1585/1585
f 1234/1234/1234 1231/1231/1231 1230/1230/1230
f 1586/1586/1586 1587/1587/1587 1588/1588/1588
f 1230/1230/1230 1235/1235/1235 1236/1236/1236
f 588/588/588 635/635/635 615/615/615
f 667/667/667 666/666/666 693/693/693
f 694/694/694 695/695/695 696/696/696
f 1237/1237/1237 1298/1298/1298 1224/1224/1224
f 631/631/631 630/630/630 636/636/636
f 1237/1237/1237 1238/1238/1238 1298/1298/1298
f 1234/1234/1234 1230/1230/1230 1236/1236/1236
f 1575/1575/1575 1574/1574/1574 1589/1589/1589
f 1239/1239/1239 1240/1240/1240 1241/1241/1241
f 1565/1565/1565 1541/1541/1541 1590/1590/1590
f 697/697/697 698/698/698 699/699/699
f 285/285/285 245/245/245 246/246/246
f 1473/1473/1473 1474/1474/1474 1475/1475/1475
f 1579/1579/1579 1578/1578/1578 1559/1559/1559
f 1240/1240/1240 1242/1242/1242 1243/1243/1243
f 1537/1537/1537 1539/1539/1539 1591/1591/1591
f 247/247/247 248/248/248 249/249/249
f 1244/1244/1244 1245/1245/1245 1246/1246/1246
f 1562/1562/1562 1592/1592/1592 1563/1563/1563
f 250/250/250 251/251/251 252/252/252
f 1247/1247/1247 1248/1248/1248 1249/1249/1249
f 1565/1565/1565 1590/1590/1590 1593/1593/1593
f 1565/1565/1565 1542/1542/1542 1541/1541/1541
f 637/637/637 638/638/638 639/639/639
f 253/253/253 254/254/254 255/255/255
f 640/640/640 641/641/641 642/642/642
f 1250/1250/1250 1251/1251/1251 1252/1252/1252
f 256/256/256 257/257/257 258/258/258
f 1250/1250/1250 1253/1253/1253 1251/1251/1251
f 1594/1594/1594 1595/1595/1595 1596/1596/1596
f 625/625/625 627/627/627 643/643/643
f 787/787/787 788/788/788 789/789/789
f 1597/1597/1597 1598/1598/1598 1599/1599/1599
f 790/790/790 791/791/791 792/792/792
f 1600/1600/1600 1597/1597/1597 1599/1599/1599
f 1599/1599/1599 1598/1598/1598 1601/1601/1601
f 792/792/792 793/793/793 794/794/794
f 792/792/792 791/791/791 793/793/793
f 1254/1254/1254 1240/1240/1240 1243/1243/1243
f 644/644/644 653/653/653 645/645/645
f 1599/1599/1599 1601/1601/1601 1602/1602/1602
f 1255/1255/1255 1256/1256/1256 1257/1257/1257
f 639/639/639 646/646/646 637/637/637
f 638/638/638 647/647/647 639/639/639
f 648/648/648 649/649/649 639/639/639
f 639/639/639 649/649/649 646/646/646
f 1258/1258/1258 1256/1256/1256 1255/1255/1255
f 639/639/639 650/650/650 648/648/648
f 259/259/259 260/260/260 261/261/261
f 1259/1259/1259 1260/1260/1260 1261/1261/1261
f 1589/1589/1589 1603/1603/1603 1604/1604/1604
f 167/167/167 168/168/168 169/169/169
f 700/700/700 701/701/701 702/702/702
f 1589/1589/1589 1604/1604/1604 1605/1605/1605
f 702/702/702 703/703/703 700/700/700
f 503/503/503 504/504/504 505/505/505
f 1574/1574/1574 1603/1603/1603 1589/1589/1589
f 1262/1262/1262 1263/1263/1263 1264/1264/1264
f 1265/1265/1265 1235/1235/1235 1230/1230/1230
f 1574/1574/1574 1606/1606/1606 1603/1603/1603
f 506/506/506 507/507/507 508/508/508
f 1298/1298/1298 1238/1238/1238 1266/1266/1266
f 1476/1476/1476 1477/1477/1477 1478/1478/1478
f 170/170/170 171/171/171 172/172/172
f 1479/1479/1479 1480/1480/1480 1481/1481/1481
f 262/262/262 260/260/260 259/259/259
f 704/704/704 705/705/705 706/706/706
f 1267/1267/1267 1268/1268/1268 1269/1269/1269
f 1607/1607/1607 1603/1603/1603 1606/1606/1606
f 1254/1254/1254 1241/1241/1241 1240/1240/1240
f 1482/1482/1482 1483/1483/1483 1484/1484/1484
f 509/509/509 510/510/510 511/511/511
f 1485/1485/1485 1486/1486/1486 1487/1487/1487
f 1268/1268/1268 1270/1270/1270 1269/1269/1269
f 512/512/512 513/513/513 514/514/514
f 1608/1608/1608 1609/1609/1609 1610/1610/1610
f 242/242/242 263/263/263 243/243/243
f 1488/1488/1488 1489/1489/1489 1490/1490/1490
f 651/651/651 633/633/633 632/632/632
f 515/515/515 516/516/516 574/574/574
f 686/686/686 674/674/674 707/707/707
f 1271/1271/1271 1298/1298/1298 1266/1266/1266
f 171/171/171 173/173/173 172/172/172
f 708/708/708 703/703/703 702/702/702
f 517/517/517 518/518/518 519/519/519
f 520/520/520 521/521/521 522/522/522
f 523/523/523 514/514/514 513/513/513
f 173/173/173 171/171/171 174/174/174
f 173/173/173 174/174/174 175/175/175
f 174/174/174 176/176/176 177/177/177
f 524/524/524 525/525/525 575/575/575
f 378/378/378 379/379/379 380/380/380
f 175/175/175 174/174/174 177/177/177
f 526/526/526 527/527/527 528/528/528
f 178/178/178 179/179/179 180/180/180
f 181/181/181 182/182/182 183/183/183
f 529/529/529 530/530/530 509/509/509
f 1491/1491/1491 1492/1492/1492 1493/1493/1493
f 1611/1611/1611 1559/1559/1559 1560/1560/1560
f 1241/1241/1241 1254/1254/1254 1272/1272/1272
f 1265/1265/1265 1230/1230/1230 1273/1273/1273
f 182/182/182 184/184/184 183/183/183
f 264/264/264 265/265/265 266/266/266
f 267/267/267 240/240/240 239/239/239
f 1494/1494/1494 1495/1495/1495 1496/1496/1496
f 1387/1387/1387 1388/1388/1388 1389/1389/1389
f 267/267/267 239/239/239 268/268/268
f 40/40/40 41/41/41 42/42/42
f 1496/1496/1496 1495/1495/1495 1497/1497/1497
f 1498/1498/1498 1499/1499/1499 1500/1500/1500
f 1501/1501/1501 1484/1484/1484 1483/1483/1483
f 576/576/576 577/577/577 531/531/531
f 269/269/269 270/270/270 271/271/271
f 1502/1502/1502 1503/1503/1503 1491/1491/1491
f 520/520/520 522/522/522 532/532/532
f 272/272/272 273/273/273 274/274/274
f 1502/1502/1502 1491/1491/1491 1493/1493/1493
f 1274/1274/1274 1298/1298/1298 1271/1271/1271
f 275/275/275 264/264/264 266/266/266
f 651/651/651 652/652/652 633/633/633
f 1504/1504/1504 1505/1505/1505 1506/1506/1506
f 185/185/185 186/186/186 187/187/187
f 1275/1275/1275 1276/1276/1276 1277/1277/1277
f 276/276/276 277/277/277 278/278/278
f 1507/1507/1507 1506/1506/1506 1508/1508/1508
f 1504/1504/1504 1506/1506/1506 1507/1507/1507
f 188/188/188 189/189/189 190/190/190
f 533/533/533 534/534/534 535/535/535
f 1278/1278/1278 1279/1279/1279 1280/1280/1280
f 1281/1281/1281 1282/1282/1282 1283/1283/1283
f 1509/1509/1509 1510/1510/1510 1511/1511/1511
f 536/536/536 537/537/537 538/538/538
f 531/531/531 577/577/577 539/539/539
f 1274/1274/1274 1284/1284/1284 1298/1298/1298
f 540/540/540 541/541/541 542/542/542
f 543/543/543 531/531/531 539/539/539
f 191/191/191 192/192/192 193/193/193
f 544/544/544 523/523/523 513/513/513
f 1285/1285/1285 1299/1299/1299 1286/1286/1286
f 1287/1287/1287 1288/1288/1288 1289/1289/1289
f 194/194/194 187/187/187 186/186/186
f 545/545/545 546/546/546 547/547/547
f 1512/1512/1512 1513/1513/1513 1514/1514/1514
f 538/538/538 548/548/548 536/536/536
f 195/195/195 196/196/196 197/197/197
f 549/549/549 550/550/550 551/551/551
f 1142/1142/1142 1143/1143/1143 1144/1144/1144
f 552/552/552 553/553/553 554/554/554
f 577/577/577 555/555/555 539/539/539
f 545/545/545 547/547/547 556/556/556
f 198/198/198 192/192/192 191/191/191
f 199/199/199 200/200/200 201/201/201
f 557/557/557 558/558/558 559/559/559
f 1509/1509/1509 1511/1511/1511 1515/1515/1515
f 1516/1516/1516 1517/1517/1517 1518/1518/1518
f 1519/1519/1519 1520/1520/1520 1521/1521/1521
f 560/560/560 546/546/546 545/545/545
f 561/561/561 562/562/562 563/563/563
f 1290/1290/1290 1291/1291/1291 1292/1292/1292
f 1522/1522/1522 1523/1523/1523 1524/1524/1524
f 279/279/279 280/280/280 281/281/281
f 202/202/202 201/201/201 200/200/200
f 1536/1536/1536 1514/1514/1514 1513/1513/1513
f 529/529/529 564/564/564 530/530/530
f 203/203/203 204/204/204 205/205/205
f 1293/1293/1293 1294/1294/1294 1295/1295/1295
f 195/195/195 197/197/197 206/206/206
f 1390/1390/1390 1391/1391/1391 1392/1392/1392
f 1366/1366/1366 1367/1367/1367 1368/1368/1368
f 192/192/192 198/198/198 207/207/207
f 509/509/509 530/530/530 510/510/510
f 1393/1393/1393 1394/1394/1394 1395/1395/1395
f 565/565/565 566/566/566 567/567/567
f 208/208/208 209/209/209 210/210/210
f 211/211/211 212/212/212 213/213/213
f 1396/1396/1396 1397/1397/1397 1398/1398/1398
f 568/568/568 569/569/569 570/570/570
f 1525/1525/1525 1476/1476/1476 1526/1526/1526
f 43/43/43 44/44/44 45/45/45
f 381/381/381 382/382/382 383/383/383
f 384/384/384 385/385/385 386/386/386
f 46/46/46 47/47/47 48/48/48
f 1369/1369/1369 1370/1370/1370 1371/1371/1371
f 214/214/214 215/215/215 216/216/216
f 1527/1527/1527 1528/1528/1528 1529/1529/1529
f 432/432/432 387/387/387 388/388/388
f 389/389/389 390/390/390 391/391/391
f 392/392/392 393/393/393 394/394/394
f 1399/1399/1399 1400/1400/1400 1401/1401/1401
f 1530/1530/1530 1531/1531/1531 1532/1532/1532
f 204/204/204 203/203/203 217/217/217
f 390/390/390 389/389/389 395/395/395
f 396/396/396 397/397/397 398/398/398
f 49/49/49 50/50/50 51/51/51
f 216/216/216 215/215/215 218/218/218
f 218/218/218 215/215/215 219/219/219
f 220/220/220 216/216/216 218/218/218
f 396/396/396 399/399/399 397/397/397
f 389/389/389 400/400/400 395/395/395
f 221/221/221 168/168/168 167/167/167
f 401/401/401 402/402/402 403/403/403
f 404/404/404 405/405/405 406/406/406
f 222/222/222 223/223/223 224/224/224
f 1372/1372/1372 1373/1373/1373 1374/1374/1374
f 1402/1402/1402 1403/1403/1403 1404/1404/1404
f 571/571/571 572/572/572 573/573/573
f 223/223/223 222/222/222 225/225/225
f 407/407/407 408/408/408 409/409/409
f 282/282/282 283/283/283 284/284/284
f 1405/1405/1405 1406/1406/1406 1407/1407/1407
f 1533/1533/1533 1534/1534/1534 1535/1535/1535
f 382/382/382 410/410/410 383/383/383
f 411/411/411 412/412/412 413/413/413
f 226/226/226 227/227/227 228/228/228
f 1370/1370/1370 1369/1369/1369 1375/1375/1375
f 52/52/52 53/53/53 54/54/54
f 1476/1476/1476 1525/1525/1525 1477/1477/1477
f 1376/1376/1376 1372/1372/1372 1374/1374/1374
f 219/219/219 229/229/229 218/218/218
f 395/395/395 400/400/400 414/414/414
f 1300/1300/1300 1296/1296/1296 1297/1297/1297
f 54/54/54 55/55/55 52/52/52
f 1145/1145/1145 1146/1146/1146 1147/1147/1147
f 229/229/229 230/230/230 218/218/218
f 1377/1377/1377 1372/1372/1372 1376/1376/1376
f 1148/1148/1148 1149/1149/1149 1150/1150/1150
f 415/415/415 385/385/385 416/416/416
f 56/56/56 57/57/57 58/58/58
f 238/238/238 231/231/231 232/232/232
f 1408/1408/1408 1409/1409/1409 1405/1405/1405
f 1407/1407/1407 1406/1406/1406 1410/1410/1410
f 1151/1151/1151 1152/1152/1152 1153/1153/1153
f 230/230/230 220/220/220 218/218/218
f 59/59/59 60/60/60 61/61/61
f 1154/1154/1154 1155/1155/1155 1156/1156/1156
f 433/433/433 434/434/434 435/435/435
f 1409/1409/1409 1410/1410/1410 1406/1406/1406
f 436/436/436 434/434/434 433/433/433
f 1411/1411/1411 1412/1412/1412 1413/1413/1413
f 1406/1406/1406 1405/1405/1405 1409/1409/1409
f 61/61/61 60/60/60 62/62/62
f 1154/1154/1154 1157/1157/1157 1155/1155/1155
f 60/60/60 63/63/63 62/62/62
f 417/417/417 413/413/413 412/412/412
f 101/101/101 62/62/62 63/63/63
f 233/233/233 229/229/229 219/219/219
f 384/384/384 416/416/416 385/385/385
f 1158/1158/1158 1154/1154/1154 1156/1156/1156
f 402/402/402 401/401/401 418/418/418
f 1407/1407/1407 1410/1410/1410 1408/1408/1408
f 63/63/63 60/60/60 59/59/59
f 1408/1408/1408 1410/1410/1410 1409/1409/1409
f 437/437/437 438/438/438 439/439/439
f 234/234/234 235/235/235 236/236/236
f 419/419/419 420/420/420 421/421/421
f 422/422/422 410/410/410 382/382/382
f 1414/1414/1414 1390/1390/1390 1392/1392/1392
f 1159/1159/1159 1160/1160/1160 1161/1161/1161
f 1415/1415/1415 1412/1412/1412 1411/1411/1411
f 440/440/440 441/441/441 442/442/442
f 1162/1162/1162 1163/1163/1163 1164/1164/1164
f 101/101/101 61/61/61 62/62/62
f 443/443/443 444/444/444 445/445/445
f 1378/1378/1378 1379/1379/1379 1380/1380/1380
f 64/64/64 65/65/65 66/66/66
f 446/446/446 444/444/444 443/443/443
f 1416/1416/1416 1417/1417/1417 1418/1418/1418
f 423/423/423 424/424/424 425/425/425
f 67/67/67 68/68/68 69/69/69
f 1165/1165/1165 1166/1166/1166 1167/1167/1167
f 1381/1381/1381 1382/1382/1382 1383/1383/1383
f 70/70/70 71/71/71 68/68/68
f 1416/1416/1416 1419/1419/1419 1420/1420/1420
f 70/70/70 72/72/72 73/73/73
f 1416/1416/1416 1421/1421/1421 1419/1419/1419
f 1422/1422/1422 1416/1416/1416 1420/1420/1420
f 1417/1417/1417 1416/1416/1416 1422/1422/1422
f 72/72/72 70/70/70 74/74/74
f 67/67/67 70/70/70 68/68/68
f 447/447/447 448/448/448 449/449/449
f 447/447/447 450/450/450 448/448/448
f 1166/1166/1166 1168/1168/1168 1167/1167/1167
f 450/450/450 447/447/447 451/451/451
f 73/73/73 71/71/71 70/70/70
f 447/447/447 449/449/449 452/452/452
f 426/426/426 427/427/427 428/428/428
f 1384/1384/1384 1385/1385/1385 1386/1386/1386
f 102/102/102 103/103/103 104/104/104
f 453/453/453 454/454/454 455/455/455
f 455/455/455 456/456/456 457/457/457
f 458/458/458 455/455/455 457/457/457
f 75/75/75 76/76/76 77/77/77
f 77/77/77 76/76/76 78/78/78
f 1423/1423/1423 1424/1424/1424 1425/1425/1425
f 1414/1414/1414 1426/1426/1426 1427/1427/1427
f 456/456/456 455/455/455 454/454/454
f 1428/1428/1428 1423/1423/1423 1429/1429/1429
f 79/79/79 77/77/77 78/78/78
f 1430/1430/1430 1431/1431/1431 1432/1432/1432
f 429/429/429 430/430/430 431/431/431
f 1433/1433/1433 1415/1415/1415 1411/1411/1411
f 1430/1430/1430 1432/1432/1432 1434/1434/1434
f 1427/1427/1427 1390/1390/1390 1414/1414/1414
f 221/221/221 237/237/237 168/168/168
f 459/459/459 455/455/455 458/458/458
f 1400/1400/1400 1435/1435/1435 1401/1401/1401
f 460/460/460 461/461/461 462/462/462
f 105/105/105 106/106/106 107/107/107
f 463/463/463 464/464/464 465/465/465
f 466/466/466 467/467/467 468/468/468
f 286/286/286 287/287/287 288/288/288
f 287/287/287 289/289/289 288/288/288
f 446/446/446 443/443/443 469/469/469
f 108/108/108 109/109/109 110/110/110
f 1301/1301/1301 1302/1302/1302 1303/1303/1303
f 1169/1169/1169 1170/1170/1170 1171/1171/1171
f 1170/1170/1170 1172/1172/1172 1171/1171/1171
f 470/470/470 471/471/471 472/472/472
f 80/80/80 81/81/81 82/82/82
f 1436/1436/1436 1437/1437/1437 1438/1438/1438
f 1439/1439/1439 1440/1440/1440 1441/1441/1441
f 83/83/83 81/81/81 80/80/80
f 1442/1442/1442 1439/1439/1439 1443/1443/1443
f 84/84/84 83/83/83 80/80/80
f 1/1/1 2/2/2 3/3/3
f 85/85/85 86/86/86 87/87/87
f 322/322/322 323/323/323 324/324/324
f 473/473/473 472/472/472 471/471/471
f 474/474/474 471/471/471 470/470/470
f 1441/1441/1441 1443/1443/1443 1439/1439/1439
f 475/475/475 476/476/476 477/477/477
f 1442/1442/1442 1443/1443/1443 1444/1444/1444
f 1445/1445/1445 1446/1446/1446 1447/1447/1447
f 1448/1448/1448 1449/1449/1449 1450/1450/1450
f 1173/1173/1173 1174/1174/1174 1175/1175/1175
f 1304/1304/1304 1305/1305/1305 1306/1306/1306
f 1176/1176/1176 1177/1177/1177 1173/1173/1173
f 1307/1307/1307 1308/1308/1308 1309/1309/1309
f 111/111/111 112/112/112 113/113/113
f 1424/1424/1424 1451/1451/1451 1425/1425/1425
f 1428/1428/1428 1429/1429/1429 1452/1452/1452
f 113/113/113 114/114/114 111/111/111
f 88/88/88 89/89/89 90/90/90
f 4/4/4 5/5/5 6/6/6
f 91/91/91 92/92/92 75/75/75
f 1423/1423/1423 1453/1453/1453 1429/1429/1429
f 46/46/46 48/48/48 93/93/93
f 1453/1453/1453 1423/1423/1423 1425/1425/1425
f 453/453/453 455/455/455 478/478/478
f 91/91/91 75/75/75 77/77/77
f 479/479/479 480/480/480 481/481/481
f 94/94/94 95/95/95 96/96/96
f 1454/1454/1454 1455/1455/1455 1456/1456/1456
f 480/480/480 479/479/479 482/482/482
f 482/482/482 483/483/483 480/480/480
f 1454/1454/1454 1456/1456/1456 1457/1457/1457
f 97/97/97 96/96/96 95/95/95
f 115/115/115 116/116/116 117/117/117
f 1178/1178/1178 1179/1179/1179 1180/1180/1180
f 1458/1458/1458 1459/1459/1459 1460/1460/1460
f 1159/1159/1159 1181/1181/1181 1160/1160/1160
f 1310/1310/1310 1311/1311/1311 1312/1312/1312
f 118/118/118 114/114/114 113/113/113
f 290/290/290 291/291/291 292/292/292
f 119/119/119 120/120/120 121/121/121
f 1182/1182/1182 1183/1183/1183 1184/1184/1184
f 1185/1185/1185 1186/1186/1186 1187/1187/1187
f 1461/1461/1461 1462/1462/1462 1463/1463/1463
f 1215/1215/1215 1188/1188/1188 1189/1189/1189
f 7/7/7 8/8/8 9/9/9
f 112/112/112 122/122/122 113/113/113
f 98/98/98 99/99/99 100/100/100
f 10/10/10 11/11/11 12/12/12
f 1190/1190/1190 1191/1191/1191 1162/1162/1162
f 1305/1305/1305 1313/1313/1313 1306/1306/1306
f 1162/1162/1162 1164/1164/1164 1190/1190/1190
f 13/13/13 14/14/14 15/15/15
f 10/10/10 12/12/12 16/16/16
f 443/443/443 484/484/484 469/469/469
f 123/123/123 124/124/124 125/125/125
f 1187/1187/1187 1186/1186/1186 1192/1192/1192
f 485/485/485 486/486/486 487/487/487
f 1314/1314/1314 1315/1315/1315 1316/1316/1316
f 293/293/293 294/294/294 295/295/295
f 1174/1174/1174 1173/1173/1173 1177/1177/1177
f 1317/1317/1317 1318/1318/1318 1319/1319/1319
f 14/14/14 17/17/17 18/18/18
f 14/14/14 18/18/18 15/15/15
f 486/486/486 485/485/485 488/488/488
f 1162/1162/1162 1191/1191/1191 1193/1193/1193
f 325/325/325 326/326/326 327/327/327
f 487/487/487 489/489/489 485/485/485
f 19/19/19 20/20/20 18/18/18
f 328/328/328 329/329/329 330/330/330
f 1464/1464/1464 1465/1465/1465 1466/1466/1466
f 488/488/488 485/485/485 489/489/489
f 1194/1194/1194 1188/1188/1188 1215/1215/1215
f 1320/1320/1320 1321/1321/1321 1322/1322/1322
f 18/18/18 17/17/17 19/19/19
f 15/15/15 18/18/18 21/21/21
f 1323/1323/1323 1324/1324/1324 1325/1325/1325
f 126/126/126 127/127/127 128/128/128
f 6/6/6 7/7/7 9/9/9
f 1427/1427/1427 1467/1467/1467 1471/1471/1471
f 1326/1326/1326 1327/1327/1327 1328/1328/1328
f 1329/1329/1329 1330/1330/1330 1331/1331/1331
f 129/129/129 128/128/128 127/127/127
f 489/489/489 487/487/487 490/490/490
f 1184/1184/1184 1195/1195/1195 1182/1182/1182
f 1194/1194/1194 1215/1215/1215 1196/1196/1196
f 6/6/6 22/22/22 7/7/7
f 23/23/23 24/24/24 25/25/25
f 1197/1197/1197 1192/1192/1192 1186/1186/1186
f 1216/1216/1216 1198/1198/1198 1199/1199/1199
f 130/130/130 121/121/121 120/120/120
f 491/491/491 492/492/492 493/493/493
f 127/127/127 126/126/126 131/131/131
f 494/494/494 493/493/493 492/492/492
f 1472/1472/1472 1468/1468/1468 1469/1469/1469
f 26/26/26 15/15/15 21/21/21
f 1331/1331/1331 1332/1332/1332 1333/1333/1333
f 131/131/131 129/129/129 127/127/127
f 291/291/291 296/296/296 292/292/292
f 1200/1200/1200 1196/1196/1196 1215/1215/1215
f 490/490/490 488/488/488 489/489/489
f 1316/1316/1316 1334/1334/1334 1314/1314/1314
f 1329/1329/1329 1331/1331/1331 1333/1333/1333
f 297/297/297 298/298/298 299/299/299
f 300/300/300 301/301/301 302/302/302
f 1467/1467/1467 1427/1427/1427 1426/1426/1426
f 22/22/22 6/6/6 5/5/5
f 326/326/326 325/325/325 331/331/331
f 486/486/486 488/488/488 495/495/495
f 39/39/39 18/18/18 20/20/20
f 301/301/301 300/300/300 303/303/303
f 490/490/490 496/496/496 497/497/497
f 332/332/332 333/333/333 334/334/334
f 27/27/27 16/16/16 12/12/12
f 39/39/39 20/20/20 28/28/28
f 495/495/495 488/488/488 497/497/497
f 132/132/132 133/133/133 134/134/134
f 335/335/335 333/333/333 332/332/332
f 497/497/497 488/488/488 490/490/490
f 131/131/131 135/135/135 129/129/129
f 330/330/330 336/336/336 328/328/328
f 1201/1201/1201 1197/1197/1197 1186/1186/1186
f 1199/1199/1199 1198/1198/1198 1202/1202/1202
f 136/136/136 137/137/137 138/138/138
f 160/160/160 139/139/139 140/140/140
f 28/28/28 20/20/20 19/19/19
f 337/337/337 338/338/338 339/339/339
f 498/498/498 499/499/499 502/502/502
f 304/304/304 302/302/302 305/305/305
f 492/492/492 491/491/491 500/500/500
f 340/340/340 328/328/328 336/336/336
f 341/341/341 342/342/342 343/343/343
f 335/335/335 344/344/344 345/345/345
f 1329/1329/1329 1332/1332/1332 1335/1335/1335
f 335/335/335 332/332/332 344/344/344
f 1361/1361/1361 1336/1336/1336 1362/1362/1362
f 135/135/135 141/141/141 129/129/129
f 29/29/29 28/28/28 19/19/19
f 1363/1363/1363 1323/1323/1323 1325/1325/1325
f 1203/1203/1203 1199/1199/1199 1202/1202/1202
f 8/8/8 30/30/30 9/9/9
f 304/304/304 305/305/305 306/306/306
f 1201/1201/1201 1186/1186/1186 1204/1204/1204
f 328/328/328 346/346/346 329/329/329
f 1337/1337/1337 1338/1338/1338 1339/1339/1339
f 305/305/305 301/301/301 307/307/307
f 347/347/347 348/348/348 349/349/349
f 350/350/350 351/351/351 352/352/352
f 353/353/353 354/354/354 355/355/355
f 492/492/492 501/501/501 494/494/494
f 325/325/325 356/356/356 331/331/331
f 161/161/161 142/142/142 143/143/143
f 1364/1364/1364 1365/1365/1365 1340/1340/1340
f 1461/1461/1461 1463/1463/1463 1470/1470/1470
f 1205/1205/1205 1206/1206/1206 1207/1207/1207
f 357/357/357 358/358/358 359/359/359
f 1341/1341/1341 1319/1319/1319 1318/1318/1318
f 331/331/331 356/356/356 360/360/360
f 1208/1208/1208 1199/1199/1199 1203/1203/1203
f 327/327/327 330/330/330 329/329/329
f 329/329/329 325/325/325 327/327/327
f 1329/1329/1329 1333/1333/1333 1332/1332/1332
f 329/329/329 361/361/361 362/362/362
f 1342/1342/1342 1343/1343/1343 1344/1344/1344
f 308/308/308 309/309/309 310/310/310
f 7/7/7 31/31/31 8/8/8
f 305/305/305 302/302/302 301/301/301
f 325/325/325 329/329/329 356/356/356
f 144/144/144 124/124/124 123/123/123
f 1345/1345/1345 1346/1346/1346 1347/1347/1347
f 145/145/145 146/146/146 147/147/147
f 148/148/148 149/149/149 150/150/150
f 308/308/308 310/310/310 311/311/311
f 22/22/22 31/31/31 7/7/7
f 1348/1348/1348 1344/1344/1344 1343/1343/1343
f 1328/1328/1328 1349/1349/1349 1326/1326/1326
f 312/312/312 313/313/313 314/314/314
f 363/363/363 364/364/364 365/365/365
f 366/366/366 367/367/367 368/368/368
f 1209/1209/1209 1210/1210/1210 1211/1211/1211
f 329/329/329 362/362/362 356/356/356
f 32/32/32 33/33/33 34/34/34
f 315/315/315 305/305/305 316/316/316
f 162/162/162 151/151/151 152/152/152
f 317/317/317 318/318/318 319/319/319
f 318/318/318 320/320/320 319/319/319
f 35/35/35 36/36/36 37/37/37
f 1212/1212/1212 1213/1213/1213 1214/1214/1214
f 369/369/369 363/363/363 365/365/365
f 1350/1350/1350 1351/1351/1351 1352/1352/1352
f 1351/1351/1351 1353/1353/1353 1354/1354/1354
f 306/306/306 305/305/305 315/315/315
f 153/153/153 148/148/148 150/150/150
f 1355/1355/1355 1356/1356/1356 1357/1357/1357
f 154/154/154 150/150/150 149/149/149
f 1354/1354/1354 1353/1353/1353 1358/1358/1358
f 370/370/370 371/371/371 372/372/372
f 1352/1352/1352 1359/1359/1359 1355/1355/1355
f 373/373/373 364/364/364 374/374/374
f 375/375/375 376/376/376 377/377/377
f 1354/1354/1354 1352/1352/1352 1351/1351/1351
f 1359/1359/1359 1356/1356/1356 1355/1355/1355
f 34/34/34 33/33/33 35/35/35
f 371/371/371 370/370/370 374/374/374
f 35/35/35 38/38/38 36/36/36
f 1352/1352/1352 1355/1355/1355 1350/1350/1350
f 155/155/155 156/156/156 157/157/157
f 308/308/308 321/321/321 309/309/309
f 364/364/364 369/369/369 374/374/374
f 1360/1360/1360 1356/1356/1356 1359/1359/1359
f 373/373/373 374/374/374 370/370/370
f 33/33/33 38/38/38 35/35/35
f 369/369/369 364/364/364 363/363/363
f 163/163/163 158/158/158 159/159/159
