mtllib model.mtl
o plastic-pallet
v 0.3014620 0.3881881 -0.2529738
v 0.3194550 0.3619506 -0.3680878
v 0.3016797 0.3909640 -0.3039925
v 0.3808028 0.3871676 -0.3144635
v 0.3697989 0.4592046 -0.3834523
v 0.3769783 0.3388464 -0.3576149
v 0.3808028 0.3871676 -0.3144635
v 0.4080685 0.3910355 -0.3034455
v 0.4067673 0.4934758 -0.3790785
v 0.4319335 0.4411596 -0.3598706
v 0.4835764 -0.4212512 -0.5000000
v 0.4994846 -0.4892256 -0.3651907
v 0.4732066 -0.4717843 -0.3272884
v 0.3629818 -0.4839798 -0.3557896
v 0.2923077 -0.4783884 -0.3697598
v 0.3640531 -0.4641835 -0.4033960
v 0.4319335 0.4411596 -0.3598706
v 0.3596953 -0.3686174 -0.3702947
v 0.4852104 -0.3549009 -0.3540416
v 0.3769783 0.3388464 -0.3576149
v 0.4319335 0.4411596 -0.3598706
v 0.4677191 0.4823367 -0.3730878
v 0.4520849 0.4989084 -0.3129874
v 0.3697989 0.4592046 -0.3834523
v 0.3194550 0.3619506 -0.3680878
v 0.2964778 0.3883748 -0.3666409
v 0.2516725 0.3854837 -0.3667473
v 0.3194550 0.3619506 -0.3680878
v 0.3697989 0.4592046 -0.3834523
v 0.3769783 0.3388464 -0.3576149
v 0.2923077 -0.4783884 -0.3697598
v 0.3596953 -0.3686174 -0.3702947
v 0.3640531 -0.4641835 -0.4033960
v 0.3596953 -0.3686174 -0.3702947
v 0.4994557 0.4259858 -0.3758366
v 0.4677191 0.4823367 -0.3730878
v 0.4848344 0.3438342 -0.3571871
v 0.4319335 0.4411596 -0.3598706
v 0.3640531 -0.4641835 -0.4033960
v 0.3596953 -0.3686174 -0.3702947
v 0.2925838 -0.3950773 -0.3823235
v 0.3599078 -0.3706466 -0.4163724
v 0.2925838 -0.3950773 -0.3823235
v 0.3596953 -0.3686174 -0.3702947
v 0.4071728 0.4939722 -0.4218218
v 0.2948022 0.4969544 -0.3953981
v 0.3194550 0.3619506 -0.3680878
v 0.3697989 0.4592046 -0.3834523
v 0.3353207 0.4935155 -0.4213787
v 0.4677191 0.4823367 -0.3730878
v 0.4422758 0.3890698 -0.4591968
v 0.3749240 -0.4863506 -0.4978781
v 0.3599078 -0.3706466 -0.4163724
v 0.3596953 -0.3686174 -0.3702947
v 0.4835764 -0.4212512 -0.5000000
v 0.3420536 -0.3774612 -0.4591689
v 0.3749240 -0.4863506 -0.4978781
v 0.3420536 -0.3774612 -0.4591689
v 0.3420536 -0.3774612 -0.4591689
v 0.3599078 -0.3706466 -0.4163724
v 0.3749240 -0.4863506 -0.4978781
v 0.3794686 0.3974092 -0.4782595
v 0.4994557 0.4259858 -0.3758366
v 0.4994846 -0.4892256 -0.3651907
v 0.4874477 0.4940596 -0.4954569
v 0.4994557 0.4259858 -0.3758366
v 0.3697989 0.4592046 -0.3834523
v 0.3794686 0.3974092 -0.4782595
v 0.3596953 -0.3686174 -0.3702947
v 0.4889882 0.3896416 -0.4745885
v 0.4071728 0.4939722 -0.4218218
v 0.3815686 0.4938014 -0.4851127
v 0.3794686 0.3974092 -0.4782595
v 0.4889882 0.3896416 -0.4745885
v 0.4994557 0.4259858 -0.3758366
v 0.4874477 0.4940596 -0.4954569
v 0.4160857 0.3895940 -0.4862726
v 0.3815686 0.4938014 -0.4851127
v 0.4835764 -0.4212512 -0.5000000
v 0.3740568 0.4961881 -0.4324658
v 0.3794686 0.3974092 -0.4782595
v 0.3815686 0.4938014 -0.4851127
v 0.2750678 -0.4695527 -0.4594021
v 0.3749240 -0.4863506 -0.4978781
v 0.2673314 0.4952627 -0.4844669
v 0.3794686 0.3974092 -0.4782595
v 0.3815686 0.4938014 -0.4851127
v 0.4874477 0.4940596 -0.4954569
v 0.4422758 0.3890698 -0.4591968
v 0.4889882 0.3896416 -0.4745885
v 0.3818274 0.3321351 -0.4971004
v 0.3815686 0.4938014 -0.4851127
v 0.4160857 0.3895940 -0.4862726
v 0.4422758 0.3890698 -0.4591968
v 0.3815686 0.4938014 -0.4851127
v 0.4874477 0.4940596 -0.4954569
v 0.4835764 -0.4212512 -0.5000000
v 0.3818274 0.3321351 -0.4971004
v 0.3749240 -0.4863506 -0.4978781
v 0.3815686 0.4938014 -0.4851127
v 0.2948022 0.4969544 -0.3953981
v 0.3194550 0.3619506 -0.3680878
v 0.4981393 0.3359634 -0.0551917
v 0.4845877 0.3871756 -0.1832770
v 0.4994557 0.4259858 -0.3758366
v 0.4994846 -0.4892256 -0.3651907
v 0.4776045 -0.3736925 -0.0786631
v 0.4728758 -0.4778959 -0.2044915
v 0.4422153 0.4967639 -0.2437089
v 0.4165138 0.4983881 -0.2542426
v 0.4076751 0.3899196 -0.1824049
v 0.3972076 -0.3732636 -0.2053674
v 0.4728758 -0.4778959 -0.2044915
v 0.4617162 -0.3765199 -0.2217447
v 0.3014620 0.3881881 -0.2529738
v 0.3194550 0.3619506 -0.3680878
v 0.3015114 0.3891333 -0.1830159
v 0.4852104 -0.3549009 -0.3540416
v 0.4625666 -0.3750427 -0.2696211
v 0.4776045 -0.3736925 -0.0786631
v 0.4883255 0.4939723 -0.2434915
v 0.4845877 0.3871756 -0.1832770
v 0.4878942 0.4938054 -0.1825944
v 0.3877934 -0.4846867 -0.2060588
v 0.3972076 -0.3732636 -0.2053674
v 0.4617162 -0.3765199 -0.2217447
v 0.4728758 -0.4778959 -0.2044915
v 0.4617162 -0.3765199 -0.2217447
v 0.4625666 -0.3750427 -0.2696211
v 0.3977519 -0.3786009 -0.2513576
v 0.3877934 -0.4846867 -0.2060588
v 0.4076751 0.3899196 -0.1824049
v 0.4165138 0.4983881 -0.2542426
v 0.4076756 0.3902492 -0.2436804
v 0.4422153 0.4967639 -0.2437089
v 0.4845877 0.3871756 -0.1832770
v 0.4883255 0.4939723 -0.2434915
v 0.4165138 0.4983881 -0.2542426
v 0.3701765 0.3855553 -0.2442958
v 0.4076756 0.3902492 -0.2436804
v 0.4981393 0.3359634 -0.0551917
v 0.4994557 0.4259858 -0.3758366
v 0.4883255 0.4939723 -0.2434915
v 0.3977519 -0.3786009 -0.2513576
v 0.3877934 -0.4846867 -0.2060588
v 0.3877934 -0.4846867 -0.2060588
v 0.3804704 -0.4851235 -0.2870194
v 0.3977519 -0.3786009 -0.2513576
v 0.4625666 -0.3750427 -0.2696211
v 0.3596953 -0.3686174 -0.3702947
v 0.3629818 -0.4839798 -0.3557896
v 0.3703201 -0.4851910 -0.0647176
v 0.4846329 0.3892287 -0.3037219
v 0.4080685 0.3910355 -0.3034455
v 0.4422153 0.4967639 -0.2437089
v 0.4318535 0.3853607 -0.1824068
v 0.4165138 0.4983881 -0.2542426
v 0.4422153 0.4967639 -0.2437089
v 0.4080685 0.3910355 -0.3034455
v 0.3016797 0.3909640 -0.3039925
v 0.2922346 0.4900923 -0.2536329
v 0.3014620 0.3881881 -0.2529738
v 0.3701765 0.3855553 -0.2442958
v 0.3808028 0.3871676 -0.3144635
v 0.3769783 0.3388464 -0.3576149
v 0.4994557 0.4259858 -0.3758366
v 0.4845877 0.3871756 -0.1832770
v 0.4848344 0.3438342 -0.3571871
v 0.4725082 -0.4786505 -0.2876254
v 0.4725082 -0.4786505 -0.2876254
v 0.4725082 -0.4786505 -0.2876254
v 0.4625666 -0.3750427 -0.2696211
v 0.3977519 -0.3786009 -0.2513576
v 0.3596953 -0.3686174 -0.3702947
v 0.3703201 -0.4851910 -0.0647176
v 0.3977519 -0.3786009 -0.2513576
v 0.3701765 0.3855553 -0.2442958
v 0.3875510 -0.3746297 -0.3061550
v 0.3804704 -0.4851235 -0.2870194
v 0.3804704 -0.4851235 -0.2870194
v 0.4725082 -0.4786505 -0.2876254
v 0.3875510 -0.3746297 -0.3061550
v 0.4625666 -0.3750427 -0.2696211
v 0.4852104 -0.3549009 -0.3540416
v 0.4732066 -0.4717843 -0.3272884
v 0.4848344 0.3438342 -0.3571871
v 0.3194550 0.3619506 -0.3680878
v 0.3014620 0.3881881 -0.2529738
v 0.3281828 0.3859841 -0.1843291
v 0.3804704 -0.4851235 -0.2870194
v 0.3703201 -0.4851910 -0.0647176
v 0.3629818 -0.4839798 -0.3557896
v 0.4314486 0.3573441 -0.0641656
v 0.4319335 0.4411596 -0.3598706
v 0.3808028 0.3871676 -0.3144635
v 0.4732066 -0.4717843 -0.3272884
v 0.3629818 -0.4839798 -0.3557896
v 0.4732066 -0.4717843 -0.3272884
v 0.4732066 -0.4717843 -0.3272884
v 0.4725082 -0.4786505 -0.2876254
v 0.3875510 -0.3746297 -0.3061550
v 0.3629818 -0.4839798 -0.3557896
v 0.4994557 0.4259858 -0.3758366
v 0.4994846 -0.4892256 -0.3651907
v 0.4852104 -0.3549009 -0.3540416
v 0.4776045 -0.3736925 -0.0786631
v 0.4852104 -0.3549009 -0.3540416
v 0.3596953 -0.3686174 -0.3702947
v 0.4732066 -0.4717843 -0.3272884
v 0.3698162 0.3390966 -0.0585895
v 0.3769783 0.3388464 -0.3576149
v 0.4319335 0.4411596 -0.3598706
v 0.4848344 0.3438342 -0.3571871
v 0.4319335 0.4411596 -0.3598706
v 0.4852104 -0.3549009 -0.3540416
v 0.4994557 0.4259858 -0.3758366
v 0.4848344 0.3438342 -0.3571871
v 0.4852104 -0.3549009 -0.3540416
v 0.4994846 -0.4892256 -0.3651907
v 0.4848344 0.3438342 -0.3571871
v 0.4617162 -0.3765199 -0.2217447
v 0.4728758 -0.4778959 -0.2044915
v 0.4625666 -0.3750427 -0.2696211
v 0.4728758 -0.4778959 -0.2044915
v 0.4080685 0.3910355 -0.3034455
v 0.4732066 -0.4717843 -0.3272884
v 0.4981393 0.3359634 -0.0551917
v 0.4934649 0.3364399 0.0606018
v 0.4776045 -0.3736925 -0.0786631
v 0.4077945 0.4979275 -0.0542841
v 0.3976109 0.3944944 0.0417140
v 0.4981393 0.3359634 -0.0551917
v 0.3672245 0.3663983 -0.0121936
v 0.3687986 0.4899811 -0.0080017
v 0.3698162 0.3390966 -0.0585895
v 0.3698162 0.3390966 -0.0585895
v 0.3687986 0.4899811 -0.0080017
v 0.3969935 0.4969268 0.0113627
v 0.3703201 -0.4851910 -0.0647176
v 0.3969935 0.4969268 0.0113627
v 0.4077945 0.4979275 -0.0542841
v 0.4071849 0.3903882 -0.0529049
v 0.4077945 0.4979275 -0.0542841
v 0.3969935 0.4969268 0.0113627
v 0.3687986 0.4899811 -0.0080017
v 0.4071849 0.3903882 -0.0529049
v 0.3698162 0.3390966 -0.0585895
v 0.4071849 0.3903882 -0.0529049
v 0.4077945 0.4979275 -0.0542841
v 0.4077945 0.4979275 -0.0542841
v 0.4981393 0.3359634 -0.0551917
v 0.4421202 0.4939007 -0.0647994
v 0.3703201 -0.4851910 -0.0647176
v 0.3698162 0.3390966 -0.0585895
v 0.4981393 0.3359634 -0.0551917
v 0.4776045 -0.3736925 -0.0786631
v 0.3698162 0.3390966 -0.0585895
v 0.4314486 0.3573441 -0.0641656
v 0.4981393 0.3359634 -0.0551917
v 0.4076572 0.3905510 -0.0644388
v 0.3698162 0.3390966 -0.0585895
v 0.4077945 0.4979275 -0.0542841
v 0.4421202 0.4939007 -0.0647994
v 0.4314486 0.3573441 -0.0641656
v 0.4077945 0.4979275 -0.0542841
v 0.4981393 0.3359634 -0.0551917
v 0.4948491 -0.4832451 0.0603705
v 0.3703201 -0.4851910 -0.0647176
v 0.4776045 -0.3736925 -0.0786631
v 0.3698162 0.3390966 -0.0585895
v 0.4076572 0.3905510 -0.0644388
v 0.3700718 0.3874376 -0.1226049
v 0.4314486 0.3573441 -0.0641656
v 0.4632635 -0.4803065 -0.1335087
v 0.3872297 -0.3744828 -0.0945251
v 0.4776045 -0.3736925 -0.0786631
v 0.4632635 -0.4803065 -0.1335087
v 0.4981393 0.3359634 -0.0551917
v 0.4848470 0.4046567 -0.1318076
v 0.4845877 0.3871756 -0.1832770
v 0.4314486 0.3573441 -0.0641656
v 0.4883255 0.4939723 -0.2434915
v 0.4848470 0.4046567 -0.1318076
v 0.4981393 0.3359634 -0.0551917
v 0.4632635 -0.4803065 -0.1335087
v 0.4776045 -0.3736925 -0.0786631
v 0.4781341 -0.3714289 -0.1131195
v 0.3872297 -0.3744828 -0.0945251
v 0.4632635 -0.4803065 -0.1335087
v 0.3703201 -0.4851910 -0.0647176
v 0.3703201 -0.4851910 -0.0647176
v 0.3873780 -0.3768893 -0.1674783
v 0.3872297 -0.3744828 -0.0945251
v 0.3698162 0.3390966 -0.0585895
v 0.3700718 0.3874376 -0.1226049
v 0.3701765 0.3855553 -0.2442958
v 0.4632635 -0.4803065 -0.1335087
v 0.3873780 -0.3768893 -0.1674783
v 0.3703201 -0.4851910 -0.0647176
v 0.3711920 0.4997144 -0.1921299
v 0.3711920 0.4997144 -0.1921299
v 0.4314486 0.3573441 -0.0641656
v 0.4318535 0.3853607 -0.1824068
v 0.4076751 0.3899196 -0.1824049
v 0.3873780 -0.3768893 -0.1674783
v 0.3703201 -0.4851910 -0.0647176
v 0.3972076 -0.3732636 -0.2053674
v 0.3877934 -0.4846867 -0.2060588
v 0.3703201 -0.4851910 -0.0647176
v 0.3873780 -0.3768893 -0.1674783
v 0.3703201 -0.4851910 -0.0647176
v 0.3877934 -0.4846867 -0.2060588
v 0.3972076 -0.3732636 -0.2053674
v 0.4776045 -0.3736925 -0.0786631
v 0.3972076 -0.3732636 -0.2053674
v 0.3877934 -0.4846867 -0.2060588
v 0.4878942 0.4938054 -0.1825944
v 0.4848470 0.4046567 -0.1318076
v 0.4883255 0.4939723 -0.2434915
v 0.4878942 0.4938054 -0.1825944
v 0.4845877 0.3871756 -0.1832770
v 0.4848470 0.4046567 -0.1318076
v 0.4319335 0.4411596 -0.3598706
v 0.3711920 0.4997144 -0.1921299
v 0.4728758 -0.4778959 -0.2044915
v 0.4776045 -0.3736925 -0.0786631
v 0.3877934 -0.4846867 -0.2060588
v 0.3972076 -0.3732636 -0.2053674
v 0.4776045 -0.3736925 -0.0786631
v 0.4728758 -0.4778959 -0.2044915
v 0.3972076 -0.3732636 -0.2053674
v 0.3977519 -0.3786009 -0.2513576
v 0.3873780 -0.3768893 -0.1674783
v 0.4776045 -0.3736925 -0.0786631
v 0.4728758 -0.4778959 -0.2044915
v 0.4617162 -0.3765199 -0.2217447
v 0.3194550 0.3619506 -0.3680878
v 0.3189233 0.3621372 -0.0643114
v 0.3015114 0.3891333 -0.1830159
v 0.3977519 -0.3786009 -0.2513576
v 0.3281828 0.3859841 -0.1843291
v 0.3711920 0.4997144 -0.1921299
v 0.3701765 0.3855553 -0.2442958
v 0.4318535 0.3853607 -0.1824068
v 0.4878942 0.4938054 -0.1825944
v 0.4845877 0.3871756 -0.1832770
v 0.3701765 0.3855553 -0.2442958
v 0.3194550 0.3619506 -0.3680878
v 0.3281828 0.3859841 -0.1843291
v 0.3189233 0.3621372 -0.0643114
v 0.4422153 0.4967639 -0.2437089
v 0.3701765 0.3855553 -0.2442958
v 0.4076751 0.3899196 -0.1824049
v 0.4076756 0.3902492 -0.2436804
v 0.3015114 0.3891333 -0.1830159
v 0.3281828 0.3859841 -0.1843291
v 0.3324396 0.3855552 -0.2442039
v 0.3972076 -0.3732636 -0.2053674
v 0.3877934 -0.4846867 -0.2060588
v 0.4728758 -0.4778959 -0.2044915
v 0.3977519 -0.3786009 -0.2513576
v 0.4625666 -0.3750427 -0.2696211
v 0.4617162 -0.3765199 -0.2217447
v 0.4776045 -0.3736925 -0.0786631
v 0.3804704 -0.4851235 -0.2870194
v 0.3877934 -0.4846867 -0.2060588
v 0.3703201 -0.4851910 -0.0647176
v 0.3014620 0.3881881 -0.2529738
v 0.2922346 0.4900923 -0.2536329
v 0.3015114 0.3891333 -0.1830159
v 0.3014620 0.3881881 -0.2529738
v 0.3014620 0.3881881 -0.2529738
v 0.3324396 0.3855552 -0.2442039
v 0.2922346 0.4900923 -0.2536329
v 0.3281828 0.3859841 -0.1843291
v 0.3014620 0.3881881 -0.2529738
v 0.3324396 0.3855552 -0.2442039
v 0.4314486 0.3573441 -0.0641656
v 0.4080685 0.3910355 -0.3034455
v 0.4318535 0.3853607 -0.1824068
v 0.3698162 0.3390966 -0.0585895
v 0.3701765 0.3855553 -0.2442958
v 0.3769783 0.3388464 -0.3576149
v 0.3703201 -0.4851910 -0.0647176
v 0.3877934 -0.4846867 -0.2060588
v 0.3331028 0.3992280 0.0001356
v 0.2526596 0.3931322 -0.0208101
v 0.3672245 0.3663983 -0.0121936
v 0.1437938 0.3826244 -0.0084403
v 0.2563012 0.3885892 0.0085785
v 0.2526596 0.3931322 -0.0208101
v 0.2673651 0.4964143 -0.0004303
v 0.3687986 0.4899811 -0.0080017
v 0.3687986 0.4899811 -0.0080017
v 0.3672245 0.3663983 -0.0121936
v 0.2526596 0.3931322 -0.0208101
v 0.1427766 0.4977089 0.0076100
v 0.1427766 0.4977089 0.0076100
v 0.1437938 0.3826244 -0.0084403
v 0.2526596 0.3931322 -0.0208101
v 0.2673651 0.4964143 -0.0004303
v 0.1884870 0.3885137 -0.0411638
v 0.2970279 0.4618414 -0.0217132
v 0.3672245 0.3663983 -0.0121936
v 0.2526596 0.3931322 -0.0208101
v 0.1884870 0.3885137 -0.0411638
v 0.2970279 0.4618414 -0.0217132
v 0.2926217 0.4099779 -0.0520278
v 0.3698162 0.3390966 -0.0585895
v 0.3283306 0.4968155 -0.0529322
v 0.2926217 0.4099779 -0.0520278
v 0.2521453 0.3895224 -0.0412298
v 0.3698162 0.3390966 -0.0585895
v 0.3189233 0.3621372 -0.0643114
v 0.2521453 0.3895224 -0.0412298
v 0.1298262 0.3931400 -0.0643995
v 0.2521453 0.3895224 -0.0412298
v 0.2926217 0.4099779 -0.0520278
v 0.3189233 0.3621372 -0.0643114
v 0.1884870 0.3885137 -0.0411638
v 0.3189233 0.3621372 -0.0643114
v 0.1298262 0.3931400 -0.0643995
v 0.2521453 0.3895224 -0.0412298
v 0.2524229 0.3916430 -0.1207865
v 0.3698162 0.3390966 -0.0585895
v 0.3283306 0.4968155 -0.0529322
v 0.3189233 0.3621372 -0.0643114
v 0.3025065 0.4021349 -0.1209342
v 0.2926217 0.4099779 -0.0520278
v 0.3189233 0.3621372 -0.0643114
v 0.3025065 0.4021349 -0.1209342
v 0.3015114 0.3891333 -0.1830159
v 0.3281828 0.3859841 -0.1843291
v 0.3015114 0.3891333 -0.1830159
v 0.2441585 0.4960967 -0.2433191
v 0.3014620 0.3881881 -0.2529738
v 0.2922346 0.4900923 -0.2536329
v 0.2526596 0.3931322 -0.0208101
v 0.2526596 0.3931322 -0.0208101
v 0.3672245 0.3663983 -0.0121936
v 0.3672245 0.3663983 -0.0121936
v 0.3687986 0.4899811 -0.0080017
v 0.1884870 0.3885137 -0.0411638
v 0.3189233 0.3621372 -0.0643114
v 0.2521453 0.3895224 -0.0412298
v 0.1892738 0.3911863 -0.3139349
v 0.1895568 0.4280427 -0.3880423
v 0.2516725 0.3854837 -0.3667473
v 0.3629818 -0.4839798 -0.3557896
v 0.3596953 -0.3686174 -0.3702947
v 0.0518691 -0.4861841 -0.3521700
v 0.3629818 -0.4839798 -0.3557896
v 0.0518691 -0.4861841 -0.3521700
v 0.1170777 -0.4769748 -0.3705691
v 0.2923077 -0.4783884 -0.3697598
v 0.0612058 -0.3682363 -0.3694188
v 0.0536362 0.4144176 -0.3875897
v 0.2948022 0.4969544 -0.3953981
v 0.2516725 0.3854837 -0.3667473
v 0.3596953 -0.3686174 -0.3702947
v 0.2923077 -0.4783884 -0.3697598
v 0.0612058 -0.3682363 -0.3694188
v 0.1170777 -0.4769748 -0.3705691
v 0.3194550 0.3619506 -0.3680878
v 0.2516725 0.3854837 -0.3667473
v 0.1895568 0.4280427 -0.3880423
v 0.1299445 0.4970139 -0.3668766
v 0.2948022 0.4969544 -0.3953981
v 0.2516725 0.3854837 -0.3667473
v 0.2964778 0.3883748 -0.3666409
v 0.1407281 0.4990631 -0.4007391
v 0.1895568 0.4280427 -0.3880423
v 0.2925838 -0.3950773 -0.3823235
v 0.3599078 -0.3706466 -0.4163724
v 0.0612058 -0.3682363 -0.3694188
v 0.0536362 0.4144176 -0.3875897
v 0.1313346 0.3929733 -0.3940900
v 0.2948022 0.4969544 -0.3953981
v 0.1895568 0.4280427 -0.3880423
v 0.1313346 0.3929733 -0.3940900
v 0.1407281 0.4990631 -0.4007391
v 0.1895568 0.4280427 -0.3880423
v 0.1313346 0.3929733 -0.3940900
v 0.1780295 0.3907534 -0.3955363
v 0.1831636 0.4485300 -0.4099545
v 0.1407281 0.4990631 -0.4007391
v 0.1313346 0.3929733 -0.3940900
v 0.1831636 0.4485300 -0.4099545
v 0.1895568 0.4280427 -0.3880423
v 0.2184749 0.4139530 -0.4091864
v 0.2948022 0.4969544 -0.3953981
v 0.1407281 0.4990631 -0.4007391
v 0.1831636 0.4485300 -0.4099545
v 0.1780295 0.3907534 -0.3955363
v 0.1160464 -0.4748026 -0.4039607
v 0.3640531 -0.4641835 -0.4033960
v 0.2925838 -0.3950773 -0.3823235
v 0.1831636 0.4485300 -0.4099545
v 0.2948022 0.4969544 -0.3953981
v 0.2184749 0.4139530 -0.4091864
v 0.0548137 -0.4833089 -0.3829427
v 0.0602397 -0.3686215 -0.3835144
v 0.0602397 -0.3686215 -0.3835144
v 0.3599078 -0.3706466 -0.4163724
v 0.1160464 -0.4748026 -0.4039607
v 0.3599078 -0.3706466 -0.4163724
v 0.3640531 -0.4641835 -0.4033960
v 0.1160464 -0.4748026 -0.4039607
v 0.2184749 0.4139530 -0.4091864
v 0.1313346 0.3929733 -0.3940900
v 0.1895568 0.4280427 -0.3880423
v 0.1780295 0.3907534 -0.3955363
v 0.1831636 0.4485300 -0.4099545
v 0.3640531 -0.4641835 -0.4033960
v 0.3599078 -0.3706466 -0.4163724
v 0.1219436 -0.4732062 -0.4352133
v 0.0598295 -0.3671601 -0.4491619
v 0.3420536 -0.3774612 -0.4591689
v 0.3640531 -0.4641835 -0.4033960
v 0.1219436 -0.4732062 -0.4352133
v 0.3353207 0.4935155 -0.4213787
v 0.2948022 0.4969544 -0.3953981
v 0.2567950 0.4309536 -0.4094792
v 0.2184749 0.4139530 -0.4091864
v 0.2567961 0.3941687 -0.4317128
v 0.2927921 0.3931402 -0.4564765
v 0.2669801 0.3906661 -0.4318389
v 0.3794686 0.3974092 -0.4782595
v 0.2567950 0.4309536 -0.4094792
v 0.2948022 0.4969544 -0.3953981
v 0.2669801 0.3906661 -0.4318389
v 0.2927921 0.3931402 -0.4564765
v 0.3353207 0.4935155 -0.4213787
v 0.1219436 -0.4732062 -0.4352133
v 0.0598295 -0.3671601 -0.4491619
v 0.3420536 -0.3774612 -0.4591689
v 0.3420536 -0.3774612 -0.4591689
v 0.0598295 -0.3671601 -0.4491619
v 0.3599078 -0.3706466 -0.4163724
v 0.2673314 0.4952627 -0.4844669
v 0.1386676 -0.3779577 -0.4591378
v 0.2750678 -0.4695527 -0.4594021
v 0.3420536 -0.3774612 -0.4591689
v 0.2673314 0.4952627 -0.4844669
v 0.2927921 0.3931402 -0.4564765
v 0.2948022 0.4969544 -0.3953981
v 0.1386676 -0.3779577 -0.4591378
v 0.0537030 -0.3748563 -0.4906591
v 0.1386676 -0.3779577 -0.4591378
v 0.0537030 -0.3748563 -0.4906591
v 0.2750678 -0.4695527 -0.4594021
v 0.3749240 -0.4863506 -0.4978781
v 0.1866321 0.4999407 -0.4962587
v 0.0545855 0.3383736 -0.4807655
v 0.3794686 0.3974092 -0.4782595
v 0.3794686 0.3974092 -0.4782595
v 0.2673314 0.4952627 -0.4844669
v 0.1866321 0.4999407 -0.4962587
v 0.2673314 0.4952627 -0.4844669
v 0.3815686 0.4938014 -0.4851127
v 0.1866321 0.4999407 -0.4962587
v 0.3794686 0.3974092 -0.4782595
v 0.0545855 0.3383736 -0.4807655
v 0.0616718 0.3330086 -0.4965135
v 0.3749240 -0.4863506 -0.4978781
v 0.3818274 0.3321351 -0.4971004
v 0.1866321 0.4999407 -0.4962587
v 0.3815686 0.4938014 -0.4851127
v 0.0616718 0.3330086 -0.4965135
v 0.0616718 0.3330086 -0.4965135
v 0.3815686 0.4938014 -0.4851127
v 0.3818274 0.3321351 -0.4971004
v 0.1831636 0.4485300 -0.4099545
v 0.1895568 0.4280427 -0.3880423
v 0.1831636 0.4485300 -0.4099545
v 0.1780295 0.3907534 -0.3955363
v 0.2567950 0.4309536 -0.4094792
v 0.3794686 0.3974092 -0.4782595
v 0.2567950 0.4309536 -0.4094792
v 0.3420536 -0.3774612 -0.4591689
v 0.0537324 0.3738362 -0.3661002
v 0.0262064 0.4939481 -0.3605716
v 0.0421247 0.4942659 -0.3138361
v 0.0537324 0.3738362 -0.3661002
v -0.0408598 -0.4857393 -0.3474989
v 0.0518691 -0.4861841 -0.3521700
v 0.0537324 0.3738362 -0.3661002
v 0.0271731 0.3463795 -0.3510273
v -0.0402471 0.4998731 -0.3605716
v 0.1299445 0.4970139 -0.3668766
v 0.0537324 0.3738362 -0.3661002
v 0.2516725 0.3854837 -0.3667473
v 0.1170777 -0.4769748 -0.3705691
v 0.0518691 -0.4861841 -0.3521700
v 0.0548137 -0.4833089 -0.3829427
v 0.0262064 0.4939481 -0.3605716
v 0.0537324 0.3738362 -0.3661002
v 0.1407281 0.4990631 -0.4007391
v 0.0537324 0.3738362 -0.3661002
v 0.0536362 0.4144176 -0.3875897
v 0.2516725 0.3854837 -0.3667473
v 0.1407281 0.4990631 -0.4007391
v 0.0620053 0.4942460 -0.3805242
v 0.0262064 0.4939481 -0.3605716
v 0.0548137 -0.4833089 -0.3829427
v 0.0612058 -0.3682363 -0.3694188
v 0.1170777 -0.4769748 -0.3705691
v 0.1407281 0.4990631 -0.4007391
v 0.0537324 0.3738362 -0.3661002
v 0.1299445 0.4970139 -0.3668766
v 0.0518691 -0.4861841 -0.3521700
v 0.0612058 -0.3682363 -0.3694188
v 0.0602397 -0.3686215 -0.3835144
v 0.0545855 0.3383736 -0.4807655
v 0.0536362 0.4144176 -0.3875897
v 0.0537324 0.3738362 -0.3661002
v 0.0550835 -0.4752594 -0.4170347
v 0.0620053 0.4942460 -0.3805242
v 0.1407281 0.4990631 -0.4007391
v 0.1313346 0.3929733 -0.3940900
v 0.0548137 -0.4833089 -0.3829427
v 0.0620053 0.4942460 -0.3805242
v 0.1313346 0.3929733 -0.3940900
v 0.0536362 0.4144176 -0.3875897
v 0.0548137 -0.4833089 -0.3829427
v 0.2925838 -0.3950773 -0.3823235
v 0.0612058 -0.3682363 -0.3694188
v 0.0638255 0.4751923 -0.4046053
v 0.0638255 0.4751923 -0.4046053
v 0.0620053 0.4942460 -0.3805242
v 0.0536362 0.4144176 -0.3875897
v 0.1313346 0.3929733 -0.3940900
v 0.0620053 0.4942460 -0.3805242
v 0.0638255 0.4751923 -0.4046053
v 0.1313346 0.3929733 -0.3940900
v 0.1407281 0.4990631 -0.4007391
v 0.0638255 0.4751923 -0.4046053
v 0.0548137 -0.4833089 -0.3829427
v 0.0602397 -0.3686215 -0.3835144
v 0.1160464 -0.4748026 -0.4039607
v 0.0602397 -0.3686215 -0.3835144
v 0.0548137 -0.4833089 -0.3829427
v 0.0550835 -0.4752594 -0.4170347
v 0.1310789 0.4965334 -0.4281255
v 0.1313346 0.3929733 -0.3940900
v 0.1407281 0.4990631 -0.4007391
v 0.0005091 0.3906104 -0.4568314
v -0.0402471 0.4998731 -0.3605716
v 0.1313346 0.3929733 -0.3940900
v 0.1310789 0.4965334 -0.4281255
v 0.0638255 0.4751923 -0.4046053
v 0.0598295 -0.3671601 -0.4491619
v 0.0598295 -0.3671601 -0.4491619
v 0.1831636 0.4485300 -0.4099545
v 0.0518691 -0.4861841 -0.3521700
v -0.0408598 -0.4857393 -0.3474989
v 0.0474339 0.3870125 -0.4860736
v 0.0550835 -0.4752594 -0.4170347
v 0.0598295 -0.3671601 -0.4491619
v 0.1219436 -0.4732062 -0.4352133
v 0.0467334 0.4982370 -0.4547399
v 0.1310789 0.4965334 -0.4281255
v 0.0638255 0.4751923 -0.4046053
v 0.0467334 0.4982370 -0.4547399
v 0.0598295 -0.3671601 -0.4491619
v 0.0642457 0.4939283 -0.4855602
v 0.0058289 0.3908208 -0.4848599
v 0.0058289 0.3908208 -0.4848599
v 0.0467334 0.4982370 -0.4547399
v 0.0395850 0.3901338 -0.4844847
v 0.0642457 0.4939283 -0.4855602
v 0.0537030 -0.3748563 -0.4906591
v 0.0642457 0.4939283 -0.4855602
v 0.0474339 0.3870125 -0.4860736
v 0.0536362 0.4144176 -0.3875897
v 0.0545855 0.3383736 -0.4807655
v -0.0432349 -0.4157673 -0.4976790
v 0.0537030 -0.3748563 -0.4906591
v 0.0474339 0.3870125 -0.4860736
v 0.0642457 0.4939283 -0.4855602
v 0.0474339 0.3870125 -0.4860736
v 0.0545855 0.3383736 -0.4807655
v 0.1866321 0.4999407 -0.4962587
v 0.1407450 0.4969385 -0.4850544
v 0.0545855 0.3383736 -0.4807655
v 0.1407450 0.4969385 -0.4850544
v 0.0598295 -0.3671601 -0.4491619
v 0.1386676 -0.3779577 -0.4591378
v 0.0537030 -0.3748563 -0.4906591
v 0.0058289 0.3908208 -0.4848599
v 0.0395850 0.3901338 -0.4844847
v 0.0642457 0.4939283 -0.4855602
v 0.0537030 -0.3748563 -0.4906591
v 0.0537030 -0.3748563 -0.4906591
v 0.0616718 0.3330086 -0.4965135
v 0.0545855 0.3383736 -0.4807655
v 0.1407450 0.4969385 -0.4850544
v 0.1866321 0.4999407 -0.4962587
v 0.0642457 0.4939283 -0.4855602
v -0.0415987 0.4954572 -0.4965027
v 0.0642457 0.4939283 -0.4855602
v 0.0616718 0.3330086 -0.4965135
v -0.0415987 0.4954572 -0.4965027
v 0.0537030 -0.3748563 -0.4906591
v 0.1866321 0.4999407 -0.4962587
v 0.0612058 -0.3682363 -0.3694188
v 0.0602397 -0.3686215 -0.3835144
v 0.0550835 -0.4752594 -0.4170347
v 0.0467334 0.4982370 -0.4547399
v 0.0642457 0.4939283 -0.4855602
v 0.0539260 -0.4172842 -0.0561379
v 0.0537082 0.3824179 -0.0228566
v 0.0542000 0.3482301 0.0413065
v 0.0431565 0.4454721 -0.0503780
v 0.0276165 0.3504817 0.0635141
v 0.0537082 0.3824179 -0.0228566
v 0.0537082 0.3824179 -0.0228566
v 0.1437938 0.3826244 -0.0084403
v 0.0540785 0.3776961 0.0212126
v 0.1427766 0.4977089 0.0076100
v 0.1437938 0.3826244 -0.0084403
v 0.0537082 0.3824179 -0.0228566
v -0.0245129 0.3900465 -0.0503089
v 0.1884870 0.3885137 -0.0411638
v 0.1437938 0.3826244 -0.0084403
v 0.1427766 0.4977089 0.0076100
v 0.1437938 0.3826244 -0.0084403
v 0.1427766 0.4977089 0.0076100
v 0.1298262 0.3931400 -0.0643995
v 0.1884870 0.3885137 -0.0411638
v 0.1437938 0.3826244 -0.0084403
v 0.1298262 0.3931400 -0.0643995
v 0.0790605 0.3854876 -0.0631763
v 0.0431565 0.4454721 -0.0503780
v -0.0521772 -0.4855527 -0.0595883
v 0.0431565 0.4454721 -0.0503780
v 0.0539260 -0.4172842 -0.0561379
v 0.1884870 0.3885137 -0.0411638
v 0.1792228 0.3898122 -0.1217252
v 0.1298262 0.3931400 -0.0643995
v 0.0431565 0.4454721 -0.0503780
v 0.0421100 0.3853843 -0.2535835
v 0.0416124 0.4971291 -0.1929177
v 0.0431565 0.4454721 -0.0503780
v 0.0271731 0.3463795 -0.3510273
v 0.0421100 0.3853843 -0.2535835
v 0.0431565 0.4454721 -0.0503780
v 0.0416124 0.4971291 -0.1929177
v 0.0297843 0.4787783 -0.1204563
v 0.0251872 0.3895699 -0.1825298
v 0.0431565 0.4454721 -0.0503780
v 0.0297843 0.4787783 -0.1204563
v -0.0270200 0.4960210 -0.1918200
v 0.0251872 0.3895699 -0.1825298
v 0.0297843 0.4787783 -0.1204563
v 0.0421100 0.3853843 -0.2535835
v 0.0297843 0.4787783 -0.1204563
v 0.0416124 0.4971291 -0.1929177
v 0.0251872 0.3895699 -0.1825298
v 0.0421100 0.3853843 -0.2535835
v 0.0261870 0.4941149 -0.3135901
v 0.0297843 0.4787783 -0.1204563
v 0.0251872 0.3895699 -0.1825298
v 0.0297843 0.4787783 -0.1204563
v 0.0261870 0.4941149 -0.3135901
v 0.0261870 0.4941149 -0.3135901
v -0.0411669 0.3506485 -0.2412200
v 0.0251872 0.3895699 -0.1825298
v 0.0251872 0.3895699 -0.1825298
v -0.0250999 0.4943810 -0.2430390
v 0.0261870 0.4941149 -0.3135901
v 0.0261870 0.4941149 -0.3135901
v 0.0421100 0.3853843 -0.2535835
v 0.0421247 0.4942659 -0.3138361
v 0.0537324 0.3738362 -0.3661002
v 0.0271731 0.3463795 -0.3510273
v 0.0262064 0.4939481 -0.3605716
v 0.0262064 0.4939481 -0.3605716
v 0.0537324 0.3738362 -0.3661002
v 0.0421247 0.4942659 -0.3138361
v 0.0421100 0.3853843 -0.2535835
v 0.0262064 0.4939481 -0.3605716
v -0.0402471 0.4998731 -0.3605716
v 0.0271731 0.3463795 -0.3510273
v 0.3330344 0.3875289 0.3044438
v 0.3189249 0.3584083 0.0644711
v 0.3183947 0.3881444 0.2533116
v 0.4835011 -0.3322176 0.0628733
v 0.4625861 -0.3746773 0.2044097
v 0.4784380 -0.3741809 0.3271566
v 0.4953183 0.3333345 0.3632450
v 0.4838083 0.3880770 0.1833924
v 0.4934649 0.3364399 0.0606018
v 0.3802075 0.3904875 0.3135116
v 0.3656950 0.3469833 0.0417121
v 0.3788443 0.3408915 0.3570192
v 0.3183947 0.3881444 0.2533116
v 0.3281722 0.4971570 0.2527469
v 0.2925265 0.3924015 0.2529396
v 0.3698357 0.4968950 0.2433927
v 0.3189249 0.3584083 0.0644711
v 0.3330344 0.3875289 0.3044438
v 0.3020547 0.3630427 0.3665972
v 0.3802738 0.3908250 0.2431715
v 0.4075573 0.3871319 0.1818782
v 0.3698357 0.4968950 0.2433927
v 0.3803474 -0.3687603 0.1858655
v 0.3690541 -0.3481937 0.0579443
v 0.3807581 -0.3687921 0.3417136
v 0.4879163 0.4927809 0.3037092
v 0.4914516 0.4939723 0.1315370
v 0.4838083 0.3880770 0.1833924
v 0.3286104 0.3892643 0.1932929
v 0.2925265 0.3924015 0.2529396
v 0.3183947 0.3881444 0.2533116
v 0.3286104 0.3892643 0.1932929
v 0.3281722 0.4971570 0.2527469
v 0.4075573 0.3871319 0.1818782
v 0.3702054 0.4941071 0.1821704
v 0.3698357 0.4968950 0.2433927
v 0.3702054 0.4941071 0.1821704
v 0.3802075 0.3904875 0.3135116
v 0.3698357 0.4968950 0.2433927
v 0.4075573 0.3871319 0.1818782
v 0.3802738 0.3908250 0.2431715
v 0.4319024 0.3891572 0.2528661
v 0.4416531 0.4968314 0.1829272
v 0.3811663 -0.4795798 0.0775419
v 0.3807581 -0.3687921 0.3417136
v 0.3690541 -0.3481937 0.0579443
v 0.3975573 -0.4799252 0.1493904
v 0.4784049 -0.4789840 0.1134567
v 0.4625861 -0.3746773 0.2044097
v 0.3870819 -0.4805249 0.2869631
v 0.4934649 0.3364399 0.0606018
v 0.4914516 0.4939723 0.1315370
v 0.4953183 0.3333345 0.3632450
v 0.4785170 -0.4806440 0.2216978
v 0.4625861 -0.3746773 0.2044097
v 0.4784049 -0.4789840 0.1134567
v 0.4999700 -0.4196786 0.3657662
v 0.4948491 -0.4832451 0.0603705
v 0.4835011 -0.3322176 0.0628733
v 0.4081447 0.3903406 0.1209177
v 0.3708654 0.4997105 0.1307872
v 0.3656950 0.3469833 0.0417121
v 0.3870819 -0.4805249 0.2869631
v 0.4521875 0.3918735 0.1212587
v 0.4934649 0.3364399 0.0606018
v 0.3975573 -0.4799252 0.1493904
v 0.3870819 -0.4805249 0.2869631
v 0.3811663 -0.4795798 0.0775419
v 0.4416531 0.4968314 0.1829272
v 0.3788443 0.3408915 0.3570192
v 0.4307990 0.3561369 0.0636675
v 0.4835011 -0.3322176 0.0628733
v 0.4784049 -0.4789840 0.1134567
v 0.4625861 -0.3746773 0.2044097
v 0.4835011 -0.3322176 0.0628733
v 0.4730694 -0.3745304 0.0923385
v 0.4784049 -0.4789840 0.1134567
v 0.4416531 0.4968314 0.1829272
v 0.4307990 0.3561369 0.0636675
v 0.4521875 0.3918735 0.1212587
v 0.3875042 -0.3739268 0.0936873
v 0.3811663 -0.4795798 0.0775419
v 0.3975573 -0.4799252 0.1493904
v 0.4307990 0.3561369 0.0636675
v 0.3790036 0.4986263 0.0525424
v 0.4307990 0.3561369 0.0636675
v 0.3788443 0.3408915 0.3570192
v 0.3656950 0.3469833 0.0417121
v 0.4784049 -0.4789840 0.1134567
v 0.4730694 -0.3745304 0.0923385
v 0.4948491 -0.4832451 0.0603705
v 0.3690541 -0.3481937 0.0579443
v 0.3975573 -0.4799252 0.1493904
v 0.3875042 -0.3739268 0.0936873
v 0.4948491 -0.4832451 0.0603705
v 0.4999700 -0.4196786 0.3657662
v 0.4784049 -0.4789840 0.1134567
v 0.3976109 0.3944944 0.0417140
v 0.3811663 -0.4795798 0.0775419
v 0.4730694 -0.3745304 0.0923385
v 0.3875042 -0.3739268 0.0936873
v 0.4948491 -0.4832451 0.0603705
v 0.4835011 -0.3322176 0.0628733
v 0.4730694 -0.3745304 0.0923385
v 0.4934649 0.3364399 0.0606018
v 0.3656950 0.3469833 0.0417121
v 0.3690541 -0.3481937 0.0579443
v 0.4835011 -0.3322176 0.0628733
v 0.4934649 0.3364399 0.0606018
v 0.4948491 -0.4832451 0.0603705
v 0.4948491 -0.4832451 0.0603705
v 0.3811663 -0.4795798 0.0775419
v 0.3690541 -0.3481937 0.0579443
v 0.4934649 0.3364399 0.0606018
v 0.4981393 0.3359634 -0.0551917
v 0.4948491 -0.4832451 0.0603705
v 0.4776045 -0.3736925 -0.0786631
v 0.4934649 0.3364399 0.0606018
v 0.4948491 -0.4832451 0.0603705
v 0.3690541 -0.3481937 0.0579443
v 0.3703201 -0.4851910 -0.0647176
v 0.3183947 0.3881444 0.2533116
v 0.3189249 0.3584083 0.0644711
v 0.3020547 0.3630427 0.3665972
v 0.2963431 0.4980505 0.1823308
v 0.2922588 0.3892087 0.1307885
v 0.2963431 0.4980505 0.1823308
v 0.2925265 0.3924015 0.2529396
v 0.2925265 0.3924015 0.2529396
v 0.3286104 0.3892643 0.1932929
v 0.2963431 0.4980505 0.1823308
v 0.2524913 0.4937894 0.1932340
v 0.3286104 0.3892643 0.1932929
v 0.3183947 0.3881444 0.2533116
v 0.3189249 0.3584083 0.0644711
v 0.2925265 0.3924015 0.2529396
v 0.2524913 0.4937894 0.1932340
v 0.2922588 0.3892087 0.1307885
v 0.2922588 0.3892087 0.1307885
v 0.2963431 0.4980505 0.1823308
v 0.3329277 0.3931481 0.1313640
v 0.3189249 0.3584083 0.0644711
v 0.2963431 0.4980505 0.1823308
v 0.2922588 0.3892087 0.1307885
v 0.3329277 0.3931481 0.1313640
v 0.2524913 0.4937894 0.1932340
v 0.3329277 0.3931481 0.1313640
v 0.3702054 0.4941071 0.1821704
v 0.3708654 0.4997105 0.1307872
v 0.3656950 0.3469833 0.0417121
v 0.3329277 0.3931481 0.1313640
v 0.3281959 0.4967638 0.0533936
v 0.3189249 0.3584083 0.0644711
v 0.3189249 0.3584083 0.0644711
v 0.2527811 0.4938768 0.0528333
v 0.3189249 0.3584083 0.0644711
v 0.2972256 0.4939722 0.0530216
v 0.3790036 0.4986263 0.0525424
v 0.3656950 0.3469833 0.0417121
v 0.3189249 0.3584083 0.0644711
v 0.0542000 0.3482301 0.0413065
v 0.3656950 0.3469833 0.0417121
v 0.3281959 0.4967638 0.0533936
v 0.3656950 0.3469833 0.0417121
v 0.3790036 0.4986263 0.0525424
v 0.3281959 0.4967638 0.0533936
v 0.3656950 0.3469833 0.0417121
v 0.3331375 0.4009514 0.0212031
v 0.3690541 -0.3481937 0.0579443
v 0.3298684 0.3870444 0.0404141
v 0.3281959 0.4967638 0.0533936
v 0.3656950 0.3469833 0.0417121
v 0.2972256 0.4939722 0.0530216
v 0.0542000 0.3482301 0.0413065
v 0.2527811 0.4938768 0.0528333
v 0.3656950 0.3469833 0.0417121
v 0.2972256 0.4939722 0.0530216
v 0.3969935 0.4969268 0.0113627
v 0.3790036 0.4986263 0.0525424
v 0.3976109 0.3944944 0.0417140
v 0.3656950 0.3469833 0.0417121
v 0.2972256 0.4939722 0.0530216
v 0.3298684 0.3870444 0.0404141
v 0.3298684 0.3870444 0.0404141
v 0.3331375 0.4009514 0.0212031
v 0.3281959 0.4967638 0.0533936
v 0.3969935 0.4969268 0.0113627
v 0.4077945 0.4979275 -0.0542841
v 0.3331375 0.4009514 0.0212031
v 0.3656950 0.3469833 0.0417121
v 0.3969935 0.4969268 0.0113627
v 0.2563012 0.3885892 0.0085785
v 0.2563012 0.3885892 0.0085785
v 0.2673651 0.4964143 -0.0004303
v 0.3656950 0.3469833 0.0417121
v 0.2563012 0.3885892 0.0085785
v 0.2673651 0.4964143 -0.0004303
v 0.3976109 0.3944944 0.0417140
v 0.3331375 0.4009514 0.0212031
v 0.3969935 0.4969268 0.0113627
v 0.2673651 0.4964143 -0.0004303
v 0.1427766 0.4977089 0.0076100
v 0.3656950 0.3469833 0.0417121
v 0.1427766 0.4977089 0.0076100
v 0.2673651 0.4964143 -0.0004303
v 0.3969935 0.4969268 0.0113627
v 0.3687986 0.4899811 -0.0080017
v 0.4071849 0.3903882 -0.0529049
v 0.3976109 0.3944944 0.0417140
v 0.3969935 0.4969268 0.0113627
v 0.3331028 0.3992280 0.0001356
v 0.3687986 0.4899811 -0.0080017
v 0.3331028 0.3992280 0.0001356
v 0.3672245 0.3663983 -0.0121936
v 0.3969935 0.4969268 0.0113627
v 0.2526596 0.3931322 -0.0208101
v 0.3672245 0.3663983 -0.0121936
v 0.3690541 -0.3481937 0.0579443
v 0.3331375 0.4009514 0.0212031
v 0.3976109 0.3944944 0.0417140
v 0.3672245 0.3663983 -0.0121936
v 0.3331375 0.4009514 0.0212031
v 0.3976109 0.3944944 0.0417140
v 0.3672245 0.3663983 -0.0121936
v 0.2673651 0.4964143 -0.0004303
v 0.3672245 0.3663983 -0.0121936
v 0.3687986 0.4899811 -0.0080017
v 0.3687986 0.4899811 -0.0080017
v 0.3672245 0.3663983 -0.0121936
v 0.3969935 0.4969268 0.0113627
v 0.3703201 -0.4851910 -0.0647176
v 0.3690541 -0.3481937 0.0579443
v 0.3672245 0.3663983 -0.0121936
v 0.2563012 0.3885892 0.0085785
v 0.2673651 0.4964143 -0.0004303
v 0.2563012 0.3885892 0.0085785
v 0.3331028 0.3992280 0.0001356
v 0.3969935 0.4969268 0.0113627
v 0.4673536 0.3972107 0.3808506
v 0.4911292 0.4990474 0.4532752
v 0.4953183 0.3333345 0.3632450
v 0.4953183 0.3333345 0.3632450
v 0.4825334 -0.4223869 0.5000000
v 0.4999700 -0.4196786 0.3657662
v 0.4335118 0.3650363 0.3585593
v 0.3807581 -0.3687921 0.3417136
v 0.4627428 -0.4794010 0.3411521
v 0.4825334 -0.4223869 0.5000000
v 0.4172364 0.3923420 0.3129722
v 0.4083004 0.4967361 0.3034969
v 0.4335118 0.3650363 0.3585593
v 0.4424126 0.3906940 0.3145897
v 0.4519639 0.4990117 0.3610261
v 0.4335118 0.3650363 0.3585593
v 0.4953183 0.3333345 0.3632450
v 0.4999700 -0.4196786 0.3657662
v 0.3788443 0.3408915 0.3570192
v 0.3807581 -0.3687921 0.3417136
v 0.4999700 -0.4196786 0.3657662
v 0.4775566 -0.4757237 0.2865397
v 0.4729931 -0.3719333 0.3412427
v 0.3807581 -0.3687921 0.3417136
v 0.4999700 -0.4196786 0.3657662
v 0.4729931 -0.3719333 0.3412427
v 0.4627428 -0.4794010 0.3411521
v 0.3807581 -0.3687921 0.3417136
v 0.4424126 0.3906940 0.3145897
v 0.4172364 0.3923420 0.3129722
v 0.4335118 0.3650363 0.3585593
v 0.4953183 0.3333345 0.3632450
v 0.4845919 0.3895543 0.2425605
v 0.4838083 0.3880770 0.1833924
v 0.4627428 -0.4794010 0.3411521
v 0.4729931 -0.3719333 0.3412427
v 0.4784380 -0.3741809 0.3271566
v 0.4775566 -0.4757237 0.2865397
v 0.4784380 -0.3741809 0.3271566
v 0.3807581 -0.3687921 0.3417136
v 0.4627428 -0.4794010 0.3411521
v 0.4784380 -0.3741809 0.3271566
v 0.3657219 -0.4766212 0.3702580
v 0.3870819 -0.4805249 0.2869631
v 0.3807581 -0.3687921 0.3417136
v 0.3807581 -0.3687921 0.3417136
v 0.3974952 -0.3746178 0.2861005
v 0.3870819 -0.4805249 0.2869631
v 0.3657219 -0.4766212 0.3702580
v 0.3811663 -0.4795798 0.0775419
v 0.3870819 -0.4805249 0.2869631
v 0.4835011 -0.3322176 0.0628733
v 0.4953183 0.3333345 0.3632450
v 0.4879163 0.4927809 0.3037092
v 0.4845919 0.3895543 0.2425605
v 0.4424126 0.3906940 0.3145897
v 0.4083004 0.4967361 0.3034969
v 0.4172364 0.3923420 0.3129722
v 0.3870819 -0.4805249 0.2869631
v 0.3807581 -0.3687921 0.3417136
v 0.4622952 -0.3732993 0.2855548
v 0.3974952 -0.3746178 0.2861005
v 0.4622952 -0.3732993 0.2855548
v 0.4775566 -0.4757237 0.2865397
v 0.4319024 0.3891572 0.2528661
v 0.3802075 0.3904875 0.3135116
v 0.4083004 0.4967361 0.3034969
v 0.3802075 0.3904875 0.3135116
v 0.4319024 0.3891572 0.2528661
v 0.3698357 0.4968950 0.2433927
v 0.4775566 -0.4757237 0.2865397
v 0.3974952 -0.3746178 0.2861005
v 0.3870819 -0.4805249 0.2869631
v 0.4879163 0.4927809 0.3037092
v 0.4953183 0.3333345 0.3632450
v 0.4914516 0.4939723 0.1315370
v 0.3870819 -0.4805249 0.2869631
v 0.4775566 -0.4757237 0.2865397
v 0.4784380 -0.3741809 0.3271566
v 0.4622952 -0.3732993 0.2855548
v 0.3969499 -0.4827011 0.2327671
v 0.3969499 -0.4827011 0.2327671
v 0.3974952 -0.3746178 0.2861005
v 0.3807581 -0.3687921 0.3417136
v 0.4319024 0.3891572 0.2528661
v 0.4083004 0.4967361 0.3034969
v 0.4424126 0.3906940 0.3145897
v 0.3969499 -0.4827011 0.2327671
v 0.3969499 -0.4827011 0.2327671
v 0.4622952 -0.3732993 0.2855548
v 0.3974952 -0.3746178 0.2861005
v 0.4785170 -0.4806440 0.2216978
v 0.4625861 -0.3746773 0.2044097
v 0.4785170 -0.4806440 0.2216978
v 0.3698357 0.4968950 0.2433927
v 0.4319024 0.3891572 0.2528661
v 0.3802738 0.3908250 0.2431715
v 0.4845919 0.3895543 0.2425605
v 0.4319024 0.3891572 0.2528661
v 0.4879163 0.4927809 0.3037092
v 0.4784380 -0.3741809 0.3271566
v 0.4785170 -0.4806440 0.2216978
v 0.4625861 -0.3746773 0.2044097
v 0.4785170 -0.4806440 0.2216978
v 0.3788443 0.3408915 0.3570192
v 0.4416531 0.4968314 0.1829272
v 0.4319024 0.3891572 0.2528661
v 0.3788443 0.3408915 0.3570192
v 0.4319024 0.3891572 0.2528661
v 0.4424126 0.3906940 0.3145897
v 0.3807581 -0.3687921 0.3417136
v 0.3807581 -0.3687921 0.3417136
v 0.4785170 -0.4806440 0.2216978
v 0.4625861 -0.3746773 0.2044097
v 0.4625861 -0.3746773 0.2044097
v 0.3807581 -0.3687921 0.3417136
v 0.3870819 -0.4805249 0.2869631
v 0.3803474 -0.3687603 0.1858655
v 0.3870819 -0.4805249 0.2869631
v 0.4625861 -0.3746773 0.2044097
v 0.4785170 -0.4806440 0.2216978
v 0.3870819 -0.4805249 0.2869631
v 0.4785170 -0.4806440 0.2216978
v 0.3969499 -0.4827011 0.2327671
v 0.4838083 0.3880770 0.1833924
v 0.3811663 -0.4795798 0.0775419
v 0.3657219 -0.4766212 0.3702580
v 0.3807581 -0.3687921 0.3417136
v 0.4784049 -0.4789840 0.1134567
v 0.4784380 -0.3741809 0.3271566
v 0.3974952 -0.3746178 0.2861005
v 0.4622952 -0.3732993 0.2855548
v 0.4775566 -0.4757237 0.2865397
v 0.3969499 -0.4827011 0.2327671
v 0.4785170 -0.4806440 0.2216978
v 0.3870819 -0.4805249 0.2869631
v 0.3807581 -0.3687921 0.3417136
v 0.3750119 0.3440010 0.4969496
v 0.5000000 0.4930470 0.4780649
v 0.3814902 0.4939722 0.4849771
v 0.3752180 -0.4829354 0.4981100
v 0.4825334 -0.4223869 0.5000000
v 0.3814902 0.4939722 0.4849771
v 0.5000000 0.4930470 0.4780649
v 0.4603788 0.3901738 0.4864482
v 0.3772086 0.3830574 0.4782367
v 0.3752180 -0.4829354 0.4981100
v 0.3750119 0.3440010 0.4969496
v 0.3425322 -0.3828501 0.4593521
v 0.2732292 -0.3766908 0.4687012
v 0.3752180 -0.4829354 0.4981100
v 0.3752180 -0.4829354 0.4981100
v 0.2744746 -0.4770820 0.4615621
v 0.3425322 -0.3828501 0.4593521
v 0.2925544 0.4406592 0.4551303
v 0.3814902 0.4939722 0.4849771
v 0.2900488 0.4787387 0.4012265
v 0.3807581 -0.3687921 0.3417136
v 0.3772086 0.3830574 0.4782367
v 0.3814902 0.4939722 0.4849771
v 0.2673861 0.4937458 0.4328093
v 0.2567524 0.3908329 0.4312729
v 0.3651828 -0.4675868 0.4353451
v 0.4825334 -0.4223869 0.5000000
v 0.3752180 -0.4829354 0.4981100
v 0.3425322 -0.3828501 0.4593521
v 0.3752180 -0.4829354 0.4981100
v 0.3651828 -0.4675868 0.4353451
v 0.4603788 0.3901738 0.4864482
v 0.5000000 0.4930470 0.4780649
v 0.4911292 0.4990474 0.4532752
v 0.3425322 -0.3828501 0.4593521
v 0.2744746 -0.4770820 0.4615621
v 0.3651828 -0.4675868 0.4353451
v 0.3800828 0.4942462 0.4324176
v 0.3772086 0.3830574 0.4782367
v 0.3814902 0.4939722 0.4849771
v 0.2732292 -0.3766908 0.4687012
v 0.3425322 -0.3828501 0.4593521
v 0.3651828 -0.4675868 0.4353451
v 0.4059222 0.3876441 0.4301150
v 0.3814902 0.4939722 0.4849771
v 0.4603788 0.3901738 0.4864482
v 0.3772086 0.3830574 0.4782367
v 0.2567524 0.3908329 0.4312729
v 0.3814902 0.4939722 0.4849771
v 0.5000000 0.4930470 0.4780649
v 0.4953183 0.3333345 0.3632450
v 0.3800828 0.4942462 0.4324176
v 0.2673861 0.4937458 0.4328093
v 0.4059222 0.3876441 0.4301150
v 0.3281864 0.3918694 0.4318028
v 0.3281864 0.3918694 0.4318028
v 0.3800828 0.4942462 0.4324176
v 0.3744407 0.3880095 0.4221197
v 0.3651828 -0.4675868 0.4353451
v 0.3807581 -0.3687921 0.3417136
v 0.3599961 -0.3636455 0.4024827
v 0.4673536 0.3972107 0.3808506
v 0.3651828 -0.4675868 0.4353451
v 0.3752180 -0.4829354 0.4981100
v 0.3807581 -0.3687921 0.3417136
v 0.4825334 -0.4223869 0.5000000
v 0.4953183 0.3333345 0.3632450
v 0.5000000 0.4930470 0.4780649
v 0.3599961 -0.3636455 0.4024827
v 0.3651828 -0.4675868 0.4353451
v 0.1207077 -0.3745703 0.4029238
v 0.3344650 0.3912737 0.3961891
v 0.3281864 0.3918694 0.4318028
v 0.2900488 0.4787387 0.4012265
v 0.4076309 0.4956083 0.3669293
v 0.3744407 0.3880095 0.4221197
v 0.4076309 0.4956083 0.3669293
v 0.3788443 0.3408915 0.3570192
v 0.3772086 0.3830574 0.4782367
v 0.3744407 0.3880095 0.4221197
v 0.3807581 -0.3687921 0.3417136
v 0.3344650 0.3912737 0.3961891
v 0.2900488 0.4787387 0.4012265
v 0.2942799 0.3931799 0.3882787
v 0.3795290 0.4969148 0.3666098
v 0.2942799 0.3931799 0.3882787
v 0.2568092 0.3938867 0.3950800
v 0.2900488 0.4787387 0.4012265
v 0.4673536 0.3972107 0.3808506
v 0.3795290 0.4969148 0.3666098
v 0.3327910 0.3890935 0.3665027
v 0.3744407 0.3880095 0.4221197
v 0.2942799 0.3931799 0.3882787
v 0.3651828 -0.4675868 0.4353451
v 0.3657219 -0.4766212 0.3702580
v 0.3807581 -0.3687921 0.3417136
v 0.2573094 -0.3927701 0.3704715
v 0.3657219 -0.4766212 0.3702580
v 0.2942799 0.3931799 0.3882787
v 0.3020547 0.3630427 0.3665972
v 0.3788443 0.3408915 0.3570192
v 0.2573094 -0.3927701 0.3704715
v 0.3599961 -0.3636455 0.4024827
v 0.2968728 -0.4563366 0.3824287
v 0.2573094 -0.3927701 0.3704715
v 0.2968728 -0.4563366 0.3824287
v 0.3657219 -0.4766212 0.3702580
v 0.3657219 -0.4766212 0.3702580
v 0.2968728 -0.4563366 0.3824287
v 0.3599961 -0.3636455 0.4024827
v 0.4076309 0.4956083 0.3669293
v 0.3020547 0.3630427 0.3665972
v 0.2526943 0.4942779 0.3664976
v 0.3744407 0.3880095 0.4221197
v 0.3599961 -0.3636455 0.4024827
v 0.3807581 -0.3687921 0.3417136
v 0.3657219 -0.4766212 0.3702580
v 0.3788443 0.3408915 0.3570192
v 0.3807581 -0.3687921 0.3417136
v 0.3020547 0.3630427 0.3665972
v 0.3327910 0.3890935 0.3665027
v 0.3788443 0.3408915 0.3570192
v 0.3795290 0.4969148 0.3666098
v 0.3795290 0.4969148 0.3666098
v 0.3802075 0.3904875 0.3135116
v 0.3788443 0.3408915 0.3570192
v 0.4519639 0.4990117 0.3610261
v 0.4077997 0.3891611 0.3139267
v 0.3795290 0.4969148 0.3666098
v 0.4076309 0.4956083 0.3669293
v 0.4335118 0.3650363 0.3585593
v 0.4076309 0.4956083 0.3669293
v 0.4519639 0.4990117 0.3610261
v 0.4673536 0.3972107 0.3808506
v 0.4335118 0.3650363 0.3585593
v 0.4519639 0.4990117 0.3610261
v 0.4335118 0.3650363 0.3585593
v 0.4083004 0.4967361 0.3034969
v 0.4076309 0.4956083 0.3669293
v 0.4335118 0.3650363 0.3585593
v 0.4953183 0.3333345 0.3632450
v 0.3788443 0.3408915 0.3570192
v 0.3807581 -0.3687921 0.3417136
v 0.3657219 -0.4766212 0.3702580
v 0.0543425 -0.4820183 0.3550658
v 0.3802075 0.3904875 0.3135116
v 0.3788443 0.3408915 0.3570192
v 0.4424126 0.3906940 0.3145897
v 0.4335118 0.3650363 0.3585593
v 0.3330344 0.3875289 0.3044438
v 0.3327910 0.3890935 0.3665027
v 0.3020547 0.3630427 0.3665972
v 0.3330344 0.3875289 0.3044438
v 0.2970626 0.4901955 0.3032250
v 0.3020547 0.3630427 0.3665972
v 0.4083004 0.4967361 0.3034969
v 0.4077997 0.3891611 0.3139267
v 0.4076309 0.4956083 0.3669293
v 0.4083004 0.4967361 0.3034969
v 0.3802075 0.3904875 0.3135116
v 0.4077997 0.3891611 0.3139267
v 0.3330344 0.3875289 0.3044438
v 0.3183947 0.3881444 0.2533116
v 0.3281722 0.4971570 0.2527469
v 0.3183947 0.3881444 0.2533116
v 0.2925265 0.3924015 0.2529396
v 0.2925265 0.3924015 0.2529396
v 0.3020547 0.3630427 0.3665972
v 0.2970626 0.4901955 0.3032250
v 0.2963431 0.4980505 0.1823308
v 0.3020547 0.3630427 0.3665972
v 0.2925265 0.3924015 0.2529396
v 0.4911292 0.4990474 0.4532752
v 0.2925544 0.4406592 0.4551303
v 0.2900488 0.4787387 0.4012265
v 0.3800828 0.4942462 0.4324176
v 0.3744407 0.3880095 0.4221197
v 0.3800828 0.4942462 0.4324176
v 0.3651828 -0.4675868 0.4353451
v 0.0473824 0.3902292 0.4858492
v 0.3750119 0.3440010 0.4969496
v 0.0554122 0.4999010 0.4955622
v 0.0554122 0.4999010 0.4955622
v 0.3750119 0.3440010 0.4969496
v 0.3814902 0.4939722 0.4849771
v -0.0495849 -0.4892339 0.4959462
v 0.0546570 -0.4191308 0.4697127
v 0.0473824 0.3902292 0.4858492
v -0.0582443 0.4984514 0.4970719
v 0.0598390 -0.3672594 0.4352830
v 0.2744746 -0.4770820 0.4615621
v 0.3752180 -0.4829354 0.4981100
v 0.3772086 0.3830574 0.4782367
v 0.3750119 0.3440010 0.4969496
v 0.0473824 0.3902292 0.4858492
v 0.0554122 0.4999010 0.4955622
v 0.3814902 0.4939722 0.4849771
v 0.0473824 0.3902292 0.4858492
v 0.3752180 -0.4829354 0.4981100
v 0.0546570 -0.4191308 0.4697127
v 0.0598390 -0.3672594 0.4352830
v 0.0554122 0.4999010 0.4955622
v 0.0471988 0.4970854 0.4532530
v 0.0042879 0.3870522 0.4839998
v 0.3814902 0.4939722 0.4849771
v 0.1887106 0.3910672 0.4381059
v 0.0473824 0.3902292 0.4858492
v 0.3772086 0.3830574 0.4782367
v 0.0546570 -0.4191308 0.4697127
v 0.0543425 -0.4820183 0.3550658
v 0.0473824 0.3902292 0.4858492
v 0.0752360 -0.3805390 0.4597482
v 0.0598390 -0.3672594 0.4352830
v 0.0546570 -0.4191308 0.4697127
v 0.3752180 -0.4829354 0.4981100
v 0.2732292 -0.3766908 0.4687012
v 0.0554122 0.4999010 0.4955622
v 0.0718622 0.3972978 0.4042789
v 0.0471988 0.4970854 0.4532530
v 0.0471988 0.4970854 0.4532530
v 0.0554122 0.4999010 0.4955622
v 0.0473824 0.3902292 0.4858492
v 0.3651828 -0.4675868 0.4353451
v 0.2732292 -0.3766908 0.4687012
v 0.0539144 0.3661480 0.3674414
v 0.3651828 -0.4675868 0.4353451
v 0.2744746 -0.4770820 0.4615621
v 0.0598390 -0.3672594 0.4352830
v 0.0543425 -0.4820183 0.3550658
v 0.0546570 -0.4191308 0.4697127
v 0.0606005 -0.3714967 0.3702142
v 0.0554122 0.4999010 0.4955622
v 0.0539144 0.3661480 0.3674414
v 0.0718622 0.3972978 0.4042789
v 0.1160401 0.3967459 0.4029593
v 0.1161095 0.4621193 0.4192524
v 0.0718622 0.3972978 0.4042789
v 0.0796233 0.4991504 0.3672499
v 0.0471988 0.4970854 0.4532530
v -0.0525601 -0.4888686 0.3540689
v 0.2260845 0.4318868 0.4093239
v 0.2567524 0.3908329 0.4312729
v 0.2673861 0.4937458 0.4328093
v 0.2567524 0.3908329 0.4312729
v 0.2900488 0.4787387 0.4012265
v 0.2673861 0.4937458 0.4328093
v 0.1207077 -0.3745703 0.4029238
v 0.0598390 -0.3672594 0.4352830
v 0.2260845 0.4318868 0.4093239
v 0.3281864 0.3918694 0.4318028
v 0.2925544 0.4406592 0.4551303
v 0.2925544 0.4406592 0.4551303
v 0.2567524 0.3908329 0.4312729
v 0.2260845 0.4318868 0.4093239
v 0.1885507 0.3850389 0.3879136
v 0.1887106 0.3910672 0.4381059
v 0.1161095 0.4621193 0.4192524
v 0.1887106 0.3910672 0.4381059
v 0.1307613 0.3970199 0.4032769
v 0.1161095 0.4621193 0.4192524
v 0.2260845 0.4318868 0.4093239
v 0.1885507 0.3850389 0.3879136
v 0.2568092 0.3938867 0.3950800
v 0.2900488 0.4787387 0.4012265
v 0.2260845 0.4318868 0.4093239
v 0.0539144 0.3661480 0.3674414
v 0.2900488 0.4787387 0.4012265
v 0.3281864 0.3918694 0.4318028
v 0.2260845 0.4318868 0.4093239
v 0.1161095 0.4621193 0.4192524
v 0.1307613 0.3970199 0.4032769
v 0.1885507 0.3850389 0.3879136
v 0.2673861 0.4937458 0.4328093
v 0.2900488 0.4787387 0.4012265
v 0.2568092 0.3938867 0.3950800
v 0.1160401 0.3967459 0.4029593
v 0.0718622 0.3972978 0.4042789
v 0.1160401 0.3967459 0.4029593
v 0.0796233 0.4991504 0.3672499
v 0.0598390 -0.3672594 0.4352830
v 0.0543425 -0.4820183 0.3550658
v 0.0606005 -0.3714967 0.3702142
v 0.1307613 0.3970199 0.4032769
v 0.1299408 0.4969981 0.3666199
v 0.1415433 0.3640235 0.3873413
v 0.0598390 -0.3672594 0.4352830
v 0.0606005 -0.3714967 0.3702142
v 0.1207077 -0.3745703 0.4029238
v 0.2526943 0.4942779 0.3664976
v 0.2900488 0.4787387 0.4012265
v 0.2568092 0.3938867 0.3950800
v 0.2568092 0.3938867 0.3950800
v 0.2942799 0.3931799 0.3882787
v 0.2526943 0.4942779 0.3664976
v 0.2573094 -0.3927701 0.3704715
v 0.3651828 -0.4675868 0.4353451
v 0.1415433 0.3640235 0.3873413
v 0.1415433 0.3640235 0.3873413
v 0.1299408 0.4969981 0.3666199
v 0.2526943 0.4942779 0.3664976
v 0.1885507 0.3850389 0.3879136
v 0.1415433 0.3640235 0.3873413
v 0.1415433 0.3640235 0.3873413
v 0.2942799 0.3931799 0.3882787
v 0.1415433 0.3640235 0.3873413
v 0.1802915 0.3856981 0.3665014
v 0.0796233 0.4991504 0.3672499
v 0.1415433 0.3640235 0.3873413
v 0.1885507 0.3850389 0.3879136
v 0.1802915 0.3856981 0.3665014
v 0.0606005 -0.3714967 0.3702142
v 0.0598390 -0.3672594 0.4352830
v 0.3599961 -0.3636455 0.4024827
v 0.3020547 0.3630427 0.3665972
v 0.0796233 0.4991504 0.3672499
v 0.0300073 0.4763718 0.3588864
v 0.3599961 -0.3636455 0.4024827
v 0.3599961 -0.3636455 0.4024827
v 0.2573094 -0.3927701 0.3704715
v 0.1207077 -0.3745703 0.4029238
v 0.2526943 0.4942779 0.3664976
v 0.1802915 0.3856981 0.3665014
v -0.0275843 0.3761950 0.3502636
v 0.0543425 -0.4820183 0.3550658
v 0.1415433 0.3640235 0.3873413
v 0.0539144 0.3661480 0.3674414
v 0.0796233 0.4991504 0.3672499
v 0.0606005 -0.3714967 0.3702142
v 0.0543425 -0.4820183 0.3550658
v 0.1207077 -0.3745703 0.4029238
v 0.0606005 -0.3714967 0.3702142
v 0.1802915 0.3856981 0.3665014
v 0.2526943 0.4942779 0.3664976
v 0.3020547 0.3630427 0.3665972
v 0.0796233 0.4991504 0.3672499
v 0.1299408 0.4969981 0.3666199
v 0.1802915 0.3856981 0.3665014
v 0.0300073 0.4763718 0.3588864
v 0.0543425 -0.4820183 0.3550658
v -0.0275843 0.3761950 0.3502636
v 0.0300073 0.4763718 0.3588864
v 0.0278505 0.3428452 0.3508752
v 0.3657219 -0.4766212 0.3702580
v 0.2573094 -0.3927701 0.3704715
v 0.0543425 -0.4820183 0.3550658
v 0.2573094 -0.3927701 0.3704715
v 0.0543425 -0.4820183 0.3550658
v 0.0606005 -0.3714967 0.3702142
v 0.3807581 -0.3687921 0.3417136
v 0.0543425 -0.4820183 0.3550658
v 0.2573094 -0.3927701 0.3704715
v 0.0539144 0.3661480 0.3674414
v 0.0543425 -0.4820183 0.3550658
v 0.0300073 0.4763718 0.3588864
v 0.0419690 0.4961442 0.3037004
v 0.0278505 0.3428452 0.3508752
v 0.0419690 0.4961442 0.3037004
v 0.0300073 0.4763718 0.3588864
v 0.0539144 0.3661480 0.3674414
v 0.0419690 0.4961442 0.3037004
v 0.0539144 0.3661480 0.3674414
v 0.0420910 0.3892642 0.3139869
v 0.0554122 0.4999010 0.4955622
v 0.0473824 0.3902292 0.4858492
v 0.1207077 -0.3745703 0.4029238
v 0.2942799 0.3931799 0.3882787
v 0.2526943 0.4942779 0.3664976
v 0.0471988 0.4970854 0.4532530
v 0.0419690 0.4961442 0.3037004
v 0.0255285 0.3842644 0.3040838
v 0.0278505 0.3428452 0.3508752
v 0.0278505 0.3428452 0.3508752
v 0.0255285 0.3842644 0.3040838
v 0.0254722 0.3850467 0.2427728
v 0.0539144 0.3661480 0.3674414
v 0.0422819 0.3844710 0.1301262
v 0.0420910 0.3892642 0.3139869
v 0.0278505 0.3428452 0.3508752
v 0.0422819 0.3844710 0.1301262
v 0.0539144 0.3661480 0.3674414
v 0.0254722 0.3850467 0.2427728
v 0.0419690 0.4961442 0.3037004
v -0.0287351 0.4704229 0.3141251
v 0.0255285 0.3842644 0.3040838
v 0.0888191 0.3901220 0.3040807
v 0.0419690 0.4961442 0.3037004
v 0.0420910 0.3892642 0.3139869
v 0.0254722 0.3850467 0.2427728
v 0.0254722 0.3850467 0.2427728
v 0.0419690 0.4961442 0.3037004
v 0.0262143 0.4961918 0.2520453
v 0.0262143 0.4961918 0.2520453
v 0.0419690 0.4961442 0.3037004
v 0.0420910 0.3892642 0.3139869
v 0.0262143 0.4961918 0.2520453
v 0.0262143 0.4961918 0.2520453
v -0.0262232 0.4957510 0.2515167
v 0.0254722 0.3850467 0.2427728
v 0.0790548 0.3898797 0.2527539
v 0.0295755 0.4688226 0.1842011
v 0.0276165 0.3504817 0.0635141
v 0.0262143 0.4961918 0.2520453
v 0.0422819 0.3844710 0.1301262
v 0.0422825 0.4959893 0.1824087
v 0.0422819 0.3844710 0.1301262
v 0.0876000 0.4997461 0.1920228
v 0.0422825 0.4959893 0.1824087
v 0.0295755 0.4688226 0.1842011
v -0.0249016 0.3910631 0.1817958
v 0.0276165 0.3504817 0.0635141
v 0.0302855 0.4941666 0.1203974
v 0.0262143 0.4961918 0.2520453
v 0.0422825 0.4959893 0.1824087
v 0.0295755 0.4688226 0.1842011
v 0.0276165 0.3504817 0.0635141
v -0.0419069 0.4965055 0.1924424
v 0.0302855 0.4941666 0.1203974
v 0.0276165 0.3504817 0.0635141
v 0.0422819 0.3844710 0.1301262
v 0.0302855 0.4941666 0.1203974
v 0.0422825 0.4959893 0.1824087
v 0.0422819 0.3844710 0.1301262
v 0.0795281 0.4998692 0.1305673
v 0.0302855 0.4941666 0.1203974
v 0.0302855 0.4941666 0.1203974
v 0.0276165 0.3504817 0.0635141
v -0.0249016 0.3910631 0.1817958
v 0.0276165 0.3504817 0.0635141
v 0.1374858 0.4997183 0.1311377
v 0.0542000 0.3482301 0.0413065
v 0.1293997 0.4942460 0.0519993
v 0.0785767 0.4004073 0.0417679
v 0.0795281 0.4998692 0.1305673
v 0.0542000 0.3482301 0.0413065
v 0.3189249 0.3584083 0.0644711
v 0.2527811 0.4938768 0.0528333
v 0.0276165 0.3504817 0.0635141
v -0.0431470 0.3388461 0.0628023
v 0.0496759 -0.4862198 0.0625178
v 0.0276165 0.3504817 0.0635141
v 0.0496759 -0.4862198 0.0625178
v 0.0542000 0.3482301 0.0413065
v 0.0276165 0.3504817 0.0635141
v 0.0496759 -0.4862198 0.0625178
v -0.0450803 -0.4835035 0.0654186
v 0.0539260 -0.4172842 -0.0561379
v 0.0276165 0.3504817 0.0635141
v 0.0785767 0.4004073 0.0417679
v 0.0537082 0.3824179 -0.0228566
v 0.1293997 0.4942460 0.0519993
v 0.1437938 0.3826244 -0.0084403
v 0.1437938 0.3826244 -0.0084403
v 0.0542000 0.3482301 0.0413065
v 0.1293997 0.4942460 0.0519993
v 0.1427766 0.4977089 0.0076100
v 0.0542000 0.3482301 0.0413065
v 0.0537082 0.3824179 -0.0228566
v 0.0540785 0.3776961 0.0212126
v 0.0540785 0.3776961 0.0212126
v 0.0542000 0.3482301 0.0413065
v 0.1437938 0.3826244 -0.0084403
v 0.2563012 0.3885892 0.0085785
v 0.1427766 0.4977089 0.0076100
v 0.0542000 0.3482301 0.0413065
v 0.3656950 0.3469833 0.0417121
v 0.1293997 0.4942460 0.0519993
v 0.1427766 0.4977089 0.0076100
v 0.0496759 -0.4862198 0.0625178
v 0.0539260 -0.4172842 -0.0561379
v 0.0422819 0.3844710 0.1301262
v 0.0262143 0.4961918 0.2520453
v 0.0542000 0.3482301 0.0413065
v 0.0542000 0.3482301 0.0413065
v 0.0785767 0.4004073 0.0417679
v 0.0785767 0.4004073 0.0417679
v 0.0542000 0.3482301 0.0413065
v -0.0521772 -0.4855527 -0.0595883
v 0.0539260 -0.4172842 -0.0561379
v -0.0450803 -0.4835035 0.0654186
v -0.2440765 0.3907611 -0.0208614
v -0.1294244 0.3969284 -0.0216568
v -0.1294317 0.3811231 0.0007542
v -0.0529119 0.4968034 0.0212354
v -0.0526411 0.4958264 -0.0360123
v -0.0887891 0.4939719 -0.0233370
v -0.0531418 0.3775889 0.0209679
v -0.0887891 0.4939719 -0.0233370
v -0.0526411 0.4958264 -0.0360123
v -0.1891854 0.4488911 -0.0499514
v -0.1294317 0.3811231 0.0007542
v -0.1294244 0.3969284 -0.0216568
v -0.0245129 0.3900465 -0.0503089
v -0.0526411 0.4958264 -0.0360123
v -0.0526542 0.3446758 -0.0540020
v -0.0531418 0.3775889 0.0209679
v -0.0245129 0.3900465 -0.0503089
v -0.0890226 0.4514129 -0.0474632
v -0.0526411 0.4958264 -0.0360123
v -0.0526542 0.3446758 -0.0540020
v -0.0890226 0.4514129 -0.0474632
v -0.1384361 0.3911146 -0.0409484
v -0.1381363 0.3856860 -0.0643038
v -0.1384361 0.3911146 -0.0409484
v -0.0890226 0.4514129 -0.0474632
v -0.0521772 -0.4855527 -0.0595883
v -0.0450803 -0.4835035 0.0654186
v -0.0526542 0.3446758 -0.0540020
v -0.0526411 0.4958264 -0.0360123
v -0.0890226 0.4514129 -0.0474632
v -0.1891854 0.4488911 -0.0499514
v 0.0431565 0.4454721 -0.0503780
v -0.0526542 0.3446758 -0.0540020
v -0.0526542 0.3446758 -0.0540020
v -0.2519301 0.4436531 -0.0532136
v -0.1381363 0.3856860 -0.0643038
v -0.1384361 0.3911146 -0.0409484
v -0.0526542 0.3446758 -0.0540020
v 0.0431565 0.4454721 -0.0503780
v -0.0521772 -0.4855527 -0.0595883
v -0.0526542 0.3446758 -0.0540020
v -0.1381363 0.3856860 -0.0643038
v -0.0806719 0.3882594 -0.0647715
v -0.0806719 0.3882594 -0.0647715
v -0.0526542 0.3446758 -0.0540020
v -0.0248869 0.3934934 -0.1204969
v -0.0245129 0.3900465 -0.0503089
v -0.0526542 0.3446758 -0.0540020
v -0.0248869 0.3934934 -0.1204969
v -0.0416350 0.3931281 -0.1316206
v -0.0245129 0.3900465 -0.0503089
v -0.0526542 0.3446758 -0.0540020
v -0.0890226 0.4514129 -0.0474632
v -0.0806719 0.3882594 -0.0647715
v -0.0801260 0.4968550 -0.1218792
v -0.0526542 0.3446758 -0.0540020
v -0.0416350 0.3931281 -0.1316206
v -0.0270200 0.4960210 -0.1918200
v -0.0526542 0.3446758 -0.0540020
v -0.0270200 0.4960210 -0.1918200
v -0.0411669 0.3506485 -0.2412200
v -0.0270200 0.4960210 -0.1918200
v -0.0411669 0.3506485 -0.2412200
v -0.0270200 0.4960210 -0.1918200
v -0.0248869 0.3934934 -0.1204969
v -0.0411669 0.3506485 -0.2412200
v 0.0261870 0.4941149 -0.3135901
v -0.0250999 0.4943810 -0.2430390
v -0.0246681 0.3891410 -0.3043430
v -0.0411669 0.3506485 -0.2412200
v -0.0250999 0.4943810 -0.2430390
v 0.0251872 0.3895699 -0.1825298
v -0.0246681 0.3891410 -0.3043430
v -0.0246681 0.3891410 -0.3043430
v -0.0270200 0.4960210 -0.1918200
v -0.0250999 0.4943810 -0.2430390
v -0.0246681 0.3891410 -0.3043430
v -0.0411669 0.3506485 -0.2412200
v -0.0402471 0.4998731 -0.3605716
v -0.0887891 0.4939719 -0.0233370
v -0.0526542 0.3446758 -0.0540020
v -0.0411669 0.3506485 -0.2412200
v -0.0250999 0.4943810 -0.2430390
v -0.0411669 0.3506485 -0.2412200
v 0.0537324 0.3738362 -0.3661002
v -0.0402471 0.4998731 -0.3605716
v -0.0408598 -0.4857393 -0.3474989
v -0.3677482 -0.4980700 -0.3693174
v -0.0408598 -0.4857393 -0.3474989
v -0.3651386 -0.3302603 -0.3674534
v -0.3677482 -0.4980700 -0.3693174
v -0.1248093 -0.4794530 -0.3699448
v -0.0408598 -0.4857393 -0.3474989
v -0.0408598 -0.4857393 -0.3474989
v -0.0599557 -0.3706151 -0.3711858
v -0.3651386 -0.3302603 -0.3674534
v -0.0402471 0.4998731 -0.3605716
v -0.0599557 -0.3706151 -0.3711858
v -0.0408598 -0.4857393 -0.3474989
v -0.2510839 0.4994758 -0.3674103
v -0.3014993 0.3635427 -0.3674515
v -0.1787374 0.4966206 -0.3669717
v -0.1787374 0.4966206 -0.3669717
v -0.0402471 0.4998731 -0.3605716
v -0.1304846 0.4935430 -0.3947656
v -0.0402471 0.4998731 -0.3605716
v -0.0547516 -0.4829754 -0.3829427
v -0.3651386 -0.3302603 -0.3674534
v -0.0599557 -0.3706151 -0.3711858
v -0.1248093 -0.4794530 -0.3699448
v -0.3014993 0.3635427 -0.3674515
v -0.2668749 0.4008955 -0.4095571
v -0.1887126 0.4319223 -0.3880524
v -0.0402471 0.4998731 -0.3605716
v -0.0599557 -0.3706151 -0.3711858
v -0.0402471 0.4998731 -0.3605716
v -0.0626637 0.3477574 -0.4808435
v -0.1066023 0.4762724 -0.3944126
v -0.1887126 0.4319223 -0.3880524
v -0.2510839 0.4994758 -0.3674103
v -0.1248093 -0.4794530 -0.3699448
v -0.2572109 -0.3861346 -0.3823502
v -0.3677482 -0.4980700 -0.3693174
v -0.0547516 -0.4829754 -0.3829427
v -0.0599557 -0.3706151 -0.3711858
v -0.1248093 -0.4794530 -0.3699448
v -0.3590210 -0.3668188 -0.4027476
v -0.1204962 -0.4729125 -0.4036407
v -0.3677482 -0.4980700 -0.3693174
v -0.0597442 -0.3707065 -0.4040666
v -0.1304846 0.4935430 -0.3947656
v -0.1066023 0.4762724 -0.3944126
v -0.1887126 0.4319223 -0.3880524
v -0.0547516 -0.4829754 -0.3829427
v -0.0597442 -0.3707065 -0.4040666
v -0.0408598 -0.4857393 -0.3474989
v -0.0547516 -0.4829754 -0.3829427
v -0.1248093 -0.4794530 -0.3699448
v -0.0597442 -0.3707065 -0.4040666
v -0.3014993 0.3635427 -0.3674515
v -0.2510839 0.4994758 -0.3674103
v -0.2668749 0.4008955 -0.4095571
v -0.1066023 0.4762724 -0.3944126
v -0.0597442 -0.3707065 -0.4040666
v -0.1248093 -0.4794530 -0.3699448
v -0.0599557 -0.3706151 -0.3711858
v -0.0722029 0.4724958 -0.4129562
v -0.0722029 0.4724958 -0.4129562
v -0.1066023 0.4762724 -0.3944126
v -0.1146479 0.4524851 -0.4099495
v -0.2510839 0.4994758 -0.3674103
v -0.1783398 0.4396780 -0.4097124
v -0.2247502 0.4522388 -0.4096269
v -0.2668749 0.4008955 -0.4095571
v -0.2247502 0.4522388 -0.4096269
v -0.1783398 0.4396780 -0.4097124
v -0.1887126 0.4319223 -0.3880524
v -0.0547095 -0.4859458 -0.4582207
v -0.0408598 -0.4857393 -0.3474989
v -0.0597442 -0.3707065 -0.4040666
v -0.1204962 -0.4729125 -0.4036407
v -0.1146479 0.4524851 -0.4099495
v -0.1304846 0.4935430 -0.3947656
v -0.0722029 0.4724958 -0.4129562
v -0.3590210 -0.3668188 -0.4027476
v -0.0597442 -0.3707065 -0.4040666
v -0.1204962 -0.4729125 -0.4036407
v -0.3590210 -0.3668188 -0.4027476
v -0.0597442 -0.3707065 -0.4040666
v -0.1304846 0.4935430 -0.3947656
v -0.0402471 0.4998731 -0.3605716
v -0.0722029 0.4724958 -0.4129562
v -0.0464162 0.3967220 -0.4553782
v -0.1304699 0.4940672 -0.4286300
v -0.2668749 0.4008955 -0.4095571
v -0.2510839 0.4994758 -0.3674103
v -0.2659224 0.4990946 -0.4317312
v -0.0597442 -0.3707065 -0.4040666
v -0.0599557 -0.3706151 -0.3711858
v -0.0547095 -0.4859458 -0.4582207
v -0.2659224 0.4990946 -0.4317312
v -0.3276200 0.4471080 -0.4096161
v -0.2668749 0.4008955 -0.4095571
v -0.3276200 0.4471080 -0.4096161
v -0.2963373 0.3869647 -0.4523562
v -0.2668749 0.4008955 -0.4095571
v -0.3276200 0.4471080 -0.4096161
v -0.2659224 0.4990946 -0.4317312
v -0.2963373 0.3869647 -0.4523562
v -0.1265964 -0.4019040 -0.4352354
v -0.0432349 -0.4157673 -0.4976790
v -0.0547095 -0.4859458 -0.4582207
v -0.0599557 -0.3706151 -0.3711858
v -0.2247502 0.4522388 -0.4096269
v -0.2668749 0.4008955 -0.4095571
v -0.2659224 0.4990946 -0.4317312
v -0.2659224 0.4990946 -0.4317312
v -0.2568050 0.3928023 -0.4799695
v -0.2668749 0.4008955 -0.4095571
v -0.3590210 -0.3668188 -0.4027476
v -0.3519683 -0.4718523 -0.4603446
v -0.1265964 -0.4019040 -0.4352354
v -0.0547095 -0.4859458 -0.4582207
v 0.0005091 0.3906104 -0.4568314
v -0.0464162 0.3967220 -0.4553782
v -0.0402471 0.4998731 -0.3605716
v -0.0464162 0.3967220 -0.4553782
v -0.1304699 0.4940672 -0.4286300
v -0.0722029 0.4724958 -0.4129562
v -0.0432349 -0.4157673 -0.4976790
v -0.0432349 -0.4157673 -0.4976790
v 0.0550835 -0.4752594 -0.4170347
v -0.0408598 -0.4857393 -0.3474989
v -0.0601729 -0.3706310 -0.4497672
v -0.0547095 -0.4859458 -0.4582207
v -0.0432349 -0.4157673 -0.4976790
v -0.0626637 0.3477574 -0.4808435
v -0.0547095 -0.4859458 -0.4582207
v -0.0432349 -0.4157673 -0.4976790
v -0.0408598 -0.4857393 -0.3474989
v -0.0547095 -0.4859458 -0.4582207
v -0.0601729 -0.3706310 -0.4497672
v -0.1247814 -0.3900699 -0.4490497
v -0.1247814 -0.3900699 -0.4490497
v -0.1417400 -0.3772550 -0.4591683
v -0.3519683 -0.4718523 -0.4603446
v -0.1417400 -0.3772550 -0.4591683
v -0.3520235 -0.3853047 -0.4599180
v -0.3519683 -0.4718523 -0.4603446
v -0.1378013 -0.4716735 -0.4626085
v -0.0601729 -0.3706310 -0.4497672
v -0.0415987 0.4954572 -0.4965027
v -0.0626637 0.3477574 -0.4808435
v -0.0464162 0.3967220 -0.4553782
v -0.3519683 -0.4718523 -0.4603446
v -0.1417400 -0.3772550 -0.4591683
v -0.0601729 -0.3706310 -0.4497672
v -0.0547095 -0.4859458 -0.4582207
v -0.4063081 0.4909457 -0.4882069
v -0.2668749 0.4008955 -0.4095571
v -0.2568050 0.3928023 -0.4799695
v -0.1378013 -0.4716735 -0.4626085
v -0.2659224 0.4990946 -0.4317312
v -0.4063081 0.4909457 -0.4882069
v -0.2568050 0.3928023 -0.4799695
v 0.0058289 0.3908208 -0.4848599
v -0.3520235 -0.3853047 -0.4599180
v -0.0601729 -0.3706310 -0.4497672
v -0.3719293 -0.3431586 -0.4920148
v -0.1378013 -0.4716735 -0.4626085
v -0.0547095 -0.4859458 -0.4582207
v -0.1378013 -0.4716735 -0.4626085
v -0.0432349 -0.4157673 -0.4976790
v -0.0432349 -0.4157673 -0.4976790
v -0.3719293 -0.3431586 -0.4920148
v -0.0601729 -0.3706310 -0.4497672
v -0.0626637 0.3477574 -0.4808435
v -0.0464162 0.3967220 -0.4553782
v -0.0610975 0.4931340 -0.4851089
v -0.3520235 -0.3853047 -0.4599180
v -0.1378013 -0.4716735 -0.4626085
v -0.3719293 -0.3431586 -0.4920148
v -0.3519683 -0.4718523 -0.4603446
v -0.3719293 -0.3431586 -0.4920148
v -0.0626637 0.3477574 -0.4808435
v -0.4063081 0.4909457 -0.4882069
v -0.3791656 0.3426384 -0.4976163
v -0.0415987 0.4954572 -0.4965027
v -0.0626637 0.3477574 -0.4808435
v -0.0415987 0.4954572 -0.4965027
v -0.4063081 0.4909457 -0.4882069
v -0.0610975 0.4931340 -0.4851089
v -0.0610975 0.4931340 -0.4851089
v -0.0415987 0.4954572 -0.4965027
v -0.0626637 0.3477574 -0.4808435
v -0.0432349 -0.4157673 -0.4976790
v 0.0537030 -0.3748563 -0.4906591
v -0.0432349 -0.4157673 -0.4976790
v -0.0415987 0.4954572 -0.4965027
v -0.1887126 0.4319223 -0.3880524
v -0.2668749 0.4008955 -0.4095571
v -0.1417400 -0.3772550 -0.4591683
v -0.0601729 -0.3706310 -0.4497672
v -0.3279524 0.3952088 -0.3950204
v -0.2922803 0.3853405 -0.2434649
v -0.3014993 0.3635427 -0.3674515
v -0.3742466 0.3414868 -0.3591640
v -0.3706145 0.3954033 -0.3955902
v -0.3695296 0.3872228 -0.3046295
v -0.3719293 -0.3431586 -0.4920148
v -0.3677482 -0.4980700 -0.3693174
v -0.3971297 -0.3791494 -0.3066526
v -0.4898417 0.3787085 -0.3963900
v -0.4879994 0.4996544 -0.3127497
v -0.4979194 0.3349263 -0.3672588
v -0.4326787 0.3591982 -0.3573101
v -0.3651386 -0.3302603 -0.3674534
v -0.3742466 0.3414868 -0.3591640
v -0.4076093 0.3904910 -0.3138170
v -0.3695296 0.3872228 -0.3046295
v -0.3706145 0.3954033 -0.3955902
v -0.4429542 0.3872823 -0.3137771
v -0.4326787 0.3591982 -0.3573101
v -0.4518382 0.4962392 -0.3608530
v -0.4326787 0.3591982 -0.3573101
v -0.4064933 0.4927486 -0.3799380
v -0.4518382 0.4962392 -0.3608530
v -0.4898417 0.3787085 -0.3963900
v -0.4326787 0.3591982 -0.3573101
v -0.4518382 0.4962392 -0.3608530
v -0.4326787 0.3591982 -0.3573101
v -0.4064933 0.4927486 -0.3799380
v -0.4064933 0.4927486 -0.3799380
v -0.2668749 0.4008955 -0.4095571
v -0.3014993 0.3635427 -0.3674515
v -0.3279524 0.3952088 -0.3950204
v -0.3742466 0.3414868 -0.3591640
v -0.3706145 0.3954033 -0.3955902
v -0.3651386 -0.3302603 -0.3674534
v -0.1248093 -0.4794530 -0.3699448
v -0.3677482 -0.4980700 -0.3693174
v -0.3651386 -0.3302603 -0.3674534
v -0.3719293 -0.3431586 -0.4920148
v -0.4979194 0.3349263 -0.3672588
v -0.4326787 0.3591982 -0.3573101
v -0.4898417 0.3787085 -0.3963900
v -0.3719293 -0.3431586 -0.4920148
v -0.3590210 -0.3668188 -0.4027476
v -0.3520235 -0.3853047 -0.4599180
v -0.4984306 0.4952186 -0.4797641
v -0.3590210 -0.3668188 -0.4027476
v -0.2572109 -0.3861346 -0.3823502
v -0.3677482 -0.4980700 -0.3693174
v -0.3590210 -0.3668188 -0.4027476
v -0.3651386 -0.3302603 -0.3674534
v -0.3677482 -0.4980700 -0.3693174
v -0.2668749 0.4008955 -0.4095571
v -0.3276200 0.4471080 -0.4096161
v -0.3279524 0.3952088 -0.3950204
v -0.3651386 -0.3302603 -0.3674534
v -0.3519683 -0.4718523 -0.4603446
v -0.3531190 -0.4964775 -0.4148354
v -0.3531190 -0.4964775 -0.4148354
v -0.4518382 0.4962392 -0.3608530
v -0.4065122 0.4959811 -0.4333378
v -0.3519683 -0.4718523 -0.4603446
v -0.3276200 0.4471080 -0.4096161
v -0.3785124 0.3923813 -0.4217083
v -0.3280528 0.3880924 -0.4526408
v -0.3791656 0.3426384 -0.4976163
v -0.4063081 0.4909457 -0.4882069
v -0.2963373 0.3869647 -0.4523562
v -0.3280528 0.3880924 -0.4526408
v -0.3276200 0.4471080 -0.4096161
v -0.3520235 -0.3853047 -0.4599180
v -0.4984306 0.4952186 -0.4797641
v -0.4943657 -0.4840836 -0.4928324
v -0.4979194 0.3349263 -0.3672588
v -0.3519683 -0.4718523 -0.4603446
v -0.3633957 -0.4473661 -0.4488798
v -0.3520235 -0.3853047 -0.4599180
v -0.3633957 -0.4473661 -0.4488798
v -0.4971126 -0.4892501 -0.3617283
v -0.2659224 0.4990946 -0.4317312
v -0.2668749 0.4008955 -0.4095571
v -0.4063081 0.4909457 -0.4882069
v -0.4406649 0.4966602 -0.4869349
v -0.4063081 0.4909457 -0.4882069
v -0.4063081 0.4909457 -0.4882069
v -0.4943657 -0.4840836 -0.4928324
v -0.3719293 -0.3431586 -0.4920148
v -0.4971126 -0.4892501 -0.3617283
v -0.4789029 0.4894247 -0.4975814
v -0.3791656 0.3426384 -0.4976163
v -0.3719293 -0.3431586 -0.4920148
v -0.3519683 -0.4718523 -0.4603446
v -0.3520235 -0.3853047 -0.4599180
v -0.3785124 0.3923813 -0.4217083
v -0.3809006 0.4963267 -0.4808954
v -0.3791656 0.3426384 -0.4976163
v -0.2568050 0.3928023 -0.4799695
v -0.4063081 0.4909457 -0.4882069
v -0.3791656 0.3426384 -0.4976163
v -0.4984306 0.4952186 -0.4797641
v -0.4789029 0.4894247 -0.4975814
v -0.4943657 -0.4840836 -0.4928324
v -0.3791656 0.3426384 -0.4976163
v -0.3719293 -0.3431586 -0.4920148
v -0.4789029 0.4894247 -0.4975814
v -0.4943657 -0.4840836 -0.4928324
v -0.4789029 0.4894247 -0.4975814
v -0.4063081 0.4909457 -0.4882069
v -0.3791656 0.3426384 -0.4976163
v -0.4076093 0.3904910 -0.3138170
v -0.3519683 -0.4718523 -0.4603446
v -0.3531190 -0.4964775 -0.4148354
v -0.3651386 -0.3302603 -0.3674534
v -0.3684646 -0.5000000 -0.0648343
v -0.3677482 -0.4980700 -0.3693174
v -0.4879994 0.4996544 -0.3127497
v -0.4870769 0.4960843 -0.1826819
v -0.4979194 0.3349263 -0.3672588
v -0.3865333 -0.4810257 -0.2341804
v -0.3866916 -0.3750352 -0.2697238
v -0.3677482 -0.4980700 -0.3693174
v -0.3862398 -0.3757738 -0.2220407
v -0.4607085 -0.3749241 -0.2510958
v -0.3865333 -0.4810257 -0.2341804
v -0.4720832 -0.4782142 -0.2697371
v -0.4720233 -0.4784723 -0.1496268
v -0.4971126 -0.4892501 -0.3617283
v -0.3866916 -0.3750352 -0.2697238
v -0.4607085 -0.3749241 -0.2510958
v -0.3862398 -0.3757738 -0.2220407
v -0.4720832 -0.4782142 -0.2697371
v -0.4607085 -0.3749241 -0.2510958
v -0.4720233 -0.4784723 -0.1496268
v -0.3802600 -0.3735341 -0.3069125
v -0.4167704 0.3909874 -0.2435036
v -0.3696884 0.3869527 -0.2443681
v -0.4076093 0.3904910 -0.3138170
v -0.4319277 0.3890296 -0.1924645
v -0.4607085 -0.3749241 -0.2510958
v -0.4720832 -0.4782142 -0.2697371
v -0.3866916 -0.3750352 -0.2697238
v -0.3014993 0.3635427 -0.3674515
v -0.3019879 0.3617358 -0.0643557
v -0.3279524 0.3952088 -0.3950204
v -0.3971297 -0.3791494 -0.3066526
v -0.3866916 -0.3750352 -0.2697238
v -0.4720832 -0.4782142 -0.2697371
v -0.3971297 -0.3791494 -0.3066526
v -0.4607085 -0.3749241 -0.2510958
v -0.3971297 -0.3791494 -0.3066526
v -0.4720832 -0.4782142 -0.2697371
v -0.3971297 -0.3791494 -0.3066526
v -0.3802600 -0.3735341 -0.3069125
v -0.3651386 -0.3302603 -0.3674534
v -0.3802600 -0.3735341 -0.3069125
v -0.3684646 -0.5000000 -0.0648343
v -0.4999889 0.4916326 -0.0478194
v -0.4879994 0.4996544 -0.3127497
v -0.4898417 0.3787085 -0.3963900
v -0.4326787 0.3591982 -0.3573101
v -0.3695296 0.3872228 -0.3046295
v -0.3802600 -0.3735341 -0.3069125
v -0.3677482 -0.4980700 -0.3693174
v -0.3742466 0.3414868 -0.3591640
v -0.3695296 0.3872228 -0.3046295
v -0.3696884 0.3869527 -0.2443681
v -0.4979194 0.3349263 -0.3672588
v -0.4720343 -0.3714215 -0.3408263
v -0.4720832 -0.4782142 -0.2697371
v -0.3971297 -0.3791494 -0.3066526
v -0.4720343 -0.3714215 -0.3408263
v -0.4720832 -0.4782142 -0.2697371
v -0.4971126 -0.4892501 -0.3617283
v -0.4720343 -0.3714215 -0.3408263
v -0.4971126 -0.4892501 -0.3617283
v -0.3971297 -0.3791494 -0.3066526
v -0.4971126 -0.4892501 -0.3617283
v -0.4326787 0.3591982 -0.3573101
v -0.3742466 0.3414868 -0.3591640
v -0.3696884 0.3869527 -0.2443681
v -0.3651386 -0.3302603 -0.3674534
v -0.4326787 0.3591982 -0.3573101
v -0.4971126 -0.4892501 -0.3617283
v -0.4979194 0.3349263 -0.3672588
v -0.3971297 -0.3791494 -0.3066526
v -0.4971126 -0.4892501 -0.3617283
v -0.3719293 -0.3431586 -0.4920148
v -0.3799361 0.3915553 0.0518459
v -0.3684646 -0.5000000 -0.0648343
v -0.3648761 0.3718861 -0.0217018
v -0.3754157 0.4965212 -0.0115953
v -0.3968620 0.4083970 0.0013601
v -0.3767121 0.3677362 0.0104209
v -0.3968620 0.4083970 0.0013601
v -0.2697038 0.4848580 -0.0001236
v -0.3767121 0.3677362 0.0104209
v -0.3767121 0.3677362 0.0104209
v -0.3648761 0.3718861 -0.0217018
v -0.3754157 0.4965212 -0.0115953
v -0.3754157 0.4965212 -0.0115953
v -0.2697038 0.4848580 -0.0001236
v -0.3754157 0.4965212 -0.0115953
v -0.3648761 0.3718861 -0.0217018
v -0.1294317 0.3811231 0.0007542
v -0.2440765 0.3907611 -0.0208614
v -0.2697038 0.4848580 -0.0001236
v -0.2965445 0.4798225 -0.0222577
v -0.3754157 0.4965212 -0.0115953
v -0.3325527 0.4610627 -0.0211618
v -0.3754157 0.4965212 -0.0115953
v -0.2965445 0.4798225 -0.0222577
v -0.2440765 0.3907611 -0.0208614
v -0.3648761 0.3718861 -0.0217018
v -0.2965445 0.4798225 -0.0222577
v -0.1891854 0.4488911 -0.0499514
v -0.2440765 0.3907611 -0.0208614
v -0.2697038 0.4848580 -0.0001236
v -0.1891854 0.4488911 -0.0499514
v -0.2697038 0.4848580 -0.0001236
v -0.1294317 0.3811231 0.0007542
v -0.1891854 0.4488911 -0.0499514
v -0.1294244 0.3969284 -0.0216568
v -0.2440765 0.3907611 -0.0208614
v -0.2440765 0.3907611 -0.0208614
v -0.3754157 0.4965212 -0.0115953
v -0.3648761 0.3718861 -0.0217018
v -0.3720187 0.3364116 -0.0608502
v -0.3720187 0.3364116 -0.0608502
v -0.3968620 0.4083970 0.0013601
v -0.3754157 0.4965212 -0.0115953
v -0.3720187 0.3364116 -0.0608502
v -0.1384361 0.3911146 -0.0409484
v -0.1891854 0.4488911 -0.0499514
v -0.2519301 0.4436531 -0.0532136
v -0.2964172 0.4470643 -0.0511309
v -0.3720187 0.3364116 -0.0608502
v -0.2519301 0.4436531 -0.0532136
v -0.2964172 0.4470643 -0.0511309
v -0.3315192 0.5000000 -0.0547233
v -0.3720187 0.3364116 -0.0608502
v -0.3019879 0.3617358 -0.0643557
v -0.3315192 0.5000000 -0.0547233
v -0.3019879 0.3617358 -0.0643557
v -0.3720187 0.3364116 -0.0608502
v -0.2519301 0.4436531 -0.0532136
v -0.1891854 0.4488911 -0.0499514
v -0.1381363 0.3856860 -0.0643038
v -0.2964172 0.4470643 -0.0511309
v -0.2519301 0.4436531 -0.0532136
v -0.2917213 0.4942577 -0.1215338
v -0.3019879 0.3617358 -0.0643557
v -0.2510255 0.4996029 -0.1214228
v -0.2917213 0.4942577 -0.1215338
v -0.3019879 0.3617358 -0.0643557
v -0.3322082 0.3867661 -0.1910702
v -0.2963583 0.4970415 -0.1923530
v -0.3019879 0.3617358 -0.0643557
v -0.2524103 0.3914878 -0.1925945
v -0.2963583 0.4970415 -0.1923530
v -0.2963583 0.4970415 -0.1923530
v -0.3322082 0.3867661 -0.1910702
v -0.3019879 0.3617358 -0.0643557
v -0.3019879 0.3617358 -0.0643557
v -0.2922803 0.3853405 -0.2434649
v -0.2963583 0.4970415 -0.1923530
v -0.3014993 0.3635427 -0.3674515
v -0.2922803 0.3853405 -0.2434649
v -0.3019879 0.3617358 -0.0643557
v -0.3283295 0.4968906 -0.2543669
v -0.2917213 0.4942577 -0.1215338
v -0.3019879 0.3617358 -0.0643557
v -0.3019879 0.3617358 -0.0643557
v -0.3322082 0.3867661 -0.1910702
v -0.3862325 -0.4795921 0.0923499
v -0.4925155 -0.3773385 -0.0621837
v -0.3684646 -0.5000000 -0.0648343
v -0.4902698 0.4142068 -0.0694128
v -0.4895035 0.3415542 0.0626711
v -0.4999889 0.4916326 -0.0478194
v -0.4895035 0.3415542 0.0626711
v -0.4902698 0.4142068 -0.0694128
v -0.4925155 -0.3773385 -0.0621837
v -0.4999889 0.4916326 -0.0478194
v -0.4519697 0.3851894 0.0642582
v -0.4075956 0.3905347 -0.0644426
v -0.3968620 0.4083970 0.0013601
v -0.3720187 0.3364116 -0.0608502
v -0.4902698 0.4142068 -0.0694128
v -0.4999889 0.4916326 -0.0478194
v -0.4612171 -0.3728511 -0.0769132
v -0.3805829 -0.4868475 -0.0771337
v -0.3720187 0.3364116 -0.0608502
v -0.4925155 -0.3773385 -0.0621837
v -0.4902698 0.4142068 -0.0694128
v -0.3684646 -0.5000000 -0.0648343
v -0.4925155 -0.3773385 -0.0621837
v -0.3684646 -0.5000000 -0.0648343
v -0.4612171 -0.3728511 -0.0769132
v -0.3971838 -0.3778706 -0.1126993
v -0.4612171 -0.3728511 -0.0769132
v -0.4925155 -0.3773385 -0.0621837
v -0.4718024 -0.4776662 -0.1137026
v -0.4324720 0.3858447 -0.1310261
v -0.4870769 0.4960843 -0.1826819
v -0.4999889 0.4916326 -0.0478194
v -0.4902698 0.4142068 -0.0694128
v -0.3971838 -0.3778706 -0.1126993
v -0.3695590 0.3853007 -0.1230333
v -0.3720187 0.3364116 -0.0608502
v -0.3696884 0.3869527 -0.2443681
v -0.4319277 0.3890296 -0.1924645
v -0.3720187 0.3364116 -0.0608502
v -0.4902698 0.4142068 -0.0694128
v -0.4836568 0.3931397 -0.1215249
v -0.4902698 0.4142068 -0.0694128
v -0.4979194 0.3349263 -0.3672588
v -0.4718024 -0.4776662 -0.1137026
v -0.4925155 -0.3773385 -0.0621837
v -0.4720233 -0.4784723 -0.1496268
v -0.3971838 -0.3778706 -0.1126993
v -0.4319277 0.3890296 -0.1924645
v -0.4836568 0.3931397 -0.1215249
v -0.4718024 -0.4776662 -0.1137026
v -0.4720233 -0.4784723 -0.1496268
v -0.4612171 -0.3728511 -0.0769132
v -0.3792319 0.3972341 -0.1318222
v -0.3695590 0.3853007 -0.1230333
v -0.3322082 0.3867661 -0.1910702
v -0.4870769 0.4960843 -0.1826819
v -0.4836568 0.3931397 -0.1215249
v -0.4324720 0.3858447 -0.1310261
v -0.3684646 -0.5000000 -0.0648343
v -0.3805829 -0.4868475 -0.0771337
v -0.3971838 -0.3778706 -0.1126993
v -0.3703105 0.4981216 -0.1923080
v -0.3971838 -0.3778706 -0.1126993
v -0.4720233 -0.4784723 -0.1496268
v -0.4718024 -0.4776662 -0.1137026
v -0.3969766 -0.3724897 -0.1860625
v -0.4979194 0.3349263 -0.3672588
v -0.4870769 0.4960843 -0.1826819
v -0.4836568 0.3931397 -0.1215249
v -0.4324720 0.3858447 -0.1310261
v -0.4418130 0.3890216 -0.1831496
v -0.4411640 0.4972797 -0.1923549
v -0.4612171 -0.3728511 -0.0769132
v -0.4720233 -0.4784723 -0.1496268
v -0.4925155 -0.3773385 -0.0621837
v -0.3969766 -0.3724897 -0.1860625
v -0.3865333 -0.4810257 -0.2341804
v -0.3971838 -0.3778706 -0.1126993
v -0.4720233 -0.4784723 -0.1496268
v -0.3969766 -0.3724897 -0.1860625
v -0.4626849 -0.3689594 -0.1863737
v -0.3684646 -0.5000000 -0.0648343
v -0.3677482 -0.4980700 -0.3693174
v -0.3703105 0.4981216 -0.1923080
v -0.4411640 0.4972797 -0.1923549
v -0.4870769 0.4960843 -0.1826819
v -0.4418130 0.3890216 -0.1831496
v -0.4971126 -0.4892501 -0.3617283
v -0.3865333 -0.4810257 -0.2341804
v -0.4319277 0.3890296 -0.1924645
v -0.3703105 0.4981216 -0.1923080
v -0.3792392 0.3933383 -0.1935464
v -0.4720233 -0.4784723 -0.1496268
v -0.4607085 -0.3749241 -0.2510958
v -0.4626849 -0.3689594 -0.1863737
v -0.3792392 0.3933383 -0.1935464
v -0.4167704 0.3909874 -0.2435036
v -0.4319277 0.3890296 -0.1924645
v -0.3865333 -0.4810257 -0.2341804
v -0.3862398 -0.3757738 -0.2220407
v -0.3969766 -0.3724897 -0.1860625
v -0.3969766 -0.3724897 -0.1860625
v -0.4607085 -0.3749241 -0.2510958
v -0.3865333 -0.4810257 -0.2341804
v -0.4607085 -0.3749241 -0.2510958
v -0.3969766 -0.3724897 -0.1860625
v -0.3862398 -0.3757738 -0.2220407
v -0.3684646 -0.5000000 -0.0648343
v -0.3862398 -0.3757738 -0.2220407
v -0.3865333 -0.4810257 -0.2341804
v -0.2922803 0.3853405 -0.2434649
v -0.3279524 0.3952088 -0.3950204
v -0.3019879 0.3617358 -0.0643557
v -0.4326787 0.3591982 -0.3573101
v -0.3696884 0.3869527 -0.2443681
v -0.3862398 -0.3757738 -0.2220407
v -0.3865333 -0.4810257 -0.2341804
v -0.4720233 -0.4784723 -0.1496268
v -0.3862398 -0.3757738 -0.2220407
v -0.4720233 -0.4784723 -0.1496268
v -0.4879994 0.4996544 -0.3127497
v -0.4999889 0.4916326 -0.0478194
v -0.4870769 0.4960843 -0.1826819
v -0.3696884 0.3869527 -0.2443681
v -0.3792392 0.3933383 -0.1935464
v -0.3703105 0.4981216 -0.1923080
v -0.3696884 0.3869527 -0.2443681
v -0.4411640 0.4972797 -0.1923549
v -0.4319277 0.3890296 -0.1924645
v -0.4418130 0.3890216 -0.1831496
v -0.3684646 -0.5000000 -0.0648343
v -0.3802600 -0.3735341 -0.3069125
v -0.4979194 0.3349263 -0.3672588
v -0.3792319 0.3972341 -0.1318222
v -0.3792319 0.3972341 -0.1318222
v -0.3695590 0.3853007 -0.1230333
v -0.4319277 0.3890296 -0.1924645
v -0.4324720 0.3858447 -0.1310261
v -0.4607085 -0.3749241 -0.2510958
v -0.4720233 -0.4784723 -0.1496268
v -0.4607085 -0.3749241 -0.2510958
v -0.3865333 -0.4810257 -0.2341804
v -0.3862398 -0.3757738 -0.2220407
v -0.0287351 0.4704229 0.3141251
v -0.0249016 0.3910631 0.1817958
v -0.0262232 0.4957510 0.2515167
v -0.0275843 0.3761950 0.3502636
v -0.0409886 0.4965055 0.2421891
v -0.0417723 0.3924093 0.3038696
v -0.0287351 0.4704229 0.3141251
v -0.0249016 0.3910631 0.1817958
v 0.0254722 0.3850467 0.2427728
v -0.0262232 0.4957510 0.2515167
v -0.0419069 0.4965055 0.1924424
v -0.0431470 0.3388461 0.0628023
v -0.0409886 0.4965055 0.2421891
v -0.0409886 0.4965055 0.2421891
v -0.0287351 0.4704229 0.3141251
v -0.0419069 0.4965055 0.1924424
v -0.0275843 0.3761950 0.3502636
v -0.0249016 0.3910631 0.1817958
v -0.0275843 0.3761950 0.3502636
v -0.0431470 0.3388461 0.0628023
v -0.0262232 0.4957510 0.2515167
v -0.0419069 0.4965055 0.1924424
v -0.0262232 0.4957510 0.2515167
v -0.0249016 0.3910631 0.1817958
v -0.0249016 0.3910631 0.1817958
v 0.0295755 0.4688226 0.1842011
v -0.0419069 0.4965055 0.1924424
v 0.0276165 0.3504817 0.0635141
v -0.0249016 0.3910631 0.1817958
v -0.0419069 0.4965055 0.1924424
v -0.0413636 0.4959734 0.1317373
v -0.0245413 0.3865915 0.0492670
v -0.0413636 0.4959734 0.1317373
v -0.0245413 0.3865915 0.0492670
v -0.1386559 0.4964380 0.0522059
v -0.3694191 0.3516173 0.0637175
v -0.0431470 0.3388461 0.0628023
v 0.0496759 -0.4862198 0.0625178
v -0.0431470 0.3388461 0.0628023
v -0.0450803 -0.4835035 0.0654186
v -0.0893850 0.4942419 0.0522895
v -0.0245413 0.3865915 0.0492670
v -0.0431470 0.3388461 0.0628023
v 0.0276165 0.3504817 0.0635141
v -0.0431470 0.3388461 0.0628023
v -0.0531418 0.3775889 0.0209679
v -0.0450803 -0.4835035 0.0654186
v -0.0413636 0.4959734 0.1317373
v -0.0245413 0.3865915 0.0492670
v -0.0431470 0.3388461 0.0628023
v -0.3694191 0.3516173 0.0637175
v -0.0531418 0.3775889 0.0209679
v -0.0431470 0.3388461 0.0628023
v -0.0893850 0.4942419 0.0522895
v -0.0431470 0.3388461 0.0628023
v -0.0531418 0.3775889 0.0209679
v -0.0529119 0.4968034 0.0212354
v -0.1386559 0.4964380 0.0522059
v -0.0893850 0.4942419 0.0522895
v -0.0531418 0.3775889 0.0209679
v -0.0531418 0.3775889 0.0209679
v -0.2925023 0.4996982 0.0624734
v -0.1879821 0.3884936 0.0409148
v -0.1879821 0.3884936 0.0409148
v -0.0526542 0.3446758 -0.0540020
v -0.0529119 0.4968034 0.0212354
v -0.0884173 0.3921034 0.0206079
v -0.1386559 0.4964380 0.0522059
v -0.1294317 0.3811231 0.0007542
v -0.0884173 0.3921034 0.0206079
v -0.0531418 0.3775889 0.0209679
v -0.0529119 0.4968034 0.0212354
v -0.0884173 0.3921034 0.0206079
v -0.0529119 0.4968034 0.0212354
v -0.1386559 0.4964380 0.0522059
v -0.0531418 0.3775889 0.0209679
v -0.0529119 0.4968034 0.0212354
v -0.1294317 0.3811231 0.0007542
v -0.0531418 0.3775889 0.0209679
v -0.1294317 0.3811231 0.0007542
v -0.0529119 0.4968034 0.0212354
v -0.0529119 0.4968034 0.0212354
v 0.0276165 0.3504817 0.0635141
v -0.0245129 0.3900465 -0.0503089
v -0.1294244 0.3969284 -0.0216568
v -0.1294244 0.3969284 -0.0216568
v -0.0887891 0.4939719 -0.0233370
v -0.0531418 0.3775889 0.0209679
v -0.0887891 0.4939719 -0.0233370
v -0.1294317 0.3811231 0.0007542
v -0.1386559 0.4964380 0.0522059
v -0.0529119 0.4968034 0.0212354
v -0.0495849 -0.4892339 0.4959462
v 0.0473824 0.3902292 0.4858492
v -0.0636051 0.3483650 0.4807383
v -0.0582443 0.4984514 0.4970719
v -0.0636051 0.3483650 0.4807383
v 0.0473824 0.3902292 0.4858492
v -0.0582443 0.4984514 0.4970719
v 0.0554122 0.4999010 0.4955622
v 0.0042879 0.3870522 0.4839998
v -0.0582443 0.4984514 0.4970719
v 0.0042879 0.3870522 0.4839998
v -0.0422046 0.4933921 0.4841957
v -0.0495849 -0.4892339 0.4959462
v -0.0600535 -0.3709686 0.4352646
v -0.1376104 -0.3802214 0.4591892
v -0.0552108 -0.4270534 0.4616071
v -0.0495849 -0.4892339 0.4959462
v -0.1417121 -0.4785356 0.4601082
v -0.0636051 0.3483650 0.4807383
v -0.1409621 0.4106845 0.4851660
v -0.0582443 0.4984514 0.4970719
v -0.0582443 0.4984514 0.4970719
v -0.0422046 0.4933921 0.4841957
v -0.0616513 0.3928302 0.4378208
v -0.0636051 0.3483650 0.4807383
v -0.0582443 0.4984514 0.4970719
v -0.0616513 0.3928302 0.4378208
v -0.2768733 -0.4777732 0.4687824
v -0.0616513 0.3928302 0.4378208
v -0.0536293 0.3612237 0.3678349
v -0.0636051 0.3483650 0.4807383
v -0.1212241 -0.4780512 0.4167596
v 0.0546570 -0.4191308 0.4697127
v -0.0495849 -0.4892339 0.4959462
v -0.0525601 -0.4888686 0.3540689
v -0.0552108 -0.4270534 0.4616071
v -0.0525601 -0.4888686 0.3540689
v -0.0495849 -0.4892339 0.4959462
v 0.0042879 0.3870522 0.4839998
v -0.0525601 -0.4888686 0.3540689
v -0.0552108 -0.4270534 0.4616071
v -0.0555042 -0.4779598 0.4023027
v -0.1887426 0.4569526 0.4275519
v -0.1404835 0.3950183 0.4381180
v -0.1066154 0.4853306 0.4289615
v -0.0616513 0.3928302 0.4378208
v -0.1212241 -0.4780512 0.4167596
v -0.0552108 -0.4270534 0.4616071
v -0.0600535 -0.3709686 0.4352646
v -0.1212241 -0.4780512 0.4167596
v -0.0600535 -0.3709686 0.4352646
v -0.1376104 -0.3802214 0.4591892
v -0.1887426 0.4569526 0.4275519
v -0.1066154 0.4853306 0.4289615
v -0.1309548 0.4972163 0.3789866
v -0.0624665 0.4818122 0.3947301
v -0.1303379 0.3966862 0.4093182
v -0.1066154 0.4853306 0.4289615
v -0.1404835 0.3950183 0.4381180
v 0.0042879 0.3870522 0.4839998
v 0.0471988 0.4970854 0.4532530
v -0.0616513 0.3928302 0.4378208
v -0.0555042 -0.4779598 0.4023027
v -0.1212241 -0.4780512 0.4167596
v -0.2912448 -0.3941842 0.4353356
v -0.0600535 -0.3709686 0.4352646
v -0.0555042 -0.4779598 0.4023027
v -0.1066154 0.4853306 0.4289615
v -0.1303379 0.3966862 0.4093182
v -0.1309548 0.4972163 0.3789866
v -0.0495849 -0.4892339 0.4959462
v -0.0605984 -0.3713498 0.3701591
v -0.0600535 -0.3709686 0.4352646
v -0.0616513 0.3928302 0.4378208
v -0.0275843 0.3761950 0.3502636
v -0.0624665 0.4818122 0.3947301
v -0.1303379 0.3966862 0.4093182
v -0.1312682 0.3877034 0.3879327
v -0.1822990 0.4966167 0.4006118
v -0.0624665 0.4818122 0.3947301
v -0.1303379 0.3966862 0.4093182
v -0.0536293 0.3612237 0.3678349
v -0.0555042 -0.4779598 0.4023027
v -0.0600535 -0.3709686 0.4352646
v -0.1207781 -0.3941840 0.4037250
v -0.0624665 0.4818122 0.3947301
v -0.1309548 0.4972163 0.3789866
v -0.1303379 0.3966862 0.4093182
v -0.1312682 0.3877034 0.3879327
v -0.1303379 0.3966862 0.4093182
v -0.1309548 0.4972163 0.3789866
v -0.1309548 0.4972163 0.3789866
v -0.1822990 0.4966167 0.4006118
v -0.1312682 0.3877034 0.3879327
v -0.0624665 0.4818122 0.3947301
v -0.0536293 0.3612237 0.3678349
v -0.1309548 0.4972163 0.3789866
v -0.1303379 0.3966862 0.4093182
v -0.1309548 0.4972163 0.3789866
v -0.0536293 0.3612237 0.3678349
v -0.0555042 -0.4779598 0.4023027
v -0.0605984 -0.3713498 0.3701591
v -0.0525601 -0.4888686 0.3540689
v -0.1312682 0.3877034 0.3879327
v -0.1224295 -0.3966819 0.3705717
v -0.0605984 -0.3713498 0.3701591
v -0.1207781 -0.3941840 0.4037250
v -0.0600535 -0.3709686 0.4352646
v -0.0605984 -0.3713498 0.3701591
v -0.0555042 -0.4779598 0.4023027
v -0.1224295 -0.3966819 0.3705717
v -0.0525601 -0.4888686 0.3540689
v -0.0624665 0.4818122 0.3947301
v -0.0275843 0.3761950 0.3502636
v -0.1224295 -0.3966819 0.3705717
v -0.0883437 0.4976373 0.3665972
v -0.0536293 0.3612237 0.3678349
v -0.1312682 0.3877034 0.3879327
v -0.0883437 0.4976373 0.3665972
v -0.1224295 -0.3966819 0.3705717
v -0.0525601 -0.4888686 0.3540689
v -0.0605984 -0.3713498 0.3701591
v -0.1309548 0.4972163 0.3789866
v -0.0275843 0.3761950 0.3502636
v -0.0275843 0.3761950 0.3502636
v -0.0275843 0.3761950 0.3502636
v -0.0525601 -0.4888686 0.3540689
v -0.0536293 0.3612237 0.3678349
v -0.0525601 -0.4888686 0.3540689
v -0.0275843 0.3761950 0.3502636
v 0.0543425 -0.4820183 0.3550658
v -0.0417723 0.3924093 0.3038696
v -0.0275843 0.3761950 0.3502636
v -0.0287351 0.4704229 0.3141251
v -0.0275843 0.3761950 0.3502636
v -0.0417723 0.3924093 0.3038696
v -0.0409886 0.4965055 0.2421891
v -0.1384014 0.4956556 0.3136326
v -0.1309548 0.4972163 0.3789866
v -0.1312682 0.3877034 0.3879327
v -0.0275843 0.3761950 0.3502636
v 0.0255285 0.3842644 0.3040838
v -0.0287351 0.4704229 0.3141251
v -0.0417723 0.3924093 0.3038696
v -0.0804164 0.4947701 0.3136263
v -0.0287351 0.4704229 0.3141251
v -0.0525601 -0.4888686 0.3540689
v -0.0495849 -0.4892339 0.4959462
v -0.0536293 0.3612237 0.3678349
v -0.0624665 0.4818122 0.3947301
v -0.3736486 0.3330123 0.4925523
v -0.0636051 0.3483650 0.4807383
v -0.3962440 0.4963306 0.4969185
v -0.0582443 0.4984514 0.4970719
v -0.2664499 0.4968549 0.4848149
v -0.3962440 0.4963306 0.4969185
v -0.0582443 0.4984514 0.4970719
v -0.0582443 0.4984514 0.4970719
v -0.1409621 0.4106845 0.4851660
v -0.2664499 0.4968549 0.4848149
v -0.2566088 0.4061256 0.4846165
v -0.3736486 0.3330123 0.4925523
v -0.0495849 -0.4892339 0.4959462
v -0.3696269 -0.4892858 0.4904905
v -0.2768733 -0.4777732 0.4687824
v -0.0636051 0.3483650 0.4807383
v -0.0636051 0.3483650 0.4807383
v -0.2664499 0.4968549 0.4848149
v -0.2566088 0.4061256 0.4846165
v -0.2577795 0.3879376 0.4307558
v -0.2912448 -0.3941842 0.4353356
v -0.3696269 -0.4892858 0.4904905
v -0.0495849 -0.4892339 0.4959462
v -0.1376104 -0.3802214 0.4591892
v -0.1212241 -0.4780512 0.4167596
v -0.1417121 -0.4785356 0.4601082
v -0.2566088 0.4061256 0.4846165
v -0.2664499 0.4968549 0.4848149
v -0.1887426 0.4569526 0.4275519
v -0.2912448 -0.3941842 0.4353356
v -0.1212241 -0.4780512 0.4167596
v -0.2912448 -0.3941842 0.4353356
v -0.0600535 -0.3709686 0.4352646
v -0.1887426 0.4569526 0.4275519
v -0.1303379 0.3966862 0.4093182
v -0.1404835 0.3950183 0.4381180
v -0.1887426 0.4569526 0.4275519
v -0.2577795 0.3879376 0.4307558
v -0.1303379 0.3966862 0.4093182
v -0.1887426 0.4569526 0.4275519
v -0.2230241 0.3962771 0.4012576
v -0.2577795 0.3879376 0.4307558
v -0.2577795 0.3879376 0.4307558
v -0.2230241 0.3962771 0.4012576
v -0.1303379 0.3966862 0.4093182
v -0.2577795 0.3879376 0.4307558
v -0.2942704 0.4900522 0.3945140
v -0.2963394 0.4966047 0.4321590
v -0.2563264 0.3942677 0.3945108
v -0.2577795 0.3879376 0.4307558
v -0.2942704 0.4900522 0.3945140
v -0.1309548 0.4972163 0.3789866
v -0.1303379 0.3966862 0.4093182
v -0.1887426 0.4569526 0.4275519
v -0.1303379 0.3966862 0.4093182
v -0.1822990 0.4966167 0.4006118
v -0.2563264 0.3942677 0.3945108
v -0.1822990 0.4966167 0.4006118
v -0.1312682 0.3877034 0.3879327
v -0.3592030 -0.3658022 0.3840297
v -0.2912448 -0.3941842 0.4353356
v -0.1207781 -0.3941840 0.4037250
v -0.1822990 0.4966167 0.4006118
v -0.2230241 0.3962771 0.4012576
v -0.1312682 0.3877034 0.3879327
v -0.1822990 0.4966167 0.4006118
v -0.2563264 0.3942677 0.3945108
v -0.2230241 0.3962771 0.4012576
v -0.1312682 0.3877034 0.3879327
v -0.2230241 0.3962771 0.4012576
v -0.2563264 0.3942677 0.3945108
v -0.2563264 0.3942677 0.3945108
v -0.1822990 0.4966167 0.4006118
v -0.1312682 0.3877034 0.3879327
v -0.1788904 0.4938885 0.3658930
v -0.2563264 0.3942677 0.3945108
v -0.2522094 0.4970693 0.3671676
v -0.2937829 0.3899232 0.3879643
v -0.1788904 0.4938885 0.3658930
v -0.1312682 0.3877034 0.3879327
v -0.3184446 0.3630820 0.3666339
v -0.1224295 -0.3966819 0.3705717
v -0.3184446 0.3630820 0.3666339
v -0.2522094 0.4970693 0.3671676
v -0.1788904 0.4938885 0.3658930
v -0.3184446 0.3630820 0.3666339
v -0.1788904 0.4938885 0.3658930
v -0.1312682 0.3877034 0.3879327
v -0.1224295 -0.3966819 0.3705717
v -0.3592030 -0.3658022 0.3840297
v -0.0525601 -0.4888686 0.3540689
v -0.2967544 -0.4771538 0.3697706
v -0.3802311 -0.4841868 0.3412199
v -0.0525601 -0.4888686 0.3540689
v -0.2967544 -0.4771538 0.3697706
v -0.0525601 -0.4888686 0.3540689
v -0.3802311 -0.4841868 0.3412199
v -0.2768733 -0.4777732 0.4687824
v -0.1376104 -0.3802214 0.4591892
v -0.1376104 -0.3802214 0.4591892
v -0.2912448 -0.3941842 0.4353356
v -0.1887426 0.4569526 0.4275519
v -0.1224295 -0.3966819 0.3705717
v -0.2917297 0.4967793 0.2526043
v -0.2917544 0.3891091 0.3040718
v -0.2926784 0.3791613 0.1830444
v -0.2917297 0.4967793 0.2526043
v -0.2926784 0.3791613 0.1830444
v -0.2524513 0.3911781 0.2431132
v -0.2917297 0.4967793 0.2526043
v -0.3019768 0.4009948 0.1928176
v -0.2963899 0.3895578 0.2532767
v -0.2930866 0.4997578 0.1927067
v -0.2917544 0.3891091 0.3040718
v -0.2963899 0.3895578 0.2532767
v -0.2926784 0.3791613 0.1830444
v -0.3019768 0.4009948 0.1928176
v -0.2930866 0.4997578 0.1927067
v -0.2930866 0.4997578 0.1927067
v -0.3319205 0.3854199 0.1827649
v -0.3019768 0.4009948 0.1928176
v -0.2963899 0.3895578 0.2532767
v -0.3019768 0.4009948 0.1928176
v -0.3030287 0.4021822 0.2421891
v -0.2926784 0.3791613 0.1830444
v -0.2930866 0.4997578 0.1927067
v -0.2523483 0.4939718 0.1922668
v -0.2930866 0.4997578 0.1927067
v -0.2926784 0.3791613 0.1830444
v -0.3019768 0.4009948 0.1928176
v -0.2923834 0.4995592 0.1306218
v -0.2926784 0.3791613 0.1830444
v -0.2923834 0.4995592 0.1306218
v -0.3694191 0.3516173 0.0637175
v -0.2919711 0.3871990 0.1217778
v -0.3694191 0.3516173 0.0637175
v -0.3019768 0.4009948 0.1928176
v -0.3275348 0.3931398 0.1315611
v -0.2923834 0.4995592 0.1306218
v -0.2526959 0.3910907 0.1217854
v -0.2919711 0.3871990 0.1217778
v -0.3694191 0.3516173 0.0637175
v -0.3287092 0.4999524 0.0540103
v -0.3275348 0.3931398 0.1315611
v -0.3694191 0.3516173 0.0637175
v -0.3694191 0.3516173 0.0637175
v -0.2919711 0.3871990 0.1217778
v -0.2926784 0.3791613 0.1830444
v -0.2925023 0.4996982 0.0624734
v -0.2925023 0.4996982 0.0624734
v -0.2526959 0.3910907 0.1217854
v -0.3694191 0.3516173 0.0637175
v -0.2925023 0.4996982 0.0624734
v -0.3287092 0.4999524 0.0540103
v -0.3694191 0.3516173 0.0637175
v -0.3709038 0.4997458 0.0538088
v -0.3287092 0.4999524 0.0540103
v -0.3327951 0.4966285 0.0218153
v -0.3709038 0.4997458 0.0538088
v -0.2925023 0.4996982 0.0624734
v -0.3709038 0.4997458 0.0538088
v -0.3327951 0.4966285 0.0218153
v -0.3694191 0.3516173 0.0637175
v -0.2925023 0.4996982 0.0624734
v -0.3694191 0.3516173 0.0637175
v -0.1879821 0.3884936 0.0409148
v -0.1386559 0.4964380 0.0522059
v -0.1879821 0.3884936 0.0409148
v -0.3694191 0.3516173 0.0637175
v -0.0531418 0.3775889 0.0209679
v -0.0531418 0.3775889 0.0209679
v -0.3694191 0.3516173 0.0637175
v -0.3327951 0.4966285 0.0218153
v -0.3799361 0.3915553 0.0518459
v -0.3709038 0.4997458 0.0538088
v -0.3694191 0.3516173 0.0637175
v -0.2586357 0.4724838 0.0264268
v -0.1879821 0.3884936 0.0409148
v -0.2697038 0.4848580 -0.0001236
v -0.3767121 0.3677362 0.0104209
v -0.3327951 0.4966285 0.0218153
v -0.3799361 0.3915553 0.0518459
v -0.3327951 0.4966285 0.0218153
v -0.3968620 0.4083970 0.0013601
v -0.3799361 0.3915553 0.0518459
v -0.3767121 0.3677362 0.0104209
v -0.3799361 0.3915553 0.0518459
v -0.3648761 0.3718861 -0.0217018
v -0.3327951 0.4966285 0.0218153
v -0.3767121 0.3677362 0.0104209
v -0.3968620 0.4083970 0.0013601
v -0.3767121 0.3677362 0.0104209
v -0.1294317 0.3811231 0.0007542
v -0.1294317 0.3811231 0.0007542
v -0.2586357 0.4724838 0.0264268
v -0.2697038 0.4848580 -0.0001236
v -0.1879821 0.3884936 0.0409148
v -0.2586357 0.4724838 0.0264268
v -0.3327951 0.4966285 0.0218153
v -0.3767121 0.3677362 0.0104209
v -0.3767121 0.3677362 0.0104209
v -0.3694191 0.3516173 0.0637175
v -0.3327951 0.4966285 0.0218153
v -0.2697038 0.4848580 -0.0001236
v -0.2697038 0.4848580 -0.0001236
v -0.3968620 0.4083970 0.0013601
v -0.3327951 0.4966285 0.0218153
v -0.3694191 0.3516173 0.0637175
v -0.4168062 0.4803308 0.3594352
v -0.4417178 0.3903162 0.1920583
v -0.4895035 0.3415542 0.0626711
v -0.4978027 0.3316660 0.3686772
v -0.5000000 0.4959572 0.2295791
v -0.2917297 0.4967793 0.2526043
v -0.3320657 0.3872029 0.2524433
v -0.3030287 0.4021822 0.2421891
v -0.3794054 0.3931398 0.2421891
v -0.4076161 0.3906101 0.2432006
v -0.4078034 0.4980779 0.2434275
v -0.4911413 0.4962154 0.1217188
v -0.5000000 0.4959572 0.2295791
v -0.4840118 0.3906061 0.3137676
v -0.5000000 0.4959572 0.2295791
v -0.4911413 0.4962154 0.1217188
v -0.4868502 0.4943529 0.1825222
v -0.3794054 0.3931398 0.2421891
v -0.3702916 0.3467446 0.3635359
v -0.3694191 0.3516173 0.0637175
v -0.4774887 -0.3745230 0.2212028
v -0.4772531 -0.3755833 0.0772751
v -0.4615973 -0.3746461 0.3065353
v -0.4078034 0.4980779 0.2434275
v -0.4417178 0.3903162 0.1920583
v -0.4415874 0.3930047 0.2532989
v -0.3801848 -0.4832019 0.2341424
v -0.3965180 -0.3718067 0.1864365
v -0.4774887 -0.3745230 0.2212028
v -0.3679533 -0.4970256 0.2367955
v -0.3801848 -0.4832019 0.2341424
v -0.3970371 -0.3780652 0.1493765
v -0.4078244 0.4964577 0.1822021
v -0.4078034 0.4980779 0.2434275
v -0.4076161 0.3906101 0.2432006
v -0.4072564 0.3920914 0.1920361
v -0.4076161 0.3906101 0.2432006
v -0.4720049 -0.3717829 0.1870557
v -0.3797441 0.3907015 0.1315465
v -0.4978027 0.3316660 0.3686772
v -0.4895035 0.3415542 0.0626711
v -0.4911413 0.4962154 0.1217188
v -0.4072564 0.3920914 0.1920361
v -0.4623710 -0.4813752 0.1849927
v -0.4774887 -0.3745230 0.2212028
v -0.4720049 -0.3717829 0.1870557
v -0.4078244 0.4964577 0.1822021
v -0.4072564 0.3920914 0.1920361
v -0.3797441 0.3907015 0.1315465
v -0.4078244 0.4964577 0.1822021
v -0.4772531 -0.3755833 0.0772751
v -0.3184446 0.3630820 0.3666339
v -0.3694191 0.3516173 0.0637175
v -0.2963899 0.3895578 0.2532767
v -0.4519697 0.3851894 0.0642582
v -0.3965180 -0.3718067 0.1864365
v -0.4720049 -0.3717829 0.1870557
v -0.4623710 -0.4813752 0.1849927
v -0.4623710 -0.4813752 0.1849927
v -0.4078244 0.4964577 0.1822021
v -0.3797441 0.3907015 0.1315465
v -0.4075409 0.3911065 0.1824829
v -0.3019768 0.4009948 0.1928176
v -0.3694191 0.3516173 0.0637175
v -0.3184446 0.3630820 0.3666339
v -0.4616462 -0.3746461 0.1487509
v -0.4623710 -0.4813752 0.1849927
v -0.3970371 -0.3780652 0.1493765
v -0.4616462 -0.3746461 0.1487509
v -0.4616462 -0.3746461 0.1487509
v -0.3679533 -0.4970256 0.2367955
v -0.3694170 -0.3714294 0.0647867
v -0.3592030 -0.3658022 0.3840297
v -0.4172517 0.3910231 0.1310534
v -0.3694170 -0.3714294 0.0647867
v -0.3965180 -0.3718067 0.1864365
v -0.3592030 -0.3658022 0.3840297
v -0.3862325 -0.4795921 0.0923499
v -0.4075409 0.3911065 0.1824829
v -0.4172517 0.3910231 0.1310534
v -0.4078244 0.4964577 0.1822021
v -0.3970371 -0.3780652 0.1493765
v -0.4075409 0.3911065 0.1824829
v -0.3797441 0.3907015 0.1315465
v -0.4720049 -0.3717829 0.1870557
v -0.4617751 -0.4781109 0.1122094
v -0.4772531 -0.3755833 0.0772751
v -0.4911413 0.4962154 0.1217188
v -0.4617751 -0.4781109 0.1122094
v -0.4519697 0.3851894 0.0642582
v -0.4720049 -0.3717829 0.1870557
v -0.4616462 -0.3746461 0.1487509
v -0.4617751 -0.4781109 0.1122094
v -0.3694170 -0.3714294 0.0647867
v -0.3862325 -0.4795921 0.0923499
v -0.3592030 -0.3658022 0.3840297
v -0.3862325 -0.4795921 0.0923499
v -0.3694170 -0.3714294 0.0647867
v -0.3970371 -0.3780652 0.1493765
v -0.4616462 -0.3746461 0.1487509
v -0.4772531 -0.3755833 0.0772751
v -0.4617751 -0.4781109 0.1122094
v -0.3709038 0.4997458 0.0538088
v -0.3797441 0.3907015 0.1315465
v -0.3694191 0.3516173 0.0637175
v -0.3709038 0.4997458 0.0538088
v -0.4165448 0.4971486 0.0639318
v -0.4617751 -0.4781109 0.1122094
v -0.3862325 -0.4795921 0.0923499
v -0.3694170 -0.3714294 0.0647867
v -0.4772531 -0.3755833 0.0772751
v -0.4925155 -0.3773385 -0.0621837
v -0.3862325 -0.4795921 0.0923499
v -0.4617751 -0.4781109 0.1122094
v -0.4519697 0.3851894 0.0642582
v -0.4895035 0.3415542 0.0626711
v -0.3694191 0.3516173 0.0637175
v -0.3694170 -0.3714294 0.0647867
v -0.4772531 -0.3755833 0.0772751
v -0.3799361 0.3915553 0.0518459
v -0.4165448 0.4971486 0.0639318
v -0.3709038 0.4997458 0.0538088
v -0.4925155 -0.3773385 -0.0621837
v -0.3968620 0.4083970 0.0013601
v -0.4519697 0.3851894 0.0642582
v -0.4165448 0.4971486 0.0639318
v -0.3968620 0.4083970 0.0013601
v -0.4165448 0.4971486 0.0639318
v -0.3799361 0.3915553 0.0518459
v -0.3684646 -0.5000000 -0.0648343
v -0.4999889 0.4916326 -0.0478194
v -0.4895035 0.3415542 0.0626711
v -0.3694170 -0.3714294 0.0647867
v -0.3684646 -0.5000000 -0.0648343
v -0.3694191 0.3516173 0.0637175
v -0.3799361 0.3915553 0.0518459
v -0.3694191 0.3516173 0.0637175
v -0.3684646 -0.5000000 -0.0648343
v -0.4895035 0.3415542 0.0626711
v -0.4925155 -0.3773385 -0.0621837
v -0.4772531 -0.3755833 0.0772751
v -0.3801848 -0.4832019 0.2341424
v -0.3965180 -0.3718067 0.1864365
v -0.4623710 -0.4813752 0.1849927
v -0.4774887 -0.3745230 0.2212028
v -0.4616462 -0.3746461 0.1487509
v -0.4519697 0.3851894 0.0642582
v -0.3736486 0.3330123 0.4925523
v -0.3962440 0.4963306 0.4969185
v -0.4830636 0.4961400 0.4962441
v -0.3696269 -0.4892858 0.4904905
v -0.4842069 -0.4187737 0.4994017
v -0.4830636 0.4961400 0.4962441
v -0.4995519 0.4182971 0.4752141
v -0.4842069 -0.4187737 0.4994017
v -0.3962440 0.4963306 0.4969185
v -0.2664499 0.4968549 0.4848149
v -0.3324427 0.4385740 0.4551056
v -0.3324427 0.4385740 0.4551056
v -0.3736486 0.3330123 0.4925523
v -0.3962440 0.4963306 0.4969185
v -0.3736486 0.3330123 0.4925523
v -0.3324427 0.4385740 0.4551056
v -0.2664499 0.4968549 0.4848149
v -0.3696269 -0.4892858 0.4904905
v -0.3477404 -0.4717649 0.4601697
v -0.3592030 -0.3658022 0.3840297
v -0.2912448 -0.3941842 0.4353356
v -0.2768733 -0.4777732 0.4687824
v -0.3696269 -0.4892858 0.4904905
v -0.3477404 -0.4717649 0.4601697
v -0.4168062 0.4803308 0.3594352
v -0.3962440 0.4963306 0.4969185
v -0.3736486 0.3330123 0.4925523
v -0.4101253 0.3875126 0.4305358
v -0.4830636 0.4961400 0.4962441
v -0.3962440 0.4963306 0.4969185
v -0.2912448 -0.3941842 0.4353356
v -0.4101253 0.3875126 0.4305358
v -0.3962440 0.4963306 0.4969185
v -0.4168062 0.4803308 0.3594352
v -0.3676336 0.3657586 0.3870225
v -0.3676336 0.3657586 0.3870225
v -0.3736486 0.3330123 0.4925523
v -0.3696269 -0.4892858 0.4904905
v -0.4603493 0.3906697 0.4528151
v -0.4830636 0.4961400 0.4962441
v -0.4995519 0.4182971 0.4752141
v -0.4842069 -0.4187737 0.4994017
v -0.3635271 -0.4816650 0.4158546
v -0.3592030 -0.3658022 0.3840297
v -0.3280097 0.3951929 0.4155801
v -0.2577795 0.3879376 0.4307558
v -0.2963394 0.4966047 0.4321590
v -0.2577795 0.3879376 0.4307558
v -0.3280097 0.3951929 0.4155801
v -0.2942704 0.4900522 0.3945140
v -0.3635271 -0.4816650 0.4158546
v -0.3592030 -0.3658022 0.3840297
v -0.3477404 -0.4717649 0.4601697
v -0.2963394 0.4966047 0.4321590
v -0.2942704 0.4900522 0.3945140
v -0.3280097 0.3951929 0.4155801
v -0.4995519 0.4182971 0.4752141
v -0.4830636 0.4961400 0.4962441
v -0.4673736 0.4109981 0.3805166
v -0.4168062 0.4803308 0.3594352
v -0.4168062 0.4803308 0.3594352
v -0.3802311 -0.4841868 0.3412199
v -0.2942704 0.4900522 0.3945140
v -0.2563264 0.3942677 0.3945108
v -0.2937829 0.3899232 0.3879643
v -0.2937829 0.3899232 0.3879643
v -0.3280381 0.3967059 0.3944392
v -0.3676336 0.3657586 0.3870225
v -0.2937829 0.3899232 0.3879643
v -0.3676336 0.3657586 0.3870225
v -0.2563264 0.3942677 0.3945108
v -0.2881139 -0.4718523 0.3820827
v -0.3592030 -0.3658022 0.3840297
v -0.2912448 -0.3941842 0.4353356
v -0.2942704 0.4900522 0.3945140
v -0.2937829 0.3899232 0.3879643
v -0.2522094 0.4970693 0.3671676
v -0.2881139 -0.4718523 0.3820827
v -0.3280381 0.3967059 0.3944392
v -0.2942704 0.4900522 0.3945140
v -0.2522094 0.4970693 0.3671676
v -0.3280381 0.3967059 0.3944392
v -0.3184446 0.3630820 0.3666339
v -0.3184446 0.3630820 0.3666339
v -0.2563264 0.3942677 0.3945108
v -0.3676336 0.3657586 0.3870225
v -0.2967544 -0.4771538 0.3697706
v -0.3592030 -0.3658022 0.3840297
v -0.3802311 -0.4841868 0.3412199
v -0.3702916 0.3467446 0.3635359
v -0.3676336 0.3657586 0.3870225
v -0.3702916 0.3467446 0.3635359
v -0.3184446 0.3630820 0.3666339
v -0.2917544 0.3891091 0.3040718
v -0.3179145 0.3892163 0.3131839
v -0.4168062 0.4803308 0.3594352
v -0.3702916 0.3467446 0.3635359
v -0.4978027 0.3316660 0.3686772
v -0.3802311 -0.4841868 0.3412199
v -0.1224295 -0.3966819 0.3705717
v -0.3694385 0.4952148 0.3038404
v -0.4172758 0.3909040 0.3136142
v -0.3694385 0.4952148 0.3038404
v -0.3798030 0.3911423 0.3136649
v -0.3676336 0.3657586 0.3870225
v -0.3798030 0.3911423 0.3136649
v -0.4172758 0.3909040 0.3136142
v -0.3676336 0.3657586 0.3870225
v -0.3694385 0.4952148 0.3038404
v -0.4172758 0.3909040 0.3136142
v -0.3798030 0.3911423 0.3136649
v -0.2963899 0.3895578 0.2532767
v -0.3794054 0.3931398 0.2421891
v -0.2963899 0.3895578 0.2532767
v -0.2917544 0.3891091 0.3040718
v -0.2917297 0.4967793 0.2526043
v -0.3030287 0.4021822 0.2421891
v -0.3179145 0.3892163 0.3131839
v -0.3030287 0.4021822 0.2421891
v -0.3184446 0.3630820 0.3666339
v -0.3019768 0.4009948 0.1928176
v -0.3184446 0.3630820 0.3666339
v -0.3030287 0.4021822 0.2421891
v -0.3696269 -0.4892858 0.4904905
v -0.3592030 -0.3658022 0.3840297
v -0.3184446 0.3630820 0.3666339
v -0.3179145 0.3892163 0.3131839
v -0.4995519 0.4182971 0.4752141
v -0.4978027 0.3316660 0.3686772
v -0.4842069 -0.4187737 0.4994017
v -0.4984522 -0.4192304 0.3625744
v -0.4842069 -0.4187737 0.4994017
v -0.4984522 -0.4192304 0.3625744
v -0.4720154 -0.4780156 0.3059713
v -0.3802311 -0.4841868 0.3412199
v -0.4517514 0.4960248 0.3138354
v -0.4673736 0.4109981 0.3805166
v -0.4168062 0.4803308 0.3594352
v -0.4673736 0.4109981 0.3805166
v -0.4666851 0.4926533 0.3606673
v -0.4517514 0.4960248 0.3138354
v -0.3702916 0.3467446 0.3635359
v -0.4984522 -0.4192304 0.3625744
v -0.4978027 0.3316660 0.3686772
v -0.3592030 -0.3658022 0.3840297
v -0.3802311 -0.4841868 0.3412199
v -0.4984522 -0.4192304 0.3625744
v -0.3592030 -0.3658022 0.3840297
v -0.4673736 0.4109981 0.3805166
v -0.4978027 0.3316660 0.3686772
v -0.4840118 0.3906061 0.3137676
v -0.5000000 0.4959572 0.2295791
v -0.4995519 0.4182971 0.4752141
v -0.4673736 0.4109981 0.3805166
v -0.4984522 -0.4192304 0.3625744
v -0.3802311 -0.4841868 0.3412199
v -0.4615973 -0.3746461 0.3065353
v -0.5000000 0.4959572 0.2295791
v -0.4673736 0.4109981 0.3805166
v -0.4840118 0.3906061 0.3137676
v -0.4984522 -0.4192304 0.3625744
v -0.4615973 -0.3746461 0.3065353
v -0.4720154 -0.4780156 0.3059713
v -0.5000000 0.4959572 0.2295791
v -0.3702916 0.3467446 0.3635359
v -0.4168062 0.4803308 0.3594352
v -0.3694191 0.3516173 0.0637175
v -0.3802311 -0.4841868 0.3412199
v -0.4615973 -0.3746461 0.3065353
v -0.4720154 -0.4780156 0.3059713
v -0.3967105 -0.3739511 0.2868997
v -0.3801848 -0.4832019 0.2341424
v -0.3801848 -0.4832019 0.2341424
v -0.3801848 -0.4832019 0.2341424
v -0.4615973 -0.3746461 0.3065353
v -0.3967105 -0.3739511 0.2868997
v -0.4615973 -0.3746461 0.3065353
v -0.4720154 -0.4780156 0.3059713
v -0.4724914 -0.4774199 0.2510192
v -0.4415874 0.3930047 0.2532989
v -0.4417178 0.3903162 0.1920583
v -0.4172758 0.3909040 0.3136142
v -0.4415874 0.3930047 0.2532989
v -0.4168062 0.4803308 0.3594352
v -0.4724914 -0.4774199 0.2510192
v -0.4772531 -0.3755833 0.0772751
v -0.4172758 0.3909040 0.3136142
v -0.3694385 0.4952148 0.3038404
v -0.3794054 0.3931398 0.2421891
v -0.3967105 -0.3739511 0.2868997
v -0.4724914 -0.4774199 0.2510192
v -0.3801848 -0.4832019 0.2341424
v -0.4616641 -0.3747017 0.2700242
v -0.4078034 0.4980779 0.2434275
v -0.4415874 0.3930047 0.2532989
v -0.4172758 0.3909040 0.3136142
v -0.3592030 -0.3658022 0.3840297
v -0.3802311 -0.4841868 0.3412199
v -0.3801848 -0.4832019 0.2341424
v -0.3967105 -0.3739511 0.2868997
v -0.3970145 -0.3783313 0.2514888
v -0.4616641 -0.3747017 0.2700242
v -0.3970145 -0.3783313 0.2514888
v -0.3967105 -0.3739511 0.2868997
v -0.3802311 -0.4841868 0.3412199
v -0.3801848 -0.4832019 0.2341424
v -0.4616641 -0.3747017 0.2700242
v -0.4724914 -0.4774199 0.2510192
v -0.4615973 -0.3746461 0.3065353
v -0.3794054 0.3931398 0.2421891
v -0.4078034 0.4980779 0.2434275
v -0.4172758 0.3909040 0.3136142
v -0.3801848 -0.4832019 0.2341424
v -0.3970145 -0.3783313 0.2514888
v -0.4774887 -0.3745230 0.2212028
v -0.4774887 -0.3745230 0.2212028
v -0.4615973 -0.3746461 0.3065353
v -0.4724914 -0.4774199 0.2510192
v -0.4774887 -0.3745230 0.2212028
v -0.3679533 -0.4970256 0.2367955
v -0.3592030 -0.3658022 0.3840297
v -0.3801848 -0.4832019 0.2341424
v -0.4911413 0.4962154 0.1217188
v -0.4774887 -0.3745230 0.2212028
v -0.4724914 -0.4774199 0.2510192
v -0.4984522 -0.4192304 0.3625744
v -0.3801848 -0.4832019 0.2341424
v -0.4774887 -0.3745230 0.2212028
v -0.3970145 -0.3783313 0.2514888
v -0.4724914 -0.4774199 0.2510192
v -0.4774887 -0.3745230 0.2212028
v -0.3801848 -0.4832019 0.2341424
v -0.3965180 -0.3718067 0.1864365
v -0.3801848 -0.4832019 0.2341424
v -0.3592030 -0.3658022 0.3840297
v -0.4774887 -0.3745230 0.2212028
v -0.4984522 -0.4192304 0.3625744
v -0.4772531 -0.3755833 0.0772751
v -0.4168062 0.4803308 0.3594352
v -0.4724914 -0.4774199 0.2510192
v -0.4616641 -0.3747017 0.2700242
vt 0.1473710 0.3775660
vt 0.1473710 0.4494620
vt 0.1415720 0.4083190
vt 0.2529280 0.7308850
vt 0.2113890 0.7443400
vt 0.2259090 0.7299410
vt 0.4068310 0.3538320
vt 0.3861260 0.3633980
vt 0.3821480 0.3159740
vt 0.3647620 0.3289130
vt 0.4645840 0.2941010
vt 0.5483440 0.2962070
vt 0.5678480 0.3194510
vt 0.5370110 0.3968760
vt 0.5197670 0.4469310
vt 0.5082950 0.3911770
vt 0.3212150 0.6980510
vt 0.2301360 0.7277330
vt 0.2573030 0.6384520
vt 0.3006640 0.7345210
vt 0.5367650 0.9668030
vt 0.5454040 0.9933930
vt 0.5081580 0.9830050
vt 0.4055980 0.3076380
vt 0.0229380 0.1461780
vt 0.0244380 0.1633160
vt 0.0217540 0.1963280
vt 0.0082870 0.0355690
vt 0.0205090 0.0731850
vt 0.0006210 0.0779440
vt 0.1297580 0.9182700
vt 0.1297580 0.8673110
vt 0.1523060 0.8660050
vt 0.2026000 0.6630310
vt 0.8062480 0.9285560
vt 0.7835980 0.9201540
vt 0.8025740 0.9112690
vt 0.7637760 0.9004370
vt 0.0256230 0.0108120
vt 0.0471040 0.0177910
vt 0.0309870 0.0653550
vt 0.8240960 0.9012130
vt 0.8240960 0.8471900
vt 0.8501050 0.8901510
vt 0.3795290 0.2843620
vt 0.1775390 0.5514900
vt 0.2016370 0.5658660
vt 0.1947690 0.6048160
vt 0.2028050 0.5288450
vt 0.3353120 0.3210960
vt 0.3453530 0.2638340
vt 0.1949780 0.1591080
vt 0.1904060 0.1068590
vt 0.1963260 0.0792210
vt 0.5615330 0.1179390
vt 0.5601450 0.2255840
vt 0.5406780 0.1957710
vt 0.4708940 0.4015690
vt 0.5777490 0.9075050
vt 0.5484320 0.9054550
vt 0.5906350 0.8743130
vt 0.4087800 0.2695070
vt 0.9205920 0.7266060
vt 0.8311020 0.7344360
vt 0.9261460 0.6526070
vt 0.3057160 0.3205650
vt 0.5916500 0.7378910
vt 0.5916500 0.6789890
vt 0.6734310 0.7384420
vt 0.3066530 0.2560250
vt 0.9016890 0.9368160
vt 0.8606130 0.9501620
vt 0.8604730 0.9397170
vt 0.1678000 0.4251290
vt 0.1731310 0.3641940
vt 0.1776550 0.4382630
vt 0.3618900 0.2500770
vt 0.3838710 0.2469220
vt 0.8364710 0.6508220
vt 0.7670890 0.9701720
vt 0.7950730 0.9809140
vt 0.7923790 0.9910070
vt 0.5438890 0.2732150
vt 0.6766550 0.6586090
vt 0.3770880 0.7251900
vt 0.3770880 0.6416610
vt 0.3875310 0.6413950
vt 0.2098070 0.4103760
vt 0.1883860 0.4458220
vt 0.1933860 0.4103760
vt 0.5967730 0.6666940
vt 0.4741840 0.9296010
vt 0.4467130 0.9305600
vt 0.4285190 0.9126830
vt 0.2111220 0.4888870
vt 0.2255610 0.5389840
vt 0.2255610 0.4492910
vt 0.3030890 0.5206260
vt 0.3056430 0.4403770
vt 0.3040760 0.5380500
vt 0.2016370 0.5658660
vt 0.1775390 0.5514900
vt 0.7943560 0.3795740
vt 0.7215260 0.3924160
vt 0.6110490 0.3872180
vt 0.5601990 0.4913620
vt 0.5695620 0.3268200
vt 0.5764650 0.3991130
vt 0.5760900 0.9617660
vt 0.5818680 0.9439810
vt 0.6194880 0.9641270
vt 0.6602170 0.6383250
vt 0.6088180 0.6254270
vt 0.6208890 0.6156190
vt 0.2795780 0.1130520
vt 0.2737390 0.1797960
vt 0.2754780 0.0732750
vt 0.5632050 0.1151200
vt 0.5763390 0.1641370
vt 0.5602710 0.2725950
vt 0.3361470 0.5644600
vt 0.3461390 0.5989030
vt 0.3361470 0.5992700
vt 0.0295320 0.4955690
vt 0.0387730 0.5033230
vt 0.0316000 0.5481660
vt 0.5425430 0.8122050
vt 0.5522830 0.8000800
vt 0.5796560 0.8000800
vt 0.5730950 0.5785080
vt 0.5993920 0.5675720
vt 0.6291510 0.9685120
vt 0.6291510 0.9258370
vt 0.6386620 0.9348030
vt 0.1364250 0.9518290
vt 0.0901100 0.9518290
vt 0.1162610 0.9272870
vt 0.2771960 0.9919470
vt 0.2771960 0.9579300
vt 0.2859490 0.9822390
vt 0.8253940 0.3787490
vt 0.6419280 0.3787490
vt 0.7172600 0.3667060
vt 0.1040610 0.5682470
vt 0.0765500 0.5608750
vt 0.9401450 0.6429950
vt 0.9390650 0.6895340
vt 0.9259050 0.6676600
vt 0.1133670 0.6131450
vt 0.8572930 0.4347170
vt 0.8468840 0.4259830
vt 0.8527310 0.2596320
vt 0.3461210 0.5300570
vt 0.6556040 0.8131600
vt 0.6941860 0.7951690
vt 0.7267050 0.8131840
vt 0.6090160 0.9215150
vt 0.6250450 0.9311470
vt 0.5828670 0.9369100
vt 0.9655380 0.9850380
vt 0.9361820 0.9945760
vt 0.9364250 0.9833110
vt 0.5197370 0.8484570
vt 0.4791220 0.8520100
vt 0.4547100 0.8457790
vt 0.9374500 0.5260270
vt 0.9374500 0.6366260
vt 0.9259410 0.5378090
vt 0.5777940 0.4466140
vt 0.5900590 0.8116520
vt 0.1303530 0.6297340
vt 0.1162600 0.6231370
vt 0.1082980 0.5779810
vt 0.8499800 0.2345580
vt 0.8465450 0.4096680
vt 0.8250570 0.3030330
vt 0.5882940 0.8945400
vt 0.8314890 0.2715810
vt 0.1310140 0.5663350
vt 0.5491200 0.5697400
vt 0.5567220 0.6326850
vt 0.9271940 0.6997370
vt 0.9406840 0.4612450
vt 0.9406840 0.4104990
vt 0.9512080 0.4279680
vt 0.3503390 0.4995070
vt 0.2822390 0.0960420
vt 0.2995790 0.1607580
vt 0.2841420 0.2012560
vt 0.8939630 0.3976030
vt 0.9050540 0.2708280
vt 0.9047340 0.4372810
vt 0.8869580 0.1687180
vt 0.8869580 0.3379160
vt 0.5651270 0.9280890
vt 0.6127400 0.8111970
vt 0.9428910 0.7304690
vt 0.5778850 0.4692990
vt 0.7716420 0.2604400
vt 0.7723790 0.2831130
vt 0.8630200 0.7614900
vt 0.8405300 0.7353160
vt 0.3382100 0.4881990
vt 0.8992280 0.1500570
vt 0.8920630 0.1654230
vt 0.7346790 0.1593010
vt 0.2525030 0.2478340
vt 0.2256290 0.3305440
vt 0.2321150 0.2482970
vt 0.6621090 0.4328390
vt 0.8305050 0.4031470
vt 0.8396100 0.4410790
vt 0.7730930 0.7296110
vt 0.7489640 0.7008560
vt 0.8303970 0.7016330
vt 0.5077220 0.6345780
vt 0.5222530 0.6423290
vt 0.5222530 0.7060980
vt 0.5104280 0.7182480
vt 0.3502020 0.4994880
vt 0.6088180 0.6254270
vt 0.6208890 0.6156190
vt 0.5697930 0.6242410
vt 0.0748390 0.6194680
vt 0.8702900 0.3054570
vt 0.9181920 0.7357630
vt 0.1769190 0.3005970
vt 0.2087780 0.2626290
vt 0.2088300 0.3398290
vt 0.1946940 0.8065560
vt 0.2243750 0.8362370
vt 0.1579350 0.8371790
vt 0.8490450 0.8139300
vt 0.8404700 0.8151350
vt 0.8521240 0.7942010
vt 0.9837010 0.7622440
vt 0.9886410 0.7856890
vt 0.9754600 0.7959870
vt 0.9084240 0.7950250
vt 0.0083380 0.6331140
vt 0.0083380 0.6617270
vt 0.0009990 0.6610700
vt 0.9628080 0.8666770
vt 0.9716500 0.8394650
vt 0.9851040 0.8494030
vt 0.9651670 0.7689780
vt 0.9823320 0.3123900
vt 0.9833640 0.2926980
vt 0.9906410 0.2915410
vt 0.9596530 0.2640390
vt 0.9596530 0.3118820
vt 0.9538610 0.2813450
vt 0.6289970 0.8099310
vt 0.6293800 0.8662360
vt 0.5632490 0.8662360
vt 0.5732880 0.8166720
vt 0.4329650 0.0354130
vt 0.4462480 0.0643810
vt 0.4540330 0.0980990
vt 0.0457190 0.9769520
vt 0.0354350 0.9940670
vt 0.0388710 0.9718880
vt 0.9616120 0.2538200
vt 0.9520560 0.2487410
vt 0.9612760 0.2355730
vt 0.9519010 0.2833460
vt 0.7493760 0.7673680
vt 0.6658580 0.7661920
vt 0.7050810 0.7260630
vt 0.0688390 0.6198250
vt 0.0887310 0.6215650
vt 0.0705840 0.6473370
vt 0.0544920 0.9680950
vt 0.3577710 0.9376740
vt 0.4009520 0.9376740
vt 0.3613350 0.9630640
vt 0.6831820 0.7127300
vt 0.0490190 0.2556420
vt 0.0519640 0.2893040
vt 0.0477900 0.3109430
vt 0.1011850 0.6210300
vt 0.2156030 0.5129230
vt 0.2114050 0.4649370
vt 0.2166050 0.4315490
vt 0.9863170 0.0597480
vt 0.9863170 0.0341090
vt 0.9925520 0.0474600
vt 0.0563640 0.1980650
vt 0.0488660 0.2405890
vt 0.0458470 0.1844720
vt 0.0090550 0.6789700
vt 0.0090550 0.6335600
vt 0.0169890 0.6637250
vt 0.8062750 0.7481150
vt 0.7787240 0.7490850
vt 0.7268950 0.7445510
vt 0.2203120 0.9620740
vt 0.2451760 0.9278520
vt 0.2764940 0.9607340
vt 0.0727260 0.6779640
vt 0.7484560 0.7542210
vt 0.3267550 0.7699440
vt 0.2763450 0.7656980
vt 0.2774310 0.7532840
vt 0.0941670 0.1922760
vt 0.0941670 0.2376850
vt 0.0910910 0.1755830
vt 0.2248370 0.6587580
vt 0.2250560 0.7198530
vt 0.2172040 0.6751270
vt 0.4242360 0.7354660
vt 0.4753060 0.7019320
vt 0.4806100 0.7092320
vt 0.1588780 0.5265810
vt 0.1529340 0.4586480
vt 0.1610700 0.4547460
vt 0.9562680 0.3839330
vt 0.9601940 0.3616720
vt 0.9589890 0.4098270
vt 0.0071700 0.1115190
vt 0.0000580 0.1092080
vt 0.0087880 0.0889730
vt 0.5650690 0.0208200
vt 0.2750970 0.7327590
vt 0.4756720 0.7896340
vt 0.4311760 0.7584780
vt 0.5029760 0.7553290
vt 0.1678670 0.6030040
vt 0.1678670 0.6711970
vt 0.1363090 0.6269860
vt 0.9793740 0.2975690
vt 0.9827890 0.2782000
vt 0.9813400 0.3144290
vt 0.0825830 0.3973730
vt 0.0778480 0.3432610
vt 0.0867710 0.3357970
vt 0.8730460 0.0314130
vt 0.7431700 0.0314130
vt 0.7939010 0.0221490
vt 0.2172050 0.6388700
vt 0.3388390 0.9676500
vt 0.3351290 0.9910730
vt 0.3117750 0.9874730
vt 0.9617340 0.7366860
vt 0.9709440 0.7650340
vt 0.9635690 0.7637970
vt 0.2514730 0.7332920
vt 0.8617240 0.0491500
vt 0.7833150 0.0560100
vt 0.7318870 0.0523270
vt 0.2486750 0.7684460
vt 0.7508460 0.9885310
vt 0.7243390 0.9692720
vt 0.7505360 0.9692090
vt 0.4530380 0.0006080
vt 0.4525010 0.0143520
vt 0.4269070 0.0165910
vt 0.0152090 0.1269600
vt 0.0073950 0.1314710
vt 0.0098060 0.0876930
vt 0.4878030 0.6846810
vt 0.2142980 0.3735090
vt 0.2160820 0.3939050
vt 0.2119270 0.4554830
vt 0.2504430 0.3984500
vt 0.2443970 0.3641600
vt 0.2493980 0.3032700
vt 0.4231290 0.0006370
vt 0.5106940 0.9848390
vt 0.5404950 0.9945220
vt 0.5106110 0.9932670
vt 0.8921740 0.9829990
vt 0.8879300 0.9988360
vt 0.8866960 0.9765940
vt 0.1321320 0.9944400
vt 0.1130770 0.9682140
vt 0.1294590 0.9688870
vt 0.2757850 0.2672420
vt 0.2757850 0.1642080
vt 0.2819550 0.2170300
vt 0.7253140 0.0158490
vt 0.8047740 0.0158490
vt 0.8530640 0.0219890
vt 0.4753060 0.7019320
vt 0.4242360 0.7354660
vt 0.2158430 0.0781450
vt 0.2352660 0.0183670
vt 0.2214380 0.1049750
vt 0.2103490 0.1883990
vt 0.2093930 0.2749920
vt 0.5947660 0.3498940
vt 0.5775770 0.3395710
vt 0.5775770 0.2619560
vt 0.5389790 0.4452690
vt 0.5271110 0.4403830
vt 0.5542130 0.3569700
vt 0.5786150 0.4348500
vt 0.3342940 0.6280220
vt 0.3492440 0.6320280
vt 0.3359760 0.7144840
vt 0.2495140 0.0324750
vt 0.2348330 0.2199580
vt 0.2287100 0.6307980
vt 0.2544390 0.5824090
vt 0.2256590 0.6652570
vt 0.6096470 0.3983400
vt 0.5091770 0.4921700
vt 0.0942440 0.5004550
vt 0.0942440 0.5599880
vt 0.0821690 0.5264420
vt 0.3037660 0.5584250
vt 0.3350120 0.5639340
vt 0.2443490 0.5621500
vt 0.4449220 0.1004040
vt 0.4648900 0.1496350
vt 0.4599410 0.2440680
vt 0.2534960 0.2165440
vt 0.2543060 0.1848270
vt 0.2618570 0.1640800
vt 0.4971970 0.1946240
vt 0.4797070 0.2938170
vt 0.4837370 0.1494260
vt 0.4959130 0.2432230
vt 0.5044640 0.1183970
vt 0.2612430 0.1249790
vt 0.2462510 0.1573260
vt 0.3509870 0.7113400
vt 0.3671420 0.6766960
vt 0.3709090 0.7208580
vt 0.3033030 0.7905080
vt 0.3409470 0.7838700
vt 0.3797440 0.7905770
vt 0.3511540 0.6349160
vt 0.3713710 0.6375520
vt 0.0165160 0.6669230
vt 0.0165160 0.7124390
vt 0.0080540 0.7032480
vt 0.2275880 0.2701170
vt 0.2214380 0.1049750
vt 0.2352660 0.0183670
vt 0.5389790 0.4452690
vt 0.5271110 0.4403830
vt 0.4699620 0.1979860
vt 0.4648900 0.1496350
vt 0.4449220 0.1004040
vt 0.7967180 0.9919700
vt 0.8073070 0.9593810
vt 0.8371890 0.9794730
vt 0.7586210 0.4465760
vt 0.7566080 0.4573470
vt 0.5858510 0.4424070
vt 0.6071880 0.1981440
vt 0.6024200 0.3708980
vt 0.5952690 0.3343850
vt 0.5992770 0.2371330
vt 0.5908350 0.4542630
vt 0.5247610 0.1470280
vt 0.5306210 0.2810450
vt 0.5151360 0.2570490
vt 0.5747810 0.3482320
vt 0.5676130 0.3106160
vt 0.5788240 0.1824800
vt 0.5700550 0.2133110
vt 0.5145880 0.2947410
vt 0.1422450 0.5910420
vt 0.1458570 0.5552150
vt 0.1673370 0.5277210
vt 0.1877170 0.7239390
vt 0.2058950 0.7019130
vt 0.2029850 0.7266320
vt 0.1506220 0.5273860
vt 0.1998190 0.6664210
vt 0.8906010 0.2131150
vt 0.9044850 0.1749680
vt 0.8914980 0.3417870
vt 0.7999960 0.0586330
vt 0.7568690 0.0624060
vt 0.6658520 0.0579870
vt 0.1023000 0.9944140
vt 0.1023000 0.9618510
vt 0.1104760 0.9673900
vt 0.9890420 0.5367900
vt 0.9890420 0.5693530
vt 0.9854050 0.5436620
vt 0.1901860 0.6615130
vt 0.7280980 0.9901030
vt 0.7243990 0.9809460
vt 0.7522600 0.9920270
vt 0.0690060 0.7607870
vt 0.0784140 0.7770830
vt 0.0699770 0.8195570
vt 0.4658260 0.9389340
vt 0.4415900 0.9386050
vt 0.4449810 0.9309330
vt 0.7182680 0.1854080
vt 0.5805520 0.1889540
vt 0.6199030 0.1768020
vt 0.0758600 0.1973310
vt 0.0758600 0.1348560
vt 0.0799140 0.1779690
vt 0.7521260 0.1751740
vt 0.8980140 0.3419850
vt 0.8297630 0.4923180
vt 0.6626200 0.4923180
vt 0.7980310 0.4821290
vt 0.6955730 0.0938910
vt 0.6939410 0.0846300
vt 0.8313670 0.0942390
vt 0.2049140 0.6483070
vt 0.4265570 0.9126630
vt 0.9896870 0.5542560
vt 0.9896870 0.5464810
vt 0.9980280 0.5473770
vt 0.5862990 0.4640360
vt 0.5893790 0.4551520
vt 0.7215550 0.4667160
vt 0.7566990 0.4591330
vt 0.4924040 0.0843750
vt 0.4778190 0.0591130
vt 0.6130900 0.0608240
vt 0.5875170 0.9808340
vt 0.5622450 0.9842020
vt 0.5446700 0.9699710
vt 0.2723130 0.0419670
vt 0.2750120 0.0655410
vt 0.5709560 0.9563380
vt 0.5534370 0.9615950
vt 0.2716920 0.1369030
vt 0.7237890 0.9838870
vt 0.7026770 0.9919910
vt 0.7179110 0.9732820
vt 0.7029210 0.9628000
vt 0.6796510 0.9810440
vt 0.5550310 0.3581600
vt 0.5673280 0.3243750
vt 0.5598040 0.4810300
vt 0.8761860 0.4679310
vt 0.8898550 0.3116930
vt 0.8953130 0.4789710
vt 0.2375190 0.0842520
vt 0.3624290 0.4957990
vt 0.3557990 0.4200240
vt 0.3626280 0.3828250
vt 0.0081070 0.1324020
vt 0.0199030 0.1492480
vt 0.0086830 0.1761970
vt 0.7072890 0.1863630
vt 0.6600960 0.2009000
vt 0.6372340 0.3293800
vt 0.6203440 0.3757830
vt 0.6400980 0.2533690
vt 0.6247190 0.1971900
vt 0.7306750 0.2239260
vt 0.6571620 0.2109640
vt 0.8376780 0.2117020
vt 0.6513640 0.6370680
vt 0.5888350 0.6425390
vt 0.5437220 0.6405790
vt 0.3068170 0.4933210
vt 0.3123480 0.4301070
vt 0.3085430 0.5384430
vt 0.8301330 0.2376800
vt 0.6498060 0.2293850
vt 0.6540170 0.2222710
vt 0.8386760 0.2057750
vt 0.8317660 0.2278040
vt 0.7179360 0.4165180
vt 0.6099450 0.4070700
vt 0.7880890 0.4096430
vt 0.7885900 0.4062990
vt 0.6104270 0.4062990
vt 0.6112370 0.3932090
vt 0.1998190 0.6664210
vt 0.1901860 0.6615130
vt 0.4449810 0.9309330
vt 0.4415900 0.9386050
vt 0.2650200 0.0620040
vt 0.2650200 0.0620040
vt 0.2716920 0.1369030
vt 0.8202630 0.1863630
vt 0.1665080 0.9823890
vt 0.1665080 0.9999200
vt 0.1440570 0.9955100
vt 0.5369230 0.7413500
vt 0.4557060 0.7413500
vt 0.4880700 0.7023850
vt 0.0291330 0.3319220
vt 0.0372060 0.3459040
vt 0.0308280 0.3840490
vt 0.5108740 0.6031150
vt 0.5527660 0.6105020
vt 0.4447770 0.6135930
vt 0.2524910 0.5638320
vt 0.2427470 0.5990670
vt 0.2312860 0.5909740
vt 0.4708940 0.8614810
vt 0.4860760 0.8527160
vt 0.5359860 0.8622720
vt 0.3625570 0.5573010
vt 0.3524310 0.5581870
vt 0.3531760 0.4496750
vt 0.3887300 0.6793640
vt 0.4324360 0.6749270
vt 0.4538020 0.6775500
vt 0.2046910 0.9821400
vt 0.2000830 0.9920200
vt 0.1702480 0.9819350
vt 0.9383030 0.5767600
vt 0.9383030 0.5259430
vt 0.9511320 0.5665000
vt 0.0283290 0.4652370
vt 0.0202830 0.4554940
vt 0.0219410 0.4493070
vt 0.1484770 0.8651180
vt 0.1060120 0.8623080
vt 0.0970370 0.8575360
vt 0.2177790 0.5834700
vt 0.0078680 0.2421130
vt 0.0078680 0.1981820
vt 0.0157190 0.2038840
vt 0.0134400 0.4470070
vt 0.0150210 0.9599420
vt 0.0534550 0.9667190
vt 0.0109190 0.9668390
vt 0.4365120 0.0197260
vt 0.5664370 0.0197260
vt 0.4404180 0.0299050
vt 0.4281660 0.6647490
vt 0.3841520 0.9358650
vt 0.3731170 0.9356180
vt 0.3767490 0.9284620
vt 0.9674550 0.4642590
vt 0.9553950 0.4271430
vt 0.9664210 0.4266500
vt 0.3715460 0.9679190
vt 0.3626820 0.9639720
vt 0.3980060 0.9411720
vt 0.5465060 0.9901330
vt 0.5495180 0.9818570
vt 0.5812590 0.9899090
vt 0.9523640 0.7305360
vt 0.9611500 0.7299370
vt 0.9611500 0.7453880
vt 0.9854520 0.3689180
vt 0.9993150 0.3588460
vt 0.9989220 0.3685410
vt 0.4538970 0.6311500
vt 0.4884200 0.6667280
vt 0.1190780 0.2021030
vt 0.1252190 0.1861050
vt 0.1561300 0.2086360
vt 0.9534890 0.7602460
vt 0.0283140 0.4202660
vt 0.0954670 0.1844850
vt 0.1029270 0.7953240
vt 0.2203960 0.6445220
vt 0.4214770 0.9264440
vt 0.9633040 0.8144790
vt 0.9792020 0.8196450
vt 0.9647100 0.8518600
vt 0.4290640 0.6401620
vt 0.7340080 0.9359220
vt 0.6959670 0.9319240
vt 0.6959780 0.9073210
vt 0.1446050 0.8122160
vt 0.4152350 0.6304140
vt 0.4473430 0.6198980
vt 0.1092690 0.9647960
vt 0.1340560 0.9533800
vt 0.1274130 0.9679960
vt 0.4207520 0.9384210
vt 0.9561650 0.7791540
vt 0.1428290 0.9678480
vt 0.0067730 0.4046400
vt 0.0067730 0.4494140
vt 0.0015810 0.4071740
vt 0.1414120 0.4052530
vt 0.1136250 0.3600230
vt 0.1496990 0.9580110
vt 0.0392760 0.2377920
vt 0.0337600 0.2484480
vt 0.0290280 0.2451340
vt 0.1428010 0.3264740
vt 0.1472390 0.3516400
vt 0.1421960 0.3998160
vt 0.0315510 0.1967610
vt 0.5249540 0.9412780
vt 0.5007580 0.9054050
vt 0.5415030 0.9317480
vt 0.0668730 0.0961510
vt 0.0670730 0.0777280
vt 0.0747810 0.0643770
vt 0.1634050 0.8155690
vt 0.0377190 0.1445620
vt 0.0377190 0.1959790
vt 0.0296030 0.1956700
vt 0.1294770 0.7216920
vt 0.1339140 0.6965270
vt 0.1307660 0.7634250
vt 0.0751420 0.1223550
vt 0.7759020 0.6790070
vt 0.7780020 0.6664590
vt 0.8338650 0.6803870
vt 0.7843580 0.6154360
vt 0.7091330 0.6737940
vt 0.0219410 0.4493070
vt 0.0202830 0.4554940
vt 0.1414120 0.3402010
vt 0.1428290 0.9678480
vt 0.1340560 0.9533800
vt 0.4783030 0.9001150
vt 0.5330760 0.8872200
vt 0.5438110 0.9125090
vt 0.6388620 0.8766270
vt 0.5971760 0.9036220
vt 0.6252430 0.8761520
vt 0.2127960 0.9386790
vt 0.2505940 0.9112170
vt 0.2258930 0.9521730
vt 0.9528550 0.8560540
vt 0.9631160 0.8578630
vt 0.9567100 0.9041430
vt 0.6524560 0.9088730
vt 0.7934680 0.9935650
vt 0.7683650 0.9839290
vt 0.7682030 0.9735110
vt 0.8165710 0.9940090
vt 0.8069110 0.9901060
vt 0.8378070 0.9809300
vt 0.9992930 0.5833610
vt 0.9992930 0.6102510
vt 0.9751540 0.6039820
vt 0.6356070 0.8572200
vt 0.5311360 0.8737310
vt 0.1992540 0.1634540
vt 0.1992540 0.0832290
vt 0.2395670 0.1263830
vt 0.9609030 0.5211930
vt 0.9889740 0.5007990
vt 0.9889570 0.5360560
vt 0.2276220 0.1036780
vt 0.2544420 0.0211370
vt 0.2524230 0.0480390
vt 0.8012770 0.0655530
vt 0.6727910 0.0730060
vt 0.7144880 0.0655530
vt 0.3685420 0.8764720
vt 0.3076250 0.8764720
vt 0.3384770 0.8699660
vt 0.9138860 0.0347920
vt 0.8566300 0.0347920
vt 0.8870260 0.0300730
vt 0.9434450 0.9661000
vt 0.9154300 0.9680590
vt 0.9091350 0.9415230
vt 0.0751770 0.1343950
vt 0.0751770 0.1918950
vt 0.0697860 0.1608290
vt 0.7447270 0.0745170
vt 0.7728140 0.7002400
vt 0.7475480 0.6884580
vt 0.8298480 0.6929370
vt 0.2827700 0.3376580
vt 0.2757120 0.3640010
vt 0.2769900 0.2815890
vt 0.5237050 0.9437950
vt 0.4762950 0.9437950
vt 0.4854520 0.9023970
vt 0.7330970 0.8655170
vt 0.7067750 0.8918390
vt 0.6767310 0.8654090
vt 0.0092860 0.9114910
vt 0.0185240 0.8851890
vt 0.0174690 0.9119200
vt 0.6665360 0.0591440
vt 0.2874330 0.2658580
vt 0.0085030 0.9315190
vt 0.2774710 0.2615520
vt 0.9536200 0.4281450
vt 0.9619980 0.4511630
vt 0.9534810 0.4765230
vt 0.9739620 0.2725420
vt 0.9828050 0.2395390
vt 0.9842690 0.2759410
vt 0.9321010 0.7346000
vt 0.8408720 0.7346000
vt 0.9122940 0.7292820
vt 0.6452060 0.6434200
vt 0.5914680 0.6528950
vt 0.5449660 0.6454190
vt 0.3058610 0.3578600
vt 0.3118290 0.4260710
vt 0.3062570 0.4726070
vt 0.4700350 0.0079230
vt 0.5733320 0.0079230
vt 0.4536950 0.0117330
vt 0.9834400 0.3624260
vt 0.9766810 0.3666500
vt 0.9836090 0.3506050
vt 0.9760960 0.3860050
vt 0.3117660 0.1411990
vt 0.3197170 0.2320800
vt 0.3058360 0.2558530
vt 0.9709970 0.7391730
vt 0.9723770 0.7655090
vt 0.9632490 0.7371930
vt 0.3713310 0.6190960
vt 0.4199350 0.6233480
vt 0.3122520 0.6201980
vt 0.2880120 0.0131820
vt 0.3531650 0.0088450
vt 0.3339300 0.0171990
vt 0.9885290 0.6755840
vt 0.9618390 0.6840040
vt 0.0332360 0.9923970
vt 0.0100070 0.9923970
vt 0.0321100 0.9845070
vt 0.6561270 0.3508370
vt 0.6449780 0.3759560
vt 0.6070980 0.3871570
vt 0.2997100 0.2980710
vt 0.2914450 0.2483550
vt 0.2997100 0.2748580
vt 0.6820960 0.2813700
vt 0.6590110 0.2458640
vt 0.6724310 0.2310250
vt 0.6912350 0.2720540
vt 0.7223040 0.6494440
vt 0.6223040 0.6406950
vt 0.7300300 0.6399910
vt 0.3850420 0.6085930
vt 0.1676210 0.1839270
vt 0.1827480 0.2163680
vt 0.1705360 0.2617730
vt 0.3316630 0.4387000
vt 0.3218990 0.4118730
vt 0.3311390 0.3239540
vt 0.0486740 0.0077880
vt 0.0603170 0.0065640
vt 0.0751590 0.0391360
vt 0.3185890 0.4372990
vt 0.3185890 0.3214240
vt 0.3290770 0.3225700
vt 0.6915960 0.3278520
vt 0.6716210 0.3539120
vt 0.2926920 0.3516450
vt 0.3328220 0.6126570
vt 0.7079870 0.3184220
vt 0.3807840 0.0160730
vt 0.6404950 0.7649820
vt 0.5883160 0.7604170
vt 0.6677040 0.7573770
vt 0.8815780 0.5816300
vt 0.8114620 0.5628420
vt 0.9251470 0.5660310
vt 0.0468580 0.3474420
vt 0.0558440 0.3667120
vt 0.0495220 0.4019440
vt 0.9838720 0.9687300
vt 0.9881180 0.9803940
vt 0.9838900 0.9899920
vt 0.0156030 0.7594170
vt 0.0156030 0.8056940
vt 0.0079840 0.7829140
vt 0.9718710 0.6052050
vt 0.9626730 0.6037490
vt 0.9857300 0.5874240
vt 0.7376720 0.3461140
vt 0.7201130 0.3558570
vt 0.3825660 0.2175380
vt 0.3569820 0.1067230
vt 0.4130430 0.2124800
vt 0.9926180 0.8899020
vt 0.9821550 0.8891700
vt 0.9803550 0.8722600
vt 0.9630030 0.8568780
vt 0.9274150 0.8438880
vt 0.9495540 0.8481440
vt 0.3137920 0.3214240
vt 0.3137920 0.4372990
vt 0.3058640 0.3413920
vt 0.7352340 0.3566300
vt 0.6835320 0.9241820
vt 0.6942730 0.8827120
vt 0.6925270 0.9217720
vt 0.6811570 0.8718870
vt 0.9624370 0.8045470
vt 0.9508770 0.8090680
vt 0.3571720 0.2308690
vt 0.0679700 0.7018140
vt 0.1105000 0.7027900
vt 0.1105000 0.7551240
vt 0.0701430 0.7605940
vt 0.1197450 0.7602050
vt 0.0737000 0.6189500
vt 0.0646100 0.5673970
vt 0.0749480 0.5609020
vt 0.7802100 0.3486640
vt 0.8395850 0.3810440
vt 0.0863320 0.8295740
vt 0.0547620 0.8730250
vt 0.0429070 0.8055990
vt 0.0577110 0.4754680
vt 0.0577110 0.4174070
vt 0.1049430 0.4184090
vt 0.9654730 0.6727530
vt 0.5543360 0.0159040
vt 0.6830100 0.0159040
vt 0.6051050 0.0283220
vt 0.0386120 0.2952370
vt 0.0306750 0.2734300
vt 0.0377370 0.2433380
vt 0.0223980 0.1454520
vt 0.0208050 0.1141260
vt 0.0387780 0.1192390
vt 0.0543790 0.1360450
vt 0.4931060 0.7495590
vt 0.5187450 0.7540800
vt 0.4385030 0.7561940
vt 0.7542080 0.9086200
vt 0.7286720 0.9300480
vt 0.7023030 0.9082810
vt 0.6610700 0.8478410
vt 0.6788470 0.8627580
vt 0.6494350 0.8651180
vt 0.0290310 0.4730610
vt 0.0290310 0.4207960
vt 0.0368170 0.4426580
vt 0.4667430 0.7479830
vt 0.6952440 0.8467280
vt 0.0324470 0.0904200
vt 0.1676930 0.3258600
vt 0.1795780 0.3441830
vt 0.1904190 0.3819910
vt 0.9358480 0.9715560
vt 0.9698040 0.9715560
vt 0.9636070 0.9812700
vt 0.6300630 0.8429900
vt 0.0812740 0.4169280
vt 0.1151600 0.4065420
vt 0.1040340 0.4169280
vt 0.1986650 0.3717250
vt 0.7665300 0.1117010
vt 0.7433470 0.1231160
vt 0.6074260 0.1231160
vt 0.1408390 0.4094340
vt 0.1198950 0.4170450
vt 0.2808710 0.0006860
vt 0.2874550 0.0120900
vt 0.2614390 0.0115930
vt 0.1559470 0.8435820
vt 0.1742750 0.8379780
vt 0.1562640 0.8912600
vt 0.9840550 0.3900530
vt 0.9751590 0.3927730
vt 0.9821100 0.3716010
vt 0.9786210 0.4082520
vt 0.6045260 0.1506230
vt 0.7060550 0.1381860
vt 0.7640240 0.1484080
vt 0.7288120 0.1378290
vt 0.9541250 0.3548860
vt 0.9524010 0.3351850
vt 0.9625300 0.3428830
vt 0.9812640 0.1091350
vt 0.9812640 0.1459020
vt 0.9774580 0.1272950
vt 0.9897610 0.8691300
vt 0.9824980 0.8649370
vt 0.9978460 0.8645310
vt 0.2131420 0.3851970
vt 0.9519670 0.3832420
vt 0.8663650 0.6389200
vt 0.8507600 0.6500460
vt 0.8329260 0.6356050
vt 0.9051740 0.6304600
vt 0.7096150 0.1014540
vt 0.3469020 0.3847160
vt 0.3374560 0.4382850
vt 0.3378420 0.3804560
vt 0.8983230 0.6231600
vt 0.8239010 0.7658480
vt 0.7898600 0.7631270
vt 0.8213570 0.7514180
vt 0.3620320 0.3781150
vt 0.3509370 0.4410360
vt 0.3480420 0.3255490
vt 0.3351620 0.3219120
vt 0.9428790 0.7504990
vt 0.9428790 0.8170690
vt 0.9357450 0.8020520
vt 0.9484480 0.0485080
vt 0.9484480 0.0080030
vt 0.9557280 0.0207190
vt 0.7877700 0.7544210
vt 0.9203900 0.5740320
vt 0.9114330 0.5914600
vt 0.4307990 0.9834110
vt 0.4124890 0.9921140
vt 0.7456320 0.7552850
vt 0.7553330 0.8698230
vt 0.8122350 0.8698230
vt 0.7604830 0.8918470
vt 0.9627800 0.1764540
vt 0.9905370 0.1764540
vt 0.9884500 0.1989760
vt 0.9717130 0.9307730
vt 0.9879920 0.9532570
vt 0.0401570 0.3353590
vt 0.0401570 0.3874910
vt 0.0315880 0.3866930
vt 0.9938930 0.8566720
vt 0.9988290 0.8637220
vt 0.9785660 0.8631130
vt 0.4775830 0.8767200
vt 0.4775830 0.9296680
vt 0.4246280 0.9088450
vt 0.7503300 0.7670090
vt 0.9051740 0.6304600
vt 0.8983230 0.6231600
vt 0.4327190 0.9651350
vt 0.9861850 0.9330650
vt 0.9553330 0.9616640
vt 0.9694620 0.9313630
vt 0.9690900 0.9708480
vt 0.1680690 0.5282120
vt 0.1918310 0.4550800
vt 0.2142400 0.5075920
vt 0.9376630 0.9702590
vt 0.7886360 0.1552170
vt 0.7904730 0.1130830
vt 0.8578200 0.1071900
vt 0.5442500 0.0058440
vt 0.5366830 0.0005450
vt 0.5645450 0.0007110
vt 0.9849250 0.2765350
vt 0.9849250 0.2551600
vt 0.9964020 0.2612740
vt 0.0949600 0.5009530
vt 0.1453340 0.4965450
vt 0.0968020 0.5599650
vt 0.1447920 0.5578460
vt 0.8020650 0.0949060
vt 0.7678590 0.1046200
vt 0.4212620 0.5025440
vt 0.4672610 0.5106550
vt 0.4059580 0.5108400
vt 0.0151860 0.8631560
vt 0.0079100 0.8580620
vt 0.0147770 0.8164500
vt 0.9867370 0.4247660
vt 0.9995040 0.4247660
vt 0.9902390 0.4435380
vt 0.3330010 0.7737170
vt 0.2818600 0.7737170
vt 0.2571710 0.7707540
vt 0.2906420 0.0115630
vt 0.2918700 0.0027660
vt 0.2983770 0.0021970
vt 0.3147640 0.0105230
vt 0.0379780 0.9209970
vt 0.0878200 0.9209970
vt 0.0465360 0.9296170
vt 0.4193670 0.4962940
vt 0.1409790 0.4072750
vt 0.1044310 0.4047580
vt 0.1279210 0.3981310
vt 0.1703300 0.1399080
vt 0.1510970 0.1241530
vt 0.1581260 0.1187710
vt 0.5537620 0.0190300
vt 0.4305130 0.0190300
vt 0.5181450 0.0104540
vt 0.4325980 0.3859660
vt 0.2237430 0.7815870
vt 0.2489770 0.7707470
vt 0.2747330 0.7776480
vt 0.9932040 0.9703150
vt 0.9932040 0.9510610
vt 0.9984420 0.9586710
vt 0.7647230 0.1503300
vt 0.1924920 0.6027370
vt 0.1600570 0.5679550
vt 0.2050130 0.9111430
vt 0.2107120 0.9434590
vt 0.2052490 0.9522480
vt 0.9711930 0.2647040
vt 0.9711930 0.2281710
vt 0.9811410 0.2412820
vt 0.7707260 0.9700970
vt 0.8002820 0.9486230
vt 0.7994560 0.9811070
vt 0.0151170 0.7585350
vt 0.0079790 0.7180540
vt 0.0150440 0.7127180
vt 0.2351630 0.4226620
vt 0.2257700 0.4484700
vt 0.2290930 0.3505470
vt 0.4397510 0.9493870
vt 0.7693290 0.9522540
vt 0.7509480 0.9522540
vt 0.7673560 0.9420950
vt 0.1411290 0.1028110
vt 0.0085000 0.8599790
vt 0.0145960 0.8827320
vt 0.0096500 0.9070970
vt 0.2831880 0.9934720
vt 0.3037750 0.9785140
vt 0.3094410 0.9969150
vt 0.0811340 0.4038220
vt 0.2041440 0.1960280
vt 0.1895590 0.1582380
vt 0.2169740 0.1762730
vt 0.7408750 0.1023490
vt 0.1700280 0.5353470
vt 0.7959810 0.9465600
vt 0.7244480 0.9710400
vt 0.7507360 0.9901400
vt 0.7264330 0.9796770
vt 0.4464390 0.9977970
vt 0.4194090 0.9977970
vt 0.4439910 0.9712450
vt 0.0373060 0.4405670
vt 0.0295120 0.3963630
vt 0.0397760 0.3884260
vt 0.1673020 0.1767840
vt 0.3501680 0.6334840
vt 0.3501680 0.7139360
vt 0.3422150 0.6843230
vt 0.0772200 0.9130360
vt 0.1286770 0.9130360
vt 0.1094020 0.9311900
vt 0.1949430 0.2422530
vt 0.5848610 0.8006660
vt 0.6559260 0.8006660
vt 0.6547110 0.8135850
vt 0.1733680 0.0689380
vt 0.5649300 0.8535660
vt 0.5419950 0.8619140
vt 0.4994430 0.8540480
vt 0.0421140 0.7117240
vt 0.0421140 0.7638360
vt 0.0291390 0.7639510
vt 0.3013480 0.9135890
vt 0.3551630 0.9135890
vt 0.3172540 0.9306370
vt 0.2995990 0.7776120
vt 0.6093830 0.0085300
vt 0.7326320 0.0085300
vt 0.7201900 0.0184970
vt 0.6954960 0.0992530
vt 0.1470660 0.5822250
vt 0.4392230 0.9586480
vt 0.4114720 0.9675660
vt 0.4020180 0.9625970
vt 0.1673020 0.1767840
vt 0.2041440 0.1960280
vt 0.1703300 0.1399080
vt 0.1581260 0.1187710
vt 0.2514780 0.9232030
vt 0.3034780 0.9299580
vt 0.2547320 0.9321430
vt 0.2503300 0.8781760
vt 0.2945620 0.8798170
vt 0.9604880 0.6429240
vt 0.9604880 0.6917190
vt 0.9544990 0.6753110
vt 0.0257880 0.6876190
vt 0.0724920 0.6971150
vt 0.0275460 0.6941790
vt 0.9490260 0.0501610
vt 0.9588360 0.0232090
vt 0.9595730 0.0667170
vt 0.0896680 0.9523540
vt 0.1329370 0.9523540
vt 0.1063920 0.9626330
vt 0.1633870 0.8740870
vt 0.1782660 0.8390350
vt 0.1773640 0.8862680
vt 0.0693390 0.6434260
vt 0.0481410 0.4598820
vt 0.0544370 0.4575900
vt 0.0530560 0.5077610
vt 0.0472830 0.5119430
vt 0.1714560 0.1711620
vt 0.1451170 0.1250280
vt 0.1806810 0.1513780
vt 0.9853610 0.2451960
vt 0.9853610 0.2255660
vt 0.9984230 0.2430560
vt 0.8821290 0.9675310
vt 0.8857530 0.9846180
vt 0.8765340 0.9846180
vt 0.9688870 0.6533580
vt 0.9615200 0.6808540
vt 0.9613340 0.6424880
vt 0.9815210 0.8698700
vt 0.9983310 0.8698700
vt 0.9981710 0.8765680
vt 0.7867480 0.0130300
vt 0.8149930 0.0080490
vt 0.8265200 0.0145550
vt 0.0299120 0.9367040
vt 0.0080090 0.9344020
vt 0.0268010 0.9073530
vt 0.0540000 0.4048630
vt 0.0540000 0.4569310
vt 0.0477200 0.4025280
vt 0.9478960 0.0457560
vt 0.9478960 0.0859400
vt 0.0218740 0.9457960
vt 0.0482510 0.4527150
vt 0.8554480 0.9549090
vt 0.1583440 0.8902030
vt 0.5072690 0.9999250
vt 0.5004520 0.9789450
vt 0.5074100 0.9806170
vt 0.4231560 0.0401020
vt 0.4231560 0.0070720
vt 0.4289330 0.0287450
vt 0.8493820 0.9846480
vt 0.3887930 0.9271490
vt 0.3677080 0.9214990
vt 0.4214820 0.9224100
vt 0.4131750 0.8656990
vt 0.3764690 0.8151770
vt 0.4166520 0.8148900
vt 0.9358840 0.6480590
vt 0.9235760 0.6513570
vt 0.9262840 0.5501170
vt 0.9849420 0.7626730
vt 0.9973670 0.7626730
vt 0.9904320 0.7808160
vt 0.9498930 0.0975450
vt 0.9520680 0.0736560
vt 0.0461230 0.9521060
vt 0.0007360 0.3290720
vt 0.0007360 0.2876360
vt 0.0027030 0.3067210
vt 0.1470330 0.1933990
vt 0.9979540 0.2402470
vt 0.9868120 0.2249110
vt 0.9934190 0.2241270
vt 0.9499620 0.0538070
vt 0.9834980 0.2826730
vt 0.9983200 0.2874890
vt 0.9838530 0.2893170
vt 0.0595910 0.9303540
vt 0.6411440 0.8212350
vt 0.6596450 0.8290890
vt 0.6368860 0.8407360
vt 0.6718060 0.8416670
vt 0.9772910 0.9919450
vt 0.9715410 0.9704840
vt 0.9773530 0.9589150
vt 0.8075660 0.9407350
vt 0.8523850 0.9407350
vt 0.9624570 0.4734430
vt 0.9706620 0.4740330
vt 0.9840890 0.5028280
vt 0.0011580 0.5193680
vt 0.0011580 0.4757180
vt 0.0052300 0.5027310
vt 0.1869310 0.9267810
vt 0.1799210 0.9111520
vt 0.1799210 0.8825130
vt 0.9712320 0.7251670
vt 0.9800820 0.6979290
vt 0.9840500 0.7249570
vt 0.6301340 0.8177190
vt 0.6715960 0.8334440
vt 0.6912420 0.8422320
vt 0.9623480 0.5083750
vt 0.9954900 0.7601730
vt 0.9730600 0.7601730
vt 0.9843480 0.7538320
vt 0.0304430 0.6464450
vt 0.1905950 0.8751850
vt 0.8540830 0.9926830
vt 0.8667060 0.9911130
vt 0.8858040 0.9944810
vt 0.8859670 0.9853720
vt 0.9898130 0.4667620
vt 0.9898130 0.4477350
vt 0.9969190 0.4610600
vt 0.0607870 0.9410840
vt 0.8696580 0.0001180
vt 0.8507030 0.0116760
vt 0.8506640 0.0001180
vt 0.9852710 0.3580590
vt 0.9983840 0.3578300
vt 0.9834340 0.3684600
vt 0.9993300 0.6552490
vt 0.9864200 0.6646290
vt 0.9885760 0.6542900
vt 0.7681090 0.9863280
vt 0.7896300 0.9933200
vt 0.7688590 0.9994220
vt 0.9603130 0.2977770
vt 0.9625370 0.2723470
vt 0.9613230 0.3202820
vt 0.8991470 0.0590130
vt 0.8926730 0.0702250
vt 0.7647350 0.0626360
vt 0.8697290 0.0114660
vt 0.6286480 0.9926030
vt 0.6529250 0.9749650
vt 0.6510630 0.9903610
vt 0.0066520 0.7039690
vt 0.0001070 0.6838270
vt 0.0121780 0.6798140
vt 0.8209310 0.9665480
vt 0.8272390 0.9520390
vt 0.8456850 0.9654410
vt 0.0264230 0.0796890
vt 0.0249970 0.0863970
vt 0.0060090 0.0868960
vt 0.9897180 0.4808840
vt 0.9897180 0.4675180
vt 0.9955400 0.4772600
vt 0.0176230 0.0180880
vt 0.0000670 0.0123840
vt 0.0033210 0.0059910
vt 0.8073860 0.9540070
vt 0.8110530 0.9440170
vt 0.0104670 0.9677460
vt 0.0494840 0.9677460
vt 0.0274950 0.9737770
vt 0.6712710 0.8177420
vt 0.7346260 0.8177420
vt 0.6957970 0.8215710
vt 0.9439960 0.0541090
vt 0.1773640 0.8862680
vt 0.1633870 0.8740870
vt 0.9591980 0.0742800
vt 0.9591980 0.0742800
vt 0.9520680 0.0736560
vt 0.8520780 0.9629510
vt 0.7941630 0.3973420
vt 0.6575380 0.3958410
vt 0.7909130 0.3903730
vt 0.7692840 0.0714670
vt 0.9027710 0.0714670
vt 0.9049170 0.0808670
vt 0.6610990 0.9629850
vt 0.6872860 0.9269410
vt 0.7236680 0.9536370
vt 0.8382850 0.3908490
vt 0.6301290 0.0432390
vt 0.7199100 0.0353850
vt 0.7634830 0.0403260
vt 0.4731520 0.4533770
vt 0.4662960 0.4527770
vt 0.4644400 0.3161560
vt 0.6909290 0.0985730
vt 0.5549710 0.0985730
vt 0.6941690 0.0915990
vt 0.8395660 0.3798200
vt 0.7349400 0.2960720
vt 0.7436160 0.2871620
vt 0.9994060 0.3157880
vt 0.9843770 0.3157880
vt 0.9905950 0.2950230
vt 0.6947200 0.1034410
vt 0.6138030 0.1177090
vt 0.5554030 0.0994900
vt 0.5566730 0.0920000
vt 0.8616860 0.9315410
vt 0.8330540 0.9038910
vt 0.8991330 0.9063610
vt 0.5462970 0.0365410
vt 0.5387700 0.0440680
vt 0.5381720 0.0316470
vt 0.6721480 0.0349150
vt 0.6286760 0.0423320
vt 0.0586040 0.9804400
vt 0.0897990 0.9905760
vt 0.0692400 0.9910590
vt 0.0284230 0.5716780
vt 0.0400640 0.5811840
vt 0.0327750 0.5836350
vt 0.6649960 0.0612280
vt 0.6285460 0.0439500
vt 0.0277490 0.6243910
vt 0.9313320 0.1648200
vt 0.9413950 0.2023780
vt 0.9338170 0.2921830
vt 0.2761410 0.9683490
vt 0.2363900 0.9663030
vt 0.2707070 0.9618720
vt 0.4222080 0.9068490
vt 0.4382210 0.9488250
vt 0.4267720 0.9393300
vt 0.4096410 0.9460960
vt 0.4072920 0.9398310
vt 0.7590530 0.9814580
vt 0.7529860 0.9944680
vt 0.7530220 0.9617970
vt 0.7181740 0.2383620
vt 0.9983950 0.9565980
vt 0.9932510 0.9424660
vt 0.9982600 0.9372600
vt 0.9898600 0.5183380
vt 0.9898600 0.5003350
vt 0.9953970 0.5136980
vt 0.5623900 0.0586000
vt 0.2482050 0.9624220
vt 0.4758850 0.9444790
vt 0.5192010 0.9444790
vt 0.5059210 0.9552750
vt 0.9854780 0.4240970
vt 0.9884770 0.4411060
vt 0.9864060 0.4560010
vt 0.5852990 0.9940060
vt 0.5906650 0.9774930
vt 0.6176490 0.9931590
vt 0.1485700 0.2275160
vt 0.1600660 0.2519370
vt 0.1537120 0.2582910
vt 0.1588290 0.2119730
vt 0.1659270 0.2279690
vt 0.5810120 0.0057210
vt 0.5671250 0.0006670
vt 0.5940550 0.0009720
vt 0.8711350 0.8763210
vt 0.1881540 0.9387060
vt 0.1798340 0.9565470
vt 0.1794140 0.9132320
vt 0.9889790 0.6402340
vt 0.9844860 0.6324520
vt 0.9871660 0.6079240
vt 0.1508290 0.1943670
vt 0.1618110 0.1849520
vt 0.1647740 0.1994300
vt 0.1604000 0.2580650
vt 0.6702150 0.9488230
vt 0.6526980 0.9431310
vt 0.6711460 0.9344970
vt 0.5250860 0.0058010
vt 0.4965360 0.0058010
vt 0.5031900 0.0005870
vt 0.9838400 0.2473500
vt 0.9969950 0.2516250
vt 0.9859910 0.2543690
vt 0.7915580 0.5217980
vt 0.7901890 0.4993320
vt 0.8160200 0.5087340
vt 0.0359730 0.0006380
vt 0.0475420 0.0165610
vt 0.0335390 0.0118380
vt 0.1137270 0.6372430
vt 0.1280420 0.6305680
vt 0.1183550 0.6477290
vt 0.7935590 0.0499030
vt 0.7461810 0.0326590
vt 0.1276210 0.6942480
vt 0.6428830 0.9361230
vt 0.6511050 0.9283120
vt 0.9584900 0.1254450
vt 0.9609640 0.1537270
vt 0.9564800 0.1728350
vt 0.4015820 0.9550670
vt 0.2457760 0.5485950
vt 0.3094430 0.5499650
vt 0.2931510 0.5569480
vt 0.3354970 0.5595130
vt 0.9535270 0.1285970
vt 0.9519580 0.1090320
vt 0.9595900 0.1119400
vt 0.9418280 0.0069280
vt 0.9418280 0.0294360
vt 0.8168950 0.0163310
vt 0.2423900 0.5562130
vt 0.2049710 0.9056700
vt 0.2258390 0.9071300
vt 0.9154630 0.5010820
vt 0.4071010 0.3121790
vt 0.4191720 0.3547380
vt 0.4090930 0.4118960
vt 0.9577090 0.0812310
vt 0.6295910 0.9243960
vt 0.2505570 0.9092980
vt 0.7562260 0.2615480
vt 0.9614930 0.1587370
vt 0.9621500 0.1958980
vt 0.9543120 0.1855400
vt 0.4209090 0.4367160
vt 0.8487220 0.9854500
vt 0.8814990 0.9854500
vt 0.8546740 0.9914540
vt 0.0562170 0.9287730
vt 0.0865160 0.9234300
vt 0.1069280 0.9311150
vt 0.0021100 0.5215510
vt 0.0057520 0.5422060
vt 0.0034670 0.5639530
vt 0.9562060 0.2063730
vt 0.8783890 0.0463010
vt 0.5429900 0.9076120
vt 0.5367310 0.8836020
vt 0.5446070 0.8844900
vt 0.6552240 0.0546400
vt 0.7004740 0.0506810
vt 0.7850710 0.0579190
vt 0.2093720 0.3606350
vt 0.2093720 0.2757280
vt 0.2171630 0.2790100
vt 0.6787930 0.0752300
vt 0.8150640 0.0752300
vt 0.7305600 0.0834920
vt 0.5430420 0.8722400
vt 0.5900500 0.8729960
vt 0.9908830 0.9359650
vt 0.9969890 0.9171740
vt 0.9987970 0.9363880
vt 0.2546020 0.9869950
vt 0.2739280 0.9828870
vt 0.2770930 0.9945080
vt 0.9947380 0.6499400
vt 0.9947380 0.6262270
vt 0.9993660 0.6448360
vt 0.0327750 0.5836350
vt 0.0400640 0.5811840
vt 0.8488200 0.0321610
vt 0.1183550 0.6477290
vt 0.1280420 0.6305680
vt 0.2120170 0.9375730
vt 0.1908320 0.9473980
vt 0.2006880 0.9480280
vt 0.2006880 0.9655540
vt 0.0027290 0.2967160
vt 0.0012020 0.2792560
vt 0.0026230 0.2566010
vt 0.2290760 0.6735000
vt 0.2534180 0.5889080
vt 0.2387130 0.6553750
vt 0.3311840 0.4407620
vt 0.3240350 0.5224710
vt 0.3195080 0.4345640
vt 0.3320890 0.4808680
vt 0.1113550 0.9682100
vt 0.1300570 0.9939520
vt 0.1107290 0.9780660
vt 0.4902970 0.9711530
vt 0.4902970 0.9929750
vt 0.4831680 0.9910860
vt 0.2017970 0.9253550
vt 0.9400110 0.4705630
vt 0.9347520 0.4946140
vt 0.9335860 0.4742720
vt 0.9940290 0.0490190
vt 0.9887550 0.0293380
vt 0.9940460 0.0241990
vt 0.2530110 0.6350860
vt 0.1247210 0.0100930
vt 0.1013230 0.0100930
vt 0.1243540 0.0026840
vt 0.2770660 0.6309970
vt 0.9340290 0.4490600
vt 0.9395050 0.4041570
vt 0.0078920 0.7793550
vt 0.0078920 0.7331750
vt 0.0127470 0.7530390
vt 0.2192630 0.9862210
vt 0.2490420 0.9765450
vt 0.2381850 0.9939710
vt 0.0083770 0.2559430
vt 0.0319180 0.2482940
vt 0.0258860 0.2976520
vt 0.9524260 0.6700880
vt 0.9524260 0.6213120
vt 0.9586300 0.6473440
vt 0.0610210 0.5476290
vt 0.0742470 0.5043700
vt 0.0908210 0.5595120
vt 0.9312420 0.4255530
vt 0.3304280 0.5472550
vt 0.0176580 0.6269920
vt 0.0093690 0.6308570
vt 0.0117840 0.6074060
vt 0.9866770 0.9178620
vt 0.9687240 0.9172350
vt 0.9895070 0.9091650
vt 0.0357020 0.8391560
vt 0.0226600 0.8577830
vt 0.0217920 0.8080650
vt 0.0162010 0.6525450
vt 0.1016850 0.9683410
vt 0.0511400 0.9648160
vt 0.0811770 0.9471030
vt 0.5400710 0.9235920
vt 0.5098000 0.9094760
vt 0.3889020 0.1648650
vt 0.3889020 0.0464370
vt 0.3973390 0.0761430
vt 0.1166380 0.2951990
vt 0.1408310 0.2748980
vt 0.1418390 0.3388610
vt 0.0261170 0.0858680
vt 0.0416960 0.0379220
vt 0.0404100 0.0878760
vt 0.5589960 0.9083490
vt 0.1452200 0.2135120
vt 0.1518360 0.2552840
vt 0.1012350 0.2174460
vt 0.0010440 0.4056950
vt 0.0078980 0.3823810
vt 0.0323720 0.3922690
vt 0.9110210 0.9600760
vt 0.9074170 0.9361490
vt 0.1728600 0.9630720
vt 0.1372140 0.9371740
vt 0.1720410 0.9388890
vt 0.0759050 0.9304310
vt 0.9982190 0.5826830
vt 0.9982190 0.5588400
vt 0.9993240 0.5751220
vt 0.8747280 0.9617300
vt 0.2256300 0.7213570
vt 0.2279360 0.6773560
vt 0.2569250 0.6358910
vt 0.5057240 0.1001190
vt 0.4659050 0.0856260
vt 0.6048570 0.0826820
vt 0.0030220 0.3592400
vt 0.0191730 0.3525360
vt 0.8079390 0.9398120
vt 0.8189390 0.8970430
vt 0.2530110 0.6350860
vt 0.2534180 0.5889080
vt 0.5456060 0.9137330
vt 0.5400710 0.9235920
vt 0.5456060 0.9137330
vt 0.8878060 0.9645880
vt 0.8579090 0.9398120
vt 0.7580830 0.9074230
vt 0.7028500 0.9074230
vt 0.7529610 0.8537570
vt 0.0879660 0.7646820
vt 0.1474150 0.7646820
vt 0.1473480 0.7743850
vt 0.9583690 0.8978700
vt 0.9805920 0.8872470
vt 0.9836450 0.9065270
vt 0.0016150 0.0015840
vt 0.0293430 0.0015840
vt 0.0206360 0.0190550
vt 0.8409840 0.8706170
vt 0.8256750 0.8356450
vt 0.8351700 0.8376440
vt 0.9792240 0.8698860
vt 0.1725840 0.9944540
vt 0.1677340 0.9824500
vt 0.1983590 0.9928270
vt 0.1591860 0.7140200
vt 0.1512880 0.7468170
vt 0.1479910 0.7273610
vt 0.0025660 0.3185740
vt 0.0078520 0.3383040
vt 0.0009930 0.3634900
vt 0.1610140 0.4281810
vt 0.1510260 0.4293540
vt 0.1510260 0.4032500
vt 0.0849520 0.0556120
vt 0.0413380 0.0872990
vt 0.9869640 0.7898080
vt 0.9992770 0.7938090
vt 0.9882760 0.8101920
vt 0.1574310 0.4554710
vt 0.1598910 0.6787360
vt 0.1610990 0.7289020
vt 0.2923430 0.4189620
vt 0.2997670 0.3156820
vt 0.3000930 0.3750080
vt 0.2900790 0.3740750
vt 0.2386260 0.5609880
vt 0.2031430 0.5964710
vt 0.2040870 0.5155680
vt 0.0010640 0.4574510
vt 0.0010640 0.4128190
vt 0.0048330 0.4423760
vt 0.1593790 0.3984300
vt 0.1556310 0.3833500
vt 0.4528680 0.7107890
vt 0.4288590 0.7291090
vt 0.4211320 0.7162480
vt 0.9283690 0.8229550
vt 0.9193820 0.8271450
vt 0.9305940 0.7928370
vt 0.9155970 0.7933130
vt 0.3588170 0.9618880
vt 0.3650160 0.9692760
vt 0.3595990 0.9943770
vt 0.0896810 0.1912890
vt 0.0926480 0.2252020
vt 0.0896610 0.2529380
vt 0.9051040 0.6014990
vt 0.8510330 0.6311130
vt 0.8275080 0.6239210
vt 0.9256100 0.8543370
vt 0.4889420 0.6723650
vt 0.0301020 0.5579130
vt 0.0382550 0.5274840
vt 0.0406600 0.5801330
vt 0.2051510 0.8153980
vt 0.2448920 0.8083880
vt 0.8025130 0.6378130
vt 0.0560110 0.9538570
vt 0.0495410 0.9650620
vt 0.0132770 0.9553520
vt 0.2685590 0.7946840
vt 0.9625450 0.6860750
vt 0.9625450 0.7350560
vt 0.9593220 0.7132330
vt 0.0295080 0.4751560
vt 0.0392880 0.4482840
vt 0.0372780 0.5006100
vt 0.8411560 0.8163600
vt 0.0493990 0.0109810
vt 0.2528580 0.8185840
vt 0.2528580 0.8185840
vt 0.2448920 0.8083880
vt 0.6814300 0.8940420
vt 0.6814300 0.9320020
vt 0.6301170 0.9233910
vt 0.4412750 0.3057360
vt 0.4412750 0.4357880
vt 0.4324350 0.3068490
vt 0.7994200 0.0202130
vt 0.7030170 0.0247310
vt 0.6693760 0.0187990
vt 0.4396610 0.4869390
vt 0.4301180 0.4789310
vt 0.4350720 0.3577790
vt 0.0315000 0.2791820
vt 0.0395910 0.3250650
vt 0.0287140 0.3311380
vt 0.2837180 0.2147120
vt 0.2892220 0.1941720
vt 0.2861980 0.2433440
vt 0.5546270 0.7067420
vt 0.5519860 0.6517510
vt 0.5636060 0.6874870
vt 0.2907290 0.2982110
vt 0.6754020 0.0302300
vt 0.8308970 0.5458410
vt 0.7096430 0.5458410
vt 0.7353040 0.5396630
vt 0.5409480 0.6119250
vt 0.5278070 0.6265190
vt 0.4964020 0.6209810
vt 0.4369390 0.6148870
vt 0.0286180 0.9135190
vt 0.0267200 0.8669670
vt 0.0667220 0.8776860
vt 0.5635650 0.6779560
vt 0.5622560 0.7109090
vt 0.5539250 0.7354720
vt 0.9120640 0.3222230
vt 0.9224850 0.3741690
vt 0.9186050 0.4185100
vt 0.9861100 0.8506880
vt 0.9881400 0.8577670
vt 0.9637030 0.8677400
vt 0.5631860 0.6513500
vt 0.6577400 0.6596220
vt 0.5589680 0.6641290
vt 0.9224410 0.2953980
vt 0.9872340 0.4576220
vt 0.9888890 0.4482360
vt 0.9891790 0.4810020
vt 0.9864310 0.6705250
vt 0.9779630 0.6665760
vt 0.9989410 0.6672880
vt 0.0039510 0.1963880
vt 0.0039510 0.1682310
vt 0.0132480 0.1954490
vt 0.9390540 0.5114440
vt 0.9367750 0.4903010
vt 0.9516770 0.4964000
vt 0.4638480 0.6247180
vt 0.9617530 0.9189300
vt 0.9891070 0.9278170
vt 0.9627820 0.9297190
vt 0.5698810 0.6643830
vt 0.8500460 0.0103790
vt 0.8355490 0.0141160
vt 0.8332390 0.0084000
vt 0.5162270 0.6377070
vt 0.9503020 0.4610380
vt 0.9506390 0.4794820
vt 0.6565890 0.9874550
vt 0.6734750 0.9859780
vt 0.6918140 0.9879780
vt 0.9431510 0.4651590
vt 0.9807190 0.0670490
vt 0.9807190 0.1039580
vt 0.9730900 0.0844040
vt 0.7017980 0.0359080
vt 0.9952160 0.6181090
vt 0.9993780 0.6109000
vt 0.9979980 0.6348010
vt 0.9329750 0.4138150
vt 0.6771080 0.0372210
vt 0.3876690 0.0582880
vt 0.3876690 0.1532030
vt 0.3808820 0.0345130
vt 0.8261210 0.0127160
vt 0.2766040 0.9811340
vt 0.2555930 0.9856000
vt 0.2467380 0.9701740
vt 0.8272330 0.0016090
vt 0.9715480 0.6664150
vt 0.9866780 0.6719220
vt 0.9646730 0.6721600
vt 0.4812890 0.0033680
vt 0.4708200 0.0005630
vt 0.5001880 0.0018740
vt 0.9939040 0.0581500
vt 0.9939040 0.0838650
vt 0.9854570 0.0611320
vt 0.9989820 0.6776990
vt 0.9989820 0.6967490
vt 0.9808710 0.6938280
vt 0.9812700 0.0067600
vt 0.9568130 0.0147070
vt 0.9631060 0.0010180
vt 0.9352570 0.3208780
vt 0.0012170 0.9520000
vt 0.0146250 0.9471200
vt 0.0435000 0.9526340
vt 0.9899100 0.5359930
vt 0.9899100 0.5190430
vt 0.9987870 0.5202500
vt 0.7185160 0.9930260
vt 0.7013000 0.9939280
vt 0.7232700 0.9854330
vt 0.2749440 0.2244560
vt 0.2552770 0.2209880
vt 0.2672730 0.1318090
vt 0.9410070 0.2915640
vt 0.6139550 0.9337540
vt 0.6084400 0.9515690
vt 0.5785450 0.9406880
vt 0.8842640 0.9730840
vt 0.9191750 0.9730840
vt 0.8981770 0.9841640
vt 0.0705770 0.9187820
vt 0.5280020 0.9523410
vt 0.5558320 0.9140360
vt 0.5776490 0.9527950
vt 0.0087720 0.9079230
vt 0.0030220 0.9038970
vt 0.0082020 0.8906020
vt 0.6150610 0.9602240
vt 0.8655210 0.9383960
vt 0.8525900 0.9323660
vt 0.9022010 0.9342920
vt 0.4316460 0.5733960
vt 0.4335980 0.5666530
vt 0.4592840 0.5666530
vt 0.3324150 0.3502190
vt 0.3358900 0.3569190
vt 0.3358900 0.4405770
vt 0.2170200 0.2894370
vt 0.2170200 0.3729700
vt 0.2124640 0.3729710
vt 0.4646840 0.5726530
vt 0.3326100 0.3245330
vt 0.9919980 0.1849390
vt 0.9993640 0.1950770
vt 0.9893340 0.1993370
vt 0.5496810 0.5689390
vt 0.8392530 0.5505780
vt 0.8086440 0.5616510
vt 0.8046180 0.5559010
vt 0.8171550 0.8691070
vt 0.7558180 0.8691070
vt 0.7619820 0.8463720
vt 0.8396900 0.5558900
vt 0.0791220 0.8570440
vt 0.0972900 0.8011290
vt 0.0959510 0.8607880
vt 0.6234210 0.9342250
vt 0.9246210 0.5629360
vt 0.4059820 0.5055580
vt 0.4059820 0.3809290
vt 0.4117090 0.4745050
vt 0.4504130 0.1805860
vt 0.4475330 0.2135070
vt 0.4370800 0.1755050
vt 0.4488350 0.4206010
vt 0.4488350 0.2899640
vt 0.4646790 0.4135810
vt 0.9885750 0.9835320
vt 0.9973910 0.9899370
vt 0.9849190 0.9904240
vt 0.8250190 0.6917730
vt 0.7401210 0.6843460
vt 0.8338350 0.6816910
vt 0.4453330 0.2985570
vt 0.4326330 0.3060670
vt 0.5623440 0.0793340
vt 0.6990810 0.0793340
vt 0.6879420 0.0872510
vt 0.6228410 0.9542160
vt 0.5045540 0.2861900
vt 0.4949540 0.2942450
vt 0.5014350 0.1494890
vt 0.6170600 0.9605950
vt 0.9606660 0.3345340
vt 0.9520570 0.3345340
vt 0.9619480 0.3268390
vt 0.9527690 0.2865960
vt 0.9610140 0.9023030
vt 0.9610140 0.9409400
vt 0.9131870 0.9375980
vt 0.5278070 0.6265190
vt 0.4964020 0.6209810
vt 0.8086440 0.5616510
vt 0.8392530 0.5505780
vt 0.8245300 0.8430380
vt 0.7617110 0.8430380
vt 0.8104660 0.8336200
vt 0.2261960 0.7490560
vt 0.2116820 0.7451670
vt 0.2479580 0.7454670
vt 0.1681620 0.3237840
vt 0.2075010 0.3545610
vt 0.2131650 0.3836970
vt 0.4924450 0.9891100
vt 0.4924450 0.9548710
vt 0.4992010 0.9785220
vt 0.4188290 0.8772510
vt 0.4735540 0.8772510
vt 0.4364390 0.8991620
vt 0.8395670 0.1409690
vt 0.8227580 0.1331480
vt 0.8592270 0.1136430
vt 0.9984380 0.4059200
vt 0.9984380 0.4240550
vt 0.9858380 0.4220410
vt 0.9993910 0.3746820
vt 0.9824270 0.3697660
vt 0.9086030 0.9818490
vt 0.9287440 0.9682640
vt 0.9109590 0.9943900
vt 0.9852850 0.2019740
vt 0.9950590 0.2101760
vt 0.9855400 0.2250530
vt 0.8699300 0.1306490
vt 0.9024870 0.8730240
vt 0.8834760 0.8872690
vt 0.8725960 0.8743030
vt 0.8483730 0.8854470
vt 0.8523690 0.8709620
vt 0.5465000 0.6028930
vt 0.4310640 0.5927930
vt 0.5478060 0.5921940
vt 0.2218380 0.7919340
vt 0.1720620 0.7911880
vt 0.9284710 0.1518920
vt 0.9428440 0.1763720
vt 0.9183870 0.1482020
vt 0.9420370 0.1212050
vt 0.9466560 0.0853390
vt 0.9513290 0.1079330
vt 0.9247480 0.1155860
vt 0.3665840 0.9294340
vt 0.3170430 0.9320300
vt 0.3674780 0.9131780
vt 0.9609300 0.0985480
vt 0.9592510 0.0840810
vt 0.9699880 0.0850200
vt 0.9786950 0.6978430
vt 0.9696290 0.7257440
vt 0.9633200 0.7235080
vt 0.9423560 0.0714240
vt 0.1860020 0.3243040
vt 0.1990440 0.3370310
vt 0.9689570 0.1044570
vt 0.8904620 0.1492350
vt 0.8854540 0.1094980
vt 0.9652970 0.1223080
vt 0.8459990 0.9965110
vt 0.8208310 0.9965110
vt 0.8419910 0.9794110
vt 0.8724730 0.0849330
vt 0.8860420 0.0900530
vt 0.2939050 0.8759200
vt 0.3086950 0.8795970
vt 0.3041490 0.8965620
vt 0.9598330 0.1215940
vt 0.0758410 0.1279860
vt 0.1384100 0.1279860
vt 0.0822730 0.1735400
vt 0.9937310 0.4887070
vt 0.9894330 0.4827910
vt 0.9972990 0.4845080
vt 0.1932630 0.3234290
vt 0.1343560 0.1801220
vt 0.1935440 0.1530470
vt 0.1833600 0.1567540
vt 0.1840900 0.0825580
vt 0.9107020 0.0922650
vt 0.8932550 0.0835790
vt 0.3493390 0.8771340
vt 0.2268080 0.0413460
vt 0.1885530 0.0869370
vt 0.1874430 0.0069210
vt 0.9329840 0.0964530
vt 0.1707150 0.7473710
vt 0.0180150 0.2513690
vt 0.0001670 0.2513690
vt 0.0025880 0.2464190
vt 0.0329010 0.9827470
vt 0.0098440 0.9911390
vt 0.0024800 0.9818340
vt 0.1515860 0.3960440
vt 0.1515860 0.3238580
vt 0.1609450 0.3374840
vt 0.0756850 0.2757720
vt 0.0874600 0.2757720
vt 0.0823370 0.3379870
vt 0.8465030 0.8210130
vt 0.8896750 0.8134000
vt 0.8417690 0.8696110
vt 0.9041770 0.8711210
vt 0.9586360 0.6425680
vt 0.9525440 0.6080180
vt 0.9609700 0.5937960
vt 0.9928370 0.3948530
vt 0.1990440 0.3370310
vt 0.1860020 0.3243040
vt 0.9239090 0.5093700
vt 0.9239090 0.3839960
vt 0.9350590 0.5091340
vt 0.2468590 0.7828100
vt 0.2997140 0.7921290
vt 0.2226450 0.7906530
vt 0.0554090 0.1353990
vt 0.0476480 0.1211310
vt 0.0551030 0.0788520
vt 0.2974930 0.9663220
vt 0.3364140 0.9663220
vt 0.2991640 0.9747100
vt 0.9428780 0.3540930
vt 0.9342720 0.4028990
vt 0.9372150 0.3145450
vt 0.1770710 0.9625160
vt 0.2096320 0.9813150
vt 0.1707120 0.9811360
vt 0.9629670 0.8038910
vt 0.9539870 0.7963560
vt 0.9620900 0.7543400
vt 0.1788270 0.9469400
vt 0.1600950 0.0629580
vt 0.1366800 0.0629580
vt 0.1550980 0.0340190
vt 0.1679550 0.0838990
vt 0.1381950 0.9517770
vt 0.1384000 0.9400560
vt 0.1733530 0.9651030
vt 0.8523720 0.0950920
vt 0.7277860 0.0841930
vt 0.8648430 0.0827950
vt 0.1867630 0.9496610
vt 0.1401060 0.0065410
vt 0.1830570 0.0085890
vt 0.1445430 0.0220170
vt 0.7521960 0.9685150
vt 0.7131450 0.9685150
vt 0.7522110 0.9567920
vt 0.9058060 0.4747050
vt 0.9141960 0.4743610
vt 0.9231720 0.4990200
vt 0.0472940 0.1054600
vt 0.9143240 0.3739580
vt 0.4721330 0.1490820
vt 0.4798530 0.2582870
vt 0.4737000 0.2931780
vt 0.1674180 0.0158550
vt 0.1362220 0.0380970
vt 0.1361520 0.0217090
vt 0.1289820 0.0484960
vt 0.9526080 0.1504440
vt 0.9545970 0.1731800
vt 0.9525280 0.1979590
vt 0.4685500 0.2812450
vt 0.9559270 0.0162990
vt 0.9846140 0.0069780
vt 0.9805970 0.0475670
vt 0.5196190 0.9489460
vt 0.5433880 0.9675160
vt 0.5047690 0.9572860
vt 0.0472610 0.3149360
vt 0.0544590 0.2995000
vt 0.0513510 0.3545540
vt 0.8566810 0.4997520
vt 0.2514090 0.8733990
vt 0.2368650 0.8985910
vt 0.1952740 0.8756150
vt 0.1024650 0.1261030
vt 0.0977940 0.0696670
vt 0.1587170 0.0906440
vt 0.1234470 0.0493270
vt 0.9129830 0.7396260
vt 0.9300220 0.7920690
vt 0.8478640 0.7817200
vt 0.7240430 0.6934460
vt 0.7879970 0.7426010
vt 0.7263550 0.7265070
vt 0.9887600 0.8254540
vt 0.9887600 0.8114010
vt 0.9989550 0.8170970
vt 0.2011090 0.8107200
vt 0.2657210 0.7922570
vt 0.2125330 0.8131480
vt 0.9894470 0.4851450
vt 0.9984790 0.4975760
vt 0.9872710 0.4981470
vt 0.2103630 0.8001440
vt 0.4435850 0.1185100
vt 0.4446320 0.1744170
vt 0.4346220 0.1693440
vt 0.4351310 0.0447480
vt 0.4315350 0.1057710
vt 0.5274300 0.8025960
vt 0.5135450 0.8126380
vt 0.4718800 0.8089920
vt 0.4495000 0.8103050
vt 0.4725080 0.8123180
vt 0.4306920 0.8131310
vt 0.4026760 0.8080620
vt 0.4661290 0.8030850
vt 0.4306310 0.8126890
vt 0.9536230 0.1977520
vt 0.9591530 0.2291140
vt 0.9528860 0.2454920
vt 0.1989440 0.3955340
vt 0.1787660 0.4388070
vt 0.1755030 0.3646330
vt 0.1110610 0.4508080
vt 0.1359390 0.4740070
vt 0.0792940 0.4530510
vt 0.5418790 0.8125320
vt 0.3543590 0.0077110
vt 0.3643580 0.0026160
vt 0.3778280 0.0140910
vt 0.7296040 0.7439010
vt 0.6255640 0.9925720
vt 0.6265440 0.9785530
vt 0.6506030 0.9749950
vt 0.5339960 0.8727700
vt 0.5067790 0.8751510
vt 0.4738670 0.8717780
vt 0.7536300 0.8350220
vt 0.7944180 0.8350220
vt 0.7308890 0.8407580
vt 0.8001790 0.9272960
vt 0.8081750 0.9444450
vt 0.8021720 0.9680350
vt 0.7582430 0.8426190
vt 0.7252530 0.8422450
vt 0.7098670 0.8314720
vt 0.7468280 0.8309740
vt 0.1804400 0.8746170
vt 0.2130220 0.8688720
vt 0.2406900 0.8729190
vt 0.7065160 0.8396110
vt 0.6831480 0.8376160
vt 0.9563300 0.2082500
vt 0.9719260 0.1859760
vt 0.9710350 0.2238520
vt 0.2036630 0.8996420
vt 0.1917430 0.8752030
vt 0.2411810 0.9048710
vt 0.2039470 0.9306940
vt 0.7612000 0.8438830
vt 0.8230750 0.8438830
vt 0.8134550 0.8661910
vt 0.4228800 0.7076080
vt 0.4159030 0.6884390
vt 0.4730770 0.6809910
vt 0.6269520 0.7670440
vt 0.5484770 0.7670440
vt 0.5707430 0.7587540
vt 0.6384270 0.0475100
vt 0.6926540 0.0427650
vt 0.7709100 0.0486350
vt 0.3883480 0.6801070
vt 0.1917430 0.8752030
vt 0.2036630 0.8996420
vt 0.4159030 0.6884390
vt 0.4730770 0.6809910
vt 0.1441820 0.3296800
vt 0.1406800 0.2560690
vt 0.1852410 0.2886210
vt 0.7170240 0.1305490
vt 0.7655090 0.1286270
vt 0.7247330 0.1370180
vt 0.7347610 0.9414960
vt 0.7632830 0.9022390
vt 0.7964430 0.9345770
vt 0.7202090 0.5732060
vt 0.7395410 0.6017140
vt 0.6730680 0.5847330
vt 0.6987240 0.5999070
vt 0.6803260 0.6018910
vt 0.6383280 0.5583070
vt 0.6371290 0.5470500
vt 0.1550770 0.2595890
vt 0.1836570 0.2817730
vt 0.9517910 0.9060860
vt 0.9055830 0.8568230
vt 0.9517910 0.8536440
vt 0.9032460 0.9119580
vt 0.2633560 0.8078800
vt 0.2481130 0.8609160
vt 0.2542320 0.8195590
vt 0.2339030 0.8431340
vt 0.2842860 0.9318060
vt 0.2991070 0.9318060
vt 0.2838460 0.9473090
vt 0.6439690 0.6003470
vt 0.0293110 0.2911480
vt 0.0274020 0.3407930
vt 0.0220610 0.3322640
vt 0.1856100 0.2656580
vt 0.7775740 0.0130030
vt 0.8004470 0.0150040
vt 0.7332140 0.0149840
vt 0.3042860 0.0678900
vt 0.2737860 0.0220960
vt 0.3262140 0.0208670
vt 0.3233070 0.5335690
vt 0.3199500 0.5526060
vt 0.3189530 0.4434620
vt 0.3088120 0.0956230
vt 0.3196890 0.0767830
vt 0.3088520 0.1087700
vt 0.2532270 0.9339090
vt 0.6201640 0.6114010
vt 0.0213030 0.3129470
vt 0.5640630 0.0020100
vt 0.5767620 0.0054130
vt 0.5490370 0.0058520
vt 0.6481090 0.6259230
vt 0.6531840 0.8727660
vt 0.6300690 0.8503610
vt 0.1972600 0.9998120
vt 0.2109110 0.9810240
vt 0.2282930 0.9958460
vt 0.1015470 0.9956040
vt 0.0949420 0.9980080
vt 0.0787970 0.9963240
vt 0.6804960 0.8698540
vt 0.9710730 0.3777780
vt 0.9710730 0.3416320
vt 0.9832270 0.3466440
vt 0.2076250 0.8376260
vt 0.2286080 0.5456290
vt 0.2967150 0.5396710
vt 0.3188120 0.5468160
vt 0.9883960 0.9776870
vt 0.9833450 0.9588370
vt 0.9886450 0.9540080
vt 0.3077670 0.9738590
vt 0.3349850 0.9685690
vt 0.3078540 0.9886800
vt 0.3346840 0.4562340
vt 0.3412760 0.4381220
vt 0.3367550 0.4830030
vt 0.9711810 0.3409570
vt 0.9711810 0.3047430
vt 0.9831190 0.3311490
vt 0.3522930 0.4996370
vt 0.3472310 0.3883240
vt 0.7519410 0.0076000
vt 0.0044640 0.0787520
vt 0.0250200 0.0787520
vt 0.0053480 0.0858670
vt 0.3182820 0.1866080
vt 0.1887320 0.8414400
vt 0.5081570 0.0006550
vt 0.5360690 0.0006550
vt 0.5308370 0.0057340
vt 0.2075600 0.9765200
vt 0.2455120 0.9765200
vt 0.2222780 0.9812190
vt 0.9725370 0.7338870
vt 0.9910990 0.7501260
vt 0.9725370 0.7571280
vt 0.9989980 0.9821060
vt 0.9941220 0.9762950
vt 0.9980250 0.9628570
vt 0.6223350 0.9915320
vt 0.5892790 0.9752940
vt 0.6230080 0.9722700
vt 0.0912240 0.9688280
vt 0.0561970 0.9802090
vt 0.0568010 0.9662290
vt 0.0876870 0.2376290
vt 0.0825880 0.1793380
vt 0.0889110 0.1751480
vt 0.7679870 0.5609960
vt 0.7112100 0.5509840
vt 0.8327710 0.5500610
vt 0.3093690 0.1280280
vt 0.2781620 0.0891850
vt 0.9615490 0.5923040
vt 0.9544210 0.5948980
vt 0.9554010 0.5461340
vt 0.6221470 0.9647330
vt 0.6230080 0.9722700
vt 0.2376170 0.3499770
vt 0.2376170 0.4470750
vt 0.2346190 0.3974840
vt 0.0201260 0.9464130
vt 0.0019870 0.9405190
vt 0.0045310 0.9336860
vt 0.9910650 0.7293580
vt 0.9873940 0.2016790
vt 0.9949150 0.2016790
vt 0.9925360 0.2066750
vt 0.9423530 0.2055980
vt 0.9423120 0.2946480
vt 0.6079550 0.1263730
vt 0.6531840 0.8727660
vt 0.6531840 0.8727660
vt 0.6531840 0.8727660
vt 0.6730930 0.8974310
vt 0.6506310 0.9004990
vt 0.5892770 0.9752780
vt 0.5892770 0.9752780
vt 0.6230080 0.9722700
vt 0.5892790 0.9752940
vt 0.9372540 0.2638890
vt 0.3723230 0.8765800
vt 0.4199740 0.8688740
vt 0.3951170 0.8765800
vt 0.3588960 0.8719160
vt 0.9864230 0.0670060
vt 0.9924230 0.0894000
vt 0.9854630 0.0936810
vt 0.0677020 0.9949100
vt 0.0364750 0.9949100
vt 0.0502480 0.9756070
vt 0.2905090 0.2133460
vt 0.2988320 0.1661480
vt 0.2908250 0.2314010
vt 0.0073140 0.4684950
vt 0.0073140 0.4951870
vt 0.0039250 0.4507590
vt 0.2995470 0.2707070
vt 0.8438830 0.6114090
vt 0.9034690 0.5976530
vt 0.8041530 0.6303570
vt 0.0015310 0.4731390
vt 0.1731770 0.1010340
vt 0.1790020 0.0792930
vt 0.1827380 0.1050470
vt 0.0737600 0.0120520
vt 0.0750300 0.0362800
vt 0.0650200 0.0064710
vt 0.0534250 0.1925620
vt 0.0491770 0.1440090
vt 0.0559820 0.1361850
vt 0.2901340 0.1913190
vt 0.7972680 0.6232460
vt 0.1730360 0.1230640
vt 0.1822770 0.1531400
vt 0.5198020 0.1912590
vt 0.5109690 0.2922260
vt 0.5096820 0.1495430
vt 0.0974870 0.2174230
vt 0.1482130 0.2542770
vt 0.1007770 0.2587450
vt 0.5195620 0.1697130
vt 0.3909700 0.9611750
vt 0.4000130 0.9652010
vt 0.3695800 0.9708630
vt 0.1091130 0.4416690
vt 0.1193700 0.4294460
vt 0.1404350 0.4775720
vt 0.9126840 0.9945450
vt 0.9311780 0.9690910
vt 0.9339990 0.9785790
vt 0.5375760 0.2818900
vt 0.5254440 0.1432290
vt 0.5408950 0.1392400
vt 0.9870360 0.7163310
vt 0.9800960 0.6949710
vt 0.9958250 0.6976550
vt 0.1146670 0.4243880
vt 0.1045870 0.7739910
vt 0.1260610 0.7722130
vt 0.1429700 0.7840520
vt 0.2813840 0.0978640
vt 0.2813840 0.2038560
vt 0.2778300 0.1571720
vt 0.0835660 0.7828980
vt 0.1410100 0.4128460
vt 0.4009360 0.9470730
vt 0.4584730 0.9658140
vt 0.4334690 0.9708670
vt 0.4436580 0.9533820
vt 0.0088220 0.6244990
vt 0.0040470 0.6098050
vt 0.0106950 0.6079330
vt 0.5929200 0.9714900
vt 0.5784830 0.9631540
vt 0.6175860 0.9649850
vt 0.4731640 0.9705960
vt 0.9633700 0.7206580
vt 0.9633700 0.6857300
vt 0.2882230 0.9855320
vt 0.2776670 0.9530430
vt 0.2948150 0.9834720
vt 0.6416490 0.9501000
vt 0.6734740 0.9732220
vt 0.6262810 0.9752070
vt 0.4461760 0.9455950
vt 0.9725390 0.1356740
vt 0.9832350 0.1509500
vt 0.9739940 0.1724340
vt 0.9831210 0.9493990
vt 0.9703200 0.9658670
vt 0.9835590 0.6871190
vt 0.9701960 0.9309390
vt 0.3906470 0.6911250
vt 0.4378170 0.7560490
vt 0.3793820 0.7495400
vt 0.0758200 0.4677410
vt 0.0765020 0.4547270
vt 0.1320430 0.4740200
vt 0.0827290 0.5608440
vt 0.1428240 0.5608440
vt 0.1158380 0.5703600
vt 0.9825840 0.9520630
vt 0.9825840 0.9865120
vt 0.9781040 0.9612220
vt 0.0289540 0.6066450
vt 0.0005300 0.6066450
vt 0.0025650 0.5643620
vt 0.4066290 0.0085680
vt 0.4225290 0.0071770
vt 0.4024350 0.0542560
vt 0.0079220 0.2462980
vt 0.0185800 0.2065240
vt 0.0200880 0.2509700
vt 0.9599430 0.6398490
vt 0.9690380 0.6352430
vt 0.9823800 0.6550230
vt 0.9939460 0.1391870
vt 0.9855690 0.1491700
vt 0.9854150 0.1220840
vt 0.3997360 0.1257680
vt 0.5101660 0.5267160
vt 0.5339710 0.5466900
vt 0.4929500 0.5184150
vt 0.3842890 0.0420190
vt 0.4759240 0.8765760
vt 0.4194080 0.8765760
vt 0.4305520 0.8153160
vt 0.4398220 0.5553090
vt 0.4119750 0.5169540
vt 0.4537280 0.5631450
vt 0.9845290 0.6147560
vt 0.9555400 0.1259320
vt 0.9555400 0.1733310
vt 0.9540430 0.1471120
vt 0.9374540 0.7826060
vt 0.9322620 0.7568310
vt 0.9404650 0.7392400
vt 0.9338720 0.7151830
vt 0.7508230 0.9549640
vt 0.7125670 0.9673940
vt 0.7166520 0.9556110
vt 0.0252520 0.0198660
vt 0.0288250 0.0538560
vt 0.0036080 0.0198540
vt 0.9111880 0.9411950
vt 0.9546590 0.9411950
vt 0.9415320 0.9629820
vt 0.5293130 0.5321760
vt 0.0135280 0.7121850
vt 0.0002320 0.7218450
vt 0.0035800 0.7027250
vt 0.0856610 0.6542530
vt 0.1099390 0.6413450
vt 0.0859080 0.6945770
vt 0.3804190 0.0069110
vt 0.9415090 0.0707030
vt 0.9415090 0.1611540
vt 0.9269540 0.0397800
vt 0.9428250 0.0354070
vt 0.0752430 0.0101190
vt 0.0887060 0.0006920
vt 0.1006780 0.0098250
vt 0.0757290 0.2751120
vt 0.0853300 0.2198370
vt 0.0854510 0.2484020
vt 0.5274270 0.9533460
vt 0.5698700 0.9533460
vt 0.5441840 0.9640990
vt 0.0006970 0.8374950
vt 0.0101140 0.8374950
vt 0.0054710 0.8656990
vt 0.7257780 0.7763030
vt 0.7614540 0.7667440
vt 0.7244410 0.7914870
vt 0.4922330 0.9516460
vt 0.4895320 0.9678860
vt 0.4573160 0.9542110
vt 0.1034480 0.4912930
vt 0.1364340 0.4748010
vt 0.1403320 0.4893460
vt 0.0064440 0.9487080
vt 0.0001430 0.9417100
vt 0.0145990 0.9459270
vt 0.6662250 0.8264050
vt 0.6384200 0.8190720
vt 0.6669760 0.8178220
vt 0.8724770 0.9614970
vt 0.8611490 0.9512970
vt 0.9015040 0.9387490
vt 0.3361120 0.9504560
vt 0.3361120 0.9655140
vt 0.2938630 0.9645010
vt 0.9820430 0.8714520
vt 0.9968260 0.8780340
vt 0.9936440 0.8892360
vt 0.6896520 0.7679110
vt 0.4556780 0.9397310
vt 0.4556520 0.9672520
vt 0.4816400 0.9908400
vt 0.4468250 0.9944190
vt 0.0035380 0.9811330
vt 0.0001730 0.9653050
vt 0.0361900 0.9787570
vt 0.0760160 0.2128480
vt 0.7031040 0.8262080
vt 0.1280980 0.6991960
vt 0.4868360 0.9772250
vt 0.1132750 0.4756660
vt 0.9402800 0.6926660
vt 0.9415730 0.6506600
vt 0.9506290 0.6747410
vt 0.9603980 0.0672540
vt 0.9603980 0.0290610
vt 0.9698230 0.0359000
vt 0.9501400 0.6515710
vt 0.0793240 0.4773850
vt 0.9438980 0.7080620
vt 0.0759090 0.1270770
vt 0.0759090 0.0650600
vt 0.0911670 0.1229140
vt 0.0758710 0.0110120
vt 0.1378880 0.0110120
vt 0.0883620 0.0661380
vt 0.2492710 0.9998050
vt 0.2492710 0.9780830
vt 0.2568720 0.9934940
vt 0.9615330 0.5078690
vt 0.9559110 0.4868870
vt 0.9603220 0.4592080
vt 0.9650790 0.9842330
vt 0.9364190 0.9802050
vt 0.9336930 0.9720320
vt 0.2933480 0.9431260
vt 0.2933480 0.9777580
vt 0.2786420 0.9520160
vt 0.9863990 0.6853400
vt 0.9643410 0.6845700
vt 0.9904500 0.6763300
vt 0.4537280 0.5631450
vt 0.4119750 0.5169540
vt 0.7257780 0.7763030
vt 0.7244410 0.7914870
vt 0.6196350 0.2125030
vt 0.6196350 0.3765100
vt 0.6080190 0.2005770
vt 0.6069010 0.3792760
vt 0.7667270 0.2046170
vt 0.8352930 0.2106160
vt 0.6565990 0.2088900
vt 0.5774690 0.1737790
vt 0.6213000 0.1662620
vt 0.6876660 0.1720680
vt 0.6824410 0.1657320
vt 0.7443990 0.1603740
vt 0.8774870 0.4707260
vt 0.7082620 0.4707260
vt 0.7571620 0.4604780
vt 0.5803950 0.1614460
vt 0.5803900 0.1615790
vt 0.4092640 0.9934990
vt 0.4015470 0.9906910
vt 0.4088460 0.9681720
vt 0.6180910 0.4922730
vt 0.5784040 0.4644840
vt 0.7473940 0.4733960
vt 0.6999100 0.4885460
vt 0.2470450 0.2218680
vt 0.2286300 0.2100400
vt 0.9596290 0.4225980
vt 0.9529020 0.4273080
vt 0.9538730 0.3790800
vt 0.2446890 0.1314490
vt 0.6360690 0.5565170
vt 0.5509250 0.5259910
vt 0.6731530 0.5240730
vt 0.4934890 0.9543960
vt 0.5168750 0.9764950
vt 0.5033380 0.9787740
vt 0.3964990 0.8081030
vt 0.4327840 0.8145010
vt 0.3647590 0.8133820
vt 0.3047810 0.7914120
vt 0.2909320 0.8083780
vt 0.2694320 0.8018040
vt 0.1464070 0.1998250
vt 0.1351660 0.1803550
vt 0.1431110 0.1318700
vt 0.9127210 0.9962020
vt 0.9337580 0.9809170
vt 0.9344540 0.9974610
vt 0.9993630 0.2818220
vt 0.9834370 0.2818220
vt 0.9985810 0.2606840
vt 0.5286240 0.9670790
vt 0.3369570 0.7911840
vt 0.1328060 0.9818820
vt 0.1649820 0.9818820
vt 0.1386500 0.9930560
vt 0.2751240 0.8166780
vt 0.9780720 0.8172060
vt 0.9859510 0.7897290
vt 0.5550310 0.5217770
vt 0.5894190 0.4968960
vt 0.6802590 0.5048440
vt 0.9601390 0.6999540
vt 0.9523920 0.7212390
vt 0.9526350 0.6723730
vt 0.9436940 0.0523720
vt 0.9436940 0.0124930
vt 0.9472150 0.0299970
vt 0.7786940 0.6519850
vt 0.7308010 0.6616900
vt 0.7130140 0.6601340
vt 0.4998640 0.8462450
vt 0.5391370 0.8393200
vt 0.5659840 0.8491320
vt 0.9653420 0.8086490
vt 0.5408780 0.6367760
vt 0.5269350 0.6392340
vt 0.5381600 0.6169480
vt 0.5273530 0.6780010
vt 0.5400050 0.7029530
vt 0.6792910 0.6503490
vt 0.6803500 0.5194160
vt 0.1748920 0.6779370
vt 0.1685970 0.6422340
vt 0.1722270 0.6036350
vt 0.5950910 0.6532150
vt 0.6691580 0.6467340
vt 0.6943440 0.6589170
vt 0.7290100 0.1596050
vt 0.6036690 0.1596050
vt 0.7663560 0.1516100
vt 0.6370650 0.1509600
vt 0.8623060 0.1867980
vt 0.8623060 0.3601310
vt 0.8512070 0.2313150
vt 0.6073930 0.4300780
vt 0.7803220 0.4419140
vt 0.2286300 0.1384790
vt 0.6323100 0.5352010
vt 0.5509250 0.5259910
vt 0.6323100 0.5352010
vt 0.9879750 0.8250130
vt 0.6432820 0.4431410
vt 0.2150940 0.6504380
vt 0.2068830 0.6729990
vt 0.2076090 0.6194460
vt 0.3691360 0.9725210
vt 0.3949300 0.9912620
vt 0.3608440 0.9935720
vt 0.9932720 0.0944040
vt 0.9861340 0.1213200
vt 0.9852970 0.0944040
vt 0.9945560 0.1208870
vt 0.3766140 0.6040730
vt 0.3984570 0.6099170
vt 0.4266860 0.6230800
vt 0.4245230 0.6166780
vt 0.2160150 0.6239400
vt 0.9860210 0.8690730
vt 0.9633640 0.8690730
vt 0.9792130 0.8640970
vt 0.6107620 0.0057090
vt 0.5838330 0.0057090
vt 0.6054700 0.0026450
vt 0.3161160 0.0101840
vt 0.3190610 0.0011190
vt 0.3394120 0.0087280
vt 0.9978860 0.2235500
vt 0.9883550 0.2235500
vt 0.9917850 0.2177280
vt 0.2167040 0.5964750
vt 0.4167060 0.8772520
vt 0.3987620 0.8942320
vt 0.3498790 0.8774010
vt 0.2088710 0.5923580
vt 0.4907080 0.6029640
vt 0.1344620 0.6352690
vt 0.1313860 0.6050830
vt 0.8933940 0.8036030
vt 0.9124340 0.8162230
vt 0.8918570 0.8123190
vt 0.4078190 0.9672280
vt 0.4002540 0.9905120
vt 0.3705590 0.9717240
vt 0.8433400 0.8165440
vt 0.2565090 0.0073620
vt 0.2107450 0.0240190
vt 0.1896830 0.0069390
vt 0.3743530 0.9119380
vt 0.3347860 0.7932670
vt 0.3631400 0.8131210
vt 0.2958280 0.8098230
vt 0.0068920 0.0267710
vt 0.0185110 0.0426380
vt 0.0197920 0.0670870
vt 0.0299630 0.0620050
vt 0.8631240 0.4383700
vt 0.8774820 0.4396260
vt 0.8646630 0.4608170
vt 0.8581440 0.4193450
vt 0.9638860 0.9071940
vt 0.9886370 0.9080590
vt 0.9617310 0.9183580
vt 0.2499500 0.4062800
vt 0.2389940 0.4471680
vt 0.2411020 0.3498840
vt 0.4209770 0.2101100
vt 0.4114560 0.1839520
vt 0.4145960 0.0866960
vt 0.8686160 0.2905340
vt 0.7077720 0.1685910
vt 0.8774860 0.1685910
vt 0.8559030 0.1876740
vt 0.9898020 0.5458140
vt 0.9898020 0.5367410
vt 0.9979130 0.5447100
vt 0.1753470 0.0761760
vt 0.1686320 0.0380910
vt 0.1871420 0.0820480
vt 0.1104090 0.9815050
vt 0.1311400 0.9965670
vt 0.1017840 0.9978560
vt 0.3572350 0.9412710
vt 0.3572350 0.9771570
vt 0.3376050 0.9631370
vt 0.9885830 0.4838230
vt 0.9853730 0.5020290
vt 0.9859880 0.4684870
vt 0.9824660 0.4375960
vt 0.9780160 0.4123600
vt 0.9831630 0.4017170
vt 0.0000000 0.0000000
vt 0.1864540 0.0068960
vt 0.4479110 0.2282400
vt 0.4630140 0.2967170
vt 0.4516030 0.3033050
vt 0.4675680 0.2583130
vt 0.7237860 0.8277630
vt 0.6847550 0.8346450
vt 0.6599980 0.8280320
vt 0.4605250 0.3604570
vt 0.1344620 0.5676790
vt 0.0000000 0.0000000
vt 0.0000000 0.0000000
vt 0.9742010 0.3727210
vt 0.9742010 0.4086060
vt 0.9742010 0.3727210
vt 0.3935100 0.5832350
vt 0.3803630 0.4634480
vt 0.4116290 0.5239720
vt 0.6284230 0.5572150
vt 0.5062210 0.5551050
vt 0.5619100 0.5454870
vt 0.9974130 0.8864950
vt 0.9974130 0.9071170
vt 0.9917760 0.8936630
vt 0.9868910 0.1219830
vt 0.9978760 0.1299640
vt 0.9938600 0.1355110
vt 0.3394990 0.7829760
vt 0.2968900 0.7904890
vt 0.2624670 0.7835120
vt 0.0071370 0.4994970
vt 0.0071370 0.5427630
vt 0.0026910 0.5188130
vt 0.8545640 0.5387250
vt 0.8060220 0.5344780
vt 0.9256740 0.5317270
vt 0.2675480 0.0124840
vt 0.3247830 0.0174910
vt 0.2329570 0.0171990
vt 0.2895390 0.5682760
vt 0.2828480 0.5991780
vt 0.2759110 0.5658120
vt 0.6553720 0.5616390
vt 0.6643880 0.5335040
vt 0.6962420 0.5551550
vt 0.1352290 0.8071610
vt 0.1362460 0.8012040
vt 0.1704720 0.7920340
vt 0.9878210 0.0264690
vt 0.9873950 0.0020320
vt 0.9942420 0.0020320
vt 0.8748900 0.5516540
vt 0.8544760 0.5523030
vt 0.7104920 0.5519590
vt 0.8987220 0.5378600
vt 0.8299060 0.5379110
vt 0.7076860 0.5379110
vt 0.7312190 0.5279360
vt 0.9944240 0.0224570
vt 0.3513130 0.9770570
vt 0.3493860 0.9944890
vt 0.3442220 0.9815980
vt 0.9900250 0.9194820
vt 0.9909660 0.9271500
vt 0.9648080 0.9185500
vt 0.2951450 0.5992890
vt 0.7570800 0.5630830
vt 0.4308740 0.0277430
vt 0.4308740 0.1511260
vt 0.4113860 0.0699720
vt 0.4314300 0.5712470
vt 0.9746190 0.3100490
vt 0.9746190 0.2737350
vt 0.9816460 0.2783750
vt 0.6345660 0.5425470
vt 0.9707180 0.9978750
vt 0.9707180 0.9726410
vt 0.9771930 0.9961000
vt 0.8834990 0.5043460
vt 0.9408000 0.5252020
vt 0.8174310 0.5271030
vt 0.7052900 0.5315910
vt 0.1542300 0.7608980
vt 0.6762290 0.5227440
vt 0.1702190 0.7609520
vt 0.9633240 0.7744870
vt 0.9290680 0.2086180
vt 0.9230420 0.2774860
vt 0.9185980 0.1500320
vt 0.3057860 0.6202710
vt 0.2043290 0.8050950
vt 0.4338350 0.5941950
vt 0.5144210 0.6012450
vt 0.3971270 0.6058050
vt 0.9779370 0.8257400
vt 0.9979620 0.8322460
vt 0.9759940 0.8321660
vt 0.4191000 0.5955940
vt 0.3320310 0.6276560
vt 0.3227210 0.6388530
vt 0.0175300 0.2071840
vt 0.0094990 0.1772130
vt 0.0194940 0.1633320
vt 0.6051620 0.5466210
vt 0.7069870 0.5081700
vt 0.2753400 0.6538190
vt 0.9844050 0.6346090
vt 0.9885680 0.6501440
vt 0.9845440 0.6656370
vt 0.9056890 0.1494270
vt 0.9174070 0.1592600
vt 0.9150220 0.2766170
vt 0.2636430 0.2823830
vt 0.2488010 0.2860840
vt 0.2750140 0.2609880
vt 0.3334860 0.6276130
vt 0.3324480 0.6570990
vt 0.3254820 0.6414760
vt 0.2982880 0.6680950
vt 0.2464350 0.9682430
vt 0.2740380 0.9696900
vt 0.2764150 0.9796680
vt 0.2841970 0.6575870
vt 0.0420850 0.7691700
vt 0.0408020 0.8063430
vt 0.0290840 0.8161750
vt 0.0257280 0.7641690
vt 0.3797510 0.7423300
vt 0.2993650 0.7423300
vt 0.3164030 0.7092670
vt 0.0884400 0.9122880
vt 0.0704380 0.9091130
vt 0.1281840 0.9108620
vt 0.1290710 0.8648030
vt 0.0769820 0.8631420
vt 0.5643740 0.9979100
vt 0.5460880 0.9912550
vt 0.5684080 0.9907880
vt 0.3264300 0.7129270
vt 0.9845760 0.2026130
vt 0.9845760 0.2391560
vt 0.9711980 0.2264150
vt 0.9905990 0.8550250
vt 0.9745500 0.8329360
vt 0.9940000 0.8335300
vt 0.2257230 0.3331160
vt 0.8640320 0.9314600
vt 0.9064410 0.9152230
vt 0.2066440 0.6356650
vt 0.1765950 0.6785800
vt 0.1732090 0.6039760
vt 0.1838020 0.4523320
vt 0.1911150 0.4533600
vt 0.1671160 0.5240800
vt 0.1288430 0.6987170
vt 0.1288430 0.6310130
vt 0.1669800 0.6722270
vt 0.6643880 0.5335040
vt 0.6553720 0.5616390
vt 0.9713190 0.7883340
vt 0.9642060 0.8043830
vt 0.3395960 0.9661990
vt 0.9148380 0.9314600
vt 0.3451000 0.8132050
vt 0.3555930 0.8239870
vt 0.3555930 0.8654710
vt 0.2930550 0.8113970
vt 0.2976880 0.8662440
vt 0.9478800 0.4048450
vt 0.9361490 0.4005750
vt 0.9451480 0.3469980
vt 0.3755770 0.8163620
vt 0.4121380 0.8666840
vt 0.3823450 0.8505920
vt 0.9615870 0.6029670
vt 0.9703250 0.6269740
vt 0.9598960 0.6378190
vt 0.0255970 0.6939910
vt 0.0402510 0.7149180
vt 0.0275400 0.7463040
vt 0.2940400 0.9631260
vt 0.3035670 0.9503060
vt 0.3349530 0.9492100
vt 0.3072900 0.9213950
vt 0.4573120 0.4629200
vt 0.4876660 0.4467790
vt 0.4927660 0.4653660
vt 0.1617680 0.7346490
vt 0.1618500 0.6792510
vt 0.1768960 0.6792510
vt 0.7868010 0.9041550
vt 0.8145280 0.8699240
vt 0.8138490 0.9114030
vt 0.4684200 0.4787720
vt 0.0482190 0.2472680
vt 0.0554670 0.2202190
vt 0.0542560 0.2756040
vt 0.1846690 0.7205160
vt 0.7276090 0.6046250
vt 0.7691690 0.5986240
vt 0.7782120 0.6499090
vt 0.9838100 0.4225040
vt 0.9838100 0.4010840
vt 0.9955510 0.4053290
vt 0.5773710 0.5040920
vt 0.5091680 0.4942750
vt 0.7350010 0.6505160
vt 0.7635600 0.9901690
vt 0.7530240 0.9577430
vt 0.7658950 0.9726210
vt 0.4328120 0.9618840
vt 0.4127710 0.9894670
vt 0.4109230 0.9704340
vt 0.8417890 0.9755420
vt 0.8480180 0.9621840
vt 0.8481380 0.9935890
vt 0.9993740 0.7265560
vt 0.9844100 0.7265560
vt 0.9936390 0.7098080
vt 0.1165360 0.7045030
vt 0.1285950 0.7012710
vt 0.1112090 0.7447260
vt 0.1284750 0.7640850
vt 0.7584450 0.8982120
vt 0.4985160 0.5188230
vt 0.9778880 0.9906780
vt 0.9960680 0.9965850
vt 0.9780060 0.9975280
vt 0.6648950 0.9917610
vt 0.6812160 0.9888830
vt 0.7002160 0.9919520
vt 0.9486480 0.6340090
vt 0.9486480 0.5986870
vt 0.9511060 0.6519270
vt 0.0938760 0.9905410
vt 0.0609390 0.9798390
vt 0.0977830 0.9691650
vt 0.1535550 0.9744820
vt 0.1543060 0.9812920
vt 0.1317550 0.9812920
vt 0.4540790 0.5054090
vt 0.1704560 0.9775750
vt 0.0625200 0.2602840
vt 0.0739400 0.2405050
vt 0.0636230 0.2774310
vt 0.0750080 0.2732520
vt 0.0302110 0.6219610
vt 0.0384250 0.5913090
vt 0.0405500 0.6445630
vt 0.7919850 0.9528940
vt 0.7649850 0.9684820
vt 0.7505220 0.9531200
vt 0.7185580 0.6074260
vt 0.0662190 0.2965010
vt 0.0755630 0.2980700
vt 0.0524110 0.8656500
vt 0.0271960 0.8536140
vt 0.0393230 0.8488980
vt 0.2987630 0.8760440
vt 0.2771630 0.8659710
vt 0.3380710 0.8686550
vt 0.4248610 0.3212020
vt 0.4153420 0.1977170
vt 0.6937420 0.6016990
vt 0.1660890 0.7531810
vt 0.5741580 0.0150350
vt 0.5793860 0.0075690
vt 0.6081520 0.0149760
vt 0.9562700 0.5472660
vt 0.9699860 0.5357570
vt 0.9705120 0.5733340
vt 0.9396430 0.9947520
vt 0.9625680 0.9873030
vt 0.9481760 0.9979550
vt 0.0326800 0.8238820
vt 0.6704370 0.6125970
vt 0.9984790 0.9084370
vt 0.9922180 0.9277070
vt 0.9916930 0.9062000
vt 0.0348990 0.8188710
vt 0.1523650 0.9370020
vt 0.1234310 0.9344700
vt 0.1733750 0.9337600
vt 0.7742600 0.8166640
vt 0.7048550 0.8166640
vt 0.7547690 0.8147860
vt 0.5369250 0.4800160
vt 0.4065890 0.3106530
vt 0.0393230 0.8488980
vt 0.0524110 0.8656500
vt 0.3789610 0.0437890
vt 0.3711120 0.0883040
vt 0.3227280 0.0311280
vt 0.3206380 0.0891010
vt 0.8745150 0.5875940
vt 0.8220700 0.6123900
vt 0.7950660 0.6066500
vt 0.7948990 0.5578120
vt 0.9865060 0.5847550
vt 0.9624770 0.6022130
vt 0.9623890 0.5746910
vt 0.4537000 0.0047250
vt 0.4627590 0.0005010
vt 0.4834010 0.0049050
vt 0.7750580 0.8166360
vt 0.8407770 0.7661650
vt 0.8397440 0.8166360
vt 0.7695430 0.7680130
vt 0.7594510 0.8132120
vt 0.7007630 0.7974870
vt 0.7719640 0.7946500
vt 0.9039710 0.5790510
vt 0.9039430 0.5961140
vt 0.8795020 0.5952600
vt 0.3239440 0.6241380
vt 0.4274080 0.6241380
vt 0.3876820 0.6407270
vt 0.3633050 0.6058060
vt 0.3642370 0.5450540
vt 0.3846800 0.5844310
vt 0.5648720 0.8523930
vt 0.4990100 0.8523930
vt 0.5280810 0.8483440
vt 0.4924170 0.7041150
vt 0.4915930 0.6738980
vt 0.4995620 0.6774490
vt 0.3796080 0.1472510
vt 0.7879880 0.4930070
vt 0.7879880 0.5182950
vt 0.6621350 0.5013150
vt 0.9576080 0.4970240
vt 0.9614750 0.5412220
vt 0.9540040 0.5457280
vt 0.3890120 0.5507930
vt 0.7520210 0.5716140
vt 0.4945390 0.6221750
vt 0.1522720 0.8797480
vt 0.1522720 0.9315550
vt 0.1386370 0.9005000
vt 0.3478490 0.9950040
vt 0.3391290 0.9946990
vt 0.3391930 0.9715810
vt 0.1464020 0.4674410
vt 0.1410680 0.4926460
vt 0.0150690 0.8078560
vt 0.0101710 0.8356360
vt 0.0080270 0.7889340
vt 0.7732080 0.6141780
vt 0.4814120 0.5817440
vt 0.9973230 0.3556150
vt 0.9766320 0.3405830
vt 0.9946310 0.3200600
vt 0.7011380 0.7221800
vt 0.7233190 0.6866840
vt 0.7229670 0.7340150
vt 0.7119780 0.6902870
vt 0.9940390 0.1766600
vt 0.9759850 0.1707950
vt 0.9897810 0.1461900
vt 0.6773690 0.8646810
vt 0.6976580 0.8552200
vt 0.7417960 0.8642130
vt 0.3150590 0.9474330
vt 0.3189150 0.9330410
vt 0.3487180 0.9487510
vt 0.7490860 0.9533310
vt 0.7341910 0.9536860
vt 0.7111420 0.9429380
vt 0.7561800 0.9421370
vt 0.9725880 0.0628630
vt 0.9802370 0.0537470
vt 0.9746460 0.0780840
vt 0.6798890 0.9781950
vt 0.6782130 0.9622460
vt 0.7085190 0.9569400
vt 0.6801210 0.6591050
vt 0.6929320 0.6624970
vt 0.3616000 0.9308560
vt 0.9735480 0.0408350
vt 0.9732780 0.0879960
vt 0.9797410 0.1121160
vt 0.9725930 0.1247800
vt 0.6965150 0.8463540
vt 0.7589940 0.8518200
vt 0.6945690 0.8524180
vt 0.8021720 0.6199660
vt 0.2766580 0.8658540
vt 0.2647460 0.8741950
vt 0.2162170 0.8682250
vt 0.1912830 0.9329430
vt 0.1912830 0.8827820
vt 0.2013460 0.9243210
vt 0.1647210 0.8908000
vt 0.1787680 0.8870360
vt 0.1748210 0.9370420
vt 0.4973590 0.6233050
vt 0.5070630 0.6441150
vt 0.5026240 0.7083900
vt 0.8053970 0.5335770
vt 0.7451390 0.5283050
vt 0.8656720 0.5278480
vt 0.1423270 0.4208680
vt 0.7119780 0.6902870
vt 0.7233190 0.6866840
vn 0.8800707 0.4739229 0.0295408
vn 0.8800707 0.4739229 0.0295408
vn 0.8800707 0.4739229 0.0295408
vn -0.9917170 -0.0324799 0.1242678
vn -0.9827156 -0.0190912 0.1841348
vn -0.9575661 0.0047433 0.2881747
vn -0.4188586 0.5441486 0.7269524
vn -0.2045700 0.5797212 0.7887169
vn 0.1325957 0.9233462 0.3603472
vn 0.3594618 0.6173542 0.6997578
vn -0.2163321 -0.8331427 -0.5089928
vn -0.7450497 -0.6267863 -0.2281226
vn -0.1903574 -0.9390738 -0.2861895
vn 0.0679803 -0.9366010 -0.3437402
vn 0.0028334 -0.9233688 -0.3839037
vn -0.0910591 -0.8659096 -0.4918423
vn 0.0202487 -0.0146751 0.9996873
vn -0.1191107 -0.0021555 0.9928786
vn -0.1282766 -0.0013232 0.9917375
vn 0.0777085 -0.0197635 0.9967802
vn 0.7599253 -0.5484332 0.3489047
vn 0.7599253 -0.5484332 0.3489047
vn 0.7599253 -0.5484332 0.3489047
vn -0.7592306 0.6155721 0.2112815
vn 0.0010942 -0.0537278 0.9985550
vn 0.0010942 -0.0537278 0.9985550
vn 0.0010942 -0.0537278 0.9985550
vn 0.0956791 -0.2034668 -0.9743956
vn 0.0956791 -0.2034668 -0.9743956
vn 0.0956791 -0.2034668 -0.9743956
vn -0.4521667 0.2734444 -0.8489837
vn -0.4521667 0.2734444 -0.8489837
vn -0.4521667 0.2734444 -0.8489837
vn -0.9403061 0.0168791 0.3399110
vn 0.3448477 0.1490096 0.9267557
vn 0.2500961 0.1408782 0.9579171
vn 0.2666101 0.1423808 0.9532297
vn 0.2014715 0.1362534 0.9699713
vn -0.0395567 -0.3286477 0.9436238
vn -0.0395567 -0.3286477 0.9436238
vn -0.0395567 -0.3286477 0.9436238
vn -0.3598208 0.9320435 -0.0427064
vn -0.3598208 0.9320435 -0.0427064
vn -0.3598208 0.9320435 -0.0427064
vn 0.2181599 0.8762622 -0.4296171
vn -0.0620354 0.1869996 0.9803993
vn -0.0620354 0.1869996 0.9803993
vn -0.0620354 0.1869996 0.9803993
vn 0.5367192 0.2603665 0.8025844
vn 0.3960464 0.8886125 -0.2313332
vn 0.4454559 0.6654086 -0.5989996
vn 0.9915807 0.1294853 -0.0011301
vn 0.9915807 0.1294853 -0.0011301
vn 0.9915807 0.1294853 -0.0011301
vn 0.1855305 -0.2789427 0.9422152
vn 0.2521369 -0.2556692 0.9333061
vn 0.2428201 -0.2590300 0.9348486
vn -0.3854157 -0.5663033 -0.7285296
vn 0.8245264 0.3934540 -0.4066326
vn 0.8245264 0.3934540 -0.4066326
vn 0.8245264 0.3934540 -0.4066326
vn -0.8081167 0.4523489 -0.3772637
vn 0.9949341 -0.0011378 -0.1005229
vn 0.9931319 -0.0033366 -0.1169530
vn 0.9946885 -0.0014585 -0.1029203
vn 0.5363911 0.5715044 -0.6210212
vn -0.9940771 0.0104133 -0.1081766
vn -0.9934062 0.0100364 -0.1142079
vn -0.9921566 0.0080288 -0.1247434
vn -0.1207062 0.9356778 -0.3315677
vn -0.9260439 0.0468011 0.3745028
vn -0.9260439 0.0468011 0.3745028
vn -0.9260439 0.0468011 0.3745028
vn -0.9946390 0.0059586 0.1032367
vn -0.9946390 0.0059586 0.1032367
vn -0.9946390 0.0059586 0.1032367
vn 0.7364993 0.3998080 -0.5456394
vn 0.8848796 0.2970964 -0.3587782
vn 0.9928894 -0.0036089 -0.1189859
vn 0.9898354 -0.0114864 0.1417532
vn 0.9898354 -0.0114864 0.1417532
vn 0.9898354 -0.0114864 0.1417532
vn 0.3155440 -0.2318517 0.9201504
vn -0.9919470 0.0079070 -0.1264067
vn 0.0065446 0.0707751 0.9974708
vn 0.0065446 0.0707751 0.9974708
vn 0.0065446 0.0707751 0.9974708
vn 0.1502033 0.2643897 0.9526474
vn 0.2101522 0.2371537 0.9484694
vn 0.3050816 0.1909621 0.9329838
vn -0.9881750 0.0084800 -0.1530955
vn -0.7001746 -0.2394088 0.6726358
vn -0.7001746 -0.2394088 0.6726358
vn -0.7001746 -0.2394088 0.6726358
vn 0.0923782 0.2893104 0.9527674
vn -0.0587878 0.0484660 -0.9970933
vn -0.0183508 0.0013698 -0.9998307
vn -0.0127096 0.0174318 -0.9997673
vn -0.0201969 0.0011203 -0.9997954
vn -0.0971501 0.0734430 -0.9925563
vn 0.5367192 0.2603665 0.8025844
vn 0.5367192 0.2603665 0.8025844
vn -0.7214544 -0.6659088 -0.1899186
vn -0.7214544 -0.6659088 -0.1899186
vn -0.7214544 -0.6659088 -0.1899186
vn 0.0182593 -0.9996169 0.0208006
vn 0.9508985 -0.2549844 0.1754280
vn 0.9295765 -0.3235037 0.1767283
vn -0.2882594 0.5449507 0.7873597
vn -0.2882594 0.5449507 0.7873597
vn -0.2882594 0.5449507 0.7873597
vn 0.2505888 0.1891695 0.9494315
vn 0.2505888 0.1891695 0.9494315
vn 0.2505888 0.1891695 0.9494315
vn -0.8067807 -0.5907892 0.0085518
vn -0.8067807 -0.5907892 0.0085518
vn -0.8067807 -0.5907892 0.0085518
vn -0.5773812 0.8155089 0.0397023
vn -0.5773812 0.8155089 0.0397023
vn -0.5773812 0.8155089 0.0397023
vn -0.9981026 0.0514162 -0.0338768
vn -0.9995962 0.0283490 -0.0019309
vn -0.9994937 0.0310384 -0.0069930
vn -0.2447180 0.0266911 -0.9692268
vn -0.2447180 0.0266911 -0.9692268
vn -0.2447180 0.0266911 -0.9692268
vn -0.9948788 -0.1010531 -0.0021067
vn -0.9933761 -0.1129485 -0.0211299
vn -0.9945772 -0.1030682 -0.0138981
vn -0.4990397 0.8598876 -0.1074836
vn -0.1763881 0.2582862 0.9498292
vn -0.9966732 0.0815002 0.0004302
vn -0.9966732 0.0815002 0.0004302
vn -0.9966732 0.0815002 0.0004302
vn 0.0255771 0.4902970 0.8711800
vn 0.0255771 0.4902970 0.8711800
vn 0.0255771 0.4902970 0.8711800
vn -0.0287780 0.0994995 0.9946214
vn -0.0287780 0.0994995 0.9946214
vn -0.0287780 0.0994995 0.9946214
vn 0.9944532 0.1001317 0.0321951
vn 0.9944532 0.1001317 0.0321951
vn 0.9944532 0.1001317 0.0321951
vn -0.1089259 -0.4904961 -0.8646090
vn 0.0485047 -0.3960842 -0.9169322
vn 0.9874757 -0.1305343 -0.0886144
vn 0.9778403 -0.1135786 -0.1758644
vn 0.9822722 -0.1080788 -0.1531679
vn -0.2010465 -0.5383701 -0.8183751
vn -0.9993646 -0.0253159 0.0250899
vn -0.9993646 -0.0253159 0.0250899
vn -0.9993646 -0.0253159 0.0250899
vn -0.9962051 0.0620885 -0.0609950
vn 0.9599671 -0.1982058 -0.1979336
vn 0.9599671 -0.1982058 -0.1979336
vn 0.9599671 -0.1982058 -0.1979336
vn 0.0840497 0.4097060 -0.9083373
vn 0.3729912 0.3621756 -0.8542286
vn -0.5109710 0.7804499 -0.3602868
vn 0.9958783 0.0902360 0.0091592
vn 0.9958783 0.0902360 0.0091592
vn 0.9958783 0.0902360 0.0091592
vn -0.9687173 0.2035059 -0.1420288
vn -0.9687173 0.2035059 -0.1420288
vn -0.9687173 0.2035059 -0.1420288
vn 0.9852578 -0.1656657 0.0426842
vn 0.9852578 -0.1656657 0.0426842
vn 0.9852578 -0.1656657 0.0426842
vn -0.3896455 -0.9209111 -0.0099589
vn -0.9955605 -0.0929082 -0.0150771
vn 0.1156825 -0.2609766 0.9583886
vn 0.2756457 -0.1388401 0.9511797
vn 0.1670288 -0.2233144 0.9603291
vn 0.3723908 0.9219586 -0.1063830
vn -0.6935273 0.6647539 0.2777086
vn -0.6683078 0.6923895 0.2719588
vn -0.7322734 0.5365508 -0.4193911
vn 0.3701179 0.9277429 -0.0480195
vn 0.0288444 -0.3215364 0.9464578
vn -0.1131332 0.2368803 -0.9649293
vn -0.0184053 0.1694638 -0.9853645
vn 0.9734058 -0.0982195 -0.2069639
vn -0.9674733 0.0422696 -0.2494167
vn -0.9674733 0.0422696 -0.2494167
vn -0.9674733 0.0422696 -0.2494167
vn -0.9999922 -0.0039166 -0.0004423
vn 0.4261883 0.8941714 -0.1371895
vn 0.4261883 0.8941714 -0.1371895
vn 0.4261883 0.8941714 -0.1371895
vn -0.0543478 -0.9985182 -0.0027848
vn -0.0543478 -0.9985182 -0.0027848
vn -0.0543478 -0.9985182 -0.0027848
vn -0.8101862 0.5643034 0.1586192
vn -0.8101862 0.5643034 0.1586192
vn -0.1410073 0.9900076 0.0013939
vn -0.9954136 -0.0897678 -0.0330683
vn 0.9634332 -0.1044696 -0.2467438
vn -0.6773814 -0.7227535 -0.1370468
vn 0.7539310 0.6556294 0.0416906
vn 0.7575414 0.6408476 0.1242793
vn -0.1942074 -0.3689365 0.9089386
vn -0.1942074 -0.3689365 0.9089386
vn -0.9821628 0.1305265 -0.1353476
vn 0.9941068 0.1027790 0.0344708
vn 0.9941068 0.1027790 0.0344708
vn 0.9941068 0.1027790 0.0344708
vn -0.1500533 0.2352096 0.9602919
vn -0.1500533 0.2352096 0.9602919
vn -0.1500533 0.2352096 0.9602919
vn 0.8809554 -0.4727108 0.0214956
vn 0.8809554 -0.4727108 0.0214956
vn 0.8809554 -0.4727108 0.0214956
vn -0.0424474 0.0044748 0.9990887
vn -0.0424474 0.0044748 0.9990887
vn -0.0424474 0.0044748 0.9990887
vn 0.7705467 0.0037328 0.6373727
vn 0.7799940 0.0032369 0.6257786
vn 0.6663715 0.0086531 0.7455697
vn 0.6651334 0.0087065 0.7466738
vn -0.9810930 0.1456936 -0.1273970
vn -0.2090861 0.7068765 0.6757282
vn -0.0312796 0.1643486 0.9859062
vn -0.1422082 0.7394421 -0.6580290
vn -0.0361443 -0.4487878 -0.8929071
vn -0.8101862 0.5643034 0.1586192
vn -0.1942074 -0.3689365 0.9089386
vn 0.9987243 -0.0302370 0.0404417
vn 0.9987243 -0.0302370 0.0404417
vn 0.9987243 -0.0302370 0.0404417
vn 0.7451978 0.4127421 0.5237597
vn 0.7451978 0.4127421 0.5237597
vn 0.7451978 0.4127421 0.5237597
vn -0.9980413 0.0101561 -0.0617290
vn -0.9978061 0.0148973 -0.0645058
vn -0.9983156 0.0036297 -0.0579038
vn -0.2422188 0.4276878 -0.8708692
vn 0.4960000 0.2790312 -0.8222685
vn 0.3211453 0.3369668 -0.8850531
vn -0.9984498 -0.0001965 -0.0556598
vn -0.9867359 0.0035117 -0.1622957
vn -0.9867359 0.0035117 -0.1622957
vn -0.9867359 0.0035117 -0.1622957
vn 0.2247767 -0.9741589 0.0221330
vn 0.2247767 -0.9741589 0.0221330
vn 0.2247767 -0.9741589 0.0221330
vn -0.4643750 0.4244672 -0.7772924
vn -0.1685891 0.0135954 0.9855927
vn -0.1685891 0.0135954 0.9855927
vn -0.1685891 0.0135954 0.9855927
vn 0.3065778 0.1657592 0.9373014
vn 0.3065778 0.1657592 0.9373014
vn 0.3065778 0.1657592 0.9373014
vn -0.1285840 0.0315137 -0.9911978
vn 0.0266501 0.0074480 -0.9996171
vn 0.0109460 0.0098956 -0.9998911
vn -0.1669565 0.0374177 -0.9852540
vn 0.2176125 -0.8701248 -0.4421851
vn 0.1265841 -0.6551501 -0.7448186
vn 0.0165016 -0.3427623 -0.9392772
vn -0.0655462 0.0940315 -0.9934092
vn -0.2717649 0.0909517 -0.9580562
vn -0.1042645 0.0937698 -0.9901193
vn -0.2066780 0.0116107 -0.9783401
vn 0.0773821 -0.0106743 -0.9969444
vn -0.2908928 0.0182929 -0.9565808
vn 0.1287258 -0.0146618 -0.9915718
vn 0.5648596 -0.6126510 -0.5528041
vn 0.7207048 -0.6932398 0.0018009
vn 0.7195382 -0.6942801 -0.0154909
vn -0.7053144 0.5670663 0.4254026
vn 0.2362901 0.9501253 -0.2035410
vn -0.4758436 0.6127715 0.6309389
vn 0.1411624 0.0930292 -0.9856058
vn 0.1518831 0.4359123 -0.8870806
vn 0.1518831 0.4359123 -0.8870806
vn 0.1518831 0.4359123 -0.8870806
vn 0.5491808 -0.4395238 0.7107877
vn -0.9895648 -0.1348429 0.0507831
vn -0.9895648 -0.1348429 0.0507831
vn -0.9895648 -0.1348429 0.0507831
vn 0.4420911 0.8969669 -0.0024171
vn 0.3445772 0.7278838 0.5928336
vn 0.3445772 0.7278838 0.5928336
vn 0.3445772 0.7278838 0.5928336
vn -0.9906240 0.1364729 -0.0062612
vn -0.9906240 0.1364729 -0.0062612
vn -0.9906240 0.1364729 -0.0062612
vn -0.5858818 -0.1260508 -0.8005334
vn -0.5858818 -0.1260508 -0.8005334
vn -0.5858818 -0.1260508 -0.8005334
vn 0.9887886 -0.1491615 0.0069305
vn 0.9887886 -0.1491615 0.0069305
vn 0.9887886 -0.1491615 0.0069305
vn -0.9999913 0.0040647 -0.0009230
vn -0.9999838 0.0056193 -0.0009470
vn -0.9999646 0.0083611 -0.0009894
vn 0.4704728 0.5672486 0.6759323
vn 0.4704728 0.5672486 0.6759323
vn 0.4704728 0.5672486 0.6759323
vn -0.4799700 0.4653172 0.7437128
vn -0.9999557 0.0093549 -0.0010048
vn 0.8438108 0.5361923 -0.0219350
vn 0.1496446 0.7934023 0.5900164
vn 0.7525872 0.6421928 0.1456053
vn 0.9614758 0.0937519 0.2584084
vn 0.9614758 0.0937519 0.2584084
vn 0.9614758 0.0937519 0.2584084
vn -0.9916155 0.0401392 -0.1228315
vn -0.9916678 0.0400034 -0.1224526
vn -0.9915956 0.0401906 -0.1229749
vn 0.9889477 -0.0843129 0.1219582
vn 0.9889477 -0.0843129 0.1219582
vn 0.9889477 -0.0843129 0.1219582
vn -0.8423147 0.0678488 0.5346984
vn -0.8423147 0.0678488 0.5346984
vn -0.8423147 0.0678488 0.5346984
vn 0.9995200 -0.0301800 0.0069955
vn 0.9995200 -0.0301800 0.0069955
vn 0.9995200 -0.0301800 0.0069955
vn -0.9995033 0.0310292 -0.0055038
vn -0.9995033 0.0310292 -0.0055038
vn -0.9995033 0.0310292 -0.0055038
vn 0.2518572 -0.9311935 -0.2635272
vn 0.9079121 0.2735543 -0.3175904
vn 0.0497539 -0.7701488 0.6359209
vn 0.0497539 -0.7701488 0.6359209
vn 0.0497539 -0.7701488 0.6359209
vn 0.7226462 0.5187815 -0.4567804
vn 0.7226462 0.5187815 -0.4567804
vn 0.7226462 0.5187815 -0.4567804
vn -0.6469715 0.7565162 -0.0954521
vn -0.6469715 0.7565162 -0.0954521
vn -0.6469715 0.7565162 -0.0954521
vn 0.9896667 0.0899384 -0.1116730
vn 0.9896667 0.0899384 -0.1116730
vn 0.9896667 0.0899384 -0.1116730
vn -0.8380919 -0.5455279 -0.0011318
vn -0.8380919 -0.5455279 -0.0011318
vn -0.8380919 -0.5455279 -0.0011318
vn -0.9915293 0.0403619 -0.1234529
vn -0.7899301 0.2606568 -0.5550392
vn -0.7899301 0.2606568 -0.5550392
vn -0.7899301 0.2606568 -0.5550392
vn -0.0167370 0.0069195 -0.9998360
vn -0.0167370 0.0069195 -0.9998360
vn -0.0167370 0.0069195 -0.9998360
vn 0.8254033 0.2285450 -0.5162137
vn 0.9353058 -0.3538355 0.0018545
vn 0.9353058 -0.3538355 0.0018545
vn 0.9353058 -0.3538355 0.0018545
vn 0.0894008 0.4737761 0.8760957
vn -0.1242906 0.9922315 0.0053363
vn -0.1242906 0.9922315 0.0053363
vn -0.1242906 0.9922315 0.0053363
vn 0.1084197 0.9940996 -0.0033293
vn 0.1173173 0.9930937 0.0012269
vn 0.0949782 0.9954271 -0.0102011
vn -0.0180451 -0.0046801 0.9998262
vn -0.0180451 -0.0046801 0.9998262
vn -0.0180451 -0.0046801 0.9998262
vn 0.9916361 -0.0408019 0.1224459
vn -0.3656564 0.9304847 0.0222161
vn -0.3656564 0.9304847 0.0222161
vn -0.3656564 0.9304847 0.0222161
vn 0.0418356 -0.9991232 0.0016068
vn 0.0418356 -0.9991232 0.0016068
vn 0.0418356 -0.9991232 0.0016068
vn 0.0884798 0.9959862 -0.0135185
vn 0.9959247 0.0901685 -0.0019220
vn 0.9959247 0.0901685 -0.0019220
vn 0.9959247 0.0901685 -0.0019220
vn -0.2738117 -0.0185738 0.9616040
vn -0.2738117 -0.0185738 0.9616040
vn -0.2738117 -0.0185738 0.9616040
vn -0.0849960 -0.9963807 0.0010945
vn -0.0849960 -0.9963807 0.0010945
vn -0.0849960 -0.9963807 0.0010945
vn 0.6793120 -0.7145967 -0.1669932
vn 0.6793120 -0.7145967 -0.1669932
vn 0.6793120 -0.7145967 -0.1669932
vn -0.9958954 -0.0873319 -0.0237800
vn -0.9958954 -0.0873319 -0.0237800
vn -0.9958954 -0.0873319 -0.0237800
vn 0.9916361 -0.0408019 0.1224459
vn 0.9916361 -0.0408019 0.1224459
vn -0.1813734 -0.5053433 0.8436420
vn -0.1813734 -0.5053433 0.8436420
vn -0.1813734 -0.5053433 0.8436420
vn 0.0852478 -0.9920599 -0.0924659
vn 0.0766047 -0.9838810 -0.1615859
vn 0.0480226 0.3083752 -0.9500519
vn -0.0605717 0.2015271 -0.9776083
vn -0.0601960 0.2014801 -0.9776412
vn 0.0825519 0.0327346 -0.9960490
vn 0.0825519 0.0327346 -0.9960490
vn 0.0825519 0.0327346 -0.9960490
vn 0.0498876 0.3104025 -0.9492953
vn 0.1247961 -0.1359665 0.9828220
vn 0.1247961 -0.1359665 0.9828220
vn 0.1247961 -0.1359665 0.9828220
vn -0.1147254 -0.1765626 0.9775806
vn 0.0895384 -0.9943700 -0.0566672
vn 0.0624835 -0.0534483 -0.9966138
vn 0.0624835 -0.0534483 -0.9966138
vn 0.0624835 -0.0534483 -0.9966138
vn 0.2344359 0.4765935 -0.8472889
vn 0.1757706 0.0311364 -0.9839386
vn 0.0684739 -0.0177684 0.9974947
vn 0.0684739 -0.0177684 0.9974947
vn 0.0684739 -0.0177684 0.9974947
vn 0.1966968 0.1241825 0.9725683
vn 0.1966968 0.1241825 0.9725683
vn 0.1966968 0.1241825 0.9725683
vn -0.1326965 -0.8077307 0.5744238
vn -0.1251151 -0.8390242 0.5295136
vn -0.0711688 -0.9719976 0.2239546
vn -0.2953743 0.0820098 -0.9518552
vn -0.2788675 0.0921236 -0.9559007
vn -0.0239998 0.0817871 -0.9963608
vn 0.1450807 0.9524832 -0.2678195
vn 0.0666958 0.8238227 -0.5629101
vn 0.1583610 0.9653101 -0.2076012
vn -0.0107709 0.6289462 -0.7773742
vn -0.3869553 -0.9217341 -0.0259195
vn 0.1441409 0.0733114 -0.9868378
vn -0.0636290 0.0884333 -0.9940477
vn 0.8583434 0.5020526 0.1057814
vn 0.7722281 0.6256181 0.1107505
vn 0.8817743 0.4659158 0.0734614
vn -0.9553582 -0.2857322 0.0751524
vn -0.9553582 -0.2857322 0.0751524
vn -0.9553582 -0.2857322 0.0751524
vn 0.3574728 0.9293822 -0.0919887
vn 0.1047728 0.9730410 -0.2054603
vn 0.2127426 0.0255818 0.9767733
vn 0.2127426 0.0255818 0.9767733
vn 0.2127426 0.0255818 0.9767733
vn 0.0794127 -0.9870263 -0.1395446
vn -0.1147254 -0.1765626 0.9775806
vn -0.1147254 -0.1765626 0.9775806
vn 0.1757706 0.0311364 -0.9839386
vn 0.1757706 0.0311364 -0.9839386
vn 0.0151713 -0.9726087 -0.2319529
vn -0.3869553 -0.9217341 -0.0259195
vn -0.3869553 -0.9217341 -0.0259195
vn -0.4177926 -0.8128524 -0.4058576
vn -0.4177926 -0.8128524 -0.4058576
vn -0.4177926 -0.8128524 -0.4058576
vn 0.0106565 0.1250442 0.9920939
vn 0.0089087 0.1295345 0.9915349
vn 0.0049249 0.1397553 0.9901738
vn -0.0034201 -0.9244619 -0.3812590
vn 0.0011789 -0.8959053 -0.4442434
vn 0.0010297 -0.8968996 -0.4422329
vn -0.0059751 -0.9384453 -0.3453762
vn 0.0030881 0.1444618 0.9895056
vn 0.0615522 -0.2707355 -0.9606839
vn 0.0029953 -0.2500201 -0.9682360
vn -0.0105668 -0.2450833 -0.9694444
vn -0.0029383 -0.0030692 -0.9999910
vn -0.0013550 0.0002528 -0.9999991
vn 0.0016200 0.0064942 -0.9999776
vn 0.0047234 0.0130051 -0.9999043
vn -0.0934500 -0.2137749 -0.9724029
vn 0.6048910 0.6596821 -0.4460115
vn 0.6472359 0.6706273 -0.3624152
vn 0.7705370 0.6175424 0.1578424
vn -0.1428898 0.3544633 0.9240878
vn -0.0750117 0.2753589 0.9584105
vn -0.0187959 0.2557059 0.9665719
vn 0.7672115 0.5774071 0.2792626
vn -0.2565629 0.4813038 0.8381659
vn 0.1192252 0.6798796 0.7235670
vn 0.1115518 0.7320329 0.6720744
vn 0.0145364 0.9990456 0.0411902
vn 0.0604475 -0.0825141 0.9947550
vn 0.0604475 -0.0825141 0.9947550
vn 0.0604475 -0.0825141 0.9947550
vn 0.1475408 -0.0748750 -0.9862177
vn 0.1475408 -0.0748750 -0.9862177
vn 0.1475408 -0.0748750 -0.9862177
vn 0.0206651 -0.2031245 0.9789348
vn 0.0206651 -0.2031245 0.9789348
vn 0.0206651 -0.2031245 0.9789348
vn -0.3616367 0.6260531 0.6908520
vn 0.2550386 0.0379735 0.9661849
vn 0.2550386 0.0379735 0.9661849
vn 0.2550386 0.0379735 0.9661849
vn 0.3622068 -0.4670787 0.8066249
vn 0.3622068 -0.4670787 0.8066249
vn 0.3622068 -0.4670787 0.8066249
vn -0.4144093 -0.1855205 -0.8909809
vn -0.4144093 -0.1855205 -0.8909809
vn -0.4144093 -0.1855205 -0.8909809
vn 0.2639932 -0.7493710 0.6072485
vn 0.0099021 -0.2822727 0.9592831
vn 0.0281930 -0.3194874 0.9471710
vn 0.0963041 0.0763016 -0.9924231
vn 0.0963041 0.0763016 -0.9924231
vn 0.0963041 0.0763016 -0.9924231
vn 0.2931738 -0.7937965 0.5328566
vn 0.0037320 0.9996128 -0.0275728
vn -0.1071293 0.1334159 -0.9852530
vn -0.1071293 0.1334159 -0.9852530
vn -0.1071293 0.1334159 -0.9852530
vn 0.0081238 -0.1370562 -0.9905300
vn 0.0081238 -0.1370562 -0.9905300
vn 0.0081238 -0.1370562 -0.9905300
vn 0.6283997 0.6511978 0.4255058
vn -0.0413896 -0.2384545 -0.9702713
vn 0.8826736 -0.1861313 -0.4315582
vn 0.8826736 -0.1861313 -0.4315582
vn 0.8826736 -0.1861313 -0.4315582
vn -0.1339585 0.1303484 0.9823769
vn -0.1272993 0.1143698 0.9852484
vn -0.1123734 0.0787661 0.9905393
vn -0.1076015 0.0674434 0.9919039
vn 0.1306266 -0.5126257 -0.8486175
vn 0.1306266 -0.5126257 -0.8486175
vn 0.1306266 -0.5126257 -0.8486175
vn 0.4704582 -0.4456399 0.7616260
vn 0.4608832 -0.4309224 0.7758173
vn 0.5233473 -0.4106110 0.7466634
vn 0.2297140 -0.5034373 0.8329360
vn 0.2888428 -0.4952208 0.8193450
vn 0.5668076 -0.3732465 0.7344496
vn 0.6851905 -0.2132990 0.6964320
vn 0.3205412 -0.4899740 0.8106657
vn -0.3518394 0.3846735 -0.8533671
vn -0.4720209 0.4390504 -0.7644809
vn -0.5887611 0.3957534 -0.7047976
vn -0.6087549 0.4110265 -0.6785828
vn -0.4516533 0.4589019 -0.7651263
vn -0.0406152 -0.1536511 -0.9872901
vn -0.0406152 -0.1536511 -0.9872901
vn -0.0406152 -0.1536511 -0.9872901
vn 0.0299508 0.9851001 -0.1693538
vn 0.0299508 0.9851001 -0.1693538
vn 0.0299508 0.9851001 -0.1693538
vn -0.5061899 -0.6182225 -0.6013092
vn 0.0001591 -0.0026484 0.9999965
vn 0.0001591 -0.0026484 0.9999965
vn 0.0001591 -0.0026484 0.9999965
vn -0.9432592 -0.1546259 0.2938587
vn -0.9432592 -0.1546259 0.2938587
vn -0.9432592 -0.1546259 0.2938587
vn -0.0024119 0.9945373 0.1043543
vn 0.0750739 0.7785832 -0.6230346
vn -0.3205355 -0.4796877 0.8167967
vn -0.3891015 -0.7198341 0.5748382
vn -0.3280596 -0.8801380 -0.3431239
vn -0.3058614 -0.8539457 -0.4209817
vn -0.0293003 0.1191157 0.9924480
vn -0.0293003 0.1191157 0.9924480
vn -0.0293003 0.1191157 0.9924480
vn -0.1499264 -0.1094780 0.9826172
vn -0.1499264 -0.1094780 0.9826172
vn -0.1499264 -0.1094780 0.9826172
vn 0.0138722 0.9583516 0.2852540
vn 0.0138722 0.9583516 0.2852540
vn 0.0138722 0.9583516 0.2852540
vn 0.0069539 -0.3043091 0.9525480
vn 0.1623031 -0.9094353 0.3828643
vn 0.1511761 -0.8758868 0.4582229
vn 0.1044649 0.3609709 -0.9267077
vn 0.0010048 -0.2772874 0.9607865
vn 0.0557750 -0.0402289 -0.9976326
vn 0.0557750 -0.0402289 -0.9976326
vn 0.0557750 -0.0402289 -0.9976326
vn -0.0016264 0.0739447 -0.9972610
vn -0.0016264 0.0739447 -0.9972610
vn -0.0016264 0.0739447 -0.9972610
vn 0.6283997 0.6511978 0.4255058
vn 0.6283997 0.6511978 0.4255058
vn -0.0413896 -0.2384545 -0.9702713
vn -0.0413896 -0.2384545 -0.9702713
vn 0.2732838 -0.4975783 0.8232447
vn -0.5061899 -0.6182225 -0.6013092
vn -0.5061899 -0.6182225 -0.6013092
vn 0.1025310 0.4136564 -0.9046412
vn 0.9216944 0.2257446 -0.3154659
vn 0.9216944 0.2257446 -0.3154659
vn 0.9216944 0.2257446 -0.3154659
vn 0.0503801 0.0160658 0.9986009
vn 0.0503801 0.0160658 0.9986009
vn 0.0503801 0.0160658 0.9986009
vn -0.3205541 -0.1983926 -0.9262210
vn -0.3205541 -0.1983926 -0.9262210
vn -0.3205541 -0.1983926 -0.9262210
vn 0.0030077 0.0044421 0.9999856
vn 0.0030077 0.0044421 0.9999856
vn 0.0030077 0.0044421 0.9999856
vn 0.1168492 -0.9898165 -0.0812994
vn 0.0152278 -0.9909491 -0.1333714
vn -0.6084795 -0.7826240 -0.1313482
vn 0.3295271 0.0320846 0.9436008
vn 0.3295271 0.0320846 0.9436008
vn 0.3295271 0.0320846 0.9436008
vn 0.0246383 -0.4677894 -0.8834965
vn 0.0246383 -0.4677894 -0.8834965
vn 0.0246383 -0.4677894 -0.8834965
vn -0.1041814 0.9795199 -0.1722994
vn -0.2090258 0.9086520 -0.3614690
vn -0.1557415 0.7245877 -0.6713547
vn 0.1835913 0.1046728 -0.9774139
vn 0.1835913 0.1046728 -0.9774139
vn 0.1835913 0.1046728 -0.9774139
vn -0.8277055 0.5106484 -0.2326841
vn -0.8277055 0.5106484 -0.2326841
vn -0.8277055 0.5106484 -0.2326841
vn -0.9968723 0.0763843 0.0202733
vn -0.9939250 0.0882892 0.0657118
vn -0.9963131 0.0795225 0.0321929
vn 0.9999685 -0.0000300 0.0079353
vn 0.9999687 0.0054229 0.0057621
vn 0.9999747 0.0018285 0.0068738
vn -0.0820638 -0.9821116 -0.1694766
vn -0.2462963 -0.0388873 -0.9684141
vn -0.2462963 -0.0388873 -0.9684141
vn -0.2462963 -0.0388873 -0.9684141
vn -0.9966216 0.0474853 0.0670117
vn -0.0572164 0.0939709 -0.9939295
vn -0.0572164 0.0939709 -0.9939295
vn -0.0572164 0.0939709 -0.9939295
vn 0.0415367 -0.1188969 0.9920374
vn 0.0415367 -0.1188969 0.9920374
vn 0.0415367 -0.1188969 0.9920374
vn -0.5736137 0.7730872 -0.2707461
vn 0.9875557 -0.1410544 0.0695510
vn 0.9789606 -0.1174040 0.1668906
vn 0.9869127 -0.1601239 0.0190692
vn -0.7370255 -0.5560221 0.3842303
vn -0.7370255 -0.5560221 0.3842303
vn -0.7370255 -0.5560221 0.3842303
vn -0.0713460 0.0686841 0.9950840
vn -0.0713460 0.0686841 0.9950840
vn -0.0713460 0.0686841 0.9950840
vn -0.3259670 0.0107097 -0.9453205
vn -0.3259670 0.0107097 -0.9453205
vn -0.3259670 0.0107097 -0.9453205
vn 0.9989084 -0.0462594 -0.0064905
vn 0.9988766 -0.0472742 -0.0032571
vn 0.9983952 -0.0520037 -0.0224177
vn -0.9410613 0.1035070 0.3220092
vn -0.9410613 0.1035070 0.3220092
vn -0.9410613 0.1035070 0.3220092
vn -0.7873634 0.5582385 -0.2615888
vn 0.0599466 0.6723557 -0.7377969
vn 0.0894505 0.3111723 0.9461344
vn 0.1200011 0.3102358 0.9430554
vn 0.2268670 0.3045890 0.9250713
vn 0.9947376 -0.0667688 -0.0777118
vn -0.9972933 0.0731045 0.0078594
vn -0.0437324 0.3118285 0.9491314
vn 0.9969221 0.0088641 0.0778953
vn -0.0131262 -0.9859200 -0.1667017
vn 0.9866179 -0.1612821 -0.0239406
vn -0.2452706 -0.2662733 -0.9321700
vn -0.2452706 -0.2662733 -0.9321700
vn -0.2452706 -0.2662733 -0.9321700
vn -0.0618602 0.9221150 0.3819388
vn 0.1237945 -0.8849309 -0.4489680
vn 0.1237945 -0.8849309 -0.4489680
vn 0.1237945 -0.8849309 -0.4489680
vn 0.9999706 0.0073315 -0.0022551
vn 0.5401903 0.8192515 0.1924094
vn -0.9044734 0.3917388 -0.1687263
vn 0.0160968 0.2642684 -0.9643148
vn -0.7359319 0.2244249 -0.6387783
vn -0.1359857 0.2711772 -0.9528750
vn 0.9874167 -0.1551168 -0.0307745
vn 0.9880187 -0.0821991 -0.1306233
vn -0.8409020 0.1945584 -0.5050058
vn 0.9859656 0.1341210 -0.0994154
vn 0.9859656 0.1341210 -0.0994154
vn 0.9859656 0.1341210 -0.0994154
vn 0.2934372 -0.5626811 -0.7728419
vn 0.2934372 -0.5626811 -0.7728419
vn -0.8529836 0.1365447 -0.5037603
vn -0.0273269 0.0324924 0.9990983
vn -0.3502141 0.0505779 0.9353031
vn -0.1248600 0.0383132 0.9914344
vn 0.2423913 -0.1056228 0.9644119
vn 0.2423913 -0.1056228 0.9644119
vn 0.2423913 -0.1056228 0.9644119
vn -0.0078398 0.0312940 0.9994795
vn 0.1085602 0.9744257 -0.1967464
vn 0.1085602 0.9744257 -0.1967464
vn 0.1085602 0.9744257 -0.1967464
vn -0.0533851 0.0370241 0.9978874
vn -0.0108502 0.0129388 0.9998574
vn -0.0828618 0.0537056 0.9951129
vn 0.9892548 0.0008040 -0.1461997
vn 0.9110302 -0.0068462 0.4122828
vn 0.9110302 -0.0068462 0.4122828
vn 0.9110302 -0.0068462 0.4122828
vn -0.0397903 0.9938495 0.1033432
vn -0.0397903 0.9938495 0.1033432
vn -0.0397903 0.9938495 0.1033432
vn -0.1017015 0.0643633 0.9927307
vn 0.0046343 0.0678349 -0.9976858
vn -0.0077427 0.0162428 -0.9998381
vn 0.0669942 0.0426551 -0.9968412
vn -0.0128844 -0.0081245 -0.9998840
vn -0.0902424 0.0690690 -0.9935219
vn -0.9966216 0.0474853 0.0670117
vn -0.9966216 0.0474853 0.0670117
vn 0.2934372 -0.5626811 -0.7728419
vn -0.8529836 0.1365447 -0.5037603
vn -0.8529836 0.1365447 -0.5037603
vn 0.9943187 0.0046963 -0.1063402
vn 0.9714727 0.0101251 -0.2369351
vn 0.9999728 0.0005784 -0.0073555
vn 0.2549451 0.6998652 0.6672269
vn -0.0231662 0.7693015 0.6384658
vn 0.8412660 0.3282661 0.4295497
vn 0.0193507 -0.9941057 -0.1066745
vn 0.0193507 -0.9941057 -0.1066745
vn 0.0193507 -0.9941057 -0.1066745
vn 0.1562037 0.1377869 -0.9780671
vn 0.1562037 0.1377869 -0.9780671
vn 0.1562037 0.1377869 -0.9780671
vn -0.5527854 0.6755073 0.4879736
vn -0.5964792 0.1056921 -0.7956392
vn -0.5964792 0.1056921 -0.7956392
vn -0.5964792 0.1056921 -0.7956392
vn -0.9712013 -0.0413096 0.2346520
vn -0.9712013 -0.0413096 0.2346520
vn -0.9712013 -0.0413096 0.2346520
vn -0.0048348 -0.9830050 -0.1835152
vn -0.0048348 -0.9830050 -0.1835152
vn -0.0048348 -0.9830050 -0.1835152
vn 0.7786975 0.3558451 0.5167247
vn 0.9439263 0.0139848 -0.3298600
vn 0.0279871 0.0070228 -0.9995836
vn 0.0279871 0.0070228 -0.9995836
vn 0.0279871 0.0070228 -0.9995836
vn 0.0757201 0.9971019 0.0073644
vn 0.0757201 0.9971019 0.0073644
vn 0.0757201 0.9971019 0.0073644
vn 0.9999331 0.0086341 -0.0077032
vn 0.9999331 0.0086341 -0.0077032
vn 0.9999331 0.0086341 -0.0077032
vn 0.6822509 -0.7043863 0.1958918
vn 0.7385942 -0.6569789 0.1511864
vn 0.5836910 -0.7807411 0.2230432
vn 0.5086872 0.8111868 0.2884671
vn 0.5086872 0.8111868 0.2884671
vn 0.5086872 0.8111868 0.2884671
vn -0.9853737 -0.0601601 0.1594350
vn -0.9853737 -0.0601601 0.1594350
vn -0.9853737 -0.0601601 0.1594350
vn -0.7752394 -0.3333796 0.5365277
vn -0.7752394 -0.3333796 0.5365277
vn -0.7752394 -0.3333796 0.5365277
vn -0.9870780 0.0730370 -0.1426273
vn -0.9870780 0.0730370 -0.1426273
vn -0.9870780 0.0730370 -0.1426273
vn 0.7366254 -0.6529826 0.1760587
vn 0.9899860 0.1409797 -0.0072446
vn 0.9899860 0.1409797 -0.0072446
vn 0.9899860 0.1409797 -0.0072446
vn -0.9997341 0.0211324 0.0092306
vn -0.9991014 0.0365194 0.0215094
vn -0.9999961 0.0027856 -0.0000232
vn -0.7099682 0.5531654 0.4358362
vn -0.7099682 0.5531654 0.4358362
vn -0.7099682 0.5531654 0.4358362
vn -0.6552530 -0.5880971 -0.4741152
vn -0.6552530 -0.5880971 -0.4741152
vn -0.6552530 -0.5880971 -0.4741152
vn -0.0006970 0.8717341 0.4899787
vn 0.0089151 0.4841658 0.8749308
vn 0.0007741 0.8290837 0.5591240
vn 0.7495550 -0.6461465 0.1437428
vn -0.9999542 -0.0045387 -0.0084285
vn -0.0095278 0.9999483 -0.0035525
vn -0.9999783 -0.0065757 -0.0003908
vn 0.9938236 0.0536280 0.0971533
vn 0.9938236 0.0536280 0.0971533
vn 0.9938236 0.0536280 0.0971533
vn 0.0057578 0.0645790 0.9978960
vn 0.0057578 0.0645790 0.9978960
vn 0.0057578 0.0645790 0.9978960
vn 0.5012589 0.8549801 -0.1332238
vn 0.5012589 0.8549801 -0.1332238
vn 0.5012589 0.8549801 -0.1332238
vn -0.7361515 0.6704856 0.0923578
vn -0.7361515 0.6704856 0.0923578
vn -0.7361515 0.6704856 0.0923578
vn -0.9811775 -0.1930660 0.0040277
vn -0.9811775 -0.1930660 0.0040277
vn -0.9811775 -0.1930660 0.0040277
vn -0.9969671 0.0649770 0.0428318
vn -0.9969671 0.0649770 0.0428318
vn -0.9969671 0.0649770 0.0428318
vn 0.0318648 0.0023196 0.9994895
vn 0.1902377 -0.0119774 0.9816650
vn -0.0133317 0.0063754 0.9998908
vn 0.2189545 -0.0145844 0.9756261
vn 0.6781309 -0.7332982 0.0491137
vn 0.6781309 -0.7332982 0.0491137
vn 0.6781309 -0.7332982 0.0491137
vn 0.9119402 0.0889066 0.4005755
vn 0.9119402 0.0889066 0.4005755
vn 0.9119402 0.0889066 0.4005755
vn 0.9436405 0.3309653 -0.0021294
vn 0.9772504 0.2052904 -0.0532687
vn 0.8823310 0.4706241 -0.0022296
vn -0.9978620 0.0622012 -0.0200590
vn -0.9975887 0.0469958 -0.0510702
vn -0.9973811 0.0438093 -0.0575468
vn 0.1615709 0.9857934 0.0458945
vn 0.1615709 0.9857934 0.0458945
vn 0.9823307 -0.0872491 0.1655719
vn 0.9823307 -0.0872491 0.1655719
vn 0.9823307 -0.0872491 0.1655719
vn 0.9456335 0.3244907 0.0219804
vn 0.9439365 0.3295340 0.0197774
vn 0.9440555 0.3296550 -0.0093097
vn -0.9981477 -0.0462495 0.0395245
vn -0.9981693 -0.0446811 0.0407635
vn -0.9951830 -0.0980224 -0.0015468
vn -0.8555731 0.5010890 0.1300168
vn 0.0401857 0.9982980 -0.0422632
vn -0.5630811 0.8087198 0.1700351
vn -0.8976186 0.4298982 -0.0973058
vn -0.9956361 -0.0865973 0.0347788
vn -0.9956361 -0.0865973 0.0347788
vn -0.9956361 -0.0865973 0.0347788
vn 0.9889719 0.1468836 0.0189662
vn 0.8552400 -0.2607938 0.4478294
vn 0.8552400 -0.2607938 0.4478294
vn 0.8552400 -0.2607938 0.4478294
vn 0.9998626 0.0154639 -0.0059645
vn 0.9998626 0.0154639 -0.0059645
vn 0.9998626 0.0154639 -0.0059645
vn -0.9888562 -0.1488686 -0.0012595
vn -0.9888562 -0.1488686 -0.0012595
vn -0.9888562 -0.1488686 -0.0012595
vn 0.9966249 0.0754217 -0.0324103
vn 0.9966249 0.0754217 -0.0324103
vn 0.9966249 0.0754217 -0.0324103
vn 0.5345966 0.7451100 -0.3987701
vn 0.9449565 0.3203723 0.0664744
vn -0.9980802 -0.0239367 0.0571227
vn 0.9888435 0.1281980 0.0758538
vn -0.0181025 0.6826207 -0.7305486
vn -0.9955555 0.0277947 -0.0899815
vn -0.0014763 -0.9999889 -0.0044714
vn -0.0014763 -0.9999889 -0.0044714
vn -0.0014763 -0.9999889 -0.0044714
vn 0.9645425 -0.2099637 0.1599159
vn 0.9645425 -0.2099637 0.1599159
vn 0.9645425 -0.2099637 0.1599159
vn -0.9883106 -0.0178640 -0.1514033
vn -0.9883106 -0.0178640 -0.1514033
vn -0.9883106 -0.0178640 -0.1514033
vn 0.8474080 0.1464650 0.5103407
vn 0.8474080 0.1464650 0.5103407
vn 0.8474080 0.1464650 0.5103407
vn -0.7631216 -0.3826052 0.5208251
vn -0.7631216 -0.3826052 0.5208251
vn -0.7631216 -0.3826052 0.5208251
vn -0.9746338 0.0244708 0.2224639
vn -0.9746338 0.0244708 0.2224639
vn -0.9746338 0.0244708 0.2224639
vn 0.5658359 0.8245151 -0.0021342
vn 0.9635290 0.2673034 0.0126780
vn -0.0439111 -0.8691607 0.4925763
vn 0.1475319 -0.9887348 -0.0252550
vn 0.0954797 -0.9871131 0.1284186
vn -0.9521696 -0.1065398 -0.2863956
vn -0.9521696 -0.1065398 -0.2863956
vn -0.9521696 -0.1065398 -0.2863956
vn -0.3158898 0.6851548 0.6563357
vn -0.7906544 0.2243781 0.5696666
vn -0.5442661 0.4878429 0.6824835
vn 0.3584004 -0.9151599 0.1844760
vn 0.3584004 -0.9151599 0.1844760
vn 0.3584004 -0.9151599 0.1844760
vn 0.8672566 0.4977893 0.0084781
vn 0.0859418 -0.2122967 0.9734188
vn 0.0773517 -0.2051000 0.9756796
vn 0.0145064 -0.1518957 0.9882901
vn 0.1364276 -0.2542189 0.9574760
vn -0.0327665 0.6415817 0.7663545
vn 0.0169746 0.5685556 0.8224697
vn -0.1638659 -0.6383924 0.7520659
vn -0.1346519 0.0075163 0.9908645
vn -0.0462347 0.0230951 0.9986636
vn 0.1187199 0.0077780 0.9928973
vn -0.1421778 0.0054812 0.9898260
vn 0.2165242 0.0000901 0.9762772
vn -0.1524671 -0.1595389 -0.9753467
vn -0.1524671 -0.1595389 -0.9753467
vn -0.1524671 -0.1595389 -0.9753467
vn 0.3002086 0.9538384 0.0081936
vn 0.4676049 0.8762668 0.1161987
vn 0.9925579 0.0017105 -0.1217612
vn 0.9925579 0.0017105 -0.1217612
vn 0.9925579 0.0017105 -0.1217612
vn -0.5919622 -0.5406507 0.5977270
vn -0.5919622 -0.5406507 0.5977270
vn -0.5919622 -0.5406507 0.5977270
vn 0.1615709 0.9857934 0.0458945
vn -0.9919004 -0.1151460 -0.0536196
vn -0.9919004 -0.1151460 -0.0536196
vn -0.9919004 -0.1151460 -0.0536196
vn 0.9993175 -0.0369198 -0.0012251
vn 0.9993175 -0.0369198 -0.0012251
vn 0.9993175 -0.0369198 -0.0012251
vn 0.7006799 0.3787800 0.6046267
vn 0.9083290 0.2989022 0.2925679
vn 0.5566137 0.4935109 0.6683024
vn 0.1519502 0.5454070 0.8242829
vn 0.7431298 -0.6612483 0.1025128
vn 0.7204473 -0.6847547 0.1098486
vn 0.8575744 -0.5110860 0.0579407
vn -0.9323439 -0.3613901 0.0114895
vn -0.9323439 -0.3613901 0.0114895
vn -0.9323439 -0.3613901 0.0114895
vn -0.0812631 0.6552434 -0.7510342
vn -0.2172588 0.4244135 -0.8790175
vn -0.0572384 0.6955358 -0.7162079
vn 0.8529192 -0.2492289 0.4587088
vn 0.8529192 -0.2492289 0.4587088
vn 0.8529192 -0.2492289 0.4587088
vn 0.9011509 -0.4320307 0.0357287
vn -0.2571730 0.4214597 -0.8696170
vn 0.9529124 0.2911790 0.0846925
vn -0.9992083 0.0388423 -0.0085992
vn -0.9974613 0.0579250 -0.0414195
vn -0.9813311 0.0864745 -0.1717890
vn -0.9831620 0.0790709 0.1647432
vn -0.9831620 0.0790709 0.1647432
vn -0.9831620 0.0790709 0.1647432
vn -0.0800288 0.8913655 -0.4461647
vn -0.0043996 0.0834590 0.9965015
vn 0.3451272 0.0523617 0.9370942
vn -0.0113191 0.0823546 0.9965388
vn -0.9630254 0.1023174 -0.2492253
vn -0.0037107 -0.9843759 -0.1760408
vn -0.0041660 -0.8971101 0.4417874
vn -0.0026708 -0.8425355 -0.5386342
vn 0.4454065 0.0417607 0.8943540
vn 0.0738526 0.0746740 0.9944695
vn 0.0193783 -0.0729170 0.9971497
vn 0.0193783 -0.0729170 0.9971497
vn 0.0193783 -0.0729170 0.9971497
vn -0.5118889 0.0175810 0.8588717
vn -0.5118889 0.0175810 0.8588717
vn -0.5118889 0.0175810 0.8588717
vn 0.1507227 0.1184017 -0.9814600
vn 0.0238031 0.1178029 -0.9927517
vn 0.1677798 0.1183348 -0.9786965
vn 0.0013382 0.1174984 -0.9930722
vn 0.0016054 0.0767204 -0.9970514
vn 0.0025021 0.0774055 -0.9969966
vn 0.0020794 0.0770825 -0.9970225
vn 0.0040535 0.0785906 -0.9968987
vn 0.9616464 0.0832383 0.2613571
vn 0.9113666 0.1219735 0.3931074
vn 0.9575186 0.0872162 0.2748662
vn -0.2429246 -0.1864029 0.9519672
vn -0.2429246 -0.1864029 0.9519672
vn -0.2429246 -0.1864029 0.9519672
vn 0.9863450 -0.0044407 0.1646326
vn 0.9863450 -0.0044407 0.1646326
vn 0.9863450 -0.0044407 0.1646326
vn -0.9093121 0.1084946 -0.4017218
vn 0.9851497 0.0542109 0.1629147
vn -0.2000422 0.2307278 0.9522331
vn -0.2076736 0.2355171 0.9494227
vn -0.1495772 0.1664247 0.9746433
vn -0.1307471 0.1445875 0.9808158
vn -0.0014868 -0.6253503 -0.7803427
vn 0.0362629 -0.0868997 -0.9955569
vn 0.2510453 -0.1061463 -0.9621378
vn 0.1483476 -0.0974454 -0.9841227
vn -0.0905775 0.0921438 0.9916175
vn 0.2668292 -0.2723172 -0.9244704
vn 0.5571272 -0.7854722 -0.2695232
vn 0.4523766 -0.3835343 -0.8051440
vn 0.0644369 0.3099184 0.9485771
vn 0.0644369 0.3099184 0.9485771
vn 0.0644369 0.3099184 0.9485771
vn -0.0650039 -0.0764582 -0.9949516
vn 0.0306059 0.9258508 -0.3766477
vn 0.0306059 0.9258508 -0.3766477
vn 0.0306059 0.9258508 -0.3766477
vn -0.9944503 -0.0353550 -0.0990886
vn -0.9944503 -0.0353550 -0.0990886
vn -0.9944503 -0.0353550 -0.0990886
vn 0.4831445 -0.8746164 0.0402182
vn 0.0780014 0.0585567 0.9952321
vn 0.0892510 0.0661578 0.9938095
vn 0.1487905 -0.2083866 0.9666625
vn 0.1487905 -0.2083866 0.9666625
vn 0.1173937 -0.9791292 -0.1659055
vn -0.7326864 -0.0683367 -0.6771269
vn -0.7326864 -0.0683367 -0.6771269
vn -0.7326864 -0.0683367 -0.6771269
vn 0.2561645 0.7904609 -0.5563733
vn 0.2561645 0.7904609 -0.5563733
vn 0.2561645 0.7904609 -0.5563733
vn -0.8906859 0.1242117 0.4373215
vn -0.8906859 0.1242117 0.4373215
vn 0.0722007 -0.0347306 0.9967853
vn 0.0722007 -0.0347306 0.9967853
vn 0.0722007 -0.0347306 0.9967853
vn -0.5625174 -0.0208708 0.8265220
vn -0.5625174 -0.0208708 0.8265220
vn -0.5625174 -0.0208708 0.8265220
vn -0.9999722 -0.0032203 -0.0067237
vn -0.9999722 -0.0032203 -0.0067237
vn -0.9999722 -0.0032203 -0.0067237
vn 0.1219976 -0.9839644 -0.1301177
vn 0.0871194 0.0647176 0.9940935
vn 0.0990186 0.0727566 0.9924222
vn 0.1487905 -0.2083866 0.9666625
vn -0.8906859 0.1242117 0.4373215
vn 0.4195234 0.4072637 -0.8112561
vn 0.4927181 0.4249999 -0.7593444
vn 0.3440622 0.3864818 -0.8557178
vn 0.9916304 0.0065576 0.1289423
vn 0.9916304 0.0065576 0.1289423
vn 0.9916304 0.0065576 0.1289423
vn 0.2518161 0.3580547 -0.8991026
vn -0.6233401 -0.6331774 0.4588392
vn -0.1360712 -0.9848422 0.1075664
vn -0.2873097 -0.8847449 0.3669871
vn 0.9501422 0.0534480 -0.3072020
vn 0.9501422 0.0534480 -0.3072020
vn 0.9501422 0.0534480 -0.3072020
vn 0.9833405 -0.1376200 0.1187523
vn 0.9833405 -0.1376200 0.1187523
vn 0.9833405 -0.1376200 0.1187523
vn 0.0531805 -0.0030149 -0.9985804
vn 0.1869294 0.0184739 -0.9821996
vn 0.0694211 -0.0004170 -0.9975874
vn 0.2066048 0.0216535 -0.9781848
vn 0.8749002 -0.4756351 0.0912190
vn 0.6188357 -0.7516503 0.2281759
vn 0.4280065 0.5924062 0.6825432
vn 0.0203823 0.4658810 0.8846126
vn 0.5937661 0.5916498 0.5453368
vn -0.0050601 0.0013263 -0.9999863
vn -0.0050601 0.0013263 -0.9999863
vn -0.0050601 0.0013263 -0.9999863
vn 0.0237828 0.8613562 0.5074444
vn 0.0237828 0.8613562 0.5074444
vn 0.0237828 0.8613562 0.5074444
vn -0.9881926 -0.1522833 0.0168899
vn -0.9881926 -0.1522833 0.0168899
vn -0.9881926 -0.1522833 0.0168899
vn -0.9582682 0.1077194 -0.2647990
vn -0.9242559 0.0884692 -0.3713815
vn -0.9350799 0.0940268 -0.3417377
vn -0.9611432 0.1096740 -0.2533284
vn 0.1523621 0.1079450 0.9824122
vn 0.1523621 0.1079450 0.9824122
vn 0.1523621 0.1079450 0.9824122
vn 0.8451830 0.5165313 0.1373359
vn 0.9656240 -0.0682546 0.2508218
vn 0.9778298 -0.0448825 0.2045347
vn 0.9714652 -0.0577435 0.2300458
vn -0.9509196 0.0910909 -0.2957269
vn -0.9583279 0.0920253 -0.2704422
vn -0.9733910 0.0940069 -0.2089803
vn -0.1776068 -0.9841014 0.0005756
vn -0.1776068 -0.9841014 0.0005756
vn -0.1776068 -0.9841014 0.0005756
vn 0.8664773 0.4902030 0.0944351
vn -0.9965751 -0.0159681 0.0811362
vn -0.9979911 -0.0052599 0.0631363
vn -0.9991415 0.0081121 0.0406253
vn -0.0583195 0.0852868 0.9946482
vn -0.0583195 0.0852868 0.9946482
vn -0.0583195 0.0852868 0.9946482
vn 0.0274789 -0.4386041 0.8982602
vn 0.0495104 0.9987393 -0.0082730
vn 0.0695909 0.9974888 -0.0131603
vn -0.0081999 -0.0108369 -0.9999077
vn -0.0081999 -0.0108369 -0.9999077
vn -0.0081999 -0.0108369 -0.9999077
vn -0.7522347 0.1381720 -0.6442449
vn -0.7522347 0.1381720 -0.6442449
vn -0.7522347 0.1381720 -0.6442449
vn 0.6860368 0.4457800 0.5750075
vn 0.6860368 0.4457800 0.5750075
vn 0.6860368 0.4457800 0.5750075
vn 0.0042695 0.0077248 0.9999610
vn 0.0042695 0.0077248 0.9999610
vn 0.0042695 0.0077248 0.9999610
vn 0.9983153 0.0541383 0.0208733
vn 0.9983153 0.0541383 0.0208733
vn 0.9983153 0.0541383 0.0208733
vn -0.0056325 -0.0091823 -0.9999420
vn -0.9867188 -0.1463446 0.0704930
vn -0.9247769 -0.1343698 0.3559951
vn -0.9544559 -0.1396802 0.2636350
vn -0.9787210 0.0947507 -0.1820095
vn 0.9418508 -0.1525060 0.2994310
vn 0.9418508 -0.1525060 0.2994310
vn 0.9418508 -0.1525060 0.2994310
vn 0.9434462 0.2859429 -0.1677672
vn 0.9434462 0.2859429 -0.1677672
vn 0.9434462 0.2859429 -0.1677672
vn 0.9830657 -0.0327156 0.1803097
vn 0.0950944 -0.4781011 0.8731417
vn 0.0585318 -0.4619667 0.8849637
vn 0.0165543 -0.4425128 0.8966094
vn 0.9432016 -0.3322210 0.0001348
vn 0.0542716 0.9983855 -0.0167601
vn -0.9890700 -0.1474061 -0.0034631
vn 0.1851440 0.0202684 -0.9825024
vn 0.1851440 0.0202684 -0.9825024
vn 0.1851440 0.0202684 -0.9825024
vn -0.1692020 0.5063425 -0.8455696
vn -0.1692020 0.5063425 -0.8455696
vn -0.1692020 0.5063425 -0.8455696
vn 0.9836586 0.1270729 -0.1275471
vn 0.9836586 0.1270729 -0.1275471
vn 0.9836586 0.1270729 -0.1275471
vn 0.1292209 -0.4924727 0.8606815
vn -0.7992443 -0.2748035 -0.5345013
vn -0.7992443 -0.2748035 -0.5345013
vn -0.7992443 -0.2748035 -0.5345013
vn 0.5816394 -0.8096131 -0.0788813
vn 0.5816394 -0.8096131 -0.0788813
vn 0.5816394 -0.8096131 -0.0788813
vn 0.1156186 -0.6779223 0.7259846
vn 0.8442011 0.2075455 0.4942160
vn 0.8442011 0.2075455 0.4942160
vn 0.8442011 0.2075455 0.4942160
vn -0.8375916 0.2014268 -0.5078067
vn 0.9983256 0.0577858 -0.0026194
vn 0.9983256 0.0577858 -0.0026194
vn 0.9983256 0.0577858 -0.0026194
vn -0.5675702 -0.2149899 -0.7947600
vn -0.5675702 -0.2149899 -0.7947600
vn -0.5675702 -0.2149899 -0.7947600
vn -0.0313974 0.9984567 -0.0458089
vn -0.0313974 0.9984567 -0.0458089
vn -0.0313974 0.9984567 -0.0458089
vn -0.9996148 0.0247158 0.0126219
vn -0.9908376 0.1239967 -0.0535322
vn -0.9908376 0.1239967 -0.0535322
vn -0.9908376 0.1239967 -0.0535322
vn 0.9475556 -0.3195370 -0.0058811
vn 0.0614673 0.9981054 -0.0026995
vn -0.0082715 -0.0073311 -0.9999389
vn -0.0064221 -0.0086285 -0.9999422
vn -0.0041364 -0.0102317 -0.9999391
vn 0.1156186 -0.6779223 0.7259846
vn 0.1156186 -0.6779223 0.7259846
vn -0.8375916 0.2014268 -0.5078067
vn -0.8375916 0.2014268 -0.5078067
vn 0.1290803 0.0173789 0.9914818
vn 0.0853713 0.0456063 0.9953049
vn 0.0586528 0.0769236 0.9953103
vn -0.0096755 0.0217696 0.9997162
vn -0.0314442 0.0245423 0.9992042
vn -0.0585829 -0.0586474 -0.9965583
vn -0.0585829 -0.0586474 -0.9965583
vn -0.0585829 -0.0586474 -0.9965583
vn -0.9991247 -0.0014433 -0.0418067
vn -0.9993426 0.0014659 -0.0362235
vn -0.9930796 -0.0004124 -0.1174425
vn 0.1573794 0.4008918 0.9025062
vn 0.1573794 0.4008918 0.9025062
vn 0.1573794 0.4008918 0.9025062
vn 0.3172541 -0.2505832 -0.9146354
vn 0.3172541 -0.2505832 -0.9146354
vn 0.3172541 -0.2505832 -0.9146354
vn -0.5629646 0.6624754 0.4941631
vn -0.5629646 0.6624754 0.4941631
vn -0.5629646 0.6624754 0.4941631
vn -0.9994635 0.0012249 -0.0327308
vn -0.3922276 -0.0116684 0.9197942
vn -0.4154154 -0.0391923 0.9087871
vn -0.3862613 -0.0046886 0.9223775
vn -0.3618341 0.0234749 0.9319469
vn 0.5272070 -0.7174393 -0.4553391
vn 0.5286452 -0.7124817 -0.4614153
vn 0.4754768 -0.8339907 -0.2799666
vn 0.9563877 0.2795989 -0.0845394
vn 0.9563877 0.2795989 -0.0845394
vn 0.9563877 0.2795989 -0.0845394
vn -0.6983343 0.3817261 0.6054869
vn -0.8480790 0.3584356 0.3902382
vn -0.8466782 0.4779532 0.2338736
vn 0.2908234 -0.1880409 0.9381164
vn 0.2908234 -0.1880409 0.9381164
vn 0.2908234 -0.1880409 0.9381164
vn -0.9989548 0.0369247 0.0269409
vn -0.9989548 0.0369247 0.0269409
vn -0.9989548 0.0369247 0.0269409
vn -0.1083124 0.2440723 -0.9636893
vn -0.1083124 0.2440723 -0.9636893
vn -0.1083124 0.2440723 -0.9636893
vn 0.8717815 0.4844133 0.0730809
vn 0.9042625 0.3406224 -0.2574602
vn 0.6254102 0.4664576 -0.6255233
vn 0.3652983 0.0424114 -0.9299239
vn 0.3927025 0.0039227 -0.9196572
vn 0.3872925 0.0116249 -0.9218836
vn 0.9389269 0.1823004 -0.2918611
vn 0.9389269 0.1823004 -0.2918611
vn 0.9575402 0.2282956 0.1760621
vn 0.4156679 -0.0293793 -0.9090418
vn -0.7916048 0.6105440 -0.0244504
vn 0.8334519 0.4688484 0.2924707
vn -0.1953799 0.1048968 -0.9751017
vn -0.1953799 0.1048968 -0.9751017
vn -0.1953799 0.1048968 -0.9751017
vn 0.9400341 0.1445777 0.3089227
vn 0.9400341 0.1445777 0.3089227
vn 0.9400341 0.1445777 0.3089227
vn -0.5694593 0.5605492 -0.6012493
vn -0.9021495 0.3630763 0.2330277
vn -0.9021495 0.3630763 0.2330277
vn -0.9021495 0.3630763 0.2330277
vn 0.9997169 -0.0194047 -0.0137716
vn 0.9997169 -0.0194047 -0.0137716
vn 0.9997169 -0.0194047 -0.0137716
vn 0.0119794 -0.3008899 -0.9535837
vn 0.0119794 -0.3008899 -0.9535837
vn 0.0119794 -0.3008899 -0.9535837
vn -0.8851436 -0.4409279 -0.1486719
vn -0.8851436 -0.4409279 -0.1486719
vn -0.8851436 -0.4409279 -0.1486719
vn -0.9189816 0.0861049 -0.3847839
vn -0.9189816 0.0861049 -0.3847839
vn 0.5591029 0.2876989 0.7775817
vn -0.9891349 -0.1424799 0.0362153
vn -0.9891349 -0.1424799 0.0362153
vn -0.9891349 -0.1424799 0.0362153
vn 0.5482266 -0.6192111 -0.5621612
vn -0.1979011 -0.1562301 0.9676917
vn -0.1979011 -0.1562301 0.9676917
vn -0.1979011 -0.1562301 0.9676917
vn -0.9985909 0.0520153 0.0105132
vn -0.1743221 0.1389049 -0.9748422
vn -0.1743221 0.1389049 -0.9748422
vn -0.1743221 0.1389049 -0.9748422
vn 0.4426269 0.3833427 0.8106354
vn -0.2127823 0.4515928 0.8664800
vn -0.4359162 0.8999066 -0.0120474
vn -0.5416784 0.6407653 0.5440629
vn 0.5909056 0.7086655 -0.3855176
vn 0.9910042 -0.1311974 0.0264188
vn 0.9910042 -0.1311974 0.0264188
vn 0.9910042 -0.1311974 0.0264188
vn -0.6083459 -0.7868057 0.1041734
vn -0.6083459 -0.7868057 0.1041734
vn -0.1877349 -0.7096148 0.6791189
vn -0.0716392 -0.5946107 0.8008158
vn -0.2322749 -0.7476146 0.6221903
vn 0.2963654 0.0048034 -0.9550625
vn 0.2963654 0.0048034 -0.9550625
vn 0.2963654 0.0048034 -0.9550625
vn 0.2035035 0.2607099 0.9437249
vn 0.2580458 0.3313208 0.9075455
vn 0.2008104 0.2572241 0.9452571
vn -0.0902745 0.2689419 -0.9589164
vn -0.0902745 0.2689419 -0.9589164
vn -0.0902745 0.2689419 -0.9589164
vn 0.0109631 0.4536852 0.8910946
vn 0.0699635 0.5943984 -0.8011215
vn 0.9251791 0.3478646 -0.1517691
vn -0.2827855 -0.7860016 0.5497580
vn -0.9441464 0.0452514 -0.3264046
vn -0.9441464 0.0452514 -0.3264046
vn -0.9441464 0.0452514 -0.3264046
vn -0.9999171 -0.0024238 -0.0126491
vn 0.1785744 0.2284448 0.9570393
vn -0.0929009 0.1060205 -0.9900147
vn -0.1183266 0.0816489 -0.9896122
vn -0.1205399 0.0795159 -0.9895187
vn -0.1392975 0.0613640 -0.9883474
vn -0.9996800 0.0058994 -0.0245978
vn -0.9996800 0.0058994 -0.0245978
vn -0.9996800 0.0058994 -0.0245978
vn 0.1135606 0.2064237 0.9718504
vn 0.0343052 0.4462249 -0.8942631
vn 0.0314798 0.4456697 -0.8946438
vn 0.0308850 0.4455524 -0.8947230
vn -0.1346750 0.0367801 -0.9902070
vn -0.1346750 0.0367801 -0.9902070
vn -0.1346750 0.0367801 -0.9902070
vn 0.5923684 -0.0668029 -0.8028929
vn 0.5923684 -0.0668029 -0.8028929
vn 0.5923684 -0.0668029 -0.8028929
vn 0.9809915 0.1935594 0.0137957
vn 0.9809915 0.1935594 0.0137957
vn 0.9809915 0.1935594 0.0137957
vn 0.0500886 -0.0497816 -0.9975033
vn 0.0500886 -0.0497816 -0.9975033
vn 0.0500886 -0.0497816 -0.9975033
vn 0.0515606 -0.2622765 -0.9636143
vn 0.0515606 -0.2622765 -0.9636143
vn 0.0515606 -0.2622765 -0.9636143
vn 0.0349094 0.4463431 -0.8941807
vn 0.3784229 -0.8307739 -0.4081799
vn 0.3784229 -0.8307739 -0.4081799
vn 0.3784229 -0.8307739 -0.4081799
vn 0.6464538 -0.7626427 0.0217639
vn 0.6464538 -0.7626427 0.0217639
vn 0.6464538 -0.7626427 0.0217639
vn 0.9278253 0.3272129 0.1790865
vn 0.9069828 0.4181705 -0.0501566
vn 0.8065941 0.2887336 0.5157896
vn -0.9999384 0.0036370 -0.0104896
vn -0.9999384 0.0036370 -0.0104896
vn -0.9999384 0.0036370 -0.0104896
vn -0.0103341 0.0965438 0.9952751
vn -0.0103341 0.0965438 0.9952751
vn -0.0103341 0.0965438 0.9952751
vn 0.9574235 -0.0872983 -0.2751713
vn 0.9574235 -0.0872983 -0.2751713
vn 0.9574235 -0.0872983 -0.2751713
vn 0.5796377 0.4525933 -0.6776278
vn 0.0872069 0.4523421 -0.8875706
vn -0.9964380 0.0028831 0.0842788
vn -0.9964380 0.0028831 0.0842788
vn -0.9964380 0.0028831 0.0842788
vn 0.9876883 -0.1100115 -0.1112176
vn 0.9876883 -0.1100115 -0.1112176
vn 0.9876883 -0.1100115 -0.1112176
vn 0.9389269 0.1823004 -0.2918611
vn 0.8334519 0.4688484 0.2924707
vn 0.8334519 0.4688484 0.2924707
vn -0.9189816 0.0861049 -0.3847839
vn -0.9985909 0.0520153 0.0105132
vn -0.9985909 0.0520153 0.0105132
vn -0.6083459 -0.7868057 0.1041734
vn -0.0252577 -0.0863553 0.9959442
vn -0.0456894 -0.0848066 0.9953493
vn -0.0123649 -0.0873134 0.9961042
vn 0.0337637 0.0780837 0.9963749
vn 0.0337637 0.0780837 0.9963749
vn 0.0337637 0.0780837 0.9963749
vn 0.2547435 -0.0169869 0.9668595
vn 0.2547435 -0.0169869 0.9668595
vn 0.2547435 -0.0169869 0.9668595
vn 0.0143672 -0.0892530 0.9959054
vn -0.3284673 -0.4422470 0.8345818
vn -0.3284673 -0.4422470 0.8345818
vn -0.3284673 -0.4422470 0.8345818
vn -0.0301815 -0.4305111 -0.9020805
vn -0.0301815 -0.4305111 -0.9020805
vn -0.0301815 -0.4305111 -0.9020805
vn -0.0306697 0.0904048 -0.9954327
vn -0.0235496 0.0674575 -0.9974442
vn -0.0287644 0.0842639 -0.9960282
vn -0.0356057 -0.5501954 -0.8342765
vn 0.4013743 -0.5340140 -0.7441288
vn 0.4337918 -0.7244992 -0.5356544
vn -0.9063021 0.3952541 0.1496354
vn -0.9063021 0.3952541 0.1496354
vn -0.9063021 0.3952541 0.1496354
vn -0.2255962 0.7210327 -0.6551474
vn -0.2255962 0.7210327 -0.6551474
vn -0.2255962 0.7210327 -0.6551474
vn -0.0216945 0.0614795 -0.9978725
vn 0.9999281 0.0091422 -0.0077578
vn 0.9999684 0.0079403 0.0002597
vn 0.9987914 0.0006009 0.0491470
vn -0.1118490 0.6991211 0.7062008
vn -0.0092626 0.8706208 0.4918676
vn -0.2000262 0.3435840 0.9175726
vn -0.0448260 0.2326506 0.9715268
vn -0.0483607 0.2230723 0.9736016
vn 0.9234353 0.3268921 -0.2010192
vn 0.9234353 0.3268921 -0.2010192
vn 0.9234353 0.3268921 -0.2010192
vn 0.9808543 -0.0552776 -0.1867331
vn 0.9808543 -0.0552776 -0.1867331
vn 0.9808543 -0.0552776 -0.1867331
vn 0.1446276 0.6851473 -0.7139020
vn 0.0346027 0.3749637 -0.9263935
vn 0.9943407 -0.0790852 0.0709371
vn -0.1793087 -0.5462275 -0.8182200
vn -0.1793087 -0.5462275 -0.8182200
vn -0.1793087 -0.5462275 -0.8182200
vn -0.9976898 0.0606785 -0.0305472
vn -0.9971747 0.0705510 -0.0257900
vn -0.9972869 0.0685852 -0.0267379
vn -0.2766170 -0.6631301 0.6955153
vn -0.1383672 -0.6709548 0.7284739
vn -0.1285184 -0.6446485 0.7535989
vn -0.0723226 -0.4758201 0.8765641
vn 0.0259520 -0.2417771 0.9699847
vn 0.9337136 0.0573321 0.3534006
vn 0.9337136 0.0573321 0.3534006
vn 0.9337136 0.0573321 0.3534006
vn 0.3356875 -0.7177032 0.6100951
vn -0.5422817 0.0435066 0.8390696
vn -0.5422817 0.0435066 0.8390696
vn -0.5422817 0.0435066 0.8390696
vn 0.7882586 -0.0905349 0.6086476
vn 0.7882586 -0.0905349 0.6086476
vn 0.7882586 -0.0905349 0.6086476
vn 0.2924641 0.8903226 0.3489847
vn -0.9959724 0.0879589 -0.0173844
vn -0.3914880 -0.6137238 0.6856240
vn -0.3914880 -0.6137238 0.6856240
vn -0.3914880 -0.6137238 0.6856240
vn 0.5687063 -0.0148583 -0.8224065
vn 0.5687063 -0.0148583 -0.8224065
vn 0.5687063 -0.0148583 -0.8224065
vn -0.7081969 -0.7007068 0.0864130
vn -0.7081969 -0.7007068 0.0864130
vn -0.7081969 -0.7007068 0.0864130
vn -0.1619413 0.9189903 -0.3594883
vn 0.3044083 0.4830154 -0.8209944
vn 0.4069382 0.3030563 -0.8617182
vn -0.1585713 0.4816238 -0.8619128
vn -0.2357020 0.8969123 -0.3741563
vn 0.2410125 -0.1637096 0.9566149
vn 0.2410125 -0.1637096 0.9566149
vn 0.2410125 -0.1637096 0.9566149
vn 0.9984784 -0.0003006 0.0551426
vn 0.0944589 -0.2933758 -0.9513192
vn 0.0944589 -0.2933758 -0.9513192
vn 0.0944589 -0.2933758 -0.9513192
vn 0.2161091 -0.1865496 0.9583820
vn 0.2161091 -0.1865496 0.9583820
vn 0.2161091 -0.1865496 0.9583820
vn -0.5039079 0.3514816 -0.7890105
vn -0.6921912 0.3180854 -0.6478372
vn -0.1028027 0.3789247 -0.9196998
vn 0.0164249 0.2417836 -0.9701912
vn 0.0323200 0.3393205 0.9401154
vn 0.4050399 0.2623739 0.8758439
vn 0.0277197 0.3379125 0.9407692
vn 0.9981587 -0.0586428 0.0155009
vn 0.9981587 -0.0586428 0.0155009
vn 0.9981587 -0.0586428 0.0155009
vn -0.9277524 -0.1351568 -0.3478623
vn -0.9277524 -0.1351568 -0.3478623
vn -0.9277524 -0.1351568 -0.3478623
vn -0.0855346 -0.9942938 0.0637470
vn -0.0511243 -0.9986923 0.0001013
vn 0.0092168 -0.9938527 -0.1103266
vn 0.6249516 -0.1899659 -0.7571978
vn 0.6249516 -0.1899659 -0.7571978
vn 0.6249516 -0.1899659 -0.7571978
vn 0.1766847 0.2762120 0.9447166
vn 0.1766847 0.2762120 0.9447166
vn 0.1766847 0.2762120 0.9447166
vn -0.1966822 -0.9316950 -0.3053859
vn -0.2358900 -0.8081138 -0.5397296
vn -0.0429536 0.1935020 0.9801591
vn 0.5071588 0.1757321 0.8437465
vn 0.1816726 0.2968418 0.9374860
vn 0.1293929 -0.2633934 -0.9559715
vn 0.1293929 -0.2633934 -0.9559715
vn 0.1293929 -0.2633934 -0.9559715
vn -0.1983640 -0.5437991 0.8154350
vn -0.0892008 -0.7008680 0.7076915
vn -0.2071295 -0.4599206 -0.8634642
vn -0.0303487 -0.7369778 -0.6752352
vn -0.3263250 -0.2836048 -0.9017097
vn -0.4030949 0.8966570 0.1830866
vn -0.6430920 0.7165687 0.2701149
vn -0.6160765 0.7433569 0.2605191
vn -0.0191364 0.9976892 -0.0651932
vn -0.0191364 0.9976892 -0.0651932
vn -0.0191364 0.9976892 -0.0651932
vn -0.1121137 -0.5992137 0.7927001
vn -0.3960004 0.9093607 -0.1274633
vn -0.7263885 0.6870360 -0.0184734
vn 0.0445885 -0.9836704 -0.1743688
vn -0.0374569 0.7960317 -0.6040948
vn -0.0253163 0.8226824 -0.5679373
vn 0.0929485 0.9827487 -0.1598926
vn -0.7881830 0.5255848 0.3202003
vn 0.3887036 0.1748814 0.9046137
vn -0.8677159 0.4945879 0.0495159
vn 0.0291224 -0.5736092 0.8186113
vn 0.2202268 -0.0439715 -0.9744571
vn 0.2117269 -0.0423313 -0.9764117
vn 0.1975217 -0.0395899 -0.9794988
vn 0.1070728 0.9888137 -0.1038406
vn -0.4795910 -0.0924464 0.8726088
vn -0.4795910 -0.0924464 0.8726088
vn -0.4795910 -0.0924464 0.8726088
vn 0.0006936 -0.0004976 -0.9999996
vn 0.0006936 -0.0004976 -0.9999996
vn 0.0006936 -0.0004976 -0.9999996
vn -0.0127202 -0.0046898 -0.9999081
vn -0.0127202 -0.0046898 -0.9999081
vn -0.0127202 -0.0046898 -0.9999081
vn 0.1824625 -0.0366834 -0.9825283
vn 0.1429821 -0.4750446 0.8682677
vn 0.0323491 0.0354532 -0.9988476
vn 0.0465417 0.0590753 -0.9971680
vn 0.2353117 0.0152544 -0.9718002
vn -0.0475256 -0.0639849 0.9968186
vn -0.0475256 -0.0639849 0.9968186
vn -0.0475256 -0.0639849 0.9968186
vn 0.0158841 0.1348930 -0.9907328
vn 0.0158841 0.1348930 -0.9907328
vn 0.0158841 0.1348930 -0.9907328
vn -0.2847113 0.7504456 -0.5964654
vn -0.2847113 0.7504456 -0.5964654
vn -0.2847113 0.7504456 -0.5964654
vn 0.5282908 0.0126539 -0.8489692
vn 0.2084513 0.0017260 -0.9780312
vn -0.9789501 0.0279429 -0.2021780
vn -0.9789501 0.0279429 -0.2021780
vn -0.9789501 0.0279429 -0.2021780
vn 0.9326937 0.2242235 0.2825000
vn 0.9326937 0.2242235 0.2825000
vn 0.9326937 0.2242235 0.2825000
vn 0.9742919 -0.0204806 -0.2243563
vn 0.9742919 -0.0204806 -0.2243563
vn 0.9742919 -0.0204806 -0.2243563
vn 0.9943407 -0.0790852 0.0709371
vn 0.9943407 -0.0790852 0.0709371
vn 0.0896813 -0.6587945 0.7469585
vn -0.0429536 0.1935020 0.9801591
vn -0.0429536 0.1935020 0.9801591
vn -0.6847996 0.7278896 -0.0350174
vn -0.9870790 0.1452807 0.0675905
vn -0.9837588 0.1449241 0.1059042
vn -0.9739242 0.1437176 0.1755474
vn -0.9984452 -0.0557411 0.0002052
vn -0.9984452 -0.0557411 0.0002052
vn -0.9984452 -0.0557411 0.0002052
vn 0.8998319 0.4361119 -0.0104350
vn 0.9825068 0.1861874 -0.0038337
vn 0.9345043 0.3558550 -0.0083067
vn 0.6134539 -0.7823896 -0.1074277
vn 0.7543820 -0.6481306 0.1040890
vn 0.6947588 -0.7136952 -0.0891590
vn -0.8776542 -0.4617175 -0.1286078
vn 0.1526134 -0.0190396 0.9881026
vn 0.1526134 -0.0190396 0.9881026
vn 0.1526134 -0.0190396 0.9881026
vn 0.2048179 0.0940016 0.9742758
vn 0.2048179 0.0940016 0.9742758
vn 0.2048179 0.0940016 0.9742758
vn -0.9893698 0.1453951 0.0027633
vn -0.9993861 0.0181880 0.0299446
vn -0.9563512 -0.0179476 0.2916682
vn -0.9909822 -0.0113487 0.1335124
vn 0.9561456 -0.0269776 -0.2916468
vn 0.9561456 -0.0269776 -0.2916468
vn 0.9561456 -0.0269776 -0.2916468
vn 0.9893831 0.1453050 -0.0027607
vn -0.0093466 -0.0830721 0.9964997
vn -0.0093466 -0.0830721 0.9964997
vn -0.0093466 -0.0830721 0.9964997
vn 0.8611717 0.4261828 -0.2770405
vn -0.9996054 -0.0041167 -0.0277871
vn -0.9994992 0.0291357 -0.0123447
vn 0.9689471 -0.1049664 0.2238828
vn 0.9689471 -0.1049664 0.2238828
vn 0.9689471 -0.1049664 0.2238828
vn -0.1550009 -0.4193586 0.8944904
vn -0.1550009 -0.4193586 0.8944904
vn -0.1550009 -0.4193586 0.8944904
vn 0.7071559 -0.5105529 0.4891485
vn 0.7071559 -0.5105529 0.4891485
vn 0.7071559 -0.5105529 0.4891485
vn -0.0623053 0.9979076 -0.0172783
vn -0.0623053 0.9979076 -0.0172783
vn -0.0623053 0.9979076 -0.0172783
vn 0.1913926 0.6992586 -0.6887716
vn 0.1913926 0.6992586 -0.6887716
vn 0.1913926 0.6992586 -0.6887716
vn -0.9999431 0.0062622 -0.0086398
vn 0.8011225 -0.5858210 0.1225417
vn 0.9669009 0.0843853 -0.2407942
vn 0.9743408 0.0881888 -0.2070816
vn 0.9773259 0.0898778 -0.1917186
vn -0.2089176 0.0637003 0.9758564
vn -0.2089176 0.0637003 0.9758564
vn -0.2089176 0.0637003 0.9758564
vn -0.8696645 0.1955887 -0.4532425
vn -0.8696645 0.1955887 -0.4532425
vn -0.8696645 0.1955887 -0.4532425
vn 0.9635488 0.0828126 -0.2543929
vn 0.8892177 -0.4535995 -0.0594922
vn 0.8863618 -0.4602024 0.0507587
vn 0.8836546 -0.4610392 0.0812250
vn 0.8190720 -0.3864129 0.4240356
vn 0.8190720 -0.3864129 0.4240356
vn -0.0887033 0.0421821 0.9951645
vn -0.0887033 0.0421821 0.9951645
vn -0.0887033 0.0421821 0.9951645
vn -0.0098194 -0.0014496 0.9999507
vn -0.0098194 -0.0014496 0.9999507
vn -0.0098194 -0.0014496 0.9999507
vn 0.6418319 0.0160088 0.7666783
vn 0.6418319 0.0160088 0.7666783
vn 0.6418319 0.0160088 0.7666783
vn 0.5997572 -0.2868071 0.7470161
vn -0.0401483 -0.8633440 -0.5030162
vn -0.0401483 -0.8633440 -0.5030162
vn -0.0401483 -0.8633440 -0.5030162
vn -0.6849778 0.7259632 0.0615042
vn -0.8068827 0.5709350 0.1515700
vn -0.7781289 0.6234561 0.0762750
vn 0.5057518 -0.3594215 0.7842393
vn 0.4374126 -0.5021273 0.7460151
vn -0.5529548 0.3404672 -0.7604756
vn -0.5529548 0.3404672 -0.7604756
vn -0.5529548 0.3404672 -0.7604756
vn 0.8598267 -0.4591713 0.2232932
vn 0.9999616 -0.0017329 -0.0085869
vn 0.9999616 -0.0017329 -0.0085869
vn 0.9999616 -0.0017329 -0.0085869
vn 0.2348579 -0.7792390 0.5810580
vn 0.1114681 -0.8999646 -0.4214720
vn 0.1114681 -0.8999646 -0.4214720
vn 0.1114681 -0.8999646 -0.4214720
vn -0.0003892 0.2201275 0.9754710
vn -0.0003892 0.2201275 0.9754710
vn -0.0003892 0.2201275 0.9754710
vn -0.7978142 0.5968851 -0.0849748
vn -0.7552855 0.6306448 -0.1784123
vn 0.9994403 -0.0045761 0.0331394
vn 0.9994403 -0.0045761 0.0331394
vn 0.8611717 0.4261828 -0.2770405
vn 0.8611717 0.4261828 -0.2770405
vn 0.8190720 -0.3864129 0.4240356
vn 0.5997572 -0.2868071 0.7470161
vn 0.5997572 -0.2868071 0.7470161
vn 0.3764849 -0.6035875 0.7028095
vn 0.9994403 -0.0045761 0.0331394
vn 0.5414022 -0.8405927 -0.0169566
vn 0.5414022 -0.8405927 -0.0169566
vn 0.5414022 -0.8405927 -0.0169566
vn 0.0399291 -0.8165681 -0.5758665
vn 0.0399291 -0.8165681 -0.5758665
vn 0.0399291 -0.8165681 -0.5758665
vn 0.6967911 0.7172184 -0.0089425
vn 0.6896761 0.7240609 -0.0090929
vn -0.0572795 0.9982082 -0.0173052
vn -0.2819148 -0.4155538 -0.8647769
vn -0.2819148 -0.4155538 -0.8647769
vn -0.2819148 -0.4155538 -0.8647769
vn 0.4008932 0.7486078 0.5280824
vn -0.4060569 0.7468715 0.5265935
vn -0.3119855 0.7764721 0.5474999
vn 0.9664226 0.2569580 0.0001874
vn -0.9999758 0.0009084 -0.0069017
vn -0.9999758 0.0009084 -0.0069017
vn -0.9999758 0.0009084 -0.0069017
vn -0.0544412 0.1307916 -0.9899140
vn 0.0906446 0.1410045 -0.9858505
vn 0.1108522 0.1620012 -0.9805444
vn 0.1443867 -0.0114189 0.9894555
vn 0.1443867 -0.0114189 0.9894555
vn 0.1443867 -0.0114189 0.9894555
vn -0.0123213 0.8196680 -0.5727063
vn -0.0215178 0.9737485 -0.2266074
vn -0.0405453 0.4260960 -0.9037689
vn -0.9983910 -0.0009551 0.0566960
vn -0.9983910 -0.0009551 0.0566960
vn -0.1659455 -0.1165313 0.9792255
vn -0.1659455 -0.1165313 0.9792255
vn -0.1659455 -0.1165313 0.9792255
vn 0.7546548 0.6411558 -0.1393394
vn -0.1344863 0.1629769 -0.9774211
vn -0.0089064 0.0866143 -0.9962021
vn -0.4354523 -0.8782904 0.1974522
vn -0.4352873 -0.8779724 0.1992219
vn -0.4411860 -0.8892252 0.1209685
vn -0.4286224 -0.8650436 0.2607344
vn 0.0307125 0.0067429 -0.9995055
vn 0.0307125 0.0067429 -0.9995055
vn 0.0307125 0.0067429 -0.9995055
vn 0.0027620 -0.2382100 -0.9712097
vn 0.0027620 -0.2382100 -0.9712097
vn 0.0027620 -0.2382100 -0.9712097
vn 0.4558355 0.2908236 -0.8412108
vn 0.6867152 0.2752017 -0.6728196
vn 0.8822709 -0.4701676 0.0232482
vn 0.8505191 -0.5250697 -0.0303177
vn 0.8682853 -0.4960626 -0.0016031
vn -0.2403438 0.9121813 0.3319039
vn -0.5060665 0.6978647 0.5068349
vn -0.7811035 0.5957241 0.1870567
vn -0.8403751 0.5052825 0.1961101
vn 0.9821402 0.0836816 0.1685170
vn 0.9821402 0.0836816 0.1685170
vn 0.9821402 0.0836816 0.1685170
vn 0.9922493 -0.0921951 0.0833145
vn 0.9922493 -0.0921951 0.0833145
vn 0.9922493 -0.0921951 0.0833145
vn -0.9916136 0.1159177 -0.0571453
vn -0.9877122 0.1270473 -0.0910145
vn -0.9847382 0.1336950 -0.1114286
vn -0.4893504 0.4911320 0.7206424
vn 0.8910977 -0.4520226 0.0402554
vn 0.9918794 -0.0580748 -0.1131486
vn 0.9918794 -0.0580748 -0.1131486
vn 0.9918794 -0.0580748 -0.1131486
vn 0.8059445 -0.0826737 0.5861898
vn 0.8059445 -0.0826737 0.5861898
vn -0.9750738 0.1503414 -0.1631827
vn 0.6879034 -0.0860176 -0.7206871
vn 0.6879034 -0.0860176 -0.7206871
vn 0.6879034 -0.0860176 -0.7206871
vn 0.9759633 -0.1066927 0.1900323
vn -0.9991133 0.0180563 -0.0380341
vn -0.9991133 0.0180563 -0.0380341
vn -0.9991133 0.0180563 -0.0380341
vn -0.8422242 -0.3335662 -0.4235470
vn -0.8422242 -0.3335662 -0.4235470
vn -0.8422242 -0.3335662 -0.4235470
vn -0.8877511 0.3763199 0.2651064
vn -0.9983910 -0.0009551 0.0566960
vn 0.8059445 -0.0826737 0.5861898
vn 0.9759633 -0.1066927 0.1900323
vn 0.9759633 -0.1066927 0.1900323
vn 0.0763221 0.0131762 0.9969962
vn 0.0763221 0.0131762 0.9969962
vn 0.0763221 0.0131762 0.9969962
vn -0.0662169 -0.0100532 0.9977546
vn -0.0662169 -0.0100532 0.9977546
vn -0.0662169 -0.0100532 0.9977546
vn 0.0721900 -0.9520499 -0.2973038
vn 0.2186928 -0.9260602 -0.3075485
vn -0.0365423 -0.9894163 -0.1404280
vn 0.0394105 0.2076403 0.9774110
vn 0.0394105 0.2076403 0.9774110
vn 0.0394105 0.2076403 0.9774110
vn -0.7562961 0.0091467 0.6541655
vn -0.7562961 0.0091467 0.6541655
vn -0.7562961 0.0091467 0.6541655
vn -0.0059866 0.0019171 0.9999802
vn -0.0252868 0.0197230 0.9994857
vn -0.0359795 0.0295888 0.9989144
vn -0.2082047 0.4804009 -0.8519776
vn 0.1460304 0.8295847 -0.5389474
vn -0.0173726 0.9024709 -0.4304003
vn -0.0470603 0.0398136 0.9980983
vn -0.0601591 -0.9967192 -0.0541448
vn -0.0127333 -0.0038136 -0.9999117
vn -0.0127333 -0.0038136 -0.9999117
vn -0.0127333 -0.0038136 -0.9999117
vn 0.4326705 -0.8239194 -0.3659959
vn 0.4293621 -0.8213432 -0.3755575
vn 0.4410617 -0.8320878 -0.3362953
vn 0.4421915 -0.8480903 -0.2919068
vn -0.9948856 -0.0188967 -0.0992246
vn -0.9872011 0.0204225 0.1581675
vn -0.9901699 0.0174514 0.1387770
vn 0.5852517 0.8078892 -0.0692496
vn -0.2004208 0.3313137 -0.9219885
vn 0.0178941 0.3072560 -0.9514587
vn 0.0568098 0.2103444 0.9759754
vn 0.0174455 0.5064266 0.8621066
vn -0.0068071 0.1222768 0.9924727
vn 0.1770193 -0.0943108 0.9796783
vn 0.1770193 -0.0943108 0.9796783
vn 0.1770193 -0.0943108 0.9796783
vn -0.1096861 -0.2384796 -0.9649334
vn -0.1096861 -0.2384796 -0.9649334
vn -0.1096861 -0.2384796 -0.9649334
vn 0.2415002 0.9303885 -0.2757805
vn -0.0378930 -0.0727695 -0.9966287
vn -0.0378930 -0.0727695 -0.9966287
vn -0.0378930 -0.0727695 -0.9966287
vn 0.9299526 -0.0276295 -0.3666399
vn 0.9299526 -0.0276295 -0.3666399
vn 0.9299526 -0.0276295 -0.3666399
vn -0.1883181 -0.1896827 -0.9636165
vn -0.1883181 -0.1896827 -0.9636165
vn -0.1883181 -0.1896827 -0.9636165
vn -0.8509844 0.3157434 -0.4196804
vn -0.3632101 0.6521445 -0.6654216
vn -0.7803887 0.3473123 -0.5199689
vn 0.4415466 -0.8560322 -0.2687852
vn -0.8590669 0.5118162 -0.0069461
vn -0.8590669 0.5118162 -0.0069461
vn -0.8590669 0.5118162 -0.0069461
vn 0.4280783 0.6056696 0.6707558
vn 0.3311287 -0.5919483 0.7348136
vn -0.0338488 -0.5384824 0.8419566
vn -0.3190801 -0.6299752 0.7080389
vn -0.1036171 -0.3769219 0.9204311
vn 0.6719885 0.7302169 0.1233479
vn -0.1384184 0.6159439 -0.7755343
vn -0.0018095 0.0001263 -0.9999984
vn -0.0018095 0.0001263 -0.9999984
vn -0.0018095 0.0001263 -0.9999984
vn 0.7031001 0.4924008 0.5130221
vn -0.9871456 -0.1012421 0.1236671
vn -0.9871456 -0.1012421 0.1236671
vn -0.9871456 -0.1012421 0.1236671
vn 0.5993144 -0.7967113 -0.0779322
vn -0.1954227 0.2729755 -0.9419630
vn -0.1954227 0.2729755 -0.9419630
vn -0.1954227 0.2729755 -0.9419630
vn 0.0133908 0.9939909 0.1086402
vn 0.8595760 -0.5108925 0.0108606
vn -0.0044269 -0.0015356 -0.9999890
vn -0.0044269 -0.0015356 -0.9999890
vn -0.0044269 -0.0015356 -0.9999890
vn -0.8337516 -0.4433126 0.3291386
vn -0.5617072 -0.5413968 0.6255994
vn -0.5617072 -0.5413968 0.6255994
vn -0.5617072 -0.5413968 0.6255994
vn -0.9337209 -0.3579524 -0.0059467
vn -0.9727279 0.0600263 0.2240475
vn -0.9727279 0.0600263 0.2240475
vn -0.9727279 0.0600263 0.2240475
vn 0.9991520 0.0406860 0.0063117
vn 0.9991520 0.0406860 0.0063117
vn 0.9991520 0.0406860 0.0063117
vn 0.1632382 0.2158001 0.9626960
vn 0.1632382 0.2158001 0.9626960
vn 0.1632382 0.2158001 0.9626960
vn -0.5019444 -0.6590787 0.5600599
vn -0.5019444 -0.6590787 0.5600599
vn -0.5019444 -0.6590787 0.5600599
vn -0.5301859 0.2903405 -0.7966212
vn -0.5301859 0.2903405 -0.7966212
vn -0.5301859 0.2903405 -0.7966212
vn 0.0849291 0.6072452 -0.7899622
vn -0.9849932 0.0731619 -0.1563190
vn -0.9849932 0.0731619 -0.1563190
vn -0.9849932 0.0731619 -0.1563190
vn 0.2605619 -0.2150569 -0.9412003
vn 0.2605619 -0.2150569 -0.9412003
vn 0.2605619 -0.2150569 -0.9412003
vn -0.9900406 -0.0218032 -0.1390833
vn -0.9900406 -0.0218032 -0.1390833
vn -0.9900406 -0.0218032 -0.1390833
vn 0.0505083 -0.4775961 0.8771265
vn 0.0505083 -0.4775961 0.8771265
vn 0.0505083 -0.4775961 0.8771265
vn 0.2131177 0.4231481 -0.8806398
vn 0.1140598 0.9470968 -0.2999966
vn -0.2696453 0.9085935 -0.3189815
vn -0.1356484 0.6748298 -0.7253994
vn 0.4003729 0.5475947 -0.7347392
vn 0.4003729 0.5475947 -0.7347392
vn 0.4003729 0.5475947 -0.7347392
vn -0.9921378 -0.0225317 -0.1231053
vn -0.2008323 -0.8891861 -0.4111138
vn -0.2008323 -0.8891861 -0.4111138
vn -0.2008323 -0.8891861 -0.4111138
vn 0.9488900 0.0218750 0.3148479
vn 0.9488900 0.0218750 0.3148479
vn 0.9488900 0.0218750 0.3148479
vn -0.7187378 0.4933098 -0.4899606
vn 0.9666899 -0.2258115 -0.1204983
vn 0.9666899 -0.2258115 -0.1204983
vn 0.9666899 -0.2258115 -0.1204983
vn -0.0308083 -0.1174642 0.9925991
vn 0.0325946 -0.0715375 0.9969052
vn -0.0032599 -0.1246151 0.9921998
vn -0.1587758 0.4738225 0.8661885
vn -0.1826494 0.4489447 0.8746930
vn -0.1990394 0.4313931 0.8799337
vn -0.0033767 -0.0049305 0.9999821
vn -0.0033767 -0.0049305 0.9999821
vn -0.0033767 -0.0049305 0.9999821
vn -0.0317222 -0.1588978 0.9867853
vn -0.1390352 0.4937912 0.8583936
vn -0.9441423 0.1649026 0.2853111
vn -0.9441423 0.1649026 0.2853111
vn -0.9441423 0.1649026 0.2853111
vn 0.0105626 -0.1655382 0.9861468
vn 0.1079162 0.0777699 -0.9911135
vn 0.1079162 0.0777699 -0.9911135
vn 0.1079162 0.0777699 -0.9911135
vn 0.5493695 0.8353973 -0.0174535
vn 0.5493695 0.8353973 -0.0174535
vn 0.5493695 0.8353973 -0.0174535
vn 0.0434756 0.0381884 -0.9983244
vn -0.3188980 -0.4142310 0.8524768
vn -0.3188980 -0.4142310 0.8524768
vn -0.3188980 -0.4142310 0.8524768
vn 0.4014521 0.7188469 0.5675344
vn 0.0021658 0.0365019 -0.9993312
vn -0.1361010 -0.0213136 0.9904657
vn -0.1361010 -0.0213136 0.9904657
vn -0.1361010 -0.0213136 0.9904657
vn -0.0371953 -0.4851329 -0.8736490
vn -0.0737440 -0.3950770 -0.9156834
vn -0.0698780 -0.4426084 -0.8939882
vn 0.1535678 0.7457628 -0.6482706
vn 0.1535678 0.7457628 -0.6482706
vn 0.1535678 0.7457628 -0.6482706
vn -0.8631491 0.0240977 0.5043738
vn -0.8631491 0.0240977 0.5043738
vn -0.8631491 0.0240977 0.5043738
vn 0.2754148 0.6613842 0.6976515
vn 0.2754148 0.6613842 0.6976515
vn 0.2754148 0.6613842 0.6976515
vn -0.0100594 -0.2404193 -0.9706170
vn -0.0339889 -0.2813560 -0.9590013
vn -0.0516087 -0.0726379 0.9960222
vn -0.0516087 -0.0726379 0.9960222
vn -0.0516087 -0.0726379 0.9960222
vn 0.4618948 0.3217230 0.8265274
vn 0.0213549 0.1023933 0.9945147
vn 0.0213549 0.1023933 0.9945147
vn 0.0213549 0.1023933 0.9945147
vn 0.4479501 0.3250482 0.8328772
vn -0.5026425 -0.0199428 -0.8642643
vn -0.5154164 -0.0173258 -0.8567647
vn -0.6012663 0.0010372 -0.7990480
vn -0.6061008 0.0021151 -0.7953850
vn 0.0717414 0.0011588 -0.9974226
vn 0.0717414 0.0011588 -0.9974226
vn 0.0717414 0.0011588 -0.9974226
vn -0.1036171 -0.3769219 0.9204311
vn -0.1036171 -0.3769219 0.9204311
vn 0.0574161 0.0387435 -0.9975983
vn 0.1111308 0.0408155 -0.9929673
vn 0.8210273 0.5487279 -0.1575177
vn 0.8210273 0.5487279 -0.1575177
vn 0.8210273 0.5487279 -0.1575177
vn 0.9986163 -0.0360144 0.0383196
vn 0.9994786 -0.0274769 -0.0169575
vn 0.9966097 -0.0800302 -0.0190851
vn -0.9671186 -0.1734358 -0.1860149
vn -0.9559135 -0.2157212 -0.1992329
vn -0.9744317 -0.1550765 -0.1625861
vn 0.9873143 -0.1002106 0.1231600
vn 0.9873143 -0.1002106 0.1231600
vn 0.9873143 -0.1002106 0.1231600
vn 0.0280891 -0.0119535 0.9995340
vn 0.0280891 -0.0119535 0.9995340
vn 0.0280891 -0.0119535 0.9995340
vn 0.4874460 0.8302295 0.2703987
vn 0.0639272 0.9940107 0.0886343
vn 0.9178676 0.3904973 0.0709290
vn 0.9800266 0.1406506 0.1405887
vn 0.9800266 0.1406506 0.1405887
vn 0.9800266 0.1406506 0.1405887
vn -0.9056873 0.2371234 0.3514301
vn -0.9056873 0.2371234 0.3514301
vn -0.5771600 -0.0596357 0.8144507
vn -0.5771600 -0.0596357 0.8144507
vn -0.5771600 -0.0596357 0.8144507
vn 0.3918549 0.0784835 0.9166734
vn 0.3918549 0.0784835 0.9166734
vn 0.3918549 0.0784835 0.9166734
vn 0.6462602 0.7510954 0.1349200
vn -0.0913786 -0.7352821 -0.6715729
vn -0.1028204 -0.7006204 -0.7060871
vn -0.0238646 -0.8331592 -0.5525180
vn 0.0085090 -0.5601897 -0.8283207
vn 0.0079191 -0.6020268 -0.7984366
vn -0.0034378 0.0111606 -0.9999318
vn -0.0034378 0.0111606 -0.9999318
vn -0.0034378 0.0111606 -0.9999318
vn 0.9983350 0.0142259 -0.0558997
vn 0.9985015 0.0126986 -0.0532314
vn -0.3069350 0.5658164 0.7652730
vn -0.3257141 0.5646624 0.7583315
vn -0.3296806 0.6063238 0.7236588
vn 0.9350056 0.3521528 -0.0418673
vn 0.9581656 0.2788164 -0.0646541
vn 0.9104065 0.4131216 -0.0221504
vn -0.2642522 0.8920781 0.3665616
vn 0.1436285 -0.2532226 -0.9566866
vn 0.1436285 -0.2532226 -0.9566866
vn 0.1436285 -0.2532226 -0.9566866
vn 0.9853334 -0.0040161 0.1705928
vn 0.9819790 -0.0173613 0.1881908
vn 0.9580419 0.0092647 0.2864785
vn 0.1999812 0.2640734 0.9435426
vn 0.1999812 0.2640734 0.9435426
vn 0.1999812 0.2640734 0.9435426
vn 0.9685013 0.2367031 -0.0773108
vn -0.9439177 -0.2354756 -0.2314533
vn -0.8278431 -0.4843367 -0.2830084
vn 0.9805025 0.0264789 0.1947143
vn -0.6190500 0.6819403 -0.3895311
vn 0.4504608 0.8908658 0.0586796
vn 0.9973740 0.0311061 0.0654023
vn 0.4059107 -0.5403328 0.7370732
vn 0.4059107 -0.5403328 0.7370732
vn 0.4059107 -0.5403328 0.7370732
vn 0.9602855 0.2345816 -0.1510738
vn 0.9834340 0.1808046 -0.0129350
vn 0.0281837 0.5887364 -0.8078336
vn 0.3506994 0.5500094 -0.7579575
vn 0.6293779 0.4547742 -0.6301300
vn 0.9925940 0.0000344 0.1214791
vn -0.9999906 -0.0041328 -0.0013443
vn -0.9998131 -0.0013815 -0.0192841
vn -0.9999889 -0.0039441 -0.0025751
vn -0.7049985 0.0030456 -0.7092022
vn -0.7049985 0.0030456 -0.7092022
vn -0.7049985 0.0030456 -0.7092022
vn -0.9202516 -0.3339618 -0.2039767
vn -0.9997790 -0.0011195 -0.0209916
vn 0.3754379 -0.2076120 -0.9032960
vn 0.3754379 -0.2076120 -0.9032960
vn 0.3754379 -0.2076120 -0.9032960
vn 0.0557382 0.9198125 -0.3883789
vn 0.1543638 0.9699427 -0.1881037
vn 0.7506537 0.3856159 -0.5364880
vn 0.7548803 -0.6557860 -0.0100267
vn 0.7548803 -0.6557860 -0.0100267
vn 0.7548803 -0.6557860 -0.0100267
vn -0.0560820 0.9078391 -0.4155515
vn 0.9960245 0.0097864 -0.0885405
vn -0.8516628 -0.0031261 0.5240808
vn -0.8516628 -0.0031261 0.5240808
vn -0.8516628 -0.0031261 0.5240808
vn -0.9997650 -0.0131609 0.0172275
vn -0.9997650 -0.0131609 0.0172275
vn -0.9997650 -0.0131609 0.0172275
vn -0.1089250 -0.0827835 0.9905969
vn -0.1089250 -0.0827835 0.9905969
vn -0.1089250 -0.0827835 0.9905969
vn -0.6728515 0.0070786 -0.7397437
vn -0.6728515 0.0070786 -0.7397437
vn -0.6728515 0.0070786 -0.7397437
vn -0.0125642 -0.0082995 -0.9998866
vn 0.0113030 -0.0052332 -0.9999224
vn -0.0066829 -0.0075443 -0.9999492
vn 0.0125203 -0.0050767 -0.9999087
vn 0.1258326 0.0857347 -0.9883399
vn 0.1258326 0.0857347 -0.9883399
vn 0.1258326 0.0857347 -0.9883399
vn -0.9056873 0.2371234 0.3514301
vn -0.9202516 -0.3339618 -0.2039767
vn -0.9202516 -0.3339618 -0.2039767
vn 0.9998762 -0.0155743 0.0022537
vn 0.9998762 -0.0155743 0.0022537
vn 0.9998762 -0.0155743 0.0022537
vn 0.9983220 -0.0572564 -0.0086521
vn 0.9983220 -0.0572564 -0.0086521
vn 0.9983220 -0.0572564 -0.0086521
vn -0.9902111 -0.0457050 -0.1318824
vn -0.9881359 -0.0302567 -0.1505721
vn -0.9893181 -0.0385170 -0.1405924
vn -0.3624874 -0.1057901 0.9259651
vn -0.3624874 -0.1057901 0.9259651
vn -0.3624874 -0.1057901 0.9259651
vn 0.4100918 -0.9120417 -0.0021648
vn 0.4100918 -0.9120417 -0.0021648
vn 0.4100918 -0.9120417 -0.0021648
vn -0.0740415 0.9971343 -0.0155281
vn -0.0076495 0.9993096 -0.0363564
vn -0.0035250 0.9998733 0.0155217
vn 0.9940050 -0.1093320 -0.0007312
vn 0.9940050 -0.1093320 -0.0007312
vn 0.9940050 -0.1093320 -0.0007312
vn -0.1350916 0.9906936 0.0166260
vn -0.1521681 0.9879912 -0.0268007
vn 0.0851176 0.9963617 0.0042861
vn -0.4107324 0.9080855 -0.0817288
vn -0.5876708 0.8018449 -0.1081095
vn 0.2389551 -0.1978836 0.9506538
vn 0.2389551 -0.1978836 0.9506538
vn 0.2389551 -0.1978836 0.9506538
vn -0.7652642 -0.6436963 -0.0050709
vn -0.7652642 -0.6436963 -0.0050709
vn -0.7652642 -0.6436963 -0.0050709
vn -0.0246328 0.9942922 -0.1038089
vn 0.6661416 -0.7382484 -0.1060409
vn 0.7622346 -0.6308120 -0.1451711
vn 0.5027801 -0.7934934 0.3429001
vn -0.6363873 0.2043217 -0.7438171
vn -0.6363873 0.2043217 -0.7438171
vn -0.6363873 0.2043217 -0.7438171
vn -0.6283835 0.7334709 0.2591423
vn -0.4015337 0.7895602 0.4640748
vn -0.6552608 0.7151951 0.2431652
vn -0.9851944 -0.0133310 -0.1709219
vn -0.4911015 0.7620415 0.4220332
vn -0.9960482 0.0718110 -0.0522600
vn -0.9980049 0.0454836 -0.0437879
vn -0.9925312 0.1045972 -0.0627792
vn -0.6799783 0.7220497 -0.1275683
vn 0.0843880 0.9964219 0.0046876
vn 0.2756045 -0.8035704 0.5275574
vn 0.1567697 -0.4298265 0.8891976
vn 0.9944564 -0.1051278 0.0021496
vn 0.9944564 -0.1051278 0.0021496
vn 0.9944564 -0.1051278 0.0021496
vn -0.9883080 0.1342577 -0.0722651
vn -0.3069926 0.5274683 0.7921696
vn -0.3069926 0.5274683 0.7921696
vn -0.3069926 0.5274683 0.7921696
vn 0.9570653 -0.1609304 -0.2410963
vn 0.9570653 -0.1609304 -0.2410963
vn 0.9570653 -0.1609304 -0.2410963
vn -0.4200828 -0.0710778 0.9046979
vn -0.4200828 -0.0710778 0.9046979
vn -0.4200828 -0.0710778 0.9046979
vn -0.7627305 0.6371226 0.1109816
vn -0.2595102 -0.8943105 0.3645040
vn -0.2595102 -0.8943105 0.3645040
vn -0.2595102 -0.8943105 0.3645040
vn 0.0545703 -0.0093437 0.9984662
vn -0.1260141 0.0044041 0.9920187
vn 0.0314400 -0.0075923 0.9994768
vn -0.1531027 0.0064812 0.9881890
vn 0.7468269 -0.6644504 -0.0274801
vn 0.7468269 -0.6644504 -0.0274801
vn 0.7468269 -0.6644504 -0.0274801
vn 0.9788256 -0.0141308 0.2042075
vn 0.9976933 -0.0074442 0.0674740
vn 0.9958844 -0.0085623 0.0902270
vn -0.1006166 0.1686375 0.9805293
vn -0.1006166 0.1686375 0.9805293
vn -0.1006166 0.1686375 0.9805293
vn 0.0910709 -0.1704941 -0.9811411
vn 0.0895584 -0.1679899 -0.9817121
vn 0.0924168 -0.1727224 -0.9806254
vn 0.9349905 0.0506001 0.3510447
vn 0.9349905 0.0506001 0.3510447
vn 0.9349905 0.0506001 0.3510447
vn 0.0882841 -0.1658798 -0.9821862
vn -0.0879635 -0.1801613 0.9796960
vn -0.1172678 -0.0901138 0.9890034
vn -0.0485907 -0.1477463 0.9878309
vn -0.2000485 -0.2625214 0.9439614
vn -0.1014721 -0.2403896 0.9653581
vn 0.4748425 0.5362668 -0.6978127
vn 0.3231710 0.7594226 -0.5646573
vn 0.1420940 0.9139146 -0.3802229
vn -0.0987204 0.0724106 -0.9924772
vn -0.1420598 0.0941236 -0.9853729
vn -0.1033059 0.1407718 -0.9846376
vn 0.0086130 -0.0106019 -0.9999067
vn -0.0492898 0.0162358 -0.9986525
vn -0.0075999 -0.0003382 -0.9999711
vn -0.5090689 0.0507188 -0.8592302
vn -0.5090689 0.0507188 -0.8592302
vn -0.5090689 0.0507188 -0.8592302
vn 0.5549089 0.7533444 0.3529140
vn 0.5549089 0.7533444 0.3529140
vn 0.5549089 0.7533444 0.3529140
vn 0.0186706 -0.4614873 -0.8869503
vn 0.0186706 -0.4614873 -0.8869503
vn 0.0186706 -0.4614873 -0.8869503
vn 0.5658341 0.3214420 -0.7592804
vn 0.9579629 0.1027298 -0.2678689
vn 0.9579629 0.1027298 -0.2678689
vn 0.9579629 0.1027298 -0.2678689
vn 0.9829294 0.0050528 -0.1839137
vn -0.8563702 0.1351437 -0.4983636
vn -0.8563702 0.1351437 -0.4983636
vn -0.8563702 0.1351437 -0.4983636
vn -0.0601334 0.1019118 0.9929743
vn -0.0601334 0.1019118 0.9929743
vn -0.0601334 0.1019118 0.9929743
vn 0.0378130 -0.1130447 0.9928701
vn 0.0910070 -0.1717606 0.9809261
vn 0.0610993 -0.1388047 0.9884332
vn -0.1148760 -0.0087641 0.9933412
vn -0.1148760 -0.0087641 0.9933412
vn -0.1148760 -0.0087641 0.9933412
vn 0.1236208 -0.2075308 0.9703859
vn 0.0995838 0.0903043 -0.9909229
vn -0.0211212 0.0832720 -0.9963030
vn -0.0695808 0.0545327 -0.9960847
vn 0.0299955 0.2443155 -0.9692318
vn 0.0299955 0.2443155 -0.9692318
vn 0.0299955 0.2443155 -0.9692318
vn 0.1667454 0.1403747 -0.9759564
vn -0.0343146 0.1552555 -0.9872782
vn -0.0549203 0.3991455 0.9152413
vn -0.0549203 0.3991455 0.9152413
vn -0.0549203 0.3991455 0.9152413
vn 0.9466662 -0.1866595 -0.2626430
vn 0.9466662 -0.1866595 -0.2626430
vn 0.9466662 -0.1866595 -0.2626430
vn 0.9918873 -0.1066737 -0.0691396
vn 0.8434480 0.3502438 0.4073386
vn 0.8434480 0.3502438 0.4073386
vn 0.8434480 0.3502438 0.4073386
vn -0.9128528 0.2999844 0.2769642
vn -0.9128528 0.2999844 0.2769642
vn -0.9128528 0.2999844 0.2769642
vn 0.9983942 0.0110244 0.0555650
vn 0.9983942 0.0110244 0.0555650
vn 0.9983942 0.0110244 0.0555650
vn 0.9226622 -0.3856083 -0.0008114
vn 0.9226622 -0.3856083 -0.0008114
vn 0.9226622 -0.3856083 -0.0008114
vn -0.9472636 0.1841173 0.2622833
vn 0.9918873 -0.1066737 -0.0691396
vn 0.9918873 -0.1066737 -0.0691396
vn -0.9472636 0.1841173 0.2622833
vn -0.9472636 0.1841173 0.2622833
vn -0.7029158 -0.7111565 0.0128759
vn -0.6313626 -0.5685849 -0.5273448
vn -0.7031910 -0.7109080 -0.0115023
vn -0.9918696 -0.1269550 0.0087764
vn -0.9925058 -0.1094093 -0.0544223
vn -0.9921265 -0.1252162 0.0024261
vn -0.9999684 0.0029046 0.0073991
vn -0.9999684 0.0029046 0.0073991
vn -0.9999684 0.0029046 0.0073991
vn 0.7313938 0.6227033 0.2780356
vn 0.4236697 0.8871551 0.1829203
vn 0.6390164 0.7249995 -0.2569703
vn -0.2278514 0.9484487 -0.2202924
vn 0.6934081 0.7179366 -0.0612556
vn 0.2508963 0.6165564 -0.7462635
vn 0.1378502 0.2820933 -0.9494318
vn -0.4128299 -0.2903406 -0.8632924
vn -0.6957006 -0.6667845 -0.2672061
vn 0.0595545 -0.0081892 -0.9981915
vn -0.0109127 0.0037105 -0.9999336
vn 0.0661303 -0.0093001 -0.9977677
vn -0.0167244 0.0046915 -0.9998491
vn 0.3589289 0.3442480 0.8675617
vn 0.8987996 0.2986793 0.3208583
vn 0.3971405 0.3695122 0.8400834
vn 0.8397071 0.3576212 0.4086552
vn 0.4395918 -0.3366714 0.8327133
vn 0.4400447 -0.3366379 0.8324876
vn 0.4394225 -0.3366839 0.8327976
vn 0.3878952 0.9171145 0.0918607
vn 0.9911305 0.0928611 0.0950642
vn 0.9904461 0.0969891 0.0980289
vn 0.9912027 0.0924159 0.0947445
vn -0.4792560 -0.3374291 -0.8102193
vn 0.9993630 -0.0356527 -0.0015510
vn 0.9986190 -0.0525072 -0.0017797
vn 0.9999887 -0.0046158 -0.0011291
vn -0.7261335 -0.6852216 0.0565812
vn -0.4444976 -0.8929053 -0.0717081
vn -0.5431550 -0.8351496 -0.0866475
vn -0.6560676 -0.7249499 0.2098165
vn -0.6560676 -0.7249499 0.2098165
vn -0.6560676 -0.7249499 0.2098165
vn -0.9781915 -0.2074308 0.0106689
vn -0.9577271 -0.2728602 0.0911381
vn -0.9561662 -0.2766714 0.0959119
vn 0.4391148 -0.3367065 0.8329507
vn 0.4821161 0.8747013 0.0496148
vn 0.9920746 0.0868838 0.0907701
vn 0.9950673 -0.0991257 -0.0038937
vn 0.9950673 -0.0991257 -0.0038937
vn 0.9950673 -0.0991257 -0.0038937
vn -0.1492511 0.7432623 0.6521390
vn 0.5918087 0.7305726 0.3406261
vn 0.5918087 0.7305726 0.3406261
vn 0.2265161 0.5030223 0.8340618
vn 0.2265161 0.5030223 0.8340618
vn 0.2265161 0.5030223 0.8340618
vn 0.6127552 -0.1592762 -0.7740557
vn 0.6127552 -0.1592762 -0.7740557
vn 0.6127552 -0.1592762 -0.7740557
vn -0.6672390 0.4255184 0.6113316
vn -0.8008077 0.5988610 -0.0085143
vn -0.8008077 0.5988610 -0.0085143
vn -0.8008077 0.5988610 -0.0085143
vn 0.9834242 0.1750859 -0.0471357
vn 0.9983343 -0.0011010 -0.0576834
vn 0.9983343 -0.0011010 -0.0576834
vn 0.9983343 -0.0011010 -0.0576834
vn 0.9838787 -0.0209996 -0.1775997
vn 0.9838787 -0.0209996 -0.1775997
vn 0.9838787 -0.0209996 -0.1775997
vn -0.4199850 0.5433794 -0.7268778
vn -0.4199850 0.5433794 -0.7268778
vn -0.4199850 0.5433794 -0.7268778
vn -0.9957516 -0.0915862 -0.0095299
vn -0.8227043 -0.5683436 0.0119710
vn -0.9865079 -0.1568993 0.0467408
vn 0.0125475 0.3171305 0.9482989
vn 0.0125475 0.3171305 0.9482989
vn 0.0125475 0.3171305 0.9482989
vn -0.9610394 -0.2666909 0.0726588
vn -0.6959986 -0.7180165 -0.0061887
vn 0.9999812 0.0060574 -0.0009837
vn 0.2034277 0.0817425 0.9756717
vn 0.2034277 0.0817425 0.9756717
vn 0.2034277 0.0817425 0.9756717
vn -0.9449979 -0.3013722 0.1270972
vn 0.9867457 0.1349184 -0.0901659
vn -0.0216443 0.0136596 -0.9996724
vn -0.0216443 0.0136596 -0.9996724
vn -0.0216443 0.0136596 -0.9996724
vn 0.9966750 -0.0725327 0.0371198
vn 0.9966750 -0.0725327 0.0371198
vn 0.9966750 -0.0725327 0.0371198
vn -0.0044820 0.9990370 -0.0436471
vn 0.0015521 0.9988379 -0.0481710
vn -0.0812097 0.9965971 0.0141107
vn 0.9567154 -0.0359770 0.2887927
vn 0.9567154 -0.0359770 0.2887927
vn 0.9567154 -0.0359770 0.2887927
vn -0.6605896 -0.3564801 0.6607143
vn -0.6605896 -0.3564801 0.6607143
vn -0.6605896 -0.3564801 0.6607143
vn 0.0419544 0.9960388 -0.0783993
vn 0.0419544 0.9960388 -0.0783993
vn 0.0419544 0.9960388 -0.0783993
vn -0.9944225 -0.0093443 0.1050549
vn -0.9944225 -0.0093443 0.1050549
vn -0.9944225 -0.0093443 0.1050549
vn -0.2228811 0.9679805 0.1154892
vn -0.2228811 0.9679805 0.1154892
vn -0.2228811 0.9679805 0.1154892
vn 0.0497979 -0.9949920 -0.0866665
vn 0.6620583 -0.7246616 -0.1911657
vn -0.6994617 0.0838116 -0.7097387
vn -0.6994617 0.0838116 -0.7097387
vn -0.6994617 0.0838116 -0.7097387
vn 0.2559922 -0.6907035 -0.6763111
vn 0.2559922 -0.6907035 -0.6763111
vn -0.0539762 0.9981557 0.0277806
vn -0.0539762 0.9981557 0.0277806
vn -0.0539762 0.9981557 0.0277806
vn -0.9771849 0.0855643 -0.1943924
vn -0.9771849 0.0855643 -0.1943924
vn -0.9771849 0.0855643 -0.1943924
vn 0.0828889 0.9905921 -0.1088887
vn -0.6846310 -0.0576794 -0.7266041
vn -0.6846310 -0.0576794 -0.7266041
vn -0.6846310 -0.0576794 -0.7266041
vn 0.9696273 0.2329762 0.0744650
vn 0.9696273 0.2329762 0.0744650
vn -0.9879134 -0.1415986 0.0630632
vn 0.5918087 0.7305726 0.3406261
vn -0.3451533 0.6362090 0.6900053
vn -0.1288011 0.5182738 0.8454600
vn -0.5801700 0.7044535 0.4088375
vn -0.2082444 0.9768590 0.0487942
vn 0.2559922 -0.6907035 -0.6763111
vn -0.6081668 -0.5206915 -0.5991774
vn -0.6081668 -0.5206915 -0.5991774
vn -0.6081668 -0.5206915 -0.5991774
vn 0.9696273 0.2329762 0.0744650
vn 0.9996688 0.0069890 0.0247683
vn 0.9996650 0.0065246 0.0250467
vn 0.9993044 -0.0110953 0.0356032
vn 0.9996656 0.0189550 0.0175920
vn -0.9677909 0.1336886 0.2133266
vn -0.9677909 0.1336886 0.2133266
vn -0.9677909 0.1336886 0.2133266
vn -0.7297172 -0.3853661 0.5648059
vn -0.7297172 -0.3853661 0.5648059
vn -0.7297172 -0.3853661 0.5648059
vn -0.9999415 -0.0009943 0.0107746
vn -0.9989280 -0.0293632 0.0357858
vn -0.9980205 -0.0407957 0.0478628
vn 0.9222142 0.3863046 -0.0170230
vn -0.1924774 0.9550296 0.2255456
vn 0.0774110 0.9765398 0.2009416
vn -0.9965500 -0.0560263 0.0612310
vn 0.9497228 -0.3129827 -0.0082789
vn 0.9520469 -0.3057236 -0.0118207
vn 0.9366427 -0.3501426 0.0100332
vn -0.7705142 0.6010504 0.2122413
vn 0.9768739 0.1705650 -0.1289377
vn 0.9515179 0.1787333 -0.2503361
vn 0.9851926 0.1616178 -0.0572301
vn 0.0806878 -0.0872415 0.9929141
vn 0.0806878 -0.0872415 0.9929141
vn 0.0806878 -0.0872415 0.9929141
vn -0.9218820 -0.1112002 -0.3711712
vn -0.9218820 -0.1112002 -0.3711712
vn -0.9218820 -0.1112002 -0.3711712
vn -0.9998412 0.0153330 -0.0090825
vn 0.9330527 -0.3594407 0.0146639
vn 0.9877172 0.1562306 0.0026041
vn 0.9880908 0.1538514 -0.0025050
vn 0.0039187 0.0694519 0.9975776
vn 0.0055552 0.0704385 0.9975007
vn 0.0046881 0.0699158 0.9975419
vn 0.0306888 0.0031079 0.9995242
vn 0.0306888 0.0031079 0.9995242
vn 0.0306888 0.0031079 0.9995242
vn 0.0013319 0.0678919 0.9976918
vn -0.0390780 0.2495044 0.9675849
vn -0.0291144 0.2831122 0.9586448
vn -0.0784510 0.2657817 0.9608358
vn -0.9720560 0.0026978 0.2347338
vn -0.9857154 -0.0013982 0.1684138
vn -0.9966387 -0.0051096 0.0817634
vn -0.8662657 0.2089237 -0.4538002
vn -0.8662657 0.2089237 -0.4538002
vn -0.8662657 0.2089237 -0.4538002
vn -0.0307421 -0.7370019 -0.6751911
vn -0.0307421 -0.7370019 -0.6751911
vn -0.0307421 -0.7370019 -0.6751911
vn 0.9571041 0.2873175 0.0374209
vn 0.9571041 0.2873175 0.0374209
vn 0.9571041 0.2873175 0.0374209
vn -0.9723428 0.0013506 0.2335546
vn -0.0639170 0.2104136 -0.9755207
vn 0.0133675 0.2631661 -0.9646579
vn -0.0926383 0.1902312 -0.9773588
vn 0.1414430 -0.0586374 0.9882082
vn 0.1414430 -0.0586374 0.9882082
vn 0.1414430 -0.0586374 0.9882082
vn -0.1315301 0.1623954 -0.9779200
vn -0.9999523 -0.0094822 -0.0023399
vn -0.0464913 0.2349710 0.9708899
vn -0.2651298 -0.5001709 0.8243393
vn -0.3069121 -0.4081664 0.8597704
vn -0.1162508 -0.9835307 0.1383949
vn -0.0111189 -0.0022220 0.9999357
vn -0.0111189 -0.0022220 0.9999357
vn -0.0111189 -0.0022220 0.9999357
vn 0.3377092 -0.1201171 0.9335547
vn 0.3377092 -0.1201171 0.9335547
vn 0.3377092 -0.1201171 0.9335547
vn -0.1279079 -0.9392454 0.3185242
vn -0.3176466 0.3650556 -0.8751200
vn -0.3176466 0.3650556 -0.8751200
vn 0.2561932 0.0016748 -0.9666241
vn 0.2561932 0.0016748 -0.9666241
vn 0.2561932 0.0016748 -0.9666241
vn 0.8757699 0.4069630 -0.2596309
vn 0.8757699 0.4069630 -0.2596309
vn 0.8757699 0.4069630 -0.2596309
vn 0.1140889 -0.8118953 -0.5725467
vn 0.4390932 -0.1990314 -0.8761185
vn 0.4390932 -0.1990314 -0.8761185
vn 0.4390932 -0.1990314 -0.8761185
vn -0.7311125 0.3837383 0.5641094
vn -0.7311125 0.3837383 0.5641094
vn -0.3176466 0.3650556 -0.8751200
vn -0.7311125 0.3837383 0.5641094
vn -0.0524860 0.0172503 0.9984727
vn -0.0524860 0.0172503 0.9984727
vn -0.0524860 0.0172503 0.9984727
vn -0.0050385 -0.1080100 0.9941370
vn -0.0050385 -0.1080100 0.9941370
vn -0.0050385 -0.1080100 0.9941370
vn -0.0145867 0.1084516 -0.9939947
vn -0.0145867 0.1084516 -0.9939947
vn -0.0145867 0.1084516 -0.9939947
vn 0.6531128 0.2842525 0.7018861
vn 0.6531128 0.2842525 0.7018861
vn 0.6531128 0.2842525 0.7018861
vn 0.2109123 0.4609568 0.8619947
vn 0.2109123 0.4609568 0.8619947
vn 0.2109123 0.4609568 0.8619947
vn 0.3993111 -0.8866621 -0.2331974
vn 0.2404001 -0.5676016 -0.7874238
vn 0.1796980 -0.9543909 -0.2384254
vn 0.0294010 0.1071046 -0.9938130
vn 0.0294010 0.1071046 -0.9938130
vn 0.0294010 0.1071046 -0.9938130
vn -0.4722005 0.4428083 -0.7621991
vn -0.2117342 0.4427468 -0.8712887
vn 0.4767246 0.2904287 -0.8296896
vn -0.9993034 0.0365257 -0.0076505
vn -0.9993034 0.0365257 -0.0076505
vn -0.9993034 0.0365257 -0.0076505
vn -0.0206766 -0.9713366 -0.2368072
vn -0.9945636 -0.0491323 -0.0918108
vn -0.9956606 -0.0249737 -0.0896452
vn -0.9965395 -0.0143868 -0.0818657
vn 0.3692667 -0.8356193 0.4066724
vn 0.5556036 -0.8313329 -0.0137914
vn 0.5556036 -0.8313329 -0.0137914
vn 0.5556036 -0.8313329 -0.0137914
vn -0.9966799 -0.0787454 0.0206977
vn -0.9966799 -0.0787454 0.0206977
vn -0.9966799 -0.0787454 0.0206977
vn 0.5699723 0.2506366 -0.7825043
vn 0.9910913 -0.1034430 0.0838902
vn 0.9910913 -0.1034430 0.0838902
vn 0.9910913 -0.1034430 0.0838902
vn -0.0594069 0.1227184 0.9906619
vn -0.0231614 0.1094364 0.9937239
vn -0.0279831 0.1112120 0.9934027
vn 0.0064849 0.0984602 0.9951199
vn -0.6737308 0.2657040 0.6895565
vn -0.6737308 0.2657040 0.6895565
vn -0.6737308 0.2657040 0.6895565
vn 0.3139991 -0.3330169 0.8891031
vn 0.3139991 -0.3330169 0.8891031
vn 0.3139991 -0.3330169 0.8891031
vn -0.3101735 0.8797591 0.3603002
vn -0.3101735 0.8797591 0.3603002
vn -0.3101735 0.8797591 0.3603002
vn -0.9945279 -0.0527734 -0.0901623
vn 0.9027522 -0.3081077 0.3001802
vn 0.9027522 -0.3081077 0.3001802
vn 0.9027522 -0.3081077 0.3001802
vn -0.4993810 0.4082778 0.7641517
vn -0.6895803 0.6853135 0.2341461
vn -0.6952071 0.7152044 0.0719019
vn 0.1427674 -0.7513643 0.6442586
vn -0.0954295 0.2221950 -0.9703209
vn -0.0184240 0.1804675 -0.9834084
vn -0.0887868 0.2186484 -0.9717560
vn -0.2066165 0.2800368 -0.9374908
vn 0.8781885 -0.1332164 -0.4593891
vn 0.8781885 -0.1332164 -0.4593891
vn 0.8781885 -0.1332164 -0.4593891
vn 0.9970377 0.0750126 -0.0169971
vn 0.9969377 0.0766591 -0.0154453
vn 0.9964541 0.0836736 -0.0088292
vn 0.9290563 0.1680962 0.3295421
vn 0.9290563 0.1680962 0.3295421
vn 0.9290563 0.1680962 0.3295421
vn 0.8731035 0.4347693 -0.2206037
vn 0.8731035 0.4347693 -0.2206037
vn 0.8731035 0.4347693 -0.2206037
vn 0.4066251 -0.1703875 0.8975657
vn 0.4066251 -0.1703875 0.8975657
vn 0.4066251 -0.1703875 0.8975657
vn -0.5461132 -0.4376311 0.7143104
vn -0.3518163 -0.2892318 0.8902641
vn -0.6685289 -0.5297456 0.5219566
vn 0.5928287 0.7715007 0.2309564
vn -0.0812591 0.5124274 0.8548773
vn -0.1535199 0.2845679 0.9462837
vn -0.9991455 0.0061980 0.0408639
vn -0.9991455 0.0061980 0.0408639
vn -0.9991455 0.0061980 0.0408639
vn 0.1144600 0.0805579 0.9901562
vn 0.3863591 0.0739976 0.9193754
vn 0.0486889 0.0811834 0.9955092
vn 0.2666072 0.2283761 -0.9363573
vn 0.2666072 0.2283761 -0.9363573
vn 0.2666072 0.2283761 -0.9363573
vn -0.5463829 -0.2449983 -0.8009004
vn -0.5463829 -0.2449983 -0.8009004
vn -0.5463829 -0.2449983 -0.8009004
vn -0.9969884 -0.0617747 -0.0468838
vn -0.9969884 -0.0617747 -0.0468838
vn -0.9969884 -0.0617747 -0.0468838
vn 0.1804895 -0.2014905 0.9627176
vn -0.7852483 -0.6132746 0.0853195
vn -0.3630049 0.9316312 -0.0170541
vn -0.3688445 0.9290294 -0.0292938
vn -0.3559696 0.9344942 -0.0024930
vn 0.1092383 -0.2821556 -0.9531292
vn 0.1092383 -0.2821556 -0.9531292
vn 0.1092383 -0.2821556 -0.9531292
vn 0.9972573 0.0710505 -0.0207296
vn -0.2061264 0.0802561 0.9752286
vn -0.6142621 0.6962948 -0.3712892
vn -0.3789154 0.9240390 -0.0507446
vn 0.3989761 0.9058140 0.1425448
vn -0.4057238 -0.1114794 -0.9071717
vn -0.2754417 -0.0783985 -0.9581156
vn -0.3049096 -0.0851132 -0.9485704
vn 0.0604148 -0.1313452 0.9894941
vn 0.0604148 -0.1313452 0.9894941
vn 0.0604148 -0.1313452 0.9894941
vn -0.2776501 -0.0774278 -0.9575570
vn 0.7695079 0.4464193 -0.4566917
vn -0.4996954 -0.1349255 -0.8556282
vn -0.5642220 0.0126586 -0.8255261
vn -0.5642220 0.0126586 -0.8255261
vn -0.5642220 0.0126586 -0.8255261
vn 0.0096252 -0.0046765 -0.9999427
vn 0.0096252 -0.0046765 -0.9999427
vn 0.0096252 -0.0046765 -0.9999427
vn -0.9382412 0.1138446 0.3267153
vn -0.9382412 0.1138446 0.3267153
vn -0.9382412 0.1138446 0.3267153
vn 0.9098514 -0.2165669 -0.3539338
vn 0.9098514 -0.2165669 -0.3539338
vn 0.9098514 -0.2165669 -0.3539338
vn 0.9935311 -0.0120679 -0.1129172
vn 0.9935311 -0.0120679 -0.1129172
vn 0.9935311 -0.0120679 -0.1129172
vn 0.6017779 0.2923894 0.7432172
vn 0.6017779 0.2923894 0.7432172
vn 0.6017779 0.2923894 0.7432172
vn 0.0657391 0.1192470 -0.9906859
vn 0.0657391 0.1192470 -0.9906859
vn 0.0657391 0.1192470 -0.9906859
vn -0.9998221 -0.0149336 0.0115252
vn -0.9996474 -0.0163528 0.0209205
vn 0.1804895 -0.2014905 0.9627176
vn 0.1804895 -0.2014905 0.9627176
vn 0.0391209 -0.0212954 0.9990075
vn 0.0112402 -0.0836916 0.9964283
vn 0.0276232 -0.0470887 0.9985087
vn 0.0002277 -0.1081973 0.9941294
vn -0.0062618 0.9996961 -0.0238447
vn -0.0062618 0.9996961 -0.0238447
vn -0.0062618 0.9996961 -0.0238447
vn 0.0579639 0.0803566 -0.9950794
vn 0.0224504 0.0663607 -0.9975431
vn -0.0023433 0.0223155 -0.9997482
vn -0.0324479 -0.0158125 -0.9993483
vn -0.0489057 -0.0300732 -0.9983506
vn 0.0076914 -0.8966555 -0.4426622
vn 0.0076914 -0.8966555 -0.4426622
vn 0.0076914 -0.8966555 -0.4426622
vn -0.0354777 -0.0515352 -0.9980408
vn 0.0018548 0.0731605 -0.9973185
vn 0.9924835 0.1077788 -0.0579678
vn 0.9924835 0.1077788 -0.0579678
vn 0.9924835 0.1077788 -0.0579678
vn -0.0471741 0.4490368 0.8922671
vn -0.0147369 0.5106977 0.8596341
vn -0.0989347 0.3439073 0.9337771
vn -0.1675183 0.1908605 0.9672176
vn -0.1357398 -0.9058389 -0.4012863
vn -0.0065561 -0.9998766 -0.0142733
vn -0.6133380 -0.0648062 -0.7871573
vn -0.6133380 -0.0648062 -0.7871573
vn -0.6133380 -0.0648062 -0.7871573
vn -0.2914254 -0.3981417 -0.8698014
vn 0.1033909 0.4102900 -0.9060753
vn 0.1033909 0.4102900 -0.9060753
vn -0.0997111 0.9931530 0.0608678
vn -0.5842326 -0.3437519 -0.7351917
vn -0.6748713 -0.4860253 -0.5552730
vn -0.7293928 -0.6182862 -0.2927598
vn 0.1730477 -0.1277668 0.9765911
vn 0.1730477 -0.1277668 0.9765911
vn 0.1730477 -0.1277668 0.9765911
vn -0.1191338 0.4506996 -0.8846903
vn -0.3508383 0.7351762 -0.5800245
vn -0.4004021 0.8894639 -0.2203001
vn 0.0255008 -0.9694337 -0.2440247
vn 0.0255008 -0.9694337 -0.2440247
vn 0.0255008 -0.9694337 -0.2440247
vn 0.9423804 0.3344816 -0.0064263
vn 0.9423804 0.3344816 -0.0064263
vn 0.9423804 0.3344816 -0.0064263
vn -0.9249491 -0.3664058 -0.1010741
vn -0.9249491 -0.3664058 -0.1010741
vn -0.9249491 -0.3664058 -0.1010741
vn -0.5145662 -0.2505722 -0.8200215
vn 0.0793177 0.3583090 -0.9302276
vn 0.6070820 0.3766287 0.6997158
vn 0.6070820 0.3766287 0.6997158
vn 0.6070820 0.3766287 0.6997158
vn -0.0931869 0.9814296 0.1676668
vn -0.8807718 -0.3797468 -0.2829019
vn -0.8531133 -0.3552391 -0.3821032
vn 0.0861350 0.9441994 0.3179125
vn 0.0750521 0.9113477 0.4047377
vn 0.1181781 0.9929924 0.0003220
vn 0.1389542 -0.0500319 0.9890341
vn 0.1389542 -0.0500319 0.9890341
vn 0.1389542 -0.0500319 0.9890341
vn -0.2029119 0.0886334 0.9751774
vn -0.2029119 0.0886334 0.9751774
vn -0.2029119 0.0886334 0.9751774
vn -0.0050804 -0.7544809 0.6563024
vn -0.0267270 -0.9142683 0.4042266
vn 0.0007580 -0.7006123 0.7135418
vn -0.0473995 0.0935638 -0.9944843
vn -0.0473995 0.0935638 -0.9944843
vn -0.0473995 0.0935638 -0.9944843
vn -0.9065974 -0.4182457 -0.0561398
vn -0.0774476 0.2519069 0.9646475
vn -0.0110724 0.2574418 0.9662304
vn -0.1953882 0.2593895 0.9458015
vn 0.0463333 0.2423691 0.9690771
vn 0.0631511 0.2298960 0.9711641
vn 0.0038144 -0.6706573 0.7417575
vn 0.1243897 0.9889458 -0.0807051
vn -0.0168465 0.0123104 -0.9997823
vn -0.0168465 0.0123104 -0.9997823
vn -0.0168465 0.0123104 -0.9997823
vn 0.1306705 -0.1449643 -0.9807704
vn 0.1306705 -0.1449643 -0.9807704
vn 0.1306705 -0.1449643 -0.9807704
vn 0.0367257 -0.1490581 0.9881462
vn 0.0532212 -0.1090436 0.9926112
vn 0.0454111 -0.1280454 0.9907281
vn 0.0593944 -0.0939521 0.9938035
vn -0.0257126 -0.9506028 0.3093432
vn -0.0257126 -0.9506028 0.3093432
vn -0.0257126 -0.9506028 0.3093432
vn 0.0412829 0.2062971 -0.9776181
vn 0.0412829 0.2062971 -0.9776181
vn -0.2717116 -0.5194188 -0.8101709
vn 0.1033909 0.4102900 -0.9060753
vn -0.0997111 0.9931530 0.0608678
vn -0.0997111 0.9931530 0.0608678
vn -0.7515334 -0.2827398 -0.5960333
vn 0.0412829 0.2062971 -0.9776181
vn 0.9998833 0.0009518 -0.0152474
vn 0.9999662 -0.0037324 -0.0073282
vn 0.9999995 0.0009619 0.0002195
vn -0.7521181 -0.3309700 0.5698923
vn -0.7521181 -0.3309700 0.5698923
vn -0.7521181 -0.3309700 0.5698923
vn -0.9958926 0.0738092 0.0524411
vn -0.9953201 0.0584492 0.0769514
vn -0.9940069 0.0438313 0.1001457
vn -0.9956069 0.0896511 0.0270118
vn -0.7350466 -0.6752566 0.0611145
vn -0.6634205 -0.7476246 0.0305079
vn -0.9076233 -0.4195472 0.0141418
vn 0.1574059 -0.9675671 -0.1975787
vn 0.9999735 0.0038773 -0.0061559
vn -0.3325606 0.0309944 0.9425724
vn -0.3325606 0.0309944 0.9425724
vn -0.3325606 0.0309944 0.9425724
vn 0.8823336 0.4705650 0.0074813
vn 0.8823336 0.4705650 0.0074813
vn 0.8823336 0.4705650 0.0074813
vn 0.0005805 0.0798664 -0.9968054
vn 0.0005805 0.0798664 -0.9968054
vn 0.0005805 0.0798664 -0.9968054
vn -0.6551869 0.0581316 -0.7532269
vn -0.6551869 0.0581316 -0.7532269
vn -0.6551869 0.0581316 -0.7532269
vn 0.9999307 0.0025527 0.0114906
vn -0.8431152 0.2164044 0.4922661
vn -0.9022199 0.3683774 0.2242709
vn -0.8874039 0.3062690 0.3445485
vn 0.9999254 0.0027324 0.0119032
vn 0.7854552 -0.5908265 -0.1843481
vn -0.8757935 0.3622947 0.3189488
vn -0.8757935 0.3622947 0.3189488
vn 0.3713894 0.0742105 -0.9255067
vn -0.0075795 0.0784385 -0.9968901
vn 0.3437390 0.0749405 -0.9360702
vn 0.8844563 -0.2677446 -0.3821648
vn 0.8844563 -0.2677446 -0.3821648
vn 0.8844563 -0.2677446 -0.3821648
vn 0.5789004 0.0660941 -0.8127151
vn 0.4810658 -0.8699353 -0.1085738
vn 0.4810658 -0.8699353 -0.1085738
vn 0.4810658 -0.8699353 -0.1085738
vn -0.8874146 0.4609655 0.0024881
vn 0.5000625 -0.2666669 -0.8239091
vn 0.5000625 -0.2666669 -0.8239091
vn 0.5000625 -0.2666669 -0.8239091
vn -0.2249908 0.1249845 0.9663116
vn -0.1339588 0.1012763 0.9857982
vn -0.1026068 0.0929710 0.9903677
vn -0.0050924 0.0666923 0.9977606
vn 0.0163738 0.9943650 -0.1047388
vn 0.1353908 0.9661183 -0.2197380
vn -0.0043823 0.9947598 -0.1021453
vn 0.2918373 0.8876527 -0.3562353
vn -0.6446723 -0.0574540 -0.7622970
vn -0.6446723 -0.0574540 -0.7622970
vn -0.6446723 -0.0574540 -0.7622970
vn 0.1370195 -0.0628654 0.9885715
vn 0.1370195 -0.0628654 0.9885715
vn 0.1370195 -0.0628654 0.9885715
vn -0.1574693 0.1736437 -0.9721375
vn -0.1574693 0.1736437 -0.9721375
vn -0.1574693 0.1736437 -0.9721375
vn 0.3552284 0.8374753 -0.4152685
vn -0.1094674 -0.2503181 -0.9619552
vn -0.1094674 -0.2503181 -0.9619552
vn -0.1094674 -0.2503181 -0.9619552
vn 0.6721835 -0.0427069 -0.7391519
vn 0.6721835 -0.0427069 -0.7391519
vn 0.6721835 -0.0427069 -0.7391519
vn 0.7668393 0.6415055 -0.0206914
vn 0.5143178 0.6661713 0.5400861
vn 0.7023287 0.6821979 0.2033234
vn 0.9063633 -0.3319300 0.2613964
vn 0.9063633 -0.3319300 0.2613964
vn 0.9063633 -0.3319300 0.2613964
vn -0.7786033 0.4686030 0.4173584
vn -0.7786033 0.4686030 0.4173584
vn -0.7786033 0.4686030 0.4173584
vn -0.8874760 0.3662855 -0.2796806
vn -0.8874760 0.3662855 -0.2796806
vn -0.8874760 0.3662855 -0.2796806
vn 0.3485710 -0.0359703 -0.9365919
vn 0.3485710 -0.0359703 -0.9365919
vn 0.3485710 -0.0359703 -0.9365919
vn -0.2923556 0.1825981 -0.9387151
vn 0.4813936 0.6558696 0.5814596
vn -0.5495699 -0.6197935 -0.5602044
vn -0.1539327 -0.8895010 -0.4302240
vn 0.1440429 -0.8725906 -0.4667304
vn -0.5185924 -0.5492751 -0.6552547
vn -0.0814611 -0.0601920 0.9948573
vn -0.0814611 -0.0601920 0.9948573
vn -0.0814611 -0.0601920 0.9948573
vn 0.6019918 -0.5976817 -0.5295115
vn -0.8757935 0.3622947 0.3189488
vn -0.2923556 0.1825981 -0.9387151
vn -0.2923556 0.1825981 -0.9387151
vn -0.2394760 0.3809301 -0.8930529
vn -0.2394760 0.3809301 -0.8930529
vn -0.2394760 0.3809301 -0.8930529
vn -0.2103418 -0.9624300 0.1717117
vn 0.2856722 -0.8611059 0.4205806
vn 0.1605207 -0.9163695 0.3667423
vn -0.9987122 -0.0157657 -0.0482225
vn -0.9989027 -0.0373178 -0.0282971
vn -0.9987782 -0.0182564 -0.0459225
vn 0.3959707 -0.1470918 0.9064056
vn 0.3959707 -0.1470918 0.9064056
vn 0.3959707 -0.1470918 0.9064056
vn -0.0360169 0.0020473 -0.9993491
vn -0.0360169 0.0020473 -0.9993491
vn -0.0360169 0.0020473 -0.9993491
vn 0.9739203 0.2121307 0.0804975
vn 0.9739203 0.2121307 0.0804975
vn 0.9739203 0.2121307 0.0804975
vn -0.1818044 -0.9831828 -0.0172856
vn -0.1818044 -0.9831828 -0.0172856
vn -0.1818044 -0.9831828 -0.0172856
vn 0.7642598 0.6448312 0.0099806
vn 0.9780186 0.2084245 0.0062334
vn 0.9702344 0.2421590 -0.0020507
vn -0.0468386 -0.9988759 0.0072819
vn -0.0468386 -0.9988759 0.0072819
vn -0.0468386 -0.9988759 0.0072819
vn -0.9526213 0.3040298 -0.0088608
vn -0.8954552 0.4134373 -0.1650136
vn -0.9522501 0.3051073 -0.0113662
vn 0.3478485 0.4117278 0.8423073
vn 0.2038846 0.9009371 0.3830710
vn 0.1405957 0.8560874 0.4973402
vn -0.6554904 -0.5446780 -0.5231235
vn -0.2498671 -0.6317036 -0.7338372
vn -0.4767330 -0.5279813 -0.7028239
vn 0.9999939 0.0029921 0.0017776
vn 0.9999984 0.0017431 -0.0003897
vn 0.9999786 0.0046328 0.0046247
vn -0.0150721 0.9998079 -0.0125302
vn -0.0882724 0.9956970 0.0282053
vn -0.2438653 0.9698020 0.0037028
vn 0.9118288 0.4104000 -0.0118353
vn 0.9996322 0.0002320 0.0271185
vn 0.9996322 0.0002320 0.0271185
vn 0.9996322 0.0002320 0.0271185
vn 0.9999553 0.0061211 0.0072074
vn -0.9736158 -0.0815756 -0.2131141
vn -0.9828491 -0.0833019 -0.1645249
vn -0.9745359 -0.0817376 -0.2088032
vn 0.9097737 0.0438459 0.4127824
vn 0.9097737 0.0438459 0.4127824
vn 0.9097737 0.0438459 0.4127824
vn -0.9500442 0.2935150 -0.1061370
vn -0.4826886 0.8757621 -0.0072418
vn 0.5974997 -0.7987803 -0.0703144
vn 0.5974997 -0.7987803 -0.0703144
vn 0.5974997 -0.7987803 -0.0703144
vn -0.3754946 -0.9243849 0.0672037
vn 0.0081958 -0.0181003 0.9998026
vn 0.0081958 -0.0181003 0.9998026
vn 0.0081958 -0.0181003 0.9998026
vn -0.4877522 0.2822637 0.8260902
vn -0.8778053 -0.0036386 -0.4790038
vn -0.8778053 -0.0036386 -0.4790038
vn -0.8778053 -0.0036386 -0.4790038
vn -0.6946091 0.7137513 0.0898741
vn -0.6946091 0.7137513 0.0898741
vn -0.6946091 0.7137513 0.0898741
vn 0.0241299 0.8200201 -0.5718259
vn 0.3095896 -0.4789734 -0.8214248
vn 0.0493677 0.8316725 -0.5530675
vn -0.0078449 -0.3214782 -0.9468845
vn -0.9748289 -0.0657241 -0.2130467
vn 0.9990140 -0.0313749 -0.0314099
vn 0.9990140 -0.0313749 -0.0314099
vn 0.9990140 -0.0313749 -0.0314099
vn -0.3912435 0.8930859 0.2220948
vn -0.8455059 -0.4346428 -0.3101700
vn 0.9624631 0.2247125 -0.1522137
vn 0.9490374 0.2537391 -0.1869343
vn 0.9654573 0.2174452 -0.1435610
vn 0.9826342 0.0021496 -0.1855410
vn 0.9826342 0.0021496 -0.1855410
vn 0.9826342 0.0021496 -0.1855410
vn 0.9915136 0.1251944 -0.0350302
vn 0.0086171 0.9999576 -0.0032488
vn 0.0000260 0.8384899 0.5449171
vn 0.9899222 0.1317641 -0.0518862
vn 0.9899222 0.1317641 -0.0518862
vn 0.9899222 0.1317641 -0.0518862
vn -0.9964352 0.0206746 -0.0817893
vn 0.0267422 0.3328705 -0.9425933
vn -0.7862726 0.4984406 0.3651470
vn -0.9591120 0.0953145 -0.2664945
vn -0.9591120 0.0953145 -0.2664945
vn -0.9591120 0.0953145 -0.2664945
vn -0.9865848 0.1607010 0.0287327
vn -0.9865848 0.1607010 0.0287327
vn -0.9865848 0.1607010 0.0287327
vn 0.9761360 -0.1030419 0.1911567
vn 0.9701938 -0.0939022 0.2233973
vn 0.9498827 -0.0700363 0.3046601
vn -0.9740810 -0.0742493 0.2136661
vn -0.9837832 -0.0971418 0.1507783
vn -0.9825543 -0.0935676 0.1607236
vn 0.1232405 0.5393149 0.8330374
vn 0.9900202 0.0192615 0.1396031
vn 0.9900202 0.0192615 0.1396031
vn 0.9900202 0.0192615 0.1396031
vn -0.1324947 0.5304514 0.8372971
vn 0.1763245 0.2683372 0.9470506
vn 0.2527179 0.2018454 0.9462516
vn 0.1588281 0.2829674 0.9458875
vn 0.0957309 0.3339595 0.9377135
vn -0.1422333 -0.8676915 -0.4763205
vn -0.1422333 -0.8676915 -0.4763205
vn -0.1422333 -0.8676915 -0.4763205
vn -0.0061032 -0.0311023 0.9994976
vn -0.0002789 -0.0077141 0.9999702
vn -0.0081816 -0.0063470 0.9999464
vn 0.1014972 0.0200463 0.9946338
vn 0.1141683 0.0221763 0.9932139
vn -0.2183422 0.0359213 -0.9752109
vn -0.2183422 0.0359213 -0.9752109
vn -0.2183422 0.0359213 -0.9752109
vn -0.9876800 -0.1117952 0.1094990
vn -0.7722884 0.2426472 -0.5871056
vn -0.7722884 0.2426472 -0.5871056
vn -0.7722884 0.2426472 -0.5871056
vn 0.9196725 0.3411123 -0.1945376
vn 0.9196725 0.3411123 -0.1945376
vn 0.9196725 0.3411123 -0.1945376
vn 0.9845357 -0.1207065 0.1269623
vn -0.5665365 0.4625152 0.6819942
vn -0.5665365 0.4625152 0.6819942
vn 0.9999731 0.0000138 0.0073337
vn 0.9999731 0.0000138 0.0073337
vn 0.9999731 0.0000138 0.0073337
vn 0.8605812 0.0769627 -0.5034648
vn 0.8605812 0.0769627 -0.5034648
vn 0.8605812 0.0769627 -0.5034648
vn -0.9939363 -0.0147598 0.1089624
vn -0.9939363 -0.0147598 0.1089624
vn -0.9939363 -0.0147598 0.1089624
vn -0.4877522 0.2822637 0.8260902
vn -0.4877522 0.2822637 0.8260902
vn -0.9748289 -0.0657241 -0.2130467
vn -0.9748289 -0.0657241 -0.2130467
vn -0.9637265 -0.0799245 -0.2546436
vn -0.5665365 0.4625152 0.6819942
vn 0.0336746 -0.0015768 0.9994316
vn -0.0077027 -0.0277890 0.9995841
vn 0.0097886 -0.0160624 0.9998231
vn 0.0762372 -0.0021271 0.9970874
vn 0.0736810 -0.0017494 0.9972803
vn -0.7924863 0.0030952 0.6098819
vn -0.7924863 0.0030952 0.6098819
vn -0.7924863 0.0030952 0.6098819
vn -0.0811753 0.5240848 -0.8477887
vn -0.0811753 0.5240848 -0.8477887
vn -0.0811753 0.5240848 -0.8477887
vn -0.5840945 -0.0591684 -0.8095262
vn -0.5840945 -0.0591684 -0.8095262
vn -0.5840945 -0.0591684 -0.8095262
vn 0.6712478 -0.4663897 -0.5761137
vn 0.6712478 -0.4663897 -0.5761137
vn 0.6712478 -0.4663897 -0.5761137
vn -0.1001329 0.8910922 0.4426377
vn -0.3062238 0.9031688 0.3008539
vn 0.5032840 0.5394859 0.6750261
vn -0.8141924 0.4966464 -0.3007210
vn 0.0627393 -0.4989915 -0.8643329
vn -0.0115367 -0.8621508 -0.5065203
vn 0.3372526 -0.7644763 -0.5493967
vn 0.9455059 0.2511558 -0.2072179
vn 0.9768281 0.1394858 -0.1623286
vn 0.9621094 0.2724657 -0.0103900
vn 0.8109098 0.5818946 -0.0618390
vn 0.5618812 0.6704110 -0.4846014
vn 0.0054905 0.5202619 -0.8539891
vn 0.4278580 -0.8717889 -0.2385825
vn -0.9889087 0.0386695 0.1434023
vn -0.9889087 0.0386695 0.1434023
vn -0.9889087 0.0386695 0.1434023
vn 0.9206636 0.3897053 -0.0225480
vn 0.9990012 -0.0123131 -0.0429538
vn 0.9982838 0.0047361 0.0583702
vn 0.9948151 0.0099287 0.1012141
vn 0.2994151 -0.3074385 0.9032343
vn 0.2994151 -0.3074385 0.9032343
vn 0.2994151 -0.3074385 0.9032343
vn -0.4746675 -0.8798565 -0.0233094
vn 0.2195909 -0.9727602 -0.0742790
vn 0.9941995 0.0110196 0.1069859
vn -0.2192541 -0.0903460 0.9714758
vn -0.2192541 -0.0903460 0.9714758
vn -0.2192541 -0.0903460 0.9714758
vn 0.1762034 -0.2727174 -0.9458211
vn 0.1762034 -0.2727174 -0.9458211
vn 0.1762034 -0.2727174 -0.9458211
vn 0.9433695 -0.1201445 -0.3092237
vn 0.9433695 -0.1201445 -0.3092237
vn 0.9433695 -0.1201445 -0.3092237
vn -0.9440619 0.3121909 -0.1062257
vn -0.9440619 0.3121909 -0.1062257
vn -0.9440619 0.3121909 -0.1062257
vn -0.9022482 0.2797626 -0.3281481
vn -0.8555087 0.3548633 -0.3770636
vn -0.8254743 0.3953937 -0.4028102
vn -0.7861771 0.4420891 -0.4318367
vn 0.8584978 0.3493606 0.3754047
vn 0.0583518 -0.9575796 0.2821992
vn 0.1644581 0.0651810 -0.9842281
vn 0.1644581 0.0651810 -0.9842281
vn 0.1644581 0.0651810 -0.9842281
vn 0.1048563 -0.3566393 0.9283392
vn 0.1048563 -0.3566393 0.9283392
vn 0.1048563 -0.3566393 0.9283392
vn -0.2048320 0.5957286 0.7766281
vn -0.2048320 0.5957286 0.7766281
vn -0.2048320 0.5957286 0.7766281
vn 0.6503492 0.4472249 -0.6140324
vn 0.6503492 0.4472249 -0.6140324
vn 0.6503492 0.4472249 -0.6140324
vn 0.4897833 -0.0545325 0.8701371
vn 0.2704701 -0.0615282 0.9607602
vn 0.5504129 -0.0518265 0.8332824
vn -0.2755811 -0.5511250 0.7876016
vn 0.1732119 -0.0634460 0.9828389
vn -0.5573114 0.2022504 -0.8052942
vn -0.5945000 0.2406919 -0.7672270
vn -0.5501436 0.4109437 -0.7269576
vn -0.4322944 0.5461418 -0.7175310
vn 0.1760396 -0.8273910 0.5333237
vn 0.1760396 -0.8273910 0.5333237
vn 0.1760396 -0.8273910 0.5333237
vn -0.2895343 -0.2796021 0.9154193
vn -0.2895343 -0.2796021 0.9154193
vn -0.2895343 -0.2796021 0.9154193
vn 0.9944717 -0.0133175 -0.1041569
vn -0.2434481 0.6932438 -0.6783407
vn -0.2072388 0.7716942 -0.6012821
vn 0.1552136 0.8868677 0.4351716
vn 0.1552136 0.8868677 0.4351716
vn 0.1552136 0.8868677 0.4351716
vn -0.0351857 -0.0429010 -0.9984596
vn -0.0351857 -0.0429010 -0.9984596
vn -0.0351857 -0.0429010 -0.9984596
vn -0.0088899 0.3414476 -0.9398588
vn -0.0088899 0.3414476 -0.9398588
vn 0.9951348 -0.0416222 -0.0892989
vn 0.8400747 0.2438714 -0.4845629
vn -0.9726208 0.1158789 0.2014471
vn -0.9726208 0.1158789 0.2014471
vn -0.9726208 0.1158789 0.2014471
vn -0.0064512 0.9446722 0.3279524
vn -0.0064512 0.9446722 0.3279524
vn -0.0064512 0.9446722 0.3279524
vn -0.0019463 0.0941745 0.9955538
vn -0.0019463 0.0941745 0.9955538
vn -0.0019463 0.0941745 0.9955538
vn 0.7406914 0.6153628 0.2696383
vn 0.9949644 -0.0422586 -0.0908843
vn -0.9948703 0.0438126 0.0911786
vn -0.9948703 0.0438126 0.0911786
vn -0.9948703 0.0438126 0.0911786
vn 0.7356638 0.6221287 0.2678705
vn -0.8075659 -0.5266343 -0.2655063
vn -0.8075659 -0.5266343 -0.2655063
vn -0.8075659 -0.5266343 -0.2655063
vn -0.9566084 0.2900897 -0.0273574
vn -0.9566084 0.2900897 -0.0273574
vn -0.9566084 0.2900897 -0.0273574
vn -0.5269845 -0.8400518 -0.1288424
vn -0.0088899 0.3414476 -0.9398588
vn 0.7773723 0.5620305 0.2825137
vn 0.7742627 0.5668491 0.2814239
vn -0.9998488 -0.0172196 -0.0024140
vn -0.9998586 -0.0165930 0.0027269
vn -0.9955865 -0.0016916 0.0938333
vn -0.9946241 0.0000187 0.1035516
vn -0.5016291 -0.8355057 0.2242733
vn -0.8775219 -0.4726440 0.0810128
vn -0.6323488 -0.7692579 0.0915277
vn -0.1215417 -0.9820033 0.1445583
vn -0.5386632 0.5789771 0.6120682
vn -0.5386632 0.5789771 0.6120682
vn -0.5386632 0.5789771 0.6120682
vn -0.9492086 -0.0667429 -0.3074873
vn -0.9492086 -0.0667429 -0.3074873
vn -0.9492086 -0.0667429 -0.3074873
vn -0.0159110 0.0039172 -0.9998657
vn 0.1345254 -0.0212648 -0.9906820
vn -0.0412498 0.0081559 -0.9991156
vn 0.1619127 -0.0258525 -0.9864664
vn 0.0154841 0.3375908 -0.9411656
vn 0.0154841 0.3375908 -0.9411656
vn 0.0154841 0.3375908 -0.9411656
vn 0.9321569 -0.3382915 -0.1290058
vn 0.9142210 -0.3692971 -0.1667919
vn 0.8716645 -0.4274024 -0.2398506
vn 0.7393888 0.6423449 0.2017353
vn 0.7393888 0.6423449 0.2017353
vn 0.7393888 0.6423449 0.2017353
vn 0.0648807 0.7596727 0.6470610
vn 0.3511354 0.5095497 0.7855336
vn -0.2611990 0.7885836 0.5566965
vn 0.9722421 -0.0370669 -0.2310225
vn 0.9722421 -0.0370669 -0.2310225
vn 0.9722421 -0.0370669 -0.2310225
vn -0.8634155 0.0897282 -0.4964499
vn -0.7573406 0.0798651 -0.6481178
vn -0.7144987 0.0758060 -0.6955178
vn -0.9998642 -0.0161519 -0.0032825
vn -0.9442793 -0.3290457 -0.0080956
vn -0.9442793 -0.3290457 -0.0080956
vn -0.9442793 -0.3290457 -0.0080956
vn -0.3565315 0.0308373 0.9337742
vn -0.3565315 0.0308373 0.9337742
vn -0.3565315 0.0308373 0.9337742
vn 0.2530123 0.4578026 0.8522919
vn -0.0635614 -0.9979355 -0.0092063
vn -0.6124429 0.0660236 -0.7877529
vn -0.2710902 0.3850091 -0.8822007
vn -0.2710902 0.3850091 -0.8822007
vn -0.2710902 0.3850091 -0.8822007
vn 0.9949180 -0.1002195 -0.0097041
vn 0.9949180 -0.1002195 -0.0097041
vn 0.9949180 -0.1002195 -0.0097041
vn 0.9585518 -0.2847262 0.0104580
vn 0.9585518 -0.2847262 0.0104580
vn 0.9143700 0.1808155 -0.3622612
vn 0.9143700 0.1808155 -0.3622612
vn 0.9143700 0.1808155 -0.3622612
vn -0.9107785 -0.4128812 0.0034135
vn -0.7395705 0.6713826 0.0477594
vn -0.8345283 0.3422621 -0.4317628
vn -0.8345283 0.3422621 -0.4317628
vn -0.8345283 0.3422621 -0.4317628
vn -0.0731154 -0.2785362 0.9576386
vn 0.0142703 -0.3369158 0.9414266
vn 0.1386186 -0.4135733 0.8998567
vn -0.2469384 -0.1510698 0.9571830
vn -0.8761267 0.3159101 0.3641467
vn -0.8761267 0.3159101 0.3641467
vn -0.8761267 0.3159101 0.3641467
vn 0.9846609 -0.1744749 -0.0011790
vn 0.9846609 -0.1744749 -0.0011790
vn 0.9846609 -0.1744749 -0.0011790
vn 0.0204670 0.9922070 -0.1229080
vn 0.0310036 0.9957389 -0.0868492
vn 0.0443378 0.9981823 -0.0408192
vn 0.9891916 0.1460782 -0.0126911
vn 0.9904401 0.1356079 -0.0252765
vn 0.9881851 0.1532105 -0.0040890
vn 0.9874134 0.1581492 0.0018816
vn -0.9873497 0.0785953 0.1377075
vn -0.9792112 0.0678476 0.1911599
vn -0.9945211 0.1045229 0.0016596
vn 0.8575565 0.2266188 0.4617799
vn 0.8575565 0.2266188 0.4617799
vn 0.8575565 0.2266188 0.4617799
vn 0.1700866 -0.1341837 0.9762506
vn 0.2195627 -0.1717948 0.9603535
vn 0.0522531 0.9985455 -0.0132824
vn -0.9503438 0.0431507 0.3081959
vn 0.9830825 -0.0053077 -0.1830862
vn 0.9830825 -0.0053077 -0.1830862
vn 0.9830825 -0.0053077 -0.1830862
vn -0.6932606 -0.5170601 0.5020344
vn -0.6932606 -0.5170601 0.5020344
vn -0.6932606 -0.5170601 0.5020344
vn 0.8395306 -0.4623163 -0.2853979
vn -0.9793526 -0.0986890 -0.1764340
vn -0.9793526 -0.0986890 -0.1764340
vn -0.9793526 -0.0986890 -0.1764340
vn 0.3531436 0.2075662 -0.9122532
vn 0.3531436 0.2075662 -0.9122532
vn 0.3531436 0.2075662 -0.9122532
vn -0.1896157 -0.2817553 -0.9405636
vn -0.1896157 -0.2817553 -0.9405636
vn -0.1896157 -0.2817553 -0.9405636
vn -0.9802863 -0.0636240 0.1870583
vn -0.9802863 -0.0636240 0.1870583
vn -0.9802863 -0.0636240 0.1870583
vn 0.9108285 -0.4127602 0.0045318
vn 0.9108285 -0.4127602 0.0045318
vn 0.9108285 -0.4127602 0.0045318
vn 0.9585518 -0.2847262 0.0104580
vn 0.2030094 -0.1592134 0.9661461
vn 0.2594163 -0.2020760 0.9443879
usemtl meshy
f 2936/2936/2936 2937/2937/2937 2938/2938/2938
f 1160/1160/1160 1161/1161/1161 1162/1162/1162
f 1339/1339/1339 1340/1340/1340 1341/1341/1341
f 1342/1342/1342 1343/1343/1343 1344/1344/1344
f 2581/2581/2581 2582/2582/2582 2583/2583/2583
f 2583/2583/2583 2582/2582/2582 2584/2584/2584
f 1345/1345/1345 1346/1346/1346 1347/1347/1347
f 2939/2939/2939 2936/2936/2936 2940/2940/2940
f 2431/2431/2431 2432/2432/2432 2433/2433/2433
f 2936/2936/2936 2938/2938/2938 2940/2940/2940
f 1161/1161/1161 1163/1163/1163 1164/1164/1164
f 1160/1160/1160 1163/1163/1163 1161/1161/1161
f 2434/2434/2434 2435/2435/2435 2436/2436/2436
f 1348/1348/1348 1339/1339/1339 1341/1341/1341
f 2941/2941/2941 2942/2942/2942 2943/2943/2943
f 2437/2437/2437 2438/2438/2438 2439/2439/2439
f 2440/2440/2440 2441/2441/2441 2442/2442/2442
f 2443/2443/2443 2444/2444/2444 2445/2445/2445
f 1349/1349/1349 1350/1350/1350 1351/1351/1351
f 2446/2446/2446 2447/2447/2447 2448/2448/2448
f 1352/1352/1352 1353/1353/1353 1354/1354/1354
f 1165/1165/1165 1166/1166/1166 1167/1167/1167
f 2944/2944/2944 2945/2945/2945 2946/2946/2946
f 2947/2947/2947 2948/2948/2948 2949/2949/2949
f 2585/2585/2585 2586/2586/2586 2587/2587/2587
f 2588/2588/2588 2589/2589/2589 2590/2590/2590
f 1355/1355/1355 1356/1356/1356 1357/1357/1357
f 2449/2449/2449 2450/2450/2450 2451/2451/2451
f 2590/2590/2590 2589/2589/2589 2591/2591/2591
f 2950/2950/2950 2951/2951/2951 2952/2952/2952
f 2590/2590/2590 2591/2591/2591 2592/2592/2592
f 1358/1358/1358 1359/1359/1359 1360/1360/1360
f 1361/1361/1361 1362/1362/1362 1363/1363/1363
f 1364/1364/1364 1365/1365/1365 1366/1366/1366
f 2593/2593/2593 2594/2594/2594 2595/2595/2595
f 1356/1356/1356 1367/1367/1367 1357/1357/1357
f 2592/2592/2592 2591/2591/2591 2596/2596/2596
f 1168/1168/1168 1169/1169/1169 1170/1170/1170
f 2591/2591/2591 2589/2589/2589 2597/2597/2597
f 2953/2953/2953 2954/2954/2954 2955/2955/2955
f 1171/1171/1171 1172/1172/1172 1173/1173/1173
f 2954/2954/2954 2953/2953/2953 2956/2956/2956
f 2452/2452/2452 2453/2453/2453 2454/2454/2454
f 2455/2455/2455 2456/2456/2456 2457/2457/2457
f 2458/2458/2458 2448/2448/2448 2447/2447/2447
f 2957/2957/2957 2958/2958/2958 2959/2959/2959
f 1174/1174/1174 1175/1175/1175 1176/1176/1176
f 2459/2459/2459 2460/2460/2460 2461/2461/2461
f 2598/2598/2598 2599/2599/2599 2600/2600/2600
f 2446/2446/2446 2448/2448/2448 2462/2462/2462
f 1368/1368/1368 1369/1369/1369 1370/1370/1370
f 1177/1177/1177 1178/1178/1178 1179/1179/1179
f 2601/2601/2601 2602/2602/2602 2603/2603/2603
f 1180/1180/1180 1169/1169/1169 1168/1168/1168
f 2960/2960/2960 2961/2961/2961 2962/2962/2962
f 2604/2604/2604 2601/2601/2601 2603/2603/2603
f 1371/1371/1371 1372/1372/1372 1373/1373/1373
f 1374/1374/1374 1371/1371/1371 1373/1373/1373
f 1371/1371/1371 1374/1374/1374 1375/1375/1375
f 1181/1181/1181 1182/1182/1182 1183/1183/1183
f 1181/1181/1181 1183/1183/1183 1184/1184/1184
f 1376/1376/1376 1377/1377/1377 1378/1378/1378
f 2678/2678/2678 2605/2605/2605 2606/2606/2606
f 1185/1185/1185 1186/1186/1186 1187/1187/1187
f 1188/1188/1188 1189/1189/1189 1190/1190/1190
f 2963/2963/2963 2964/2964/2964 2965/2965/2965
f 1379/1379/1379 1380/1380/1380 1381/1381/1381
f 2463/2463/2463 2464/2464/2464 2465/2465/2465
f 2957/2957/2957 2959/2959/2959 2966/2966/2966
f 2967/2967/2967 2968/2968/2968 2969/2969/2969
f 2962/2962/2962 2970/2970/2970 2960/2960/2960
f 2466/2466/2466 2467/2467/2467 2468/2468/2468
f 1191/1191/1191 1192/1192/1192 1193/1193/1193
f 1382/1382/1382 1371/1371/1371 1383/1383/1383
f 2607/2607/2607 2608/2608/2608 2609/2609/2609
f 2971/2971/2971 2972/2972/2972 2973/2973/2973
f 1194/1194/1194 1195/1195/1195 1196/1196/1196
f 1384/1384/1384 1522/1522/1522 1523/1523/1523
f 1197/1197/1197 1198/1198/1198 1199/1199/1199
f 1200/1200/1200 1201/1201/1201 1202/1202/1202
f 2974/2974/2974 2975/2975/2975 2976/2976/2976
f 1203/1203/1203 1204/1204/1204 1205/1205/1205
f 2453/2453/2453 2469/2469/2469 2454/2454/2454
f 2605/2605/2605 2678/2678/2678 2610/2610/2610
f 2611/2611/2611 2612/2612/2612 2679/2679/2679
f 1382/1382/1382 1372/1372/1372 1371/1371/1371
f 1385/1385/1385 1386/1386/1386 1387/1387/1387
f 2577/2577/2577 2578/2578/2578 2461/2461/2461
f 2470/2470/2470 2471/2471/2471 2472/2472/2472
f 1206/1206/1206 1207/1207/1207 1208/1208/1208
f 1388/1388/1388 1389/1389/1389 1390/1390/1390
f 3063/3063/3063 3064/3064/3064 3065/3065/3065
f 1391/1391/1391 1392/1392/1392 1393/1393/1393
f 3059/3059/3059 2977/2977/2977 2978/2978/2978
f 1393/1393/1393 1394/1394/1394 1395/1395/1395
f 1396/1396/1396 1397/1397/1397 1398/1398/1398
f 1359/1359/1359 1399/1399/1399 1360/1360/1360
f 2473/2473/2473 2474/2474/2474 2475/2475/2475
f 2474/2474/2474 2476/2476/2476 2475/2475/2475
f 2477/2477/2477 2478/2478/2478 2479/2479/2479
f 2480/2480/2480 2481/2481/2481 2482/2482/2482
f 1209/1209/1209 1210/1210/1210 1332/1332/1332
f 2680/2680/2680 2613/2613/2613 2681/2681/2681
f 3064/3064/3064 3066/3066/3066 3065/3065/3065
f 1211/1211/1211 1204/1204/1204 1203/1203/1203
f 1212/1212/1212 1208/1208/1208 1207/1207/1207
f 1213/1213/1213 1191/1191/1191 1193/1193/1193
f 1400/1400/1400 1401/1401/1401 1402/1402/1402
f 1403/1403/1403 1404/1404/1404 1405/1405/1405
f 1333/1333/1333 1214/1214/1214 1334/1334/1334
f 1372/1372/1372 1382/1382/1382 1406/1406/1406
f 1389/1389/1389 1407/1407/1407 1390/1390/1390
f 1408/1408/1408 1409/1409/1409 1410/1410/1410
f 2971/2971/2971 2973/2973/2973 2979/2979/2979
f 1411/1411/1411 1412/1412/1412 1413/1413/1413
f 2483/2483/2483 2484/2484/2484 2485/2485/2485
f 2980/2980/2980 2981/2981/2981 2982/2982/2982
f 2614/2614/2614 2615/2615/2615 2616/2616/2616
f 2966/2966/2966 2959/2959/2959 2978/2978/2978
f 2486/2486/2486 2460/2460/2460 2459/2459/2459
f 2983/2983/2983 2984/2984/2984 2985/2985/2985
f 2986/2986/2986 2987/2987/2987 2988/2988/2988
f 2487/2487/2487 2488/2488/2488 2489/2489/2489
f 2490/2490/2490 2491/2491/2491 2492/2492/2492
f 1215/1215/1215 1216/1216/1216 1217/1217/1217
f 1218/1218/1218 1219/1219/1219 1220/1220/1220
f 2617/2617/2617 2618/2618/2618 2619/2619/2619
f 1414/1414/1414 1415/1415/1415 1416/1416/1416
f 2462/2462/2462 2493/2493/2493 2446/2446/2446
f 2620/2620/2620 2621/2621/2621 2622/2622/2622
f 2989/2989/2989 2990/2990/2990 2991/2991/2991
f 1221/1221/1221 1213/1213/1213 1193/1193/1193
f 2623/2623/2623 2624/2624/2624 2625/2625/2625
f 2992/2992/2992 2993/2993/2993 2994/2994/2994
f 1417/1417/1417 1418/1418/1418 1419/1419/1419
f 2494/2494/2494 2495/2495/2495 2496/2496/2496
f 2626/2626/2626 2627/2627/2627 2628/2628/2628
f 1420/1420/1420 1421/1421/1421 1417/1417/1417
f 1222/1222/1222 1223/1223/1223 1224/1224/1224
f 1225/1225/1225 1226/1226/1226 1227/1227/1227
f 1422/1422/1422 1423/1423/1423 1424/1424/1424
f 2494/2494/2494 2496/2496/2496 2497/2497/2497
f 1228/1228/1228 1229/1229/1229 1230/1230/1230
f 2993/2993/2993 2995/2995/2995 2994/2994/2994
f 2498/2498/2498 2499/2499/2499 2500/2500/2500
f 2629/2629/2629 2630/2630/2630 2631/2631/2631
f 2632/2632/2632 2615/2615/2615 2614/2614/2614
f 2621/2621/2621 2620/2620/2620 2633/2633/2633
f 1370/1370/1370 1369/1369/1369 1425/1425/1425
f 1426/1426/1426 1427/1427/1427 1428/1428/1428
f 2963/2963/2963 2996/2996/2996 2964/2964/2964
f 2634/2634/2634 2635/2635/2635 2636/2636/2636
f 2637/2637/2637 2622/2622/2622 2621/2621/2621
f 1429/1429/1429 1430/1430/1430 1431/1431/1431
f 1231/1231/1231 1232/1232/1232 1233/1233/1233
f 1432/1432/1432 1433/1433/1433 1434/1434/1434
f 1421/1421/1421 1418/1418/1418 1417/1417/1417
f 1234/1234/1234 1235/1235/1235 1335/1335/1335
f 1023/1023/1023 1024/1024/1024 1025/1025/1025
f 1435/1435/1435 1419/1419/1419 1418/1418/1418
f 1420/1420/1420 1432/1432/1432 1434/1434/1434
f 2501/2501/2501 2502/2502/2502 2503/2503/2503
f 2638/2638/2638 2639/2639/2639 2682/2682/2682
f 1236/1236/1236 1211/1211/1211 1203/1203/1203
f 2504/2504/2504 2505/2505/2505 2506/2506/2506
f 1237/1237/1237 1238/1238/1238 1239/1239/1239
f 1240/1240/1240 1186/1186/1186 1185/1185/1185
f 2507/2507/2507 2508/2508/2508 2509/2509/2509
f 2510/2510/2510 2511/2511/2511 2512/2512/2512
f 2513/2513/2513 2514/2514/2514 2515/2515/2515
f 2640/2640/2640 2641/2641/2641 2642/2642/2642
f 2516/2516/2516 2517/2517/2517 2518/2518/2518
f 2519/2519/2519 2520/2520/2520 2521/2521/2521
f 1436/1436/1436 1437/1437/1437 1438/1438/1438
f 2522/2522/2522 2523/2523/2523 2524/2524/2524
f 1420/1420/1420 1434/1434/1434 1421/1421/1421
f 2643/2643/2643 2644/2644/2644 2645/2645/2645
f 1241/1241/1241 1242/1242/1242 1243/1243/1243
f 2646/2646/2646 2647/2647/2647 2648/2648/2648
f 1439/1439/1439 1440/1440/1440 1441/1441/1441
f 3067/3067/3067 3068/3068/3068 3069/3069/3069
f 1336/1336/1336 1337/1337/1337 1244/1244/1244
f 2978/2978/2978 2977/2977/2977 2997/2997/2997
f 2649/2649/2649 2650/2650/2650 2651/2651/2651
f 2978/2978/2978 2997/2997/2997 2966/2966/2966
f 2998/2998/2998 2999/2999/2999 3000/3000/3000
f 2525/2525/2525 2526/2526/2526 2527/2527/2527
f 1245/1245/1245 1246/1246/1246 1247/1247/1247
f 2652/2652/2652 2653/2653/2653 2654/2654/2654
f 2528/2528/2528 2529/2529/2529 2530/2530/2530
f 1203/1203/1203 1248/1248/1248 1236/1236/1236
f 1442/1442/1442 1443/1443/1443 1444/1444/1444
f 1445/1445/1445 1446/1446/1446 1447/1447/1447
f 2639/2639/2639 2638/2638/2638 2655/2655/2655
f 2656/2656/2656 2657/2657/2657 2658/2658/2658
f 1448/1448/1448 1449/1449/1449 1450/1450/1450
f 2531/2531/2531 2532/2532/2532 2533/2533/2533
f 1451/1451/1451 1452/1452/1452 1453/1453/1453
f 1454/1454/1454 1455/1455/1455 1524/1524/1524
f 1026/1026/1026 1027/1027/1027 1028/1028/1028
f 1456/1456/1456 1525/1525/1525 1526/1526/1526
f 1393/1393/1393 1392/1392/1392 1394/1394/1394
f 3001/3001/3001 3002/3002/3002 3003/3003/3003
f 1457/1457/1457 1458/1458/1458 1437/1437/1437
f 1459/1459/1459 1460/1460/1460 1461/1461/1461
f 3004/3004/3004 3005/3005/3005 3006/3006/3006
f 2659/2659/2659 2656/2656/2656 2660/2660/2660
f 1249/1249/1249 1250/1250/1250 1251/1251/1251
f 2579/2579/2579 2580/2580/2580 2534/2534/2534
f 1252/1252/1252 1251/1251/1251 1250/1250/1250
f 1394/1394/1394 1392/1392/1392 1462/1462/1462
f 1463/1463/1463 1464/1464/1464 1465/1465/1465
f 1464/1464/1464 1466/1466/1466 1465/1465/1465
f 2515/2515/2515 2535/2535/2535 2513/2513/2513
f 1253/1253/1253 1254/1254/1254 1255/1255/1255
f 3007/3007/3007 3008/3008/3008 3009/3009/3009
f 2651/2651/2651 2661/2661/2661 2649/2649/2649
f 3010/3010/3010 3011/3011/3011 3012/3012/3012
f 3013/3013/3013 2966/2966/2966 2997/2997/2997
f 2536/2536/2536 2537/2537/2537 2538/2538/2538
f 1256/1256/1256 1257/1257/1257 1338/1338/1338
f 2539/2539/2539 2540/2540/2540 2541/2541/2541
f 1258/1258/1258 1259/1259/1259 1260/1260/1260
f 1467/1467/1467 1468/1468/1468 1469/1469/1469
f 1470/1470/1470 1471/1471/1471 1472/1472/1472
f 1465/1465/1465 1473/1473/1473 1463/1463/1463
f 1474/1474/1474 1475/1475/1475 1527/1527/1527
f 1447/1447/1447 1446/1446/1446 1476/1476/1476
f 1477/1477/1477 1478/1478/1478 1479/1479/1479
f 1261/1261/1261 1262/1262/1262 1263/1263/1263
f 2640/2640/2640 2642/2642/2642 2662/2662/2662
f 2542/2542/2542 2502/2502/2502 2501/2501/2501
f 1264/1264/1264 1265/1265/1265 1266/1266/1266
f 1267/1267/1267 1268/1268/1268 1269/1269/1269
f 1249/1249/1249 1251/1251/1251 1270/1270/1270
f 2524/2524/2524 2543/2543/2543 2522/2522/2522
f 3010/3010/3010 3014/3014/3014 3011/3011/3011
f 1468/1468/1468 1480/1480/1480 1469/1469/1469
f 2657/2657/2657 2656/2656/2656 2659/2659/2659
f 1438/1438/1438 1437/1437/1437 1458/1458/1458
f 1481/1481/1481 1458/1458/1458 1457/1457/1457
f 1252/1252/1252 1250/1250/1250 1271/1271/1271
f 2544/2544/2544 2492/2492/2492 2491/2491/2491
f 3015/3015/3015 3016/3016/3016 3017/3017/3017
f 1252/1252/1252 1271/1271/1271 1272/1272/1272
f 1273/1273/1273 1258/1258/1258 1260/1260/1260
f 3016/3016/3016 3018/3018/3018 3017/3017/3017
f 1475/1475/1475 1482/1482/1482 1527/1527/1527
f 3069/3069/3069 3070/3070/3070 3067/3067/3067
f 3071/3071/3071 3072/3072/3072 3073/3073/3073
f 1274/1274/1274 1275/1275/1275 1276/1276/1276
f 1399/1399/1399 1483/1483/1483 1360/1360/1360
f 2577/2577/2577 2461/2461/2461 2460/2460/2460
f 1277/1277/1277 1180/1180/1180 1168/1168/1168
f 1484/1484/1484 1485/1485/1485 1486/1486/1486
f 3019/3019/3019 3020/3020/3020 3021/3021/3021
f 2537/2537/2537 2536/2536/2536 2545/2545/2545
f 1479/1479/1479 1478/1478/1478 1487/1487/1487
f 1488/1488/1488 1489/1489/1489 1490/1490/1490
f 1266/1266/1266 1278/1278/1278 1264/1264/1264
f 3022/3022/3022 3023/3023/3023 3024/3024/3024
f 3025/3025/3025 2971/2971/2971 2979/2979/2979
f 1025/1025/1025 1029/1029/1029 1023/1023/1023
f 3017/3017/3017 3018/3018/3018 3026/3026/3026
f 1279/1279/1279 1280/1280/1280 1281/1281/1281
f 2546/2546/2546 2517/2517/2517 2516/2516/2516
f 1491/1491/1491 1492/1492/1492 1493/1493/1493
f 2663/2663/2663 2664/2664/2664 2665/2665/2665
f 2547/2547/2547 2548/2548/2548 2549/2549/2549
f 2550/2550/2550 2551/2551/2551 2552/2552/2552
f 2666/2666/2666 2667/2667/2667 2668/2668/2668
f 2548/2548/2548 2553/2553/2553 2549/2549/2549
f 1282/1282/1282 1281/1281/1281 1280/1280/1280
f 1494/1494/1494 1495/1495/1495 1496/1496/1496
f 1283/1283/1283 1284/1284/1284 1285/1285/1285
f 3027/3027/3027 3026/3026/3026 3018/3018/3018
f 1030/1030/1030 1031/1031/1031 1032/1032/1032
f 2546/2546/2546 2516/2516/2516 2554/2554/2554
f 2669/2669/2669 2670/2670/2670 2671/2671/2671
f 2555/2555/2555 2547/2547/2547 2549/2549/2549
f 3028/3028/3028 3029/3029/3029 3030/3030/3030
f 1286/1286/1286 1236/1236/1236 1248/1248/1248
f 1287/1287/1287 1288/1288/1288 1289/1289/1289
f 1485/1485/1485 1497/1497/1497 1486/1486/1486
f 1454/1454/1454 1524/1524/1524 1498/1498/1498
f 2671/2671/2671 2670/2670/2670 2672/2672/2672
f 3074/3074/3074 3075/3075/3075 3076/3076/3076
f 1290/1290/1290 1291/1291/1291 1292/1292/1292
f 1293/1293/1293 1294/1294/1294 1295/1295/1295
f 1033/1033/1033 1034/1034/1034 1035/1035/1035
f 1296/1296/1296 1297/1297/1297 1298/1298/1298
f 1499/1499/1499 1500/1500/1500 1501/1501/1501
f 1036/1036/1036 1037/1037/1037 1038/1038/1038
f 1299/1299/1299 1300/1300/1300 1301/1301/1301
f 3031/3031/3031 3032/3032/3032 3033/3033/3033
f 3077/3077/3077 3078/3078/3078 3079/3079/3079
f 1039/1039/1039 1040/1040/1040 1041/1041/1041
f 3077/3077/3077 3080/3080/3080 3078/3078/3078
f 1040/1040/1040 1042/1042/1042 1041/1041/1041
f 2673/2673/2673 2674/2674/2674 2675/2675/2675
f 1502/1502/1502 1503/1503/1503 1504/1504/1504
f 1505/1505/1505 1506/1506/1506 1507/1507/1507
f 1508/1508/1508 1509/1509/1509 1510/1510/1510
f 1043/1043/1043 1032/1032/1032 1044/1044/1044
f 1511/1511/1511 1512/1512/1512 1501/1501/1501
f 1302/1302/1302 1303/1303/1303 1304/1304/1304
f 3034/3034/3034 3060/3060/3060 3035/3035/3035
f 2683/2683/2683 2676/2676/2676 2677/2677/2677
f 3081/3081/3081 3082/3082/3082 3083/3083/3083
f 3084/3084/3084 3085/3085/3085 3086/3086/3086
f 1288/1288/1288 1287/1287/1287 1305/1305/1305
f 1513/1513/1513 1514/1514/1514 1515/1515/1515
f 1499/1499/1499 1501/1501/1501 1512/1512/1512
f 2556/2556/2556 2557/2557/2557 2558/2558/2558
f 2559/2559/2559 2560/2560/2560 2561/2561/2561
f 1306/1306/1306 1307/1307/1307 1308/1308/1308
f 1309/1309/1309 1310/1310/1310 1311/1311/1311
f 2562/2562/2562 2563/2563/2563 2564/2564/2564
f 2971/2971/2971 3025/3025/3025 3036/3036/3036
f 1045/1045/1045 1046/1046/1046 1047/1047/1047
f 1032/1032/1032 1031/1031/1031 1044/1044/1044
f 3087/3087/3087 3088/3088/3088 3089/3089/3089
f 3090/3090/3090 3091/3091/3091 3092/3092/3092
f 1048/1048/1048 1049/1049/1049 1050/1050/1050
f 1528/1528/1528 1529/1529/1529 1530/1530/1530
f 2565/2565/2565 2566/2566/2566 2567/2567/2567
f 3093/3093/3093 3094/3094/3094 3095/3095/3095
f 1051/1051/1051 1052/1052/1052 1053/1053/1053
f 3096/3096/3096 3097/3097/3097 3098/3098/3098
f 2960/2960/2960 2970/2970/2970 3037/3037/3037
f 1531/1531/1531 1532/1532/1532 1533/1533/1533
f 1312/1312/1312 1313/1313/1313 1314/1314/1314
f 1054/1054/1054 1055/1055/1055 1056/1056/1056
f 3063/3063/3063 3099/3099/3099 3064/3064/3064
f 1057/1057/1057 1058/1058/1058 1059/1059/1059
f 1534/1534/1534 1535/1535/1535 1536/1536/1536
f 1057/1057/1057 1059/1059/1059 1060/1060/1060
f 3038/3038/3038 3039/3039/3039 3040/3040/3040
f 3100/3100/3100 3101/3101/3101 3102/3102/3102
f 1315/1315/1315 1316/1316/1316 1317/1317/1317
f 1061/1061/1061 1062/1062/1062 1063/1063/1063
f 3103/3103/3103 3104/3104/3104 3105/3105/3105
f 3091/3091/3091 3106/3106/3106 3092/3092/3092
f 1537/1537/1537 1538/1538/1538 1539/1539/1539
f 1064/1064/1064 1045/1045/1045 1047/1047/1047
f 1065/1065/1065 1066/1066/1066 1067/1067/1067
f 1068/1068/1068 1069/1069/1069 1070/1070/1070
f 1516/1516/1516 1517/1517/1517 1518/1518/1518
f 1537/1537/1537 1540/1540/1540 1538/1538/1538
f 1519/1519/1519 1520/1520/1520 1521/1521/1521
f 1071/1071/1071 1072/1072/1072 1073/1073/1073
f 1074/1074/1074 1064/1064/1064 1047/1047/1047
f 3041/3041/3041 3042/3042/3042 3043/3043/3043
f 2568/2568/2568 2569/2569/2569 2570/2570/2570
f 1075/1075/1075 1076/1076/1076 1077/1077/1077
f 3044/3044/3044 3045/3045/3045 3046/3046/3046
f 1541/1541/1541 1542/1542/1542 1543/1543/1543
f 1318/1318/1318 1319/1319/1319 1320/1320/1320
f 2571/2571/2571 2572/2572/2572 2573/2573/2573
f 1544/1544/1544 1545/1545/1545 1546/1546/1546
f 1078/1078/1078 1079/1079/1079 1080/1080/1080
f 1081/1081/1081 1044/1044/1044 1030/1030/1030
f 1044/1044/1044 1031/1031/1031 1030/1030/1030
f 3069/3069/3069 3107/3107/3107 3070/3070/3070
f 1082/1082/1082 1152/1152/1152 1083/1083/1083
f 1084/1084/1084 1085/1085/1085 1086/1086/1086
f 3108/3108/3108 3098/3098/3098 3097/3097/3097
f 3109/3109/3109 3110/3110/3110 3111/3111/3111
f 3112/3112/3112 3113/3113/3113 3114/3114/3114
f 3174/3174/3174 3115/3115/3115 3116/3116/3116
f 3117/3117/3117 3118/3118/3118 3119/3119/3119
f 2574/2574/2574 2575/2575/2575 2576/2576/2576
f 1321/1321/1321 1322/1322/1322 1323/1323/1323
f 3061/3061/3061 3047/3047/3047 3062/3062/3062
f 3068/3068/3068 3120/3120/3120 3069/3069/3069
f 1087/1087/1087 1088/1088/1088 1089/1089/1089
f 1090/1090/1090 1091/1091/1091 1092/1092/1092
f 3090/3090/3090 3092/3092/3092 3121/3121/3121
f 1547/1547/1547 1529/1529/1529 1528/1528/1528
f 2339/2339/2339 2340/2340/2340 2341/2341/2341
f 2788/2788/2788 2789/2789/2789 2790/2790/2790
f 3122/3122/3122 3123/3123/3123 3124/3124/3124
f 1548/1548/1548 1549/1549/1549 1550/1550/1550
f 3125/3125/3125 3126/3126/3126 3127/3127/3127
f 3126/3126/3126 3125/3125/3125 3128/3128/3128
f 1093/1093/1093 1094/1094/1094 1095/1095/1095
f 3036/3036/3036 3025/3025/3025 3048/3048/3048
f 1096/1096/1096 1097/1097/1097 1098/1098/1098
f 1551/1551/1551 1552/1552/1552 1553/1553/1553
f 3129/3129/3129 3130/3130/3130 3131/3131/3131
f 1324/1324/1324 1313/1313/1313 1312/1312/1312
f 3132/3132/3132 3133/3133/3133 3134/3134/3134
f 3049/3049/3049 3050/3050/3050 3051/3051/3051
f 785/785/785 786/786/786 787/787/787
f 1153/1153/1153 1154/1154/1154 1099/1099/1099
f 2342/2342/2342 2340/2340/2340 2339/2339/2339
f 1154/1154/1154 1155/1155/1155 1099/1099/1099
f 3135/3135/3135 3136/3136/3136 3137/3137/3137
f 3138/3138/3138 3139/3139/3139 3140/3140/3140
f 1100/1100/1100 1101/1101/1101 1102/1102/1102
f 3140/3140/3140 3141/3141/3141 3138/3138/3138
f 2343/2343/2343 2344/2344/2344 2345/2345/2345
f 2791/2791/2791 2792/2792/2792 2793/2793/2793
f 3142/3142/3142 3143/3143/3143 3144/3144/3144
f 3062/3062/3062 3047/3047/3047 3052/3052/3052
f 3145/3145/3145 3146/3146/3146 3147/3147/3147
f 1313/1313/1313 1324/1324/1324 1325/1325/1325
f 788/788/788 789/789/789 790/790/790
f 1103/1103/1103 1070/1070/1070 1069/1069/1069
f 1104/1104/1104 1105/1105/1105 1106/1106/1106
f 791/791/791 792/792/792 793/793/793
f 1326/1326/1326 1327/1327/1327 1328/1328/1328
f 3053/3053/3053 3054/3054/3054 3055/3055/3055
f 794/794/794 795/795/795 796/796/796
f 1536/1536/1536 1535/1535/1535 1554/1554/1554
f 2684/2684/2684 2685/2685/2685 2686/2686/2686
f 1107/1107/1107 1108/1108/1108 1109/1109/1109
f 2687/2687/2687 2688/2688/2688 2689/2689/2689
f 797/797/797 798/798/798 799/799/799
f 798/798/798 797/797/797 800/800/800
f 2794/2794/2794 2795/2795/2795 2796/2796/2796
f 2346/2346/2346 2347/2347/2347 2348/2348/2348
f 1555/1555/1555 1556/1556/1556 1557/1557/1557
f 1110/1110/1110 1067/1067/1067 1066/1066/1066
f 3148/3148/3148 3149/3149/3149 3175/3175/3175
f 1111/1111/1111 1112/1112/1112 1113/1113/1113
f 3149/3149/3149 3176/3176/3176 3175/3175/3175
f 1114/1114/1114 1043/1043/1043 1044/1044/1044
f 3137/3137/3137 3136/3136/3136 3150/3150/3150
f 1115/1115/1115 1082/1082/1082 1083/1083/1083
f 1116/1116/1116 1100/1100/1100 1102/1102/1102
f 2349/2349/2349 2350/2350/2350 2351/2351/2351
f 801/801/801 802/802/802 803/803/803
f 3151/3151/3151 3143/3143/3143 3142/3142/3142
f 1152/1152/1152 1115/1115/1115 1083/1083/1083
f 3152/3152/3152 3153/3153/3153 3154/3154/3154
f 3155/3155/3155 3156/3156/3156 3157/3157/3157
f 3056/3056/3056 3057/3057/3057 3058/3058/3058
f 2797/2797/2797 2798/2798/2798 2799/2799/2799
f 1117/1117/1117 1118/1118/1118 1119/1119/1119
f 1120/1120/1120 1121/1121/1121 1122/1122/1122
f 1629/1629/1629 1630/1630/1630 1558/1558/1558
f 1123/1123/1123 1124/1124/1124 1125/1125/1125
f 804/804/804 805/805/805 806/806/806
f 2690/2690/2690 2691/2691/2691 2692/2692/2692
f 2690/2690/2690 2693/2693/2693 2691/2691/2691
f 1559/1559/1559 1548/1548/1548 1550/1550/1550
f 2694/2694/2694 2695/2695/2695 2696/2696/2696
f 1560/1560/1560 1548/1548/1548 1559/1559/1559
f 2352/2352/2352 2353/2353/2353 2354/2354/2354
f 1126/1126/1126 1112/1112/1112 1111/1111/1111
f 3158/3158/3158 3086/3086/3086 3085/3085/3085
f 1127/1127/1127 1128/1128/1128 1129/1129/1129
f 3159/3159/3159 3160/3160/3160 3161/3161/3161
f 3162/3162/3162 3163/3163/3163 3164/3164/3164
f 2800/2800/2800 2801/2801/2801 2802/2802/2802
f 2803/2803/2803 2804/2804/2804 2805/2805/2805
f 2806/2806/2806 2807/2807/2807 2808/2808/2808
f 2355/2355/2355 2351/2351/2351 2350/2350/2350
f 2809/2809/2809 2810/2810/2810 2811/2811/2811
f 807/807/807 808/808/808 809/809/809
f 1130/1130/1130 1131/1131/1131 1132/1132/1132
f 1133/1133/1133 1156/1156/1156 1157/1157/1157
f 2812/2812/2812 2813/2813/2813 2814/2814/2814
f 1134/1134/1134 1135/1135/1135 1136/1136/1136
f 2356/2356/2356 2357/2357/2357 2358/2358/2358
f 3165/3165/3165 3166/3166/3166 3167/3167/3167
f 1158/1158/1158 1159/1159/1159 1137/1137/1137
f 810/810/810 811/811/811 812/812/812
f 2815/2815/2815 2816/2816/2816 2817/2817/2817
f 2359/2359/2359 2354/2354/2354 2353/2353/2353
f 2818/2818/2818 2819/2819/2819 2820/2820/2820
f 906/906/906 813/813/813 814/814/814
f 1138/1138/1138 1139/1139/1139 1140/1140/1140
f 2821/2821/2821 2822/2822/2822 2823/2823/2823
f 2360/2360/2360 2361/2361/2361 2362/2362/2362
f 2824/2824/2824 2825/2825/2825 2806/2806/2806
f 1141/1141/1141 1142/1142/1142 1143/1143/1143
f 2817/2817/2817 2816/2816/2816 2826/2826/2826
f 1144/1144/1144 1145/1145/1145 1146/1146/1146
f 1077/1077/1077 1076/1076/1076 1147/1147/1147
f 2827/2827/2827 2824/2824/2824 2806/2806/2806
f 907/907/907 908/908/908 909/909/909
f 910/910/910 911/911/911 912/912/912
f 1329/1329/1329 1330/1330/1330 1331/1331/1331
f 2828/2828/2828 2829/2829/2829 2830/2830/2830
f 913/913/913 914/914/914 915/915/915
f 2697/2697/2697 2696/2696/2696 2695/2695/2695
f 815/815/815 816/816/816 817/817/817
f 1561/1561/1561 1562/1562/1562 1563/1563/1563
f 2686/2686/2686 2698/2698/2698 2684/2684/2684
f 818/818/818 819/819/819 820/820/820
f 2821/2821/2821 2823/2823/2823 2831/2831/2831
f 821/821/821 822/822/822 823/823/823
f 824/824/824 825/825/825 826/826/826
f 827/827/827 824/824/824 826/826/826
f 1564/1564/1564 1565/1565/1565 1566/1566/1566
f 915/915/915 916/916/916 913/913/913
f 2832/2832/2832 2833/2833/2833 2834/2834/2834
f 2699/2699/2699 2700/2700/2700 2701/2701/2701
f 2835/2835/2835 2836/2836/2836 2837/2837/2837
f 2813/2813/2813 2812/2812/2812 2838/2838/2838
f 2363/2363/2363 2364/2364/2364 2365/2365/2365
f 1567/1567/1567 1568/1568/1568 1569/1569/1569
f 2702/2702/2702 2703/2703/2703 2704/2704/2704
f 3168/3168/3168 3169/3169/3169 3170/3170/3170
f 2826/2826/2826 2839/2839/2839 2817/2817/2817
f 2840/2840/2840 2841/2841/2841 2842/2842/2842
f 917/917/917 918/918/918 919/919/919
f 828/828/828 829/829/829 830/830/830
f 808/808/808 807/807/807 831/831/831
f 2788/2788/2788 2790/2790/2790 2843/2843/2843
f 832/832/832 833/833/833 834/834/834
f 2844/2844/2844 2845/2845/2845 2846/2846/2846
f 2930/2930/2930 2931/2931/2931 2847/2847/2847
f 920/920/920 921/921/921 922/922/922
f 1570/1570/1570 1571/1571/1571 1572/1572/1572
f 3171/3171/3171 3172/3172/3172 3173/3173/3173
f 835/835/835 836/836/836 837/837/837
f 838/838/838 839/839/839 840/840/840
f 2848/2848/2848 2849/2849/2849 2850/2850/2850
f 2705/2705/2705 2706/2706/2706 2707/2707/2707
f 2366/2366/2366 2367/2367/2367 2368/2368/2368
f 2708/2708/2708 2709/2709/2709 2710/2710/2710
f 1148/1148/1148 1149/1149/1149 1150/1150/1150
f 1573/1573/1573 1574/1574/1574 1575/1575/1575
f 2851/2851/2851 2852/2852/2852 2853/2853/2853
f 923/923/923 924/924/924 925/925/925
f 841/841/841 842/842/842 843/843/843
f 926/926/926 927/927/927 928/928/928
f 827/827/827 844/844/844 824/824/824
f 2711/2711/2711 2698/2698/2698 2686/2686/2686
f 929/929/929 917/917/917 919/919/919
f 2712/2712/2712 2713/2713/2713 2714/2714/2714
f 2854/2854/2854 2826/2826/2826 2816/2816/2816
f 923/923/923 930/930/930 924/924/924
f 818/818/818 845/845/845 819/819/819
f 2855/2855/2855 2820/2820/2820 2819/2819/2819
f 2816/2816/2816 2856/2856/2856 2854/2854/2854
f 1151/1151/1151 1043/1043/1043 1114/1114/1114
f 822/822/822 821/821/821 846/846/846
f 914/914/914 931/931/931 915/915/915
f 2820/2820/2820 2855/2855/2855 2857/2857/2857
f 1576/1576/1576 1559/1559/1559 1550/1550/1550
f 807/807/807 847/847/847 831/831/831
f 2858/2858/2858 2932/2932/2932 2933/2933/2933
f 2350/2350/2350 2349/2349/2349 2369/2369/2369
f 2859/2859/2859 2860/2860/2860 2861/2861/2861
f 848/848/848 844/844/844 827/827/827
f 2838/2838/2838 2862/2862/2862 2813/2813/2813
f 2818/2818/2818 2820/2820/2820 2863/2863/2863
f 2864/2864/2864 2865/2865/2865 2866/2866/2866
f 2686/2686/2686 2715/2715/2715 2711/2711/2711
f 811/811/811 849/849/849 812/812/812
f 1577/1577/1577 1538/1538/1538 1540/1540/1540
f 2867/2867/2867 2868/2868/2868 2869/2869/2869
f 818/818/818 844/844/844 845/845/845
f 2934/2934/2934 2832/2832/2832 2834/2834/2834
f 2870/2870/2870 2864/2864/2864 2866/2866/2866
f 850/850/850 851/851/851 852/852/852
f 2871/2871/2871 2872/2872/2872 2862/2862/2862
f 2697/2697/2697 2695/2695/2695 2716/2716/2716
f 853/853/853 854/854/854 855/855/855
f 2873/2873/2873 2874/2874/2874 2875/2875/2875
f 2791/2791/2791 2793/2793/2793 2876/2876/2876
f 856/856/856 857/857/857 858/858/858
f 2370/2370/2370 2356/2356/2356 2358/2358/2358
f 2371/2371/2371 2360/2360/2360 2362/2362/2362
f 859/859/859 860/860/860 861/861/861
f 2782/2782/2782 2717/2717/2717 2718/2718/2718
f 1560/1560/1560 1559/1559/1559 1576/1576/1576
f 2854/2854/2854 2856/2856/2856 2877/2877/2877
f 932/932/932 933/933/933 934/934/934
f 1578/1578/1578 1579/1579/1579 1580/1580/1580
f 2878/2878/2878 2813/2813/2813 2862/2862/2862
f 1581/1581/1581 1582/1582/1582 1583/1583/1583
f 2879/2879/2879 2880/2880/2880 2881/2881/2881
f 2882/2882/2882 2883/2883/2883 2884/2884/2884
f 2885/2885/2885 2886/2886/2886 2887/2887/2887
f 2888/2888/2888 2889/2889/2889 2890/2890/2890
f 862/862/862 863/863/863 864/864/864
f 1584/1584/1584 1585/1585/1585 1586/1586/1586
f 2719/2719/2719 2720/2720/2720 2721/2721/2721
f 935/935/935 936/936/936 937/937/937
f 865/865/865 866/866/866 867/867/867
f 2722/2722/2722 2723/2723/2723 2724/2724/2724
f 1578/1578/1578 1587/1587/1587 1579/1579/1579
f 2721/2721/2721 2725/2725/2725 2719/2719/2719
f 1588/1588/1588 1589/1589/1589 1590/1590/1590
f 848/848/848 868/868/868 844/844/844
f 869/869/869 845/845/845 844/844/844
f 2891/2891/2891 2862/2862/2862 2872/2872/2872
f 870/870/870 871/871/871 872/872/872
f 1591/1591/1591 1592/1592/1592 1631/1631/1631
f 2892/2892/2892 2893/2893/2893 2894/2894/2894
f 873/873/873 874/874/874 875/875/875
f 2808/2808/2808 2827/2827/2827 2806/2806/2806
f 876/876/876 877/877/877 878/878/878
f 879/879/879 880/880/880 881/881/881
f 869/869/869 844/844/844 882/882/882
f 2726/2726/2726 2727/2727/2727 2728/2728/2728
f 2891/2891/2891 2895/2895/2895 2862/2862/2862
f 923/923/923 925/925/925 938/938/938
f 2862/2862/2862 2895/2895/2895 2878/2878/2878
f 2896/2896/2896 2897/2897/2897 2898/2898/2898
f 883/883/883 884/884/884 885/885/885
f 2899/2899/2899 2896/2896/2896 2898/2898/2898
f 886/886/886 884/884/884 883/883/883
f 2900/2900/2900 2901/2901/2901 2902/2902/2902
f 887/887/887 878/878/878 888/888/888
f 844/844/844 868/868/868 882/882/882
f 2371/2371/2371 2362/2362/2362 2372/2372/2372
f 2714/2714/2714 2713/2713/2713 2729/2729/2729
f 876/876/876 878/878/878 887/887/887
f 2373/2373/2373 2374/2374/2374 2375/2375/2375
f 1593/1593/1593 1594/1594/1594 1595/1595/1595
f 939/939/939 940/940/940 941/941/941
f 942/942/942 934/934/934 933/933/933
f 1596/1596/1596 1597/1597/1597 1598/1598/1598
f 2376/2376/2376 2377/2377/2377 2378/2378/2378
f 2730/2730/2730 2731/2731/2731 2732/2732/2732
f 2903/2903/2903 2904/2904/2904 2905/2905/2905
f 870/870/870 872/872/872 889/889/889
f 943/943/943 944/944/944 945/945/945
f 2733/2733/2733 2734/2734/2734 2735/2735/2735
f 940/940/940 946/946/946 947/947/947
f 2734/2734/2734 2736/2736/2736 2735/2735/2735
f 1599/1599/1599 1600/1600/1600 1601/1601/1601
f 1632/1632/1632 1633/1633/1633 1602/1602/1602
f 948/948/948 949/949/949 950/950/950
f 947/947/947 941/941/941 940/940/940
f 2373/2373/2373 2375/2375/2375 2379/2379/2379
f 2380/2380/2380 2381/2381/2381 2382/2382/2382
f 890/890/890 891/891/891 892/892/892
f 2904/2904/2904 2906/2906/2906 2905/2905/2905
f 2907/2907/2907 2906/2906/2906 2904/2904/2904
f 890/890/890 892/892/892 893/893/893
f 894/894/894 893/893/893 892/892/892
f 1603/1603/1603 1604/1604/1604 1605/1605/1605
f 2383/2383/2383 2384/2384/2384 2385/2385/2385
f 2908/2908/2908 2909/2909/2909 2910/2910/2910
f 2386/2386/2386 2387/2387/2387 2388/2388/2388
f 951/951/951 952/952/952 953/953/953
f 2911/2911/2911 2890/2890/2890 2889/2889/2889
f 954/954/954 955/955/955 956/956/956
f 2389/2389/2389 2390/2390/2390 2391/2391/2391
f 955/955/955 954/954/954 957/957/957
f 2737/2737/2737 2738/2738/2738 2739/2739/2739
f 958/958/958 959/959/959 960/960/960
f 961/961/961 960/960/960 959/959/959
f 2737/2737/2737 2740/2740/2740 2738/2738/2738
f 2741/2741/2741 2742/2742/2742 2743/2743/2743
f 2744/2744/2744 2745/2745/2745 2746/2746/2746
f 2392/2392/2392 2393/2393/2393 2394/2394/2394
f 962/962/962 963/963/963 964/964/964
f 2383/2383/2383 2395/2395/2395 2384/2384/2384
f 895/895/895 896/896/896 897/897/897
f 2912/2912/2912 2913/2913/2913 2914/2914/2914
f 965/965/965 966/966/966 967/967/967
f 2396/2396/2396 2397/2397/2397 2398/2398/2398
f 2399/2399/2399 2400/2400/2400 2401/2401/2401
f 2747/2747/2747 2748/2748/2748 2749/2749/2749
f 2398/2398/2398 2402/2402/2402 2396/2396/2396
f 2750/2750/2750 2738/2738/2738 2740/2740/2740
f 2751/2751/2751 2752/2752/2752 2753/2753/2753
f 2384/2384/2384 2403/2403/2403 2385/2385/2385
f 968/968/968 969/969/969 970/970/970
f 2915/2915/2915 2916/2916/2916 2917/2917/2917
f 2754/2754/2754 2755/2755/2755 2756/2756/2756
f 2380/2380/2380 2404/2404/2404 2381/2381/2381
f 898/898/898 899/899/899 868/868/868
f 1606/1606/1606 1607/1607/1607 1608/1608/1608
f 2380/2380/2380 2382/2382/2382 2404/2404/2404
f 882/882/882 868/868/868 899/899/899
f 2918/2918/2918 2886/2886/2886 2885/2885/2885
f 2196/2196/2196 2197/2197/2197 2198/2198/2198
f 900/900/900 901/901/901 902/902/902
f 971/971/971 934/934/934 942/942/942
f 1609/1609/1609 1634/1634/1634 1610/1610/1610
f 1611/1611/1611 1612/1612/1612 1613/1613/1613
f 972/972/972 962/962/962 964/964/964
f 2935/2935/2935 2919/2919/2919 2920/2920/2920
f 1614/1614/1614 1590/1590/1590 1589/1589/1589
f 2405/2405/2405 2406/2406/2406 2407/2407/2407
f 973/973/973 974/974/974 975/975/975
f 2408/2408/2408 2409/2409/2409 2410/2410/2410
f 976/976/976 973/973/973 975/975/975
f 1615/1615/1615 1616/1616/1616 1617/1617/1617
f 977/977/977 943/943/943 945/945/945
f 2757/2757/2757 2758/2758/2758 2759/2759/2759
f 2921/2921/2921 2922/2922/2922 2923/2923/2923
f 2760/2760/2760 2761/2761/2761 2762/2762/2762
f 978/978/978 979/979/979 980/980/980
f 2411/2411/2411 2412/2412/2412 2413/2413/2413
f 1618/1618/1618 1610/1610/1610 1634/1634/1634
f 2763/2763/2763 2764/2764/2764 2765/2765/2765
f 2924/2924/2924 2925/2925/2925 2926/2926/2926
f 976/976/976 975/975/975 981/981/981
f 1619/1619/1619 1620/1620/1620 1621/1621/1621
f 1622/1622/1622 1623/1623/1623 1624/1624/1624
f 2110/2110/2110 2111/2111/2111 2112/2112/2112
f 2407/2407/2407 2414/2414/2414 2405/2405/2405
f 1625/1625/1625 1608/1608/1608 1607/1607/1607
f 982/982/982 983/983/983 984/984/984
f 2766/2766/2766 2767/2767/2767 2768/2768/2768
f 985/985/985 986/986/986 987/987/987
f 2769/2769/2769 2770/2770/2770 2771/2771/2771
f 2783/2783/2783 2784/2784/2784 2772/2772/2772
f 2759/2759/2759 2758/2758/2758 2773/2773/2773
f 1625/1625/1625 1626/1626/1626 1608/1608/1608
f 978/978/978 980/980/980 988/988/988
f 2774/2774/2774 2775/2775/2775 2776/2776/2776
f 2774/2774/2774 2777/2777/2777 2775/2775/2775
f 227/227/227 228/228/228 229/229/229
f 711/711/711 712/712/712 713/713/713
f 2778/2778/2778 2779/2779/2779 2780/2780/2780
f 989/989/989 990/990/990 991/991/991
f 714/714/714 715/715/715 716/716/716
f 992/992/992 993/993/993 994/994/994
f 2199/2199/2199 2200/2200/2200 2201/2201/2201
f 2785/2785/2785 2786/2786/2786 2787/2787/2787
f 1635/1635/1635 1627/1627/1627 1628/1628/1628
f 2415/2415/2415 2416/2416/2416 2429/2429/2429
f 717/717/717 718/718/718 719/719/719
f 983/983/983 1018/1018/1018 995/995/995
f 1636/1636/1636 1637/1637/1637 1638/1638/1638
f 2776/2776/2776 2775/2775/2775 2781/2781/2781
f 2417/2417/2417 2418/2418/2418 2419/2419/2419
f 983/983/983 995/995/995 984/984/984
f 720/720/720 721/721/721 722/722/722
f 2113/2113/2113 2114/2114/2114 2115/2115/2115
f 2116/2116/2116 2117/2117/2117 2118/2118/2118
f 996/996/996 1019/1019/1019 997/997/997
f 1020/1020/1020 997/997/997 1019/1019/1019
f 1021/1021/1021 998/998/998 999/999/999
f 1000/1000/1000 995/995/995 1018/1018/1018
f 2119/2119/2119 2120/2120/2120 2121/2121/2121
f 386/386/386 387/387/387 388/388/388
f 1001/1001/1001 1002/1002/1002 1003/1003/1003
f 2420/2420/2420 2421/2421/2421 2422/2422/2422
f 1004/1004/1004 1005/1005/1005 1006/1006/1006
f 389/389/389 438/438/438 390/390/390
f 2122/2122/2122 2117/2117/2117 2116/2116/2116
f 391/391/391 392/392/392 393/393/393
f 2202/2202/2202 2203/2203/2203 2204/2204/2204
f 1007/1007/1007 1022/1022/1022 1008/1008/1008
f 394/394/394 395/395/395 396/396/396
f 391/391/391 397/397/397 392/392/392
f 2123/2123/2123 2124/2124/2124 2125/2125/2125
f 2126/2126/2126 2123/2123/2123 2127/2127/2127
f 2414/2414/2414 2407/2407/2407 2423/2423/2423
f 398/398/398 399/399/399 400/400/400
f 401/401/401 439/439/439 440/440/440
f 1009/1009/1009 1010/1010/1010 1011/1011/1011
f 2128/2128/2128 2129/2129/2129 2130/2130/2130
f 2131/2131/2131 2132/2132/2132 2133/2133/2133
f 1012/1012/1012 1013/1013/1013 1014/1014/1014
f 1639/1639/1639 1640/1640/1640 1641/1641/1641
f 2424/2424/2424 2425/2425/2425 2426/2426/2426
f 2127/2127/2127 2123/2123/2123 2125/2125/2125
f 389/389/389 402/402/402 438/438/438
f 2134/2134/2134 2135/2135/2135 2136/2136/2136
f 403/403/403 404/404/404 405/405/405
f 723/723/723 715/715/715 714/714/714
f 1015/1015/1015 1016/1016/1016 1017/1017/1017
f 2137/2137/2137 2138/2138/2138 2139/2139/2139
f 1642/1642/1642 1643/1643/1643 1644/1644/1644
f 397/397/397 391/391/391 406/406/406
f 2136/2136/2136 2135/2135/2135 2131/2131/2131
f 1645/1645/1645 1646/1646/1646 1647/1647/1647
f 2430/2430/2430 2427/2427/2427 2428/2428/2428
f 2140/2140/2140 2141/2141/2141 2142/2142/2142
f 1648/1648/1648 1649/1649/1649 1650/1650/1650
f 2135/2135/2135 2132/2132/2132 2131/2131/2131
f 2143/2143/2143 2144/2144/2144 2145/2145/2145
f 2129/2129/2129 2128/2128/2128 2146/2146/2146
f 441/441/441 407/407/407 442/442/442
f 2205/2205/2205 2206/2206/2206 2207/2207/2207
f 1649/1649/1649 1718/1718/1718 1650/1650/1650
f 724/724/724 725/725/725 726/726/726
f 2927/2927/2927 2928/2928/2928 2929/2929/2929
f 1651/1651/1651 1643/1643/1643 1642/1642/1642
f 230/230/230 231/231/231 232/232/232
f 727/727/727 728/728/728 729/729/729
f 2206/2206/2206 2208/2208/2208 2207/2207/2207
f 2147/2147/2147 2148/2148/2148 2149/2149/2149
f 233/233/233 234/234/234 235/235/235
f 236/236/236 237/237/237 238/238/238
f 2150/2150/2150 2112/2112/2112 2111/2111/2111
f 235/235/235 239/239/239 233/233/233
f 2151/2151/2151 2152/2152/2152 2153/2153/2153
f 1652/1652/1652 1653/1653/1653 1654/1654/1654
f 240/240/240 241/241/241 242/242/242
f 1655/1655/1655 1656/1656/1656 1657/1657/1657
f 730/730/730 731/731/731 732/732/732
f 408/408/408 409/409/409 410/410/410
f 411/411/411 412/412/412 413/413/413
f 2154/2154/2154 2155/2155/2155 2156/2156/2156
f 2157/2157/2157 2158/2158/2158 2159/2159/2159
f 2160/2160/2160 2161/2161/2161 2162/2162/2162
f 414/414/414 415/415/415 416/416/416
f 716/716/716 733/733/733 714/714/714
f 243/243/243 244/244/244 245/245/245
f 2159/2159/2159 2158/2158/2158 2163/2163/2163
f 1658/1658/1658 1659/1659/1659 1660/1660/1660
f 1661/1661/1661 1662/1662/1662 1663/1663/1663
f 1664/1664/1664 1665/1665/1665 1719/1719/1719
f 712/712/712 711/711/711 734/734/734
f 246/246/246 236/236/236 238/238/238
f 1666/1666/1666 1667/1667/1667 1668/1668/1668
f 2208/2208/2208 2209/2209/2209 2207/2207/2207
f 2210/2210/2210 2211/2211/2211 2207/2207/2207
f 1661/1661/1661 1669/1669/1669 1662/1662/1662
f 247/247/247 248/248/248 249/249/249
f 250/250/250 251/251/251 252/252/252
f 443/443/443 416/416/416 415/415/415
f 903/903/903 904/904/904 905/905/905
f 1670/1670/1670 1671/1671/1671 1655/1655/1655
f 2197/2197/2197 2212/2212/2212 2213/2213/2213
f 2214/2214/2214 2215/2215/2215 2216/2216/2216
f 1672/1672/1672 1673/1673/1673 1674/1674/1674
f 1673/1673/1673 1672/1672/1672 1675/1675/1675
f 253/253/253 254/254/254 255/255/255
f 2214/2214/2214 2217/2217/2217 2215/2215/2215
f 256/256/256 253/253/253 255/255/255
f 417/417/417 418/418/418 419/419/419
f 1676/1676/1676 1677/1677/1677 1678/1678/1678
f 420/420/420 421/421/421 422/422/422
f 423/423/423 421/421/421 420/420/420
f 257/257/257 258/258/258 259/259/259
f 444/444/444 445/445/445 424/424/424
f 2164/2164/2164 2165/2165/2165 2166/2166/2166
f 2167/2167/2167 2168/2168/2168 2169/2169/2169
f 1679/1679/1679 1680/1680/1680 1681/1681/1681
f 735/735/735 736/736/736 737/737/737
f 425/425/425 419/419/419 426/426/426
f 260/260/260 261/261/261 262/262/262
f 419/419/419 418/418/418 426/426/426
f 1661/1661/1661 1663/1663/1663 1682/1682/1682
f 1655/1655/1655 1671/1671/1671 1656/1656/1656
f 2164/2164/2164 2170/2170/2170 2165/2165/2165
f 1663/1663/1663 1683/1683/1683 1682/1682/1682
f 2171/2171/2171 2165/2165/2165 2170/2170/2170
f 263/263/263 264/264/264 265/265/265
f 266/266/266 264/264/264 263/263/263
f 2213/2213/2213 2198/2198/2198 2197/2197/2197
f 738/738/738 739/739/739 740/740/740
f 2218/2218/2218 2219/2219/2219 2220/2220/2220
f 267/267/267 268/268/268 269/269/269
f 2219/2219/2219 2221/2221/2221 2220/2220/2220
f 2222/2222/2222 2223/2223/2223 2224/2224/2224
f 270/270/270 271/271/271 272/272/272
f 427/427/427 428/428/428 429/429/429
f 2210/2210/2210 2207/2207/2207 2225/2225/2225
f 2207/2207/2207 2209/2209/2209 2225/2225/2225
f 2226/2226/2226 2227/2227/2227 2228/2228/2228
f 273/273/273 260/260/260 262/262/262
f 103/103/103 104/104/104 105/105/105
f 1684/1684/1684 1685/1685/1685 1686/1686/1686
f 274/274/274 275/275/275 276/276/276
f 269/269/269 268/268/268 277/277/277
f 2212/2212/2212 2229/2229/2229 2213/2213/2213
f 278/278/278 279/279/279 280/280/280
f 2230/2230/2230 2231/2231/2231 2232/2232/2232
f 2233/2233/2233 2234/2234/2234 2235/2235/2235
f 2236/2236/2236 2237/2237/2237 2238/2238/2238
f 272/272/272 271/271/271 281/281/281
f 1687/1687/1687 1688/1688/1688 1689/1689/1689
f 282/282/282 283/283/283 284/284/284
f 285/285/285 286/286/286 287/287/287
f 2239/2239/2239 2240/2240/2240 2241/2241/2241
f 2242/2242/2242 2222/2222/2222 2224/2224/2224
f 288/288/288 289/289/289 290/290/290
f 2210/2210/2210 2225/2225/2225 2243/2243/2243
f 291/291/291 292/292/292 293/293/293
f 2226/2226/2226 2228/2228/2228 2244/2244/2244
f 2245/2245/2245 2246/2246/2246 2247/2247/2247
f 2209/2209/2209 2248/2248/2248 2225/2225/2225
f 1689/1689/1689 1688/1688/1688 1690/1690/1690
f 1691/1691/1691 1692/1692/1692 1693/1693/1693
f 2172/2172/2172 2173/2173/2173 2174/2174/2174
f 2249/2249/2249 2250/2250/2250 2329/2329/2329
f 2251/2251/2251 2252/2252/2252 2253/2253/2253
f 294/294/294 295/295/295 296/296/296
f 1694/1694/1694 1695/1695/1695 1696/1696/1696
f 2254/2254/2254 2255/2255/2255 2256/2256/2256
f 430/430/430 431/431/431 432/432/432
f 2257/2257/2257 2330/2330/2330 2331/2331/2331
f 1697/1697/1697 1698/1698/1698 1699/1699/1699
f 297/297/297 298/298/298 299/299/299
f 2258/2258/2258 2259/2259/2259 2260/2260/2260
f 300/300/300 272/272/272 281/281/281
f 428/428/428 427/427/427 433/433/433
f 2175/2175/2175 2176/2176/2176 2177/2177/2177
f 301/301/301 296/296/296 295/295/295
f 2192/2192/2192 2193/2193/2193 2178/2178/2178
f 1700/1700/1700 1688/1688/1688 1687/1687/1687
f 2330/2330/2330 2332/2332/2332 2333/2333/2333
f 741/741/741 742/742/742 743/743/743
f 744/744/744 745/745/745 746/746/746
f 1686/1686/1686 1701/1701/1701 1684/1684/1684
f 747/747/747 748/748/748 749/749/749
f 2219/2219/2219 2261/2261/2261 2221/2221/2221
f 302/302/302 303/303/303 304/304/304
f 433/433/433 434/434/434 428/428/428
f 2262/2262/2262 2263/2263/2263 2264/2264/2264
f 305/305/305 306/306/306 307/307/307
f 2265/2265/2265 2266/2266/2266 2267/2267/2267
f 2268/2268/2268 2269/2269/2269 2270/2270/2270
f 2271/2271/2271 2272/2272/2272 2273/2273/2273
f 308/308/308 309/309/309 310/310/310
f 311/311/311 312/312/312 313/313/313
f 314/314/314 315/315/315 316/316/316
f 317/317/317 318/318/318 319/319/319
f 2274/2274/2274 2275/2275/2275 2276/2276/2276
f 106/106/106 107/107/107 108/108/108
f 320/320/320 321/321/321 322/322/322
f 2272/2272/2272 2277/2277/2277 2273/2273/2273
f 1702/1702/1702 1703/1703/1703 1704/1704/1704
f 2272/2272/2272 2278/2278/2278 2277/2277/2277
f 750/750/750 751/751/751 752/752/752
f 258/258/258 257/257/257 323/323/323
f 304/304/304 324/324/324 302/302/302
f 2279/2279/2279 2230/2230/2230 2232/2232/2232
f 2330/2330/2330 2257/2257/2257 2332/2332/2332
f 325/325/325 326/326/326 327/327/327
f 2179/2179/2179 2180/2180/2180 2181/2181/2181
f 2280/2280/2280 2281/2281/2281 2282/2282/2282
f 753/753/753 754/754/754 755/755/755
f 2182/2182/2182 2183/2183/2183 2184/2184/2184
f 328/328/328 329/329/329 330/330/330
f 331/331/331 332/332/332 333/333/333
f 334/334/334 335/335/335 336/336/336
f 2241/2241/2241 2240/2240/2240 2283/2283/2283
f 2219/2219/2219 2284/2284/2284 2261/2261/2261
f 337/337/337 338/338/338 339/339/339
f 310/310/310 340/340/340 308/308/308
f 341/341/341 342/342/342 343/343/343
f 2285/2285/2285 2286/2286/2286 2287/2287/2287
f 344/344/344 345/345/345 346/346/346
f 324/324/324 304/304/304 347/347/347
f 2288/2288/2288 2289/2289/2289 2290/2290/2290
f 2185/2185/2185 2186/2186/2186 2187/2187/2187
f 348/348/348 349/349/349 350/350/350
f 2188/2188/2188 2189/2189/2189 2190/2190/2190
f 2291/2291/2291 2292/2292/2292 2293/2293/2293
f 756/756/756 757/757/757 758/758/758
f 303/303/303 351/351/351 304/304/304
f 109/109/109 110/110/110 111/111/111
f 744/744/744 759/759/759 745/745/745
f 760/760/760 761/761/761 762/762/762
f 352/352/352 353/353/353 354/354/354
f 2294/2294/2294 2295/2295/2295 2296/2296/2296
f 2194/2194/2194 2191/2191/2191 2195/2195/2195
f 355/355/355 356/356/356 357/357/357
f 358/358/358 359/359/359 360/360/360
f 2297/2297/2297 2298/2298/2298 2299/2299/2299
f 112/112/112 113/113/113 114/114/114
f 2300/2300/2300 2301/2301/2301 2302/2302/2302
f 2035/2035/2035 2036/2036/2036 2037/2037/2037
f 2303/2303/2303 2304/2304/2304 2305/2305/2305
f 2038/2038/2038 2039/2039/2039 2040/2040/2040
f 2306/2306/2306 2307/2307/2307 2308/2308/2308
f 2309/2309/2309 2310/2310/2310 2234/2234/2234
f 384/384/384 385/385/385 361/361/361
f 362/362/362 363/363/363 364/364/364
f 115/115/115 116/116/116 117/117/117
f 118/118/118 119/119/119 120/120/120
f 365/365/365 366/366/366 367/367/367
f 121/121/121 122/122/122 123/123/123
f 2311/2311/2311 2312/2312/2312 2313/2313/2313
f 2314/2314/2314 2315/2315/2315 2334/2334/2334
f 124/124/124 125/125/125 126/126/126
f 127/127/127 128/128/128 129/129/129
f 2309/2309/2309 2234/2234/2234 2233/2233/2233
f 2041/2041/2041 2042/2042/2042 2043/2043/2043
f 2044/2044/2044 2045/2045/2045 2046/2046/2046
f 130/130/130 131/131/131 221/221/221
f 2047/2047/2047 2048/2048/2048 2049/2049/2049
f 355/355/355 357/357/357 368/368/368
f 222/222/222 221/221/221 131/131/131
f 2335/2335/2335 2336/2336/2336 2337/2337/2337
f 2050/2050/2050 2051/2051/2051 2052/2052/2052
f 763/763/763 764/764/764 765/765/765
f 2316/2316/2316 2317/2317/2317 2318/2318/2318
f 2319/2319/2319 2320/2320/2320 2321/2321/2321
f 369/369/369 370/370/370 371/371/371
f 132/132/132 133/133/133 134/134/134
f 2292/2292/2292 2291/2291/2291 2322/2322/2322
f 2323/2323/2323 2324/2324/2324 2325/2325/2325
f 1705/1705/1705 1706/1706/1706 1720/1720/1720
f 766/766/766 767/767/767 768/768/768
f 435/435/435 436/436/436 437/437/437
f 135/135/135 136/136/136 137/137/137
f 372/372/372 373/373/373 374/374/374
f 138/138/138 139/139/139 140/140/140
f 1707/1707/1707 1699/1699/1699 1698/1698/1698
f 141/141/141 142/142/142 143/143/143
f 130/130/130 221/221/221 223/223/223
f 2053/2053/2053 2054/2054/2054 2055/2055/2055
f 144/144/144 224/224/224 145/145/145
f 146/146/146 147/147/147 148/148/148
f 144/144/144 149/149/149 224/224/224
f 1708/1708/1708 1709/1709/1709 1710/1710/1710
f 769/769/769 770/770/770 771/771/771
f 150/150/150 151/151/151 152/152/152
f 2050/2050/2050 2052/2052/2052 2056/2056/2056
f 122/122/122 121/121/121 153/153/153
f 1721/1721/1721 1722/1722/1722 1711/1711/1711
f 154/154/154 155/155/155 156/156/156
f 157/157/157 158/158/158 159/159/159
f 160/160/160 161/161/161 162/162/162
f 163/163/163 164/164/164 165/165/165
f 166/166/166 167/167/167 168/168/168
f 375/375/375 376/376/376 377/377/377
f 106/106/106 108/108/108 169/169/169
f 170/170/170 127/127/127 129/129/129
f 2057/2057/2057 2058/2058/2058 2059/2059/2059
f 2338/2338/2338 2326/2326/2326 2327/2327/2327
f 2060/2060/2060 2057/2057/2057 2059/2059/2059
f 171/171/171 172/172/172 173/173/173
f 2061/2061/2061 2062/2062/2062 2063/2063/2063
f 772/772/772 773/773/773 774/774/774
f 2064/2064/2064 2065/2065/2065 2066/2066/2066
f 174/174/174 175/175/175 176/176/176
f 177/177/177 157/157/157 159/159/159
f 1712/1712/1712 1713/1713/1713 1714/1714/1714
f 178/178/178 174/174/174 176/176/176
f 2067/2067/2067 2051/2051/2051 2050/2050/2050
f 173/173/173 179/179/179 171/171/171
f 2068/2068/2068 2069/2069/2069 2070/2070/2070
f 2071/2071/2071 2072/2072/2072 2073/2073/2073
f 130/130/130 223/223/223 180/180/180
f 2074/2074/2074 2075/2075/2075 2076/2076/2076
f 181/181/181 180/180/180 223/223/223
f 2077/2077/2077 2043/2043/2043 2042/2042/2042
f 182/182/182 148/148/148 147/147/147
f 2075/2075/2075 2078/2078/2078 2076/2076/2076
f 746/746/746 745/745/745 775/775/775
f 378/378/378 379/379/379 380/380/380
f 1/1/1 2/2/2 3/3/3
f 776/776/776 763/763/763 765/765/765
f 2328/2328/2328 2199/2199/2199 2201/2201/2201
f 183/183/183 184/184/184 185/185/185
f 122/122/122 153/153/153 186/186/186
f 187/187/187 188/188/188 189/189/189
f 190/190/190 191/191/191 192/192/192
f 381/381/381 382/382/382 383/383/383
f 2079/2079/2079 2080/2080/2080 2081/2081/2081
f 193/193/193 194/194/194 225/225/225
f 2059/2059/2059 2082/2082/2082 2060/2060/2060
f 2058/2058/2058 2083/2083/2083 2059/2059/2059
f 1922/1922/1922 1923/1923/1923 1924/1924/1924
f 177/177/177 159/159/159 195/195/195
f 170/170/170 129/129/129 196/196/196
f 2070/2070/2070 2084/2084/2084 2068/2068/2068
f 147/147/147 197/197/197 182/182/182
f 1715/1715/1715 1716/1716/1716 1717/1717/1717
f 169/169/169 198/198/198 106/106/106
f 2084/2084/2084 2070/2070/2070 2085/2085/2085
f 2086/2086/2086 2087/2087/2087 2088/2088/2088
f 2089/2089/2089 2079/2079/2079 2081/2081/2081
f 2090/2090/2090 2091/2091/2091 2092/2092/2092
f 199/199/199 178/178/178 200/200/200
f 581/581/581 582/582/582 583/583/583
f 2093/2093/2093 2094/2094/2094 2095/2095/2095
f 446/446/446 447/447/447 448/448/448
f 4/4/4 5/5/5 6/6/6
f 7/7/7 8/8/8 9/9/9
f 777/777/777 772/772/772 774/774/774
f 10/10/10 9/9/9 8/8/8
f 226/226/226 201/201/201 202/202/202
f 178/178/178 199/199/199 174/174/174
f 2096/2096/2096 2097/2097/2097 2098/2098/2098
f 1925/1925/1925 1926/1926/1926 1927/1927/1927
f 1928/1928/1928 1929/1929/1929 1930/1930/1930
f 153/153/153 121/121/121 203/203/203
f 1931/1931/1931 1932/1932/1932 1933/1933/1933
f 204/204/204 205/205/205 206/206/206
f 778/778/778 776/776/776 765/765/765
f 2074/2074/2074 2076/2076/2076 2099/2099/2099
f 779/779/779 780/780/780 781/781/781
f 584/584/584 585/585/585 586/586/586
f 1723/1723/1723 1724/1724/1724 1725/1725/1725
f 587/587/587 588/588/588 589/589/589
f 11/11/11 12/12/12 13/13/13
f 207/207/207 208/208/208 209/209/209
f 2100/2100/2100 2101/2101/2101 2102/2102/2102
f 1726/1726/1726 1727/1727/1727 1728/1728/1728
f 449/449/449 450/450/450 451/451/451
f 782/782/782 783/783/783 784/784/784
f 1729/1729/1729 1730/1730/1730 1731/1731/1731
f 14/14/14 15/15/15 16/16/16
f 1732/1732/1732 1733/1733/1733 1734/1734/1734
f 452/452/452 453/453/453 454/454/454
f 210/210/210 211/211/211 212/212/212
f 17/17/17 18/18/18 19/19/19
f 2103/2103/2103 2104/2104/2104 2105/2105/2105
f 1934/1934/1934 1935/1935/1935 1936/1936/1936
f 20/20/20 18/18/18 17/17/17
f 213/213/213 214/214/214 215/215/215
f 2106/2106/2106 2105/2105/2105 2104/2104/2104
f 216/216/216 217/217/217 218/218/218
f 452/452/452 454/454/454 455/455/455
f 21/21/21 22/22/22 23/23/23
f 1937/1937/1937 1938/1938/1938 1939/1939/1939
f 1940/1940/1940 1941/1941/1941 1942/1942/1942
f 1943/1943/1943 2032/2032/2032 1944/1944/1944
f 1945/1945/1945 1946/1946/1946 1947/1947/1947
f 1948/1948/1948 1949/1949/1949 1950/1950/1950
f 1735/1735/1735 1736/1736/1736 1737/1737/1737
f 218/218/218 219/219/219 216/216/216
f 220/220/220 153/153/153 203/203/203
f 9/9/9 24/24/24 7/7/7
f 451/451/451 450/450/450 456/456/456
f 1951/1951/1951 1937/1937/1937 1939/1939/1939
f 590/590/590 591/591/591 592/592/592
f 1738/1738/1738 1739/1739/1739 1740/1740/1740
f 25/25/25 26/26/26 27/27/27
f 1741/1741/1741 1742/1742/1742 1743/1743/1743
f 1744/1744/1744 1740/1740/1740 1739/1739/1739
f 593/593/593 594/594/594 595/595/595
f 596/596/596 597/597/597 598/598/598
f 457/457/457 458/458/458 459/459/459
f 599/599/599 600/600/600 601/601/601
f 1952/1952/1952 1953/1953/1953 1954/1954/1954
f 602/602/602 603/603/603 604/604/604
f 1731/1731/1731 1730/1730/1730 1745/1745/1745
f 1955/1955/1955 1956/1956/1956 1954/1954/1954
f 460/460/460 461/461/461 462/462/462
f 28/28/28 29/29/29 30/30/30
f 1746/1746/1746 1747/1747/1747 1748/1748/1748
f 1957/1957/1957 1958/1958/1958 1959/1959/1959
f 605/605/605 606/606/606 607/607/607
f 461/461/461 463/463/463 462/462/462
f 31/31/31 32/32/32 33/33/33
f 6/6/6 5/5/5 34/34/34
f 608/608/608 609/609/609 610/610/610
f 458/458/458 464/464/464 459/459/459
f 1749/1749/1749 1750/1750/1750 1751/1751/1751
f 1749/1749/1749 1751/1751/1751 1752/1752/1752
f 1925/1925/1925 1960/1960/1960 1961/1961/1961
f 1962/1962/1962 1963/1963/1963 1964/1964/1964
f 35/35/35 36/36/36 37/37/37
f 611/611/611 612/612/612 613/613/613
f 614/614/614 615/615/615 616/616/616
f 37/37/37 36/36/36 38/38/38
f 594/594/594 617/617/617 595/595/595
f 1926/1926/1926 1925/1925/1925 1961/1961/1961
f 2107/2107/2107 2108/2108/2108 2109/2109/2109
f 465/465/465 466/466/466 467/467/467
f 468/468/468 469/469/469 470/470/470
f 1753/1753/1753 1754/1754/1754 1755/1755/1755
f 466/466/466 471/471/471 467/467/467
f 468/468/468 472/472/472 469/469/469
f 1743/1743/1743 1742/1742/1742 1756/1756/1756
f 618/618/618 619/619/619 620/620/620
f 1757/1757/1757 1758/1758/1758 1741/1741/1741
f 1965/1965/1965 1966/1966/1966 1967/1967/1967
f 1962/1962/1962 1964/1964/1964 1968/1968/1968
f 706/706/706 707/707/707 621/621/621
f 1759/1759/1759 1760/1760/1760 1761/1761/1761
f 39/39/39 40/40/40 41/41/41
f 1969/1969/1969 1970/1970/1970 1971/1971/1971
f 622/622/622 623/623/623 624/624/624
f 1762/1762/1762 1763/1763/1763 1764/1764/1764
f 625/625/625 626/626/626 627/627/627
f 42/42/42 43/43/43 44/44/44
f 1765/1765/1765 1766/1766/1766 1767/1767/1767
f 473/473/473 474/474/474 475/475/475
f 14/14/14 11/11/11 13/13/13
f 1759/1759/1759 1768/1768/1768 1760/1760/1760
f 9/9/9 10/10/10 45/45/45
f 1956/1956/1956 1952/1952/1952 1954/1954/1954
f 46/46/46 47/47/47 48/48/48
f 1769/1769/1769 1770/1770/1770 1771/1771/1771
f 1772/1772/1772 1773/1773/1773 1774/1774/1774
f 1775/1775/1775 1776/1776/1776 1777/1777/1777
f 476/476/476 477/477/477 478/478/478
f 479/479/479 480/480/480 481/481/481
f 1778/1778/1778 1779/1779/1779 1780/1780/1780
f 1743/1743/1743 1757/1757/1757 1741/1741/1741
f 1781/1781/1781 1752/1752/1752 1751/1751/1751
f 482/482/482 483/483/483 484/484/484
f 1972/1972/1972 1973/1973/1973 1974/1974/1974
f 628/628/628 604/604/604 603/603/603
f 1782/1782/1782 1783/1783/1783 1784/1784/1784
f 629/629/629 630/630/630 631/631/631
f 472/472/472 468/468/468 485/485/485
f 1743/1743/1743 1756/1756/1756 1785/1785/1785
f 49/49/49 101/101/101 102/102/102
f 486/486/486 487/487/487 488/488/488
f 1786/1786/1786 1787/1787/1787 1788/1788/1788
f 1975/1975/1975 1976/1976/1976 1977/1977/1977
f 632/632/632 633/633/633 634/634/634
f 1918/1918/1918 1789/1789/1789 1919/1919/1919
f 1779/1779/1779 1790/1790/1790 1791/1791/1791
f 1792/1792/1792 1793/1793/1793 1794/1794/1794
f 489/489/489 490/490/490 491/491/491
f 1779/1779/1779 1795/1795/1795 1790/1790/1790
f 492/492/492 493/493/493 494/494/494
f 1965/1965/1965 1978/1978/1978 1966/1966/1966
f 24/24/24 9/9/9 45/45/45
f 1796/1796/1796 1797/1797/1797 1798/1798/1798
f 1730/1730/1730 1729/1729/1729 1799/1799/1799
f 1800/1800/1800 1801/1801/1801 1802/1802/1802
f 1791/1791/1791 1780/1780/1780 1779/1779/1779
f 1979/1979/1979 1980/1980/1980 1929/1929/1929
f 495/495/495 496/496/496 497/497/497
f 498/498/498 499/499/499 500/500/500
f 495/495/495 497/497/497 501/501/501
f 635/635/635 636/636/636 637/637/637
f 1803/1803/1803 1760/1760/1760 1768/1768/1768
f 474/474/474 502/502/502 475/475/475
f 1799/1799/1799 1804/1804/1804 1730/1730/1730
f 1972/1972/1972 1974/1974/1974 1981/1981/1981
f 10/10/10 50/50/50 45/45/45
f 1805/1805/1805 1806/1806/1806 1807/1807/1807
f 503/503/503 504/504/504 505/505/505
f 1808/1808/1808 1788/1788/1788 1787/1787/1787
f 638/638/638 639/639/639 640/640/640
f 506/506/506 507/507/507 508/508/508
f 641/641/641 642/642/642 643/643/643
f 644/644/644 645/645/645 646/646/646
f 604/604/604 628/628/628 647/647/647
f 1809/1809/1809 1810/1810/1810 1811/1811/1811
f 45/45/45 50/50/50 51/51/51
f 52/52/52 53/53/53 54/54/54
f 1808/1808/1808 1812/1812/1812 1788/1788/1788
f 1813/1813/1813 1814/1814/1814 1815/1815/1815
f 1816/1816/1816 1817/1817/1817 1818/1818/1818
f 573/573/573 574/574/574 509/509/509
f 1964/1964/1964 1982/1982/1982 1983/1983/1983
f 1964/1964/1964 1983/1983/1983 1968/1968/1968
f 11/11/11 14/14/14 16/16/16
f 604/604/604 647/647/647 648/648/648
f 649/649/649 650/650/650 651/651/651
f 641/641/641 643/643/643 652/652/652
f 510/510/510 575/575/575 576/576/576
f 511/511/511 512/512/512 513/513/513
f 514/514/514 515/515/515 516/516/516
f 1929/1929/1929 1928/1928/1928 1979/1979/1979
f 515/515/515 517/517/517 516/516/516
f 518/518/518 519/519/519 520/520/520
f 611/611/611 613/613/613 653/653/653
f 649/649/649 654/654/654 650/650/650
f 1983/1983/1983 1982/1982/1982 1951/1951/1951
f 55/55/55 56/56/56 57/57/57
f 58/58/58 11/11/11 16/16/16
f 1984/1984/1984 1972/1972/1972 1981/1981/1981
f 1819/1819/1819 1820/1820/1820 1821/1821/1821
f 1985/1985/1985 1986/1986/1986 1987/1987/1987
f 1822/1822/1822 1823/1823/1823 1824/1824/1824
f 59/59/59 60/60/60 61/61/61
f 521/521/521 522/522/522 523/523/523
f 614/614/614 616/616/616 655/655/655
f 1939/1939/1939 1983/1983/1983 1951/1951/1951
f 62/62/62 24/24/24 45/45/45
f 524/524/524 525/525/525 577/577/577
f 526/526/526 521/521/521 523/523/523
f 1988/1988/1988 1989/1989/1989 1983/1983/1983
f 1825/1825/1825 1826/1826/1826 1827/1827/1827
f 527/527/527 526/526/526 523/523/523
f 1828/1828/1828 1803/1803/1803 1768/1768/1768
f 656/656/656 617/617/617 594/594/594
f 63/63/63 64/64/64 65/65/65
f 577/577/577 525/525/525 528/528/528
f 529/529/529 530/530/530 531/531/531
f 1829/1829/1829 1830/1830/1830 1831/1831/1831
f 51/51/51 50/50/50 66/66/66
f 1990/1990/1990 1991/1991/1991 1992/1992/1992
f 532/532/532 530/530/530 533/533/533
f 1832/1832/1832 1833/1833/1833 1834/1834/1834
f 531/531/531 530/530/530 532/532/532
f 1993/1993/1993 1972/1972/1972 1984/1984/1984
f 1994/1994/1994 1995/1995/1995 1996/1996/1996
f 631/631/631 657/657/657 629/629/629
f 1835/1835/1835 1836/1836/1836 1837/1837/1837
f 1838/1838/1838 1839/1839/1839 1840/1840/1840
f 534/534/534 535/535/535 536/536/536
f 1828/1828/1828 1768/1768/1768 1841/1841/1841
f 537/537/537 538/538/538 539/539/539
f 1997/1997/1997 1998/1998/1998 1999/1999/1999
f 658/658/658 659/659/659 660/660/660
f 2033/2033/2033 2034/2034/2034 2000/2000/2000
f 540/540/540 578/578/578 579/579/579
f 628/628/628 661/661/661 647/647/647
f 1842/1842/1842 1843/1843/1843 1844/1844/1844
f 662/662/662 663/663/663 664/664/664
f 1845/1845/1845 1846/1846/1846 1847/1847/1847
f 1988/1988/1988 1983/1983/1983 1939/1939/1939
f 2001/2001/2001 1996/1996/1996 1995/1995/1995
f 67/67/67 68/68/68 69/69/69
f 1755/1755/1755 1848/1848/1848 1753/1753/1753
f 1849/1849/1849 1850/1850/1850 1851/1851/1851
f 1852/1852/1852 1853/1853/1853 1854/1854/1854
f 1844/1844/1844 1843/1843/1843 1855/1855/1855
f 2002/2002/2002 2003/2003/2003 2004/2004/2004
f 51/51/51 66/66/66 70/70/70
f 655/655/655 665/665/665 614/614/614
f 71/71/71 72/72/72 73/73/73
f 1856/1856/1856 1857/1857/1857 1858/1858/1858
f 541/541/541 542/542/542 543/543/543
f 2005/2005/2005 1968/1968/1968 1983/1983/1983
f 74/74/74 75/75/75 76/76/76
f 1859/1859/1859 1860/1860/1860 1861/1861/1861
f 1862/1862/1862 1863/1863/1863 1864/1864/1864
f 1865/1865/1865 1866/1866/1866 1867/1867/1867
f 1859/1859/1859 1861/1861/1861 1868/1868/1868
f 661/661/661 628/628/628 666/666/666
f 661/661/661 667/667/667 647/647/647
f 1862/1862/1862 1869/1869/1869 1863/1863/1863
f 1870/1870/1870 1871/1871/1871 1872/1872/1872
f 668/668/668 669/669/669 670/670/670
f 1983/1983/1983 2006/2006/2006 2005/2005/2005
f 77/77/77 45/45/45 51/51/51
f 544/544/544 545/545/545 546/546/546
f 2007/2007/2007 1992/1992/1992 1991/1991/1991
f 1873/1873/1873 1868/1868/1868 1861/1861/1861
f 1874/1874/1874 1875/1875/1875 1876/1876/1876
f 1877/1877/1877 1878/1878/1878 1879/1879/1879
f 1880/1880/1880 1920/1920/1920 1921/1921/1921
f 2008/2008/2008 2009/2009/2009 2010/2010/2010
f 1968/1968/1968 2005/2005/2005 2011/2011/2011
f 78/78/78 45/45/45 77/77/77
f 629/629/629 657/657/657 671/671/671
f 2012/2012/2012 1926/1926/1926 1961/1961/1961
f 1881/1881/1881 1882/1882/1882 1883/1883/1883
f 79/79/79 65/65/65 64/64/64
f 1842/1842/1842 1884/1884/1884 1843/1843/1843
f 643/643/643 672/672/672 652/652/652
f 1920/1920/1920 1880/1880/1880 1885/1885/1885
f 2013/2013/2013 2014/2014/2014 2015/2015/2015
f 1886/1886/1886 1887/1887/1887 1888/1888/1888
f 80/80/80 81/81/81 82/82/82
f 1889/1889/1889 1890/1890/1890 1891/1891/1891
f 1892/1892/1892 1893/1893/1893 1894/1894/1894
f 1895/1895/1895 1896/1896/1896 1897/1897/1897
f 1898/1898/1898 1899/1899/1899 1900/1900/1900
f 83/83/83 57/57/57 56/56/56
f 547/547/547 580/580/580 548/548/548
f 673/673/673 670/670/670 669/669/669
f 2016/2016/2016 2017/2017/2017 2018/2018/2018
f 549/549/549 550/550/550 551/551/551
f 674/674/674 675/675/675 676/676/676
f 708/708/708 677/677/677 678/678/678
f 84/84/84 69/69/69 68/68/68
f 679/679/679 709/709/709 710/710/710
f 680/680/680 681/681/681 682/682/682
f 551/551/551 550/550/550 552/552/552
f 683/683/683 684/684/684 685/685/685
f 553/553/553 554/554/554 555/555/555
f 680/680/680 682/682/682 686/686/686
f 1901/1901/1901 1902/1902/1902 1890/1890/1890
f 687/687/687 688/688/688 689/689/689
f 1903/1903/1903 1904/1904/1904 1905/1905/1905
f 2019/2019/2019 2020/2020/2020 2021/2021/2021
f 1884/1884/1884 1906/1906/1906 1843/1843/1843
f 556/556/556 557/557/557 558/558/558
f 85/85/85 86/86/86 87/87/87
f 690/690/690 691/691/691 692/692/692
f 693/693/693 614/614/614 665/665/665
f 1907/1907/1907 1908/1908/1908 1909/1909/1909
f 559/559/559 560/560/560 561/561/561
f 1906/1906/1906 1910/1910/1910 1843/1843/1843
f 88/88/88 89/89/89 90/90/90
f 562/562/562 563/563/563 564/564/564
f 580/580/580 565/565/565 548/548/548
f 1890/1890/1890 1902/1902/1902 1891/1891/1891
f 2022/2022/2022 2023/2023/2023 2024/2024/2024
f 2011/2011/2011 2005/2005/2005 2006/2006/2006
f 1911/1911/1911 1912/1912/1912 1913/1913/1913
f 84/84/84 68/68/68 91/91/91
f 694/694/694 695/695/695 696/696/696
f 92/92/92 93/93/93 94/94/94
f 697/697/697 698/698/698 699/699/699
f 89/89/89 88/88/88 95/95/95
f 562/562/562 564/564/564 566/566/566
f 1913/1913/1913 1912/1912/1912 1914/1914/1914
f 700/700/700 690/690/690 692/692/692
f 701/701/701 702/702/702 703/703/703
f 702/702/702 704/704/704 703/703/703
f 2025/2025/2025 2026/2026/2026 2027/2027/2027
f 1915/1915/1915 1916/1916/1916 1917/1917/1917
f 96/96/96 97/97/97 98/98/98
f 2026/2026/2026 2028/2028/2028 2027/2027/2027
f 567/567/567 568/568/568 569/569/569
f 97/97/97 99/99/99 98/98/98
f 570/570/570 571/571/571 572/572/572
f 98/98/98 100/100/100 96/96/96
f 2029/2029/2029 2030/2030/2030 2031/2031/2031
f 702/702/702 701/701/701 705/705/705
